age_inscription,note_admission,note_qualification_precedente,unites_validees_s1,moyenne_s1,unites_validees_s2,moyenne_s2,taux_chomage,taux_inflation,pib,sexe,boursier,frais_a_jour,debiteur,deplace,international,decrochage
20,127.3,122.0,0,0.0,0,0.0,10.8,1.4,1.74,HOMME,NON,OUI,NON,OUI,NON,1
19,142.5,160.0,6,14.0,6,13.666666666666666,13.9,-0.3,0.79,HOMME,NON,NON,NON,OUI,NON,0
19,124.8,122.0,0,0.0,0,0.0,10.8,1.4,1.74,HOMME,NON,NON,NON,OUI,NON,1
20,119.6,122.0,6,13.428571428571429,5,12.4,9.4,-0.8,-3.12,FEMME,NON,OUI,NON,OUI,NON,0
45,141.5,100.0,5,12.333333333333334,6,13.0,13.9,-0.3,0.79,FEMME,NON,OUI,NON,NON,NON,0
50,114.8,133.1,5,11.857142857142858,5,11.5,16.2,0.3,-0.92,HOMME,NON,OUI,OUI,NON,NON,0
18,128.4,142.0,7,13.3,8,14.345,15.5,2.8,-4.06,FEMME,OUI,OUI,NON,OUI,NON,0
22,113.1,119.0,0,0.0,0,0.0,15.5,2.8,-4.06,HOMME,NON,NON,NON,OUI,NON,1
21,129.3,137.0,6,13.875,6,14.142857142857142,16.2,0.3,-0.92,FEMME,OUI,OUI,NON,NON,OUI,0
18,123.0,138.0,5,11.4,2,13.5,8.9,1.4,3.51,FEMME,NON,NON,OUI,OUI,NON,1
18,130.6,139.0,6,12.333333333333334,5,14.2,13.9,-0.3,0.79,FEMME,NON,OUI,NON,OUI,NON,0
18,119.3,136.0,7,13.214285714285714,7,13.214285714285714,12.7,3.7,-1.7,FEMME,OUI,OUI,NON,OUI,NON,0
19,130.2,133.0,0,0.0,0,0.0,12.7,3.7,-1.7,FEMME,NON,OUI,NON,OUI,NON,1
21,111.8,110.0,6,10.571428571428571,5,11.0,8.9,1.4,3.51,FEMME,OUI,OUI,NON,OUI,NON,0
18,137.1,149.0,4,13.25,5,12.0,10.8,1.4,1.74,FEMME,OUI,OUI,NON,OUI,NON,0
20,120.7,127.0,5,13.2,0,0.0,15.5,2.8,-4.06,FEMME,NON,OUI,NON,OUI,NON,1
18,137.4,137.0,1,12.0,2,11.0,10.8,1.4,1.74,FEMME,NON,OUI,NON,OUI,NON,0
18,127.3,135.0,7,13.30625,8,14.545,15.5,2.8,-4.06,FEMME,NON,OUI,NON,OUI,NON,0
20,136.3,137.0,4,12.5,4,12.25,10.8,1.4,1.74,FEMME,NON,OUI,NON,OUI,NON,0
18,124.6,140.0,6,11.666666666666666,6,13.5,16.2,0.3,-0.92,FEMME,NON,OUI,NON,OUI,NON,0
21,120.3,122.0,0,0.0,0,0.0,11.1,0.6,2.02,FEMME,OUI,OUI,NON,NON,NON,0
20,121.8,127.0,7,11.4375,8,11.425,12.7,3.7,-1.7,FEMME,NON,OUI,NON,OUI,NON,0
18,125.5,142.0,7,12.857142857142858,7,12.857142857142858,12.7,3.7,-1.7,FEMME,NON,OUI,NON,OUI,NON,0
19,114.9,125.0,6,13.375,6,12.285714285714286,11.1,0.6,2.02,FEMME,OUI,OUI,NON,OUI,NON,0
19,123.9,126.0,6,13.296666666666669,7,14.114285714285714,11.1,0.6,2.02,FEMME,NON,OUI,NON,NON,NON,0
18,157.0,151.0,5,11.6,4,11.0,7.6,2.6,0.32,FEMME,OUI,OUI,OUI,OUI,NON,0
21,116.4,115.0,6,11.375,6,13.285714285714286,16.2,0.3,-0.92,FEMME,NON,OUI,NON,OUI,NON,0
18,131.0,138.0,5,12.666666666666666,4,13.0,9.4,-0.8,-3.12,FEMME,NON,OUI,NON,OUI,NON,0
20,122.1,135.0,5,12.0,5,12.333333333333334,16.2,0.3,-0.92,FEMME,NON,OUI,NON,OUI,NON,0
19,118.8,127.0,6,12.933333333333332,6,13.716666666666669,16.2,0.3,-0.92,HOMME,NON,OUI,NON,OUI,NON,0
21,150.0,150.0,5,11.857142857142858,5,10.571428571428571,16.2,0.3,-0.92,HOMME,NON,OUI,NON,NON,NON,0
20,130.0,125.0,6,12.833333333333334,4,13.4,8.9,1.4,3.51,HOMME,NON,OUI,NON,OUI,NON,0
18,138.8,143.0,3,11.333333333333334,2,13.5,8.9,1.4,3.51,HOMME,NON,NON,NON,NON,NON,0
19,134.5,138.0,6,12.666666666666666,6,14.375,12.4,0.5,1.79,FEMME,NON,OUI,NON,OUI,NON,0
34,131.4,130.0,5,12.4,5,13.428571428571429,13.9,-0.3,0.79,HOMME,NON,OUI,NON,NON,NON,0
37,102.5,130.0,0,0.0,1,10.0,8.9,1.4,3.51,HOMME,NON,NON,OUI,NON,NON,1
43,128.8,133.1,0,0.0,0,0.0,7.6,2.6,0.32,HOMME,NON,OUI,NON,OUI,NON,1
55,122.9,140.0,1,10.0,2,12.0,16.2,0.3,-0.92,FEMME,NON,OUI,NON,NON,NON,1
39,113.9,120.0,5,11.0,5,11.6,7.6,2.6,0.32,FEMME,NON,OUI,NON,OUI,NON,0
20,120.0,120.0,3,11.666666666666666,3,12.0,12.4,0.5,1.79,FEMME,NON,NON,OUI,NON,OUI,1
18,121.1,126.0,4,12.75,0,0.0,12.7,3.7,-1.7,FEMME,NON,OUI,OUI,NON,NON,1
22,120.4,133.0,5,14.8,5,15.8,8.9,1.4,3.51,FEMME,NON,OUI,NON,OUI,NON,0
22,100.6,103.0,5,13.928,7,14.342857142857142,11.1,0.6,2.02,FEMME,NON,OUI,NON,OUI,NON,0
20,121.4,120.0,4,13.0,5,13.8,12.4,0.5,1.79,FEMME,NON,NON,NON,NON,NON,1
29,109.7,133.1,0,0.0,0,0.0,16.2,0.3,-0.92,FEMME,NON,OUI,NON,NON,NON,1
24,134.1,154.0,2,11.5,3,14.333333333333334,7.6,2.6,0.32,FEMME,NON,OUI,NON,NON,NON,0
18,127.6,130.0,6,11.666666666666666,5,13.2,11.1,0.6,2.02,FEMME,NON,OUI,NON,OUI,NON,0
22,132.4,132.0,6,13.516666666666666,7,13.771428571428572,11.1,0.6,2.02,FEMME,OUI,OUI,NON,OUI,NON,0
21,133.4,130.0,6,11.5,6,13.285714285714286,12.4,0.5,1.79,FEMME,OUI,OUI,NON,NON,NON,0
19,126.1,139.0,5,12.333333333333334,6,12.833333333333334,12.7,3.7,-1.7,FEMME,OUI,OUI,NON,NON,NON,0
24,113.5,130.0,6,13.666666666666666,6,14.166666666666666,12.4,0.5,1.79,FEMME,OUI,OUI,NON,NON,NON,0
19,121.3,139.0,6,11.833333333333334,6,11.833333333333334,9.4,-0.8,-3.12,FEMME,OUI,OUI,NON,OUI,NON,0
20,121.8,127.0,4,14.0,3,11.0,9.4,-0.8,-3.12,FEMME,OUI,OUI,NON,OUI,NON,0
19,159.3,167.0,5,14.714285714285714,5,15.8,7.6,2.6,0.32,FEMME,NON,OUI,NON,NON,NON,0
27,120.0,130.0,5,10.6,5,11.0,9.4,-0.8,-3.12,FEMME,NON,OUI,NON,NON,NON,1
18,129.1,130.0,7,13.044444444444444,8,13.595,15.5,2.8,-4.06,FEMME,NON,OUI,NON,OUI,NON,0
39,130.0,130.0,0,0.0,0,0.0,12.4,0.5,1.79,FEMME,NON,OUI,NON,NON,NON,1
27,155.3,129.0,5,13.0,10,12.9,12.4,0.5,1.79,FEMME,NON,OUI,NON,OUI,NON,1
18,139.8,141.0,8,14.935,8,14.935,9.4,-0.8,-3.12,FEMME,NON,OUI,NON,OUI,NON,0
18,115.2,125.0,0,0.0,0,0.0,7.6,2.6,0.32,FEMME,NON,OUI,NON,OUI,NON,0
18,114.9,125.0,6,13.133333333333333,7,12.221428571428572,16.2,0.3,-0.92,FEMME,NON,OUI,NON,NON,NON,0
21,131.9,130.0,6,12.0,6,12.0,13.9,-0.3,0.79,FEMME,OUI,OUI,NON,NON,NON,0
19,126.0,133.0,0,0.0,0,0.0,10.8,1.4,1.74,HOMME,OUI,OUI,NON,OUI,NON,0
19,130.2,127.0,5,11.4,1,10.0,10.8,1.4,1.74,HOMME,NON,OUI,NON,OUI,NON,0
24,120.9,116.0,0,0.0,0,0.0,12.7,3.7,-1.7,HOMME,NON,OUI,NON,NON,NON,0
29,126.0,133.1,5,11.9,5,11.0,13.9,-0.3,0.79,HOMME,NON,OUI,NON,OUI,NON,1
19,128.2,139.0,0,0.0,0,0.0,10.8,1.4,1.74,HOMME,OUI,OUI,NON,OUI,NON,0
23,130.0,130.0,6,12.571428571428571,6,12.428571428571429,8.9,1.4,3.51,HOMME,NON,OUI,NON,OUI,NON,0
19,120.1,125.0,5,11.2,4,10.75,16.2,0.3,-0.92,HOMME,NON,OUI,OUI,NON,NON,1
26,100.0,160.0,6,12.0,5,10.8,12.7,3.7,-1.7,HOMME,NON,OUI,NON,NON,NON,0
18,134.0,148.0,0,0.0,0,0.0,7.6,2.6,0.32,HOMME,NON,OUI,NON,NON,NON,0
24,130.8,150.0,7,11.975,8,13.75,13.9,-0.3,0.79,HOMME,NON,OUI,NON,NON,NON,0
19,135.8,141.0,0,0.0,0,0.0,15.5,2.8,-4.06,HOMME,NON,OUI,NON,OUI,NON,1
18,111.7,118.0,3,11.666666666666666,1,12.0,12.4,0.5,1.79,HOMME,NON,OUI,NON,OUI,NON,1
18,132.9,142.0,6,12.333333333333334,3,12.333333333333334,10.8,1.4,1.74,HOMME,NON,OUI,NON,OUI,NON,0
18,115.5,120.0,3,10.333333333333334,3,10.857142857142858,10.8,1.4,1.74,HOMME,NON,OUI,OUI,OUI,NON,1
21,106.0,106.0,4,10.5,1,11.0,9.4,-0.8,-3.12,HOMME,OUI,OUI,NON,OUI,NON,1
19,120.3,121.0,6,13.666666666666666,6,13.333333333333334,8.9,1.4,3.51,HOMME,OUI,OUI,OUI,OUI,NON,0
22,130.8,150.0,7,14.842857142857142,8,15.055555555555555,16.2,0.3,-0.92,HOMME,OUI,OUI,NON,NON,NON,0
33,117.0,120.0,6,12.0,6,11.666666666666666,10.8,1.4,1.74,HOMME,NON,OUI,NON,NON,NON,0
20,110.2,114.0,5,12.2,5,12.2,10.8,1.4,1.74,HOMME,NON,OUI,NON,OUI,NON,1
35,155.7,140.0,0,0.0,0,0.0,10.8,1.4,1.74,HOMME,NON,OUI,NON,OUI,NON,1
24,180.4,160.0,6,12.166666666666666,10,13.3,12.4,0.5,1.79,HOMME,NON,OUI,OUI,NON,NON,1
18,125.5,120.0,5,12.0,3,11.333333333333334,12.7,3.7,-1.7,HOMME,NON,OUI,NON,NON,NON,0
33,110.0,130.0,6,11.0,5,11.0,9.4,-0.8,-3.12,FEMME,NON,OUI,NON,OUI,NON,0
22,161.0,160.0,7,13.08,7,13.08,10.8,1.4,1.74,FEMME,OUI,OUI,NON,OUI,NON,0
25,100.0,120.0,4,10.5,5,11.6,9.4,-0.8,-3.12,FEMME,OUI,OUI,NON,NON,NON,0
20,117.6,124.0,6,10.666666666666666,5,11.2,7.6,2.6,0.32,HOMME,NON,OUI,NON,OUI,NON,0
23,128.7,143.0,4,14.0,5,13.8,11.1,0.6,2.02,HOMME,NON,OUI,NON,OUI,NON,0
18,112.2,115.0,2,10.0,0,0.0,15.5,2.8,-4.06,HOMME,NON,OUI,OUI,OUI,NON,0
24,100.8,133.1,0,0.0,0,0.0,13.9,-0.3,0.79,HOMME,NON,OUI,NON,NON,NON,1
21,105.0,133.1,6,14.0,6,13.5,8.9,1.4,3.51,FEMME,NON,NON,NON,OUI,OUI,0
26,100.0,133.1,2,12.0,0,0.0,8.9,1.4,3.51,FEMME,NON,OUI,NON,NON,OUI,1
39,115.5,133.1,3,12.666666666666666,0,0.0,7.6,2.6,0.32,FEMME,NON,OUI,NON,NON,NON,1
44,114.0,133.1,8,11.875,6,12.333333333333334,12.7,3.7,-1.7,FEMME,NON,OUI,NON,NON,NON,0
19,137.0,130.0,5,14.0,3,13.25,13.9,-0.3,0.79,HOMME,NON,OUI,NON,OUI,OUI,0
18,124.9,135.0,6,13.666666666666666,6,13.333333333333334,8.9,1.4,3.51,FEMME,NON,OUI,NON,OUI,NON,0
18,120.3,132.0,7,13.75,8,14.47777777777778,12.4,0.5,1.79,FEMME,OUI,OUI,NON,OUI,NON,0
19,134.3,135.0,5,14.2,5,13.8,12.7,3.7,-1.7,FEMME,NON,OUI,NON,OUI,NON,0
19,111.5,115.0,4,11.96,0,0.0,13.9,-0.3,0.79,FEMME,NON,NON,OUI,OUI,NON,1
21,128.8,130.0,8,12.875,5,13.4,8.9,1.4,3.51,FEMME,NON,OUI,NON,NON,NON,1
20,110.0,133.1,0,0.0,0,0.0,16.2,0.3,-0.92,FEMME,NON,OUI,NON,OUI,NON,0
36,113.5,130.0,0,0.0,0,0.0,9.4,-0.8,-3.12,FEMME,NON,OUI,NON,OUI,NON,1
43,160.0,133.1,18,14.63157894736842,13,14.23076923076923,15.5,2.8,-4.06,FEMME,NON,OUI,NON,NON,NON,0
19,117.4,123.0,0,0.0,0,0.0,11.1,0.6,2.02,FEMME,NON,OUI,NON,OUI,NON,1
20,122.2,130.0,10,13.0,11,12.272727272727272,11.1,0.6,2.02,FEMME,NON,OUI,OUI,NON,NON,0
19,118.2,122.0,0,0.0,0,0.0,16.2,0.3,-0.92,FEMME,NON,OUI,NON,OUI,NON,1
20,106.7,113.0,4,14.2,4,13.25,15.5,2.8,-4.06,FEMME,NON,OUI,NON,OUI,NON,1
20,108.2,111.0,6,13.266666666666666,5,12.3,12.4,0.5,1.79,FEMME,NON,OUI,NON,OUI,NON,1
20,107.0,133.1,6,11.666666666666666,3,13.0,16.2,0.3,-0.92,FEMME,NON,OUI,NON,OUI,NON,0
18,136.1,142.0,6,13.857142857142858,6,15.0,13.9,-0.3,0.79,FEMME,NON,OUI,NON,OUI,NON,0
18,115.3,123.0,3,13.0,3,11.0,8.9,1.4,3.51,FEMME,OUI,OUI,NON,OUI,NON,0
19,139.8,131.0,5,13.4,5,12.8,10.8,1.4,1.74,FEMME,NON,OUI,NON,OUI,NON,0
18,157.0,158.0,6,12.666666666666666,6,12.571428571428571,10.8,1.4,1.74,FEMME,NON,OUI,NON,OUI,NON,0
18,131.0,122.0,6,12.516666666666666,6,12.516666666666666,7.6,2.6,0.32,FEMME,NON,OUI,NON,OUI,NON,1
20,100.0,130.0,6,11.616666666666667,7,13.0,13.9,-0.3,0.79,FEMME,NON,OUI,NON,NON,NON,0
20,140.4,154.0,2,10.0,4,10.75,7.6,2.6,0.32,FEMME,OUI,OUI,NON,OUI,NON,0
20,113.4,120.0,3,10.333333333333334,3,10.666666666666666,12.4,0.5,1.79,FEMME,NON,OUI,NON,NON,NON,0
18,137.0,140.0,5,13.142857142857142,5,11.4,9.4,-0.8,-3.12,FEMME,NON,OUI,NON,NON,NON,0
18,121.8,127.0,5,12.6,5,14.0,11.1,0.6,2.02,FEMME,NON,OUI,NON,NON,NON,0
21,131.0,133.1,3,11.0,2,11.0,9.4,-0.8,-3.12,FEMME,NON,OUI,NON,OUI,NON,1
19,118.6,120.0,5,10.8,4,11.25,16.2,0.3,-0.92,FEMME,NON,OUI,NON,OUI,NON,0
19,122.3,137.0,0,0.0,0,0.0,10.8,1.4,1.74,FEMME,NON,OUI,NON,NON,NON,1
19,127.9,131.0,5,12.8,5,14.2,9.4,-0.8,-3.12,FEMME,OUI,OUI,NON,NON,NON,0
19,121.3,130.0,6,14.166666666666666,6,12.2,15.5,2.8,-4.06,FEMME,NON,OUI,NON,OUI,NON,0
19,117.1,122.0,5,12.1,0,0.0,13.9,-0.3,0.79,FEMME,NON,OUI,NON,OUI,NON,1
20,160.0,160.0,6,14.166666666666666,5,13.77777777777778,12.4,0.5,1.79,FEMME,NON,OUI,NON,OUI,NON,0
18,145.3,146.0,5,12.8,5,13.4,9.4,-0.8,-3.12,FEMME,OUI,OUI,NON,OUI,NON,0
18,122.6,131.0,6,13.0,6,13.666666666666666,12.4,0.5,1.79,FEMME,NON,OUI,NON,OUI,NON,0
19,128.0,132.0,7,13.467142857142855,8,15.011111111111113,12.4,0.5,1.79,FEMME,NON,OUI,NON,OUI,NON,0
18,124.9,138.0,7,13.2375,7,13.742857142857144,13.9,-0.3,0.79,FEMME,OUI,OUI,NON,OUI,NON,1
18,123.7,130.0,6,12.333333333333334,6,13.0,7.6,2.6,0.32,FEMME,NON,OUI,NON,OUI,NON,0
19,120.1,126.0,5,12.4,5,14.6,8.9,1.4,3.51,FEMME,NON,OUI,NON,OUI,NON,0
19,131.7,148.0,5,14.0,0,0.0,13.9,-0.3,0.79,FEMME,NON,OUI,NON,OUI,NON,1
20,133.2,130.0,9,11.666666666666666,7,11.714285714285714,7.6,2.6,0.32,FEMME,NON,OUI,NON,NON,NON,0
19,109.3,117.0,5,12.0,4,12.5,12.4,0.5,1.79,FEMME,OUI,NON,OUI,NON,NON,1
20,113.0,120.0,4,12.2,4,11.5,7.6,2.6,0.32,FEMME,NON,OUI,NON,OUI,NON,0
18,157.9,153.0,6,14.833333333333334,6,14.833333333333334,8.9,1.4,3.51,FEMME,OUI,OUI,OUI,NON,NON,0
20,112.1,117.0,5,13.188,7,12.892857142857142,11.1,0.6,2.02,FEMME,OUI,OUI,NON,NON,NON,0
18,174.7,178.0,7,17.125,8,17.5875,13.9,-0.3,0.79,FEMME,NON,OUI,NON,NON,NON,0
19,128.8,129.0,6,12.666666666666666,6,12.666666666666666,7.6,2.6,0.32,FEMME,NON,OUI,NON,OUI,NON,0
19,110.1,116.0,6,12.666666666666666,5,12.0,12.4,0.5,1.79,FEMME,OUI,OUI,NON,OUI,NON,0
22,99.7,99.0,0,0.0,0,0.0,8.9,1.4,3.51,FEMME,NON,NON,OUI,OUI,NON,0
19,121.0,135.0,6,11.333333333333334,6,11.5,12.4,0.5,1.79,FEMME,OUI,OUI,NON,OUI,NON,0
19,131.7,141.0,7,13.605,8,12.33125,15.5,2.8,-4.06,FEMME,OUI,OUI,NON,OUI,NON,0
19,119.1,132.0,5,12.0,5,10.8,9.4,-0.8,-3.12,FEMME,OUI,OUI,NON,OUI,NON,0
19,124.7,132.0,0,0.0,0,0.0,7.6,2.6,0.32,FEMME,NON,OUI,NON,OUI,NON,1
20,117.2,113.0,5,11.2,3,11.666666666666666,7.6,2.6,0.32,FEMME,NON,OUI,NON,OUI,NON,1
18,128.8,134.0,5,13.375,5,14.166666666666666,13.9,-0.3,0.79,FEMME,NON,OUI,NON,NON,NON,0
20,131.5,136.0,6,13.863333333333337,7,14.178571428571429,11.1,0.6,2.02,FEMME,OUI,OUI,NON,NON,NON,0
18,121.7,136.0,0,0.0,0,0.0,9.4,-0.8,-3.12,FEMME,NON,OUI,NON,OUI,NON,0
19,123.4,129.0,5,12.4,5,13.4,7.6,2.6,0.32,FEMME,NON,OUI,NON,NON,NON,0
18,124.7,138.0,3,12.333333333333334,5,10.833333333333334,9.4,-0.8,-3.12,FEMME,NON,OUI,NON,OUI,NON,0
18,132.8,137.0,6,13.333333333333334,5,11.8,7.6,2.6,0.32,FEMME,NON,OUI,NON,OUI,NON,0
21,108.7,115.0,3,12.666666666666666,3,10.0,9.4,-0.8,-3.12,FEMME,NON,OUI,NON,OUI,NON,1
19,138.1,129.0,6,12.0,4,11.5,7.6,2.6,0.32,FEMME,NON,OUI,NON,NON,NON,1
18,126.5,131.0,5,10.6,5,11.8,12.4,0.5,1.79,FEMME,OUI,OUI,NON,NON,NON,0
18,127.4,133.0,6,12.25,6,11.857142857142858,12.7,3.7,-1.7,FEMME,OUI,OUI,NON,OUI,NON,0
20,123.6,125.0,4,11.0,6,11.833333333333334,9.4,-0.8,-3.12,FEMME,NON,OUI,NON,OUI,NON,0
24,122.0,120.0,5,11.0,5,12.6,11.1,0.6,2.02,FEMME,OUI,OUI,NON,NON,NON,0
19,118.2,128.0,6,13.166666666666666,6,13.0,10.8,1.4,1.74,FEMME,NON,OUI,NON,NON,NON,1
18,123.9,127.0,7,12.855555555555554,7,12.761111111111113,15.5,2.8,-4.06,FEMME,OUI,OUI,NON,OUI,NON,0
18,125.8,134.0,7,14.91875,8,15.355,15.5,2.8,-4.06,FEMME,NON,OUI,NON,OUI,NON,0
21,123.3,132.0,4,11.5,3,11.0,10.8,1.4,1.74,FEMME,NON,OUI,NON,OUI,NON,1
19,124.4,124.0,5,14.2,5,14.2,7.6,2.6,0.32,FEMME,NON,OUI,NON,NON,NON,0
19,126.0,133.1,6,12.5,6,13.0,15.5,2.8,-4.06,FEMME,OUI,OUI,NON,NON,NON,0
47,170.0,170.0,0,0.0,0,0.0,8.9,1.4,3.51,FEMME,NON,OUI,OUI,NON,NON,0
19,121.5,125.0,5,11.666666666666666,4,11.0,13.9,-0.3,0.79,FEMME,NON,OUI,NON,NON,NON,0
29,130.0,130.0,7,14.257142857142856,7,14.257142857142856,12.7,3.7,-1.7,FEMME,NON,OUI,NON,NON,NON,0
21,117.0,125.0,3,12.0,2,11.333333333333334,16.2,0.3,-0.92,FEMME,NON,OUI,NON,OUI,NON,1
28,130.0,130.0,4,11.25,4,10.5,12.7,3.7,-1.7,FEMME,NON,OUI,NON,OUI,NON,0
20,108.0,133.1,7,12.457142857142856,8,13.5625,15.5,2.8,-4.06,FEMME,NON,OUI,NON,NON,NON,0
19,132.3,131.0,6,11.683333333333332,6,11.683333333333332,7.6,2.6,0.32,FEMME,NON,OUI,NON,OUI,NON,0
26,148.0,150.0,3,11.666666666666666,5,12.0,9.4,-0.8,-3.12,FEMME,NON,OUI,NON,NON,NON,0
20,122.6,125.0,4,11.75,6,13.166666666666666,11.1,0.6,2.02,FEMME,NON,NON,OUI,OUI,NON,1
18,123.0,131.0,3,11.666666666666666,4,13.5,7.6,2.6,0.32,FEMME,OUI,OUI,NON,OUI,NON,0
27,102.5,130.0,5,13.2,5,12.0,7.6,2.6,0.32,FEMME,NON,OUI,NON,NON,NON,0
20,113.3,123.0,4,11.95,4,11.95,7.6,2.6,0.32,FEMME,NON,OUI,NON,OUI,NON,1
18,133.0,141.0,5,12.4,5,10.4,9.4,-0.8,-3.12,FEMME,NON,OUI,NON,OUI,NON,1
33,140.0,140.0,6,14.35,6,14.583333333333334,16.2,0.3,-0.92,FEMME,NON,OUI,NON,NON,NON,1
35,128.3,140.0,21,12.61904761904762,19,12.789473684210526,12.4,0.5,1.79,FEMME,NON,OUI,NON,OUI,NON,0
26,140.0,140.0,6,12.666666666666666,6,13.166666666666666,9.4,-0.8,-3.12,FEMME,OUI,OUI,NON,NON,NON,0
27,104.0,133.1,5,12.0,0,0.0,11.1,0.6,2.02,FEMME,NON,NON,OUI,NON,NON,1
19,122.3,131.0,6,12.166666666666666,0,0.0,15.5,2.8,-4.06,FEMME,NON,NON,NON,OUI,NON,1
20,135.0,143.0,0,0.0,0,0.0,11.1,0.6,2.02,FEMME,NON,OUI,NON,NON,NON,1
20,119.1,132.0,3,10.0,3,10.571428571428571,10.8,1.4,1.74,FEMME,NON,NON,OUI,OUI,NON,1
21,126.6,143.0,8,11.5,4,10.0,9.4,-0.8,-3.12,FEMME,NON,NON,OUI,NON,NON,0
18,129.0,141.0,6,13.05,6,13.05,7.6,2.6,0.32,FEMME,OUI,OUI,NON,OUI,NON,0
24,162.3,133.1,2,11.0,0,0.0,8.9,1.4,3.51,FEMME,NON,OUI,NON,OUI,NON,1
20,163.4,148.0,6,11.5,6,12.0,16.2,0.3,-0.92,FEMME,NON,OUI,NON,OUI,NON,0
21,121.5,125.0,6,12.0,6,12.5,13.9,-0.3,0.79,FEMME,OUI,OUI,NON,NON,NON,0
23,122.8,120.0,2,10.0,1,10.0,9.4,-0.8,-3.12,FEMME,NON,OUI,NON,NON,NON,0
24,118.0,140.0,0,0.0,0,0.0,7.6,2.6,0.32,FEMME,NON,OUI,NON,OUI,NON,1
21,134.0,139.0,0,0.0,0,0.0,12.4,0.5,1.79,FEMME,NON,OUI,NON,NON,NON,1
18,129.8,142.0,7,12.242857142857144,7,12.242857142857144,12.7,3.7,-1.7,FEMME,NON,OUI,NON,OUI,NON,0
27,152.0,130.0,0,0.0,0,0.0,8.9,1.4,3.51,FEMME,NON,OUI,NON,OUI,NON,1
18,122.8,126.0,8,12.93375,8,12.93375,9.4,-0.8,-3.12,FEMME,NON,OUI,NON,OUI,NON,0
35,150.0,150.0,0,0.0,0,0.0,13.9,-0.3,0.79,FEMME,NON,OUI,NON,NON,NON,1
18,131.8,130.0,7,12.571428571428571,7,14.428571428571429,11.1,0.6,2.02,FEMME,NON,OUI,NON,NON,NON,0
35,105.9,120.0,3,11.816666666666668,3,11.333333333333334,11.1,0.6,2.02,FEMME,NON,OUI,NON,NON,NON,0
19,132.1,138.0,4,13.75,4,14.333333333333334,10.8,1.4,1.74,FEMME,NON,OUI,NON,OUI,NON,0
20,127.4,127.0,6,11.166666666666666,6,11.333333333333334,7.6,2.6,0.32,FEMME,NON,OUI,NON,OUI,NON,0
18,129.5,140.0,7,12.324285714285711,7,12.324285714285711,10.8,1.4,1.74,FEMME,NON,OUI,NON,OUI,NON,0
21,126.7,130.0,6,12.166666666666666,6,11.714285714285714,13.9,-0.3,0.79,FEMME,NON,OUI,OUI,NON,NON,0
18,116.5,128.0,5,11.142857142857142,4,11.25,16.2,0.3,-0.92,FEMME,OUI,OUI,NON,NON,NON,0
18,119.1,132.0,4,11.0,4,10.75,7.6,2.6,0.32,FEMME,NON,OUI,NON,OUI,NON,0
18,126.5,149.0,7,12.914285714285713,7,12.914285714285713,12.7,3.7,-1.7,FEMME,NON,OUI,NON,OUI,NON,0
18,149.8,155.0,6,13.833333333333334,6,14.166666666666666,16.2,0.3,-0.92,FEMME,OUI,OUI,NON,OUI,NON,0
19,115.1,120.0,6,13.857142857142858,5,13.4,13.9,-0.3,0.79,FEMME,NON,OUI,NON,OUI,NON,0
36,124.5,133.1,6,13.714285714285714,5,12.8,16.2,0.3,-0.92,FEMME,OUI,OUI,NON,NON,NON,1
18,128.3,131.0,7,12.642857142857142,7,12.642857142857142,12.7,3.7,-1.7,FEMME,OUI,OUI,NON,OUI,NON,0
18,136.0,149.0,6,12.916666666666666,6,12.916666666666666,7.6,2.6,0.32,FEMME,OUI,OUI,NON,NON,NON,0
20,140.0,140.0,6,15.625,6,15.857142857142858,13.9,-0.3,0.79,FEMME,OUI,OUI,NON,OUI,NON,0
26,126.3,133.1,0,0.0,0,0.0,16.2,0.3,-0.92,FEMME,OUI,OUI,NON,NON,NON,1
21,126.9,122.0,6,11.714285714285714,6,12.0,7.6,2.6,0.32,FEMME,NON,OUI,NON,NON,NON,0
25,145.0,130.0,6,12.125,8,13.3125,15.5,2.8,-4.06,FEMME,NON,OUI,NON,NON,NON,0
19,115.8,121.0,5,11.6,5,11.6,12.4,0.5,1.79,FEMME,OUI,OUI,NON,OUI,NON,0
24,100.0,120.0,1,10.0,0,0.0,9.4,-0.8,-3.12,FEMME,NON,OUI,NON,OUI,NON,1
27,102.5,133.1,1,10.0,0,0.0,8.9,1.4,3.51,FEMME,OUI,OUI,NON,NON,NON,1
21,131.5,121.0,0,0.0,2,13.5,7.6,2.6,0.32,FEMME,NON,OUI,NON,NON,NON,1
18,147.0,133.0,4,13.0,3,12.333333333333334,9.4,-0.8,-3.12,FEMME,OUI,OUI,NON,NON,NON,0
19,122.5,134.0,6,13.333333333333334,6,14.5,10.8,1.4,1.74,FEMME,OUI,OUI,NON,NON,NON,0
18,117.5,115.0,4,11.25,2,12.5,9.4,-0.8,-3.12,FEMME,NON,OUI,NON,OUI,NON,1
19,150.0,127.0,5,13.85,7,12.19285714285714,11.1,0.6,2.02,FEMME,OUI,OUI,NON,NON,NON,0
19,127.5,135.0,6,13.741666666666667,7,14.9125,16.2,0.3,-0.92,FEMME,OUI,OUI,NON,OUI,NON,0
33,140.0,140.0,6,15.333333333333334,5,15.8,11.1,0.6,2.02,FEMME,NON,OUI,NON,NON,NON,0
45,130.0,130.0,5,11.0,5,13.8,12.4,0.5,1.79,FEMME,NON,OUI,NON,NON,NON,0
20,133.3,135.0,6,12.0,6,12.857142857142858,11.1,0.6,2.02,FEMME,OUI,OUI,NON,NON,NON,0
28,97.0,140.0,0,0.0,0,0.0,7.6,2.6,0.32,FEMME,NON,OUI,NON,OUI,NON,1
19,112.0,120.0,7,11.571428571428571,7,11.571428571428571,12.7,3.7,-1.7,FEMME,OUI,OUI,NON,OUI,NON,0
18,123.6,140.0,6,12.857142857142858,3,12.666666666666666,12.7,3.7,-1.7,FEMME,NON,OUI,NON,OUI,NON,0
38,130.5,133.1,0,0.0,0,0.0,15.5,2.8,-4.06,FEMME,NON,OUI,NON,NON,NON,1
19,133.3,135.0,5,13.0,5,13.2,9.4,-0.8,-3.12,FEMME,NON,OUI,NON,NON,NON,0
21,132.1,123.0,5,11.0,5,12.0,15.5,2.8,-4.06,FEMME,OUI,OUI,NON,NON,NON,0
21,100.0,133.1,3,12.0,1,15.0,16.2,0.3,-0.92,FEMME,NON,OUI,NON,NON,NON,1
22,140.4,154.0,5,12.6,6,13.0,10.8,1.4,1.74,FEMME,OUI,OUI,NON,NON,NON,0
18,141.7,148.0,5,13.4,6,13.166666666666666,9.4,-0.8,-3.12,FEMME,OUI,OUI,NON,NON,NON,0
18,119.7,133.0,6,11.333333333333334,6,11.571428571428571,15.5,2.8,-4.06,FEMME,OUI,OUI,NON,NON,NON,0
25,122.5,126.0,4,13.5,4,14.25,9.4,-0.8,-3.12,FEMME,NON,NON,NON,OUI,NON,1
24,140.0,133.1,3,11.75,3,10.333333333333334,16.2,0.3,-0.92,FEMME,NON,NON,OUI,NON,NON,1
19,119.4,125.0,6,12.471428571428572,7,11.4625,12.4,0.5,1.79,FEMME,NON,OUI,NON,OUI,NON,0
24,155.0,145.0,11,12.909090909090908,9,13.555555555555555,12.4,0.5,1.79,FEMME,NON,OUI,NON,OUI,NON,0
20,119.1,118.0,5,11.6,5,13.6,12.4,0.5,1.79,FEMME,OUI,OUI,NON,OUI,NON,0
25,122.7,120.0,0,0.0,0,0.0,10.8,1.4,1.74,FEMME,NON,NON,NON,NON,NON,1
20,117.9,127.0,9,12.9,10,12.363636363636363,8.9,1.4,3.51,FEMME,OUI,OUI,NON,NON,NON,0
23,130.0,130.0,8,13.22,8,13.22,9.4,-0.8,-3.12,FEMME,NON,OUI,NON,NON,NON,0
19,120.0,129.0,7,13.151428571428571,7,13.151428571428571,10.8,1.4,1.74,FEMME,OUI,OUI,NON,OUI,NON,0
29,130.0,130.0,3,12.75,3,11.333333333333334,13.9,-0.3,0.79,FEMME,NON,NON,OUI,NON,NON,1
21,116.8,121.0,6,11.333333333333334,4,12.25,11.1,0.6,2.02,FEMME,NON,OUI,NON,OUI,NON,0
18,123.4,136.0,6,13.25,5,14.142857142857142,11.1,0.6,2.02,FEMME,OUI,OUI,NON,OUI,NON,0
19,125.4,125.0,5,12.4,5,12.4,9.4,-0.8,-3.12,FEMME,NON,OUI,NON,OUI,NON,0
18,127.2,131.0,6,15.0,6,12.833333333333334,8.9,1.4,3.51,FEMME,OUI,OUI,NON,OUI,NON,1
19,103.4,122.0,5,14.4,5,13.0,7.6,2.6,0.32,FEMME,NON,OUI,NON,NON,NON,0
18,123.2,127.0,1,11.0,0,0.0,9.4,-0.8,-3.12,FEMME,NON,OUI,NON,OUI,NON,0
18,124.1,136.0,5,12.4,5,10.8,8.9,1.4,3.51,FEMME,NON,OUI,NON,NON,NON,0
37,99.5,133.1,1,16.0,0,0.0,8.9,1.4,3.51,FEMME,OUI,NON,OUI,OUI,NON,1
29,124.9,127.0,5,13.571428571428571,5,12.333333333333334,16.2,0.3,-0.92,FEMME,NON,OUI,NON,NON,NON,0
18,110.8,116.0,6,11.833333333333334,6,12.5,7.6,2.6,0.32,FEMME,NON,OUI,NON,NON,NON,0
19,118.9,121.0,5,11.666666666666666,5,12.666666666666666,12.4,0.5,1.79,FEMME,OUI,OUI,NON,OUI,NON,0
22,118.8,124.0,6,11.833333333333334,2,13.0,16.2,0.3,-0.92,FEMME,NON,NON,OUI,OUI,NON,1
20,137.0,131.0,6,11.166666666666666,5,10.6,15.5,2.8,-4.06,FEMME,OUI,OUI,NON,NON,NON,0
34,100.0,100.0,0,0.0,0,0.0,12.7,3.7,-1.7,FEMME,NON,OUI,NON,NON,NON,1
30,120.0,130.0,8,11.75,6,12.166666666666666,7.6,2.6,0.32,FEMME,NON,NON,OUI,NON,NON,1
18,122.8,135.0,6,14.0,6,14.0,10.8,1.4,1.74,FEMME,NON,OUI,NON,NON,NON,0
18,121.6,130.0,6,12.833333333333334,6,12.0,12.4,0.5,1.79,FEMME,NON,OUI,NON,NON,NON,0
18,149.2,146.0,4,12.25,3,11.666666666666666,9.4,-0.8,-3.12,FEMME,NON,OUI,NON,OUI,NON,0
18,140.0,146.0,7,14.828571428571427,7,14.828571428571427,12.7,3.7,-1.7,FEMME,NON,OUI,NON,OUI,NON,0
19,133.4,154.0,5,11.4,5,12.8,12.7,3.7,-1.7,FEMME,OUI,OUI,NON,OUI,NON,0
19,126.2,137.0,6,13.0,6,12.5,10.8,1.4,1.74,FEMME,OUI,OUI,NON,OUI,NON,0
18,127.8,151.0,7,13.671428571428573,7,13.671428571428573,12.7,3.7,-1.7,FEMME,OUI,OUI,NON,NON,NON,0
21,150.0,150.0,6,12.666666666666666,5,12.8,13.9,-0.3,0.79,FEMME,OUI,OUI,NON,NON,NON,0
20,113.7,121.0,2,10.0,1,13.0,7.6,2.6,0.32,FEMME,NON,NON,NON,OUI,NON,1
20,117.8,122.0,5,13.5,5,12.333333333333334,13.9,-0.3,0.79,FEMME,NON,OUI,NON,OUI,NON,0
19,136.7,143.0,7,12.67,8,13.55,11.1,0.6,2.02,FEMME,NON,OUI,NON,NON,NON,0
20,144.7,152.0,6,14.5,6,15.428571428571429,16.2,0.3,-0.92,FEMME,NON,OUI,NON,NON,NON,0
18,139.8,145.0,7,13.685714285714283,8,15.3875,13.9,-0.3,0.79,FEMME,NON,OUI,NON,OUI,NON,0
20,113.7,120.0,5,11.0,3,10.666666666666666,12.7,3.7,-1.7,FEMME,NON,OUI,NON,NON,NON,1
29,140.0,140.0,7,11.555555555555555,5,13.2,7.6,2.6,0.32,FEMME,NON,NON,OUI,NON,NON,1
18,142.3,143.0,7,13.79714285714286,8,13.775,12.4,0.5,1.79,FEMME,OUI,OUI,NON,NON,NON,0
20,119.6,129.0,7,14.00375,7,13.812857142857142,15.5,2.8,-4.06,FEMME,OUI,OUI,NON,OUI,NON,0
22,123.7,139.0,4,12.0,4,11.4,16.2,0.3,-0.92,FEMME,OUI,OUI,NON,OUI,NON,0
47,143.0,133.1,5,14.166666666666666,6,14.166666666666666,16.2,0.3,-0.92,FEMME,OUI,OUI,NON,OUI,NON,0
31,100.1,127.0,5,14.0,5,13.8,8.9,1.4,3.51,FEMME,NON,OUI,NON,NON,NON,0
21,119.4,126.0,5,13.8,6,12.833333333333334,16.2,0.3,-0.92,FEMME,OUI,OUI,NON,NON,NON,0
21,122.1,128.0,5,12.8,6,11.857142857142858,7.6,2.6,0.32,FEMME,NON,OUI,NON,NON,NON,0
24,100.0,100.0,6,12.166666666666666,6,13.833333333333334,7.6,2.6,0.32,FEMME,NON,OUI,NON,NON,NON,0
18,113.9,123.0,6,12.5,6,12.333333333333334,15.5,2.8,-4.06,FEMME,NON,OUI,NON,NON,NON,0
32,101.0,170.0,4,12.0,4,11.5,7.6,2.6,0.32,FEMME,NON,OUI,NON,NON,NON,0
19,111.8,117.0,6,10.833333333333334,6,11.5,10.8,1.4,1.74,FEMME,OUI,OUI,NON,OUI,NON,0
24,140.0,140.0,8,13.385,8,13.385,9.4,-0.8,-3.12,FEMME,NON,OUI,NON,OUI,NON,0
19,124.4,123.0,6,15.666666666666666,6,14.5,15.5,2.8,-4.06,FEMME,NON,OUI,NON,OUI,NON,0
19,150.0,150.0,6,14.333333333333334,6,13.833333333333334,13.9,-0.3,0.79,FEMME,OUI,OUI,OUI,NON,NON,0
24,140.0,140.0,6,11.428571428571429,5,13.0,12.4,0.5,1.79,FEMME,NON,OUI,NON,NON,NON,0
18,116.0,123.0,6,11.666666666666666,6,11.666666666666666,8.9,1.4,3.51,FEMME,OUI,OUI,NON,OUI,NON,0
19,135.6,130.0,5,12.0,2,11.333333333333334,8.9,1.4,3.51,FEMME,OUI,OUI,NON,OUI,NON,1
19,121.0,137.0,7,14.725714285714288,7,14.725714285714288,10.8,1.4,1.74,FEMME,OUI,OUI,NON,NON,NON,0
18,118.7,126.0,6,14.166666666666666,6,13.666666666666666,12.4,0.5,1.79,FEMME,OUI,OUI,NON,OUI,NON,0
18,125.7,125.0,6,11.571428571428571,6,12.333333333333334,12.4,0.5,1.79,FEMME,NON,OUI,NON,OUI,NON,0
20,107.1,112.0,7,12.5,8,13.1375,12.4,0.5,1.79,FEMME,NON,OUI,NON,OUI,NON,0
18,125.5,141.0,8,12.86,8,12.86,9.4,-0.8,-3.12,FEMME,NON,OUI,NON,NON,NON,0
18,127.0,135.0,6,12.25,6,13.714285714285714,11.1,0.6,2.02,FEMME,NON,OUI,NON,OUI,NON,0
21,113.5,117.0,4,12.0,5,12.2,10.8,1.4,1.74,FEMME,OUI,OUI,NON,OUI,NON,0
18,154.4,160.0,7,15.116666666666667,8,16.168888888888887,15.5,2.8,-4.06,FEMME,OUI,OUI,NON,NON,NON,0
18,122.0,136.0,2,12.5,4,10.25,9.4,-0.8,-3.12,FEMME,NON,NON,OUI,NON,NON,1
19,128.0,143.0,0,0.0,0,0.0,9.4,-0.8,-3.12,FEMME,NON,OUI,NON,OUI,NON,1
19,115.5,119.0,4,11.0,4,11.0,10.8,1.4,1.74,FEMME,NON,OUI,NON,OUI,NON,0
18,117.2,120.0,6,11.875,4,14.6,11.1,0.6,2.02,FEMME,NON,OUI,NON,OUI,NON,0
34,150.0,150.0,1,11.0,0,0.0,12.7,3.7,-1.7,FEMME,NON,OUI,NON,OUI,NON,1
19,155.3,142.0,5,15.2,5,13.2,7.6,2.6,0.32,FEMME,NON,OUI,NON,NON,NON,0
19,120.0,120.0,5,11.6,2,11.0,12.4,0.5,1.79,FEMME,NON,NON,OUI,OUI,NON,1
26,116.1,160.0,6,14.833333333333334,6,15.142857142857142,11.1,0.6,2.02,FEMME,NON,OUI,OUI,NON,NON,0
21,118.9,133.1,3,11.333333333333334,3,11.333333333333334,7.6,2.6,0.32,FEMME,NON,OUI,NON,OUI,NON,1
18,127.3,142.0,5,11.2,5,11.8,11.1,0.6,2.02,FEMME,OUI,OUI,NON,NON,NON,0
20,113.7,121.0,5,13.4,5,13.666666666666666,9.4,-0.8,-3.12,FEMME,OUI,OUI,NON,OUI,NON,0
25,118.5,135.0,2,10.5,0,0.0,11.1,0.6,2.02,FEMME,NON,OUI,NON,NON,NON,1
18,146.7,153.0,5,16.2,5,16.4,11.1,0.6,2.02,FEMME,NON,OUI,NON,NON,NON,0
18,124.3,140.0,7,14.542857142857144,8,14.88181818181818,16.2,0.3,-0.92,FEMME,OUI,OUI,NON,OUI,NON,0
19,137.8,152.0,7,13.694285714285714,8,14.355555555555554,11.1,0.6,2.02,FEMME,NON,OUI,NON,NON,NON,0
18,130.2,120.0,6,11.285714285714286,6,11.857142857142858,12.4,0.5,1.79,FEMME,OUI,OUI,NON,NON,NON,0
20,147.8,160.0,6,11.757142857142856,6,13.083333333333334,15.5,2.8,-4.06,FEMME,NON,OUI,NON,NON,NON,0
26,150.0,150.0,0,0.0,0,0.0,8.9,1.4,3.51,FEMME,NON,NON,OUI,NON,NON,1
19,100.0,100.0,7,13.058571428571428,7,13.058571428571428,10.8,1.4,1.74,FEMME,OUI,OUI,NON,OUI,NON,0
19,155.6,150.0,7,14.3,8,14.055555555555555,16.2,0.3,-0.92,FEMME,NON,OUI,NON,NON,NON,0
19,117.4,124.0,5,11.8,8,12.0,7.6,2.6,0.32,FEMME,NON,OUI,NON,NON,NON,0
19,128.8,141.0,3,10.333333333333334,3,13.0,7.6,2.6,0.32,FEMME,NON,OUI,NON,OUI,NON,0
18,117.5,121.0,6,10.571428571428571,3,11.666666666666666,16.2,0.3,-0.92,FEMME,NON,OUI,NON,OUI,NON,0
19,120.4,134.0,6,13.333333333333334,6,13.333333333333334,7.6,2.6,0.32,FEMME,NON,OUI,NON,OUI,NON,0
18,130.9,134.0,6,11.857142857142858,5,11.0,13.9,-0.3,0.79,FEMME,NON,OUI,OUI,NON,NON,0
18,125.0,132.0,5,12.6,5,11.4,9.4,-0.8,-3.12,FEMME,NON,OUI,NON,OUI,NON,0
18,136.8,135.0,5,14.0,5,11.6,9.4,-0.8,-3.12,FEMME,NON,OUI,NON,OUI,NON,0
18,121.6,123.0,5,12.0,6,12.666666666666666,11.1,0.6,2.02,FEMME,NON,OUI,NON,OUI,NON,0
26,151.0,151.0,0,0.0,0,0.0,16.2,0.3,-0.92,FEMME,NON,OUI,OUI,NON,NON,1
20,103.5,107.0,6,12.0,6,13.0,12.4,0.5,1.79,FEMME,NON,OUI,NON,OUI,NON,0
19,119.4,126.0,6,12.666666666666666,6,11.666666666666666,12.7,3.7,-1.7,FEMME,NON,OUI,NON,NON,NON,0
18,134.4,133.0,6,12.166666666666666,6,13.666666666666666,9.4,-0.8,-3.12,FEMME,OUI,OUI,NON,OUI,NON,0
19,143.0,140.0,6,13.333333333333334,6,14.666666666666666,13.9,-0.3,0.79,FEMME,NON,OUI,NON,NON,NON,0
40,110.0,110.0,7,15.0,7,14.571428571428571,12.4,0.5,1.79,FEMME,NON,OUI,OUI,NON,NON,0
18,132.5,141.0,8,13.39125,8,13.39125,9.4,-0.8,-3.12,FEMME,OUI,OUI,NON,OUI,NON,0
19,114.7,122.0,5,12.166666666666666,6,12.428571428571429,13.9,-0.3,0.79,FEMME,NON,OUI,NON,NON,NON,0
18,166.9,156.0,4,11.25,4,12.5,7.6,2.6,0.32,FEMME,NON,OUI,NON,NON,NON,0
19,125.9,129.0,4,12.0,3,12.0,9.4,-0.8,-3.12,FEMME,NON,OUI,NON,OUI,NON,0
18,178.3,188.0,0,0.0,0,0.0,15.5,2.8,-4.06,FEMME,NON,OUI,NON,OUI,NON,1
33,117.0,120.0,6,12.833333333333334,6,12.857142857142858,12.4,0.5,1.79,FEMME,NON,OUI,NON,OUI,NON,0
35,150.0,130.0,6,14.0,6,13.1,16.2,0.3,-0.92,FEMME,NON,OUI,NON,NON,NON,0
26,130.0,130.0,4,13.0,2,12.0,9.4,-0.8,-3.12,FEMME,NON,OUI,NON,OUI,NON,0
18,135.1,140.0,6,13.5,6,12.5,9.4,-0.8,-3.12,FEMME,NON,OUI,NON,OUI,NON,0
36,110.0,110.0,13,10.692307692307692,9,12.307692307692308,15.5,2.8,-4.06,FEMME,NON,OUI,NON,NON,NON,0
39,136.2,133.1,5,11.0,5,11.666666666666666,10.8,1.4,1.74,FEMME,NON,OUI,NON,NON,NON,0
44,116.0,120.0,6,13.0,6,13.833333333333334,12.7,3.7,-1.7,FEMME,NON,OUI,NON,NON,NON,0
20,100.0,96.0,5,12.0,4,11.25,9.4,-0.8,-3.12,FEMME,NON,OUI,NON,NON,NON,0
24,116.3,117.0,4,12.6,4,11.5,12.7,3.7,-1.7,FEMME,NON,OUI,NON,OUI,NON,1
20,134.0,123.0,6,13.666666666666666,6,13.333333333333334,12.4,0.5,1.79,FEMME,OUI,OUI,NON,NON,NON,0
19,124.2,127.0,0,0.0,0,0.0,9.4,-0.8,-3.12,FEMME,NON,NON,NON,OUI,NON,1
18,134.5,151.0,6,14.2,6,14.2,7.6,2.6,0.32,FEMME,OUI,OUI,OUI,NON,NON,0
22,120.7,127.0,5,11.0,0,0.0,10.8,1.4,1.74,FEMME,NON,NON,OUI,NON,NON,1
18,127.1,133.0,6,15.0,6,16.428571428571427,11.1,0.6,2.02,FEMME,NON,OUI,NON,OUI,NON,0
24,133.0,133.1,6,12.585714285714284,7,13.44285714285714,13.9,-0.3,0.79,FEMME,NON,OUI,NON,NON,NON,0
33,128.2,133.1,0,0.0,0,0.0,12.7,3.7,-1.7,FEMME,NON,OUI,NON,NON,NON,1
30,130.0,133.1,0,0.0,0,0.0,11.1,0.6,2.02,FEMME,OUI,OUI,OUI,NON,NON,0
26,172.0,160.0,0,0.0,0,0.0,8.9,1.4,3.51,FEMME,NON,OUI,NON,NON,NON,1
18,128.5,140.0,6,11.666666666666666,6,11.833333333333334,10.8,1.4,1.74,FEMME,NON,OUI,NON,OUI,NON,0
19,128.5,146.0,3,12.666666666666666,2,10.0,10.8,1.4,1.74,FEMME,NON,OUI,OUI,NON,NON,1
20,112.0,112.0,3,10.333333333333334,4,11.0,16.2,0.3,-0.92,FEMME,NON,OUI,NON,OUI,NON,0
22,142.5,140.0,8,13.5,7,13.714285714285714,8.9,1.4,3.51,FEMME,OUI,OUI,NON,OUI,NON,0
19,133.0,136.0,5,13.98,5,13.98,7.6,2.6,0.32,FEMME,NON,OUI,NON,OUI,NON,0
21,106.0,133.1,6,16.153846153846153,6,15.75,15.5,2.8,-4.06,FEMME,OUI,OUI,NON,OUI,NON,0
21,125.5,136.0,6,14.033333333333331,6,14.033333333333331,7.6,2.6,0.32,FEMME,OUI,OUI,NON,OUI,NON,0
19,131.2,134.0,1,11.0,5,11.2,7.6,2.6,0.32,FEMME,NON,OUI,NON,NON,NON,0
19,112.9,122.0,7,13.857142857142858,6,13.666666666666666,8.9,1.4,3.51,FEMME,OUI,OUI,NON,OUI,NON,0
18,124.8,138.0,7,13.414285714285716,7,13.414285714285716,12.7,3.7,-1.7,FEMME,NON,OUI,NON,OUI,NON,1
50,140.9,160.0,11,13.545454545454543,7,13.571428571428571,16.2,0.3,-0.92,FEMME,NON,OUI,NON,NON,NON,0
31,148.0,130.0,4,11.25,4,10.833333333333334,13.9,-0.3,0.79,FEMME,OUI,OUI,NON,NON,NON,0
19,148.4,161.0,6,13.833333333333334,6,14.428571428571429,15.5,2.8,-4.06,FEMME,OUI,OUI,NON,NON,NON,0
35,129.7,140.0,5,12.0,5,12.857142857142858,13.9,-0.3,0.79,FEMME,NON,OUI,NON,NON,NON,0
31,128.2,133.1,0,0.0,0,0.0,12.7,3.7,-1.7,FEMME,NON,OUI,NON,NON,NON,1
42,104.0,133.1,10,11.9,10,12.8,11.1,0.6,2.02,FEMME,NON,OUI,OUI,NON,NON,0
34,119.9,130.0,0,0.0,0,0.0,9.4,-0.8,-3.12,FEMME,NON,NON,NON,OUI,NON,1
18,141.0,152.0,7,15.135714285714286,8,15.287499999999998,12.4,0.5,1.79,FEMME,OUI,OUI,NON,OUI,NON,0
18,116.6,125.0,7,12.285714285714286,6,13.333333333333334,8.9,1.4,3.51,FEMME,OUI,NON,NON,OUI,NON,0
21,140.0,140.0,5,12.666666666666666,2,13.5,16.2,0.3,-0.92,FEMME,NON,OUI,NON,OUI,NON,0
26,140.0,133.1,5,12.74,6,10.978571428571428,16.2,0.3,-0.92,FEMME,OUI,OUI,NON,NON,NON,1
20,100.0,170.0,6,13.25,8,13.75,13.9,-0.3,0.79,FEMME,NON,OUI,NON,NON,NON,0
19,121.0,135.0,3,10.333333333333334,3,10.333333333333334,7.6,2.6,0.32,FEMME,NON,OUI,NON,NON,NON,0
19,117.0,125.0,6,13.428571428571429,6,13.166666666666666,15.5,2.8,-4.06,FEMME,OUI,OUI,NON,NON,NON,0
20,140.2,140.0,9,12.555555555555555,8,11.11111111111111,8.9,1.4,3.51,FEMME,NON,OUI,NON,NON,NON,0
19,129.3,124.0,6,11.5,6,11.166666666666666,7.6,2.6,0.32,FEMME,NON,OUI,NON,NON,NON,0
18,145.3,140.0,6,13.666666666666666,6,12.333333333333334,7.6,2.6,0.32,FEMME,NON,OUI,NON,NON,NON,0
28,146.2,130.0,11,11.272727272727272,10,12.0,10.8,1.4,1.74,FEMME,NON,OUI,NON,NON,NON,0
22,122.5,134.0,5,13.166666666666666,5,12.4,15.5,2.8,-4.06,FEMME,NON,OUI,NON,OUI,NON,0
21,156.1,160.0,6,14.666666666666666,6,14.166666666666666,13.9,-0.3,0.79,FEMME,OUI,OUI,NON,NON,NON,0
21,140.0,140.0,4,12.75,1,11.0,12.4,0.5,1.79,FEMME,NON,OUI,NON,OUI,NON,0
26,140.0,150.0,5,11.2,5,12.14,16.2,0.3,-0.92,FEMME,NON,OUI,NON,NON,NON,0
18,128.4,141.0,5,13.0,5,11.4,7.6,2.6,0.32,FEMME,NON,NON,OUI,OUI,NON,1
20,115.0,120.0,2,10.5,2,12.333333333333334,7.6,2.6,0.32,FEMME,NON,NON,NON,NON,NON,1
18,158.7,166.0,6,14.857142857142858,6,14.0,11.1,0.6,2.02,FEMME,NON,OUI,NON,NON,NON,0
19,124.5,147.0,7,12.86,7,12.86,10.8,1.4,1.74,FEMME,OUI,OUI,NON,OUI,NON,0
20,111.9,121.0,11,11.727272727272728,11,12.0,12.4,0.5,1.79,FEMME,NON,OUI,NON,OUI,NON,0
22,150.0,150.0,6,13.142857142857142,3,12.0,13.9,-0.3,0.79,FEMME,OUI,OUI,NON,OUI,NON,0
18,114.2,124.0,5,11.8,4,13.714285714285714,10.8,1.4,1.74,FEMME,NON,OUI,OUI,OUI,NON,1
19,96.0,96.0,3,10.666666666666666,0,0.0,16.2,0.3,-0.92,FEMME,NON,OUI,NON,OUI,NON,1
18,128.9,125.0,5,11.6,4,11.2,8.9,1.4,3.51,FEMME,OUI,OUI,NON,NON,NON,0
20,121.7,136.0,3,10.333333333333334,3,10.333333333333334,10.8,1.4,1.74,FEMME,NON,OUI,NON,OUI,NON,0
19,114.8,120.0,4,12.25,3,11.0,7.6,2.6,0.32,FEMME,NON,OUI,NON,OUI,NON,0
19,127.0,128.0,6,12.0,4,12.75,12.4,0.5,1.79,FEMME,NON,OUI,NON,NON,NON,0
19,131.3,142.0,7,14.731428571428571,7,14.731428571428571,10.8,1.4,1.74,FEMME,NON,OUI,NON,OUI,NON,0
18,137.1,135.0,0,0.0,0,0.0,12.7,3.7,-1.7,FEMME,NON,OUI,NON,OUI,NON,0
21,120.0,120.0,13,13.615384615384617,12,14.25,13.9,-0.3,0.79,FEMME,NON,OUI,NON,OUI,NON,0
27,139.0,140.0,5,15.8,5,14.8,8.9,1.4,3.51,FEMME,NON,OUI,NON,NON,NON,0
19,129.1,135.0,6,14.666666666666666,6,14.571428571428571,15.5,2.8,-4.06,FEMME,NON,OUI,NON,NON,NON,0
25,128.2,133.1,0,0.0,0,0.0,7.6,2.6,0.32,FEMME,NON,OUI,NON,NON,NON,1
18,120.8,137.0,7,14.654285714285717,7,14.654285714285717,10.8,1.4,1.74,FEMME,OUI,OUI,NON,OUI,NON,0
24,135.8,122.0,7,12.401428571428571,7,12.401428571428571,10.8,1.4,1.74,FEMME,NON,OUI,NON,NON,NON,0
20,118.9,128.0,7,11.5875,7,14.071428571428571,13.9,-0.3,0.79,FEMME,NON,OUI,NON,OUI,NON,0
26,140.0,140.0,5,14.0,5,15.6,12.4,0.5,1.79,FEMME,NON,OUI,NON,NON,NON,0
20,127.1,132.0,6,12.333333333333334,6,11.833333333333334,8.9,1.4,3.51,FEMME,OUI,OUI,NON,OUI,NON,0
18,137.0,131.0,5,14.0,5,15.4,7.6,2.6,0.32,FEMME,NON,OUI,NON,NON,NON,0
19,127.4,126.0,6,15.23076923076923,6,12.375,15.5,2.8,-4.06,FEMME,NON,OUI,NON,OUI,NON,0
23,97.0,133.1,5,11.6,3,11.0,12.7,3.7,-1.7,FEMME,NON,OUI,NON,OUI,NON,1
18,126.3,136.0,6,11.6,6,11.6,7.6,2.6,0.32,FEMME,OUI,OUI,NON,OUI,NON,0
18,127.5,140.0,0,0.0,0,0.0,12.7,3.7,-1.7,FEMME,NON,OUI,NON,NON,NON,1
19,126.6,135.0,7,12.901428571428571,8,13.094444444444443,11.1,0.6,2.02,FEMME,OUI,OUI,NON,NON,NON,0
30,120.0,160.0,7,14.142857142857142,5,14.8,7.6,2.6,0.32,FEMME,NON,OUI,NON,NON,NON,0
29,140.0,140.0,0,0.0,0,0.0,15.5,2.8,-4.06,FEMME,NON,OUI,NON,OUI,NON,1
19,131.5,140.0,8,13.25375,8,13.25375,9.4,-0.8,-3.12,FEMME,NON,OUI,NON,OUI,NON,0
20,112.2,115.0,7,13.785714285714286,8,14.1,12.4,0.5,1.79,FEMME,NON,OUI,NON,OUI,NON,0
20,150.5,144.0,6,13.916666666666666,6,13.916666666666666,7.6,2.6,0.32,FEMME,NON,OUI,NON,NON,NON,0
19,121.0,128.0,6,13.5,6,13.571428571428571,11.1,0.6,2.02,FEMME,NON,OUI,NON,OUI,NON,0
20,112.2,116.0,3,11.333333333333334,2,10.666666666666666,10.8,1.4,1.74,FEMME,NON,OUI,NON,OUI,NON,0
21,129.4,135.0,0,0.0,0,0.0,10.8,1.4,1.74,FEMME,NON,OUI,NON,OUI,NON,1
19,114.4,121.0,5,11.5,4,14.6,11.1,0.6,2.02,FEMME,NON,OUI,NON,NON,NON,0
18,120.3,134.0,7,12.082857142857142,7,12.082857142857142,10.8,1.4,1.74,FEMME,OUI,OUI,NON,OUI,NON,0
27,120.0,120.0,6,11.833333333333334,5,12.8,15.5,2.8,-4.06,FEMME,OUI,OUI,NON,NON,NON,0
19,114.5,125.0,5,13.4,5,12.4,12.4,0.5,1.79,FEMME,OUI,OUI,NON,OUI,NON,0
19,127.8,141.0,0,0.0,0,0.0,7.6,2.6,0.32,FEMME,OUI,OUI,NON,NON,NON,1
19,124.6,140.0,5,14.2,6,14.571428571428571,15.5,2.8,-4.06,FEMME,NON,OUI,NON,OUI,NON,0
18,130.3,144.0,7,13.814285714285717,7,13.814285714285717,12.7,3.7,-1.7,FEMME,OUI,OUI,NON,OUI,NON,0
20,118.2,122.0,4,11.25,6,10.5,12.4,0.5,1.79,FEMME,OUI,OUI,NON,NON,NON,0
18,118.8,130.0,6,14.5,6,13.666666666666666,12.7,3.7,-1.7,FEMME,OUI,OUI,NON,NON,NON,0
19,133.0,133.1,0,0.0,0,0.0,7.6,2.6,0.32,FEMME,NON,OUI,NON,OUI,NON,1
36,129.0,133.1,6,11.3,6,11.3,7.6,2.6,0.32,FEMME,NON,OUI,NON,OUI,NON,0
18,100.0,147.0,0,0.0,1,16.0,10.8,1.4,1.74,FEMME,NON,OUI,NON,NON,NON,0
18,120.7,127.0,1,12.0,3,12.0,12.7,3.7,-1.7,FEMME,NON,OUI,OUI,OUI,NON,0
19,132.5,136.0,7,12.3,7,12.3,12.7,3.7,-1.7,FEMME,NON,OUI,NON,OUI,NON,0
18,120.3,127.0,7,12.694285714285714,7,12.694285714285714,10.8,1.4,1.74,FEMME,OUI,OUI,NON,OUI,NON,0
18,114.6,123.0,4,11.0,4,11.0,9.4,-0.8,-3.12,FEMME,NON,OUI,NON,NON,NON,0
19,116.5,128.0,6,13.0,6,14.166666666666666,12.4,0.5,1.79,FEMME,OUI,OUI,NON,OUI,NON,0
19,127.8,128.0,7,14.4125,8,16.05,13.9,-0.3,0.79,FEMME,OUI,OUI,NON,NON,NON,0
18,129.9,140.0,7,12.92875,8,14.0625,15.5,2.8,-4.06,FEMME,NON,OUI,NON,OUI,NON,1
20,118.9,121.0,6,13.333333333333334,5,12.8,11.1,0.6,2.02,FEMME,NON,OUI,NON,OUI,NON,0
20,114.3,122.0,5,12.8,5,12.8,12.4,0.5,1.79,FEMME,OUI,OUI,NON,OUI,NON,0
20,114.8,126.0,7,14.402857142857142,7,14.402857142857142,10.8,1.4,1.74,FEMME,NON,OUI,NON,OUI,NON,0
18,123.0,135.0,7,13.381428571428572,7,13.381428571428572,10.8,1.4,1.74,FEMME,OUI,OUI,NON,OUI,NON,0
18,122.1,131.0,7,14.13125,8,13.98375,15.5,2.8,-4.06,FEMME,NON,OUI,NON,OUI,NON,0
19,123.7,140.0,5,11.714285714285714,5,12.6,9.4,-0.8,-3.12,FEMME,NON,OUI,NON,NON,NON,0
19,132.4,131.0,5,11.8,4,11.25,9.4,-0.8,-3.12,FEMME,NON,OUI,NON,OUI,NON,0
44,114.8,130.0,6,11.166666666666666,2,11.0,7.6,2.6,0.32,FEMME,NON,OUI,NON,NON,NON,0
32,130.0,130.0,0,0.0,0,0.0,12.4,0.5,1.79,FEMME,NON,OUI,NON,NON,NON,1
22,122.3,140.0,5,13.6,5,12.0,12.7,3.7,-1.7,FEMME,NON,OUI,NON,NON,NON,1
36,152.4,130.0,12,13.846153846153848,11,14.090909090909092,8.9,1.4,3.51,FEMME,NON,OUI,NON,OUI,NON,0
18,120.1,125.0,6,12.5,6,13.333333333333334,16.2,0.3,-0.92,FEMME,OUI,OUI,NON,NON,NON,0
20,155.1,160.0,5,16.4,5,14.6,12.7,3.7,-1.7,FEMME,NON,OUI,NON,OUI,NON,0
20,124.5,130.0,11,13.818181818181818,11,13.454545454545457,11.1,0.6,2.02,FEMME,OUI,OUI,NON,NON,NON,0
19,126.9,144.0,5,10.6,4,10.5,15.5,2.8,-4.06,FEMME,NON,OUI,NON,NON,NON,0
24,153.2,133.1,5,10.2,5,12.2,12.4,0.5,1.79,FEMME,NON,OUI,OUI,OUI,NON,0
20,129.8,148.0,5,10.6,4,10.4,15.5,2.8,-4.06,FEMME,NON,OUI,NON,NON,NON,0
27,135.0,133.1,9,11.444444444444445,5,10.8,10.8,1.4,1.74,FEMME,NON,OUI,NON,NON,NON,1
20,131.3,133.0,5,14.333333333333334,8,12.625,15.5,2.8,-4.06,FEMME,NON,OUI,NON,OUI,NON,0
23,125.2,129.0,16,13.0,13,13.266666666666667,9.4,-0.8,-3.12,FEMME,OUI,OUI,NON,NON,NON,0
18,141.3,144.0,8,13.31,8,13.31,9.4,-0.8,-3.12,FEMME,OUI,OUI,NON,OUI,NON,0
18,117.1,120.0,5,10.571428571428571,5,12.2,12.7,3.7,-1.7,FEMME,OUI,OUI,NON,OUI,NON,0
20,126.5,144.0,7,13.487142857142857,7,13.487142857142857,10.8,1.4,1.74,FEMME,OUI,OUI,NON,OUI,NON,0
20,120.1,132.0,6,12.333333333333334,6,11.833333333333334,13.9,-0.3,0.79,FEMME,OUI,OUI,NON,NON,NON,0
23,128.4,142.0,6,11.875,5,12.833333333333334,11.1,0.6,2.02,FEMME,NON,OUI,NON,NON,NON,1
20,140.0,136.0,6,13.966666666666669,6,13.966666666666669,7.6,2.6,0.32,FEMME,NON,OUI,NON,OUI,NON,0
28,110.0,133.1,0,0.0,0,0.0,7.6,2.6,0.32,FEMME,NON,NON,NON,OUI,NON,1
21,116.8,122.0,4,11.5,5,12.8,7.6,2.6,0.32,FEMME,NON,OUI,NON,OUI,NON,0
21,104.5,133.1,2,12.5,0,0.0,12.4,0.5,1.79,FEMME,NON,OUI,NON,OUI,NON,1
28,140.0,140.0,0,0.0,0,0.0,7.6,2.6,0.32,FEMME,NON,OUI,NON,NON,NON,1
18,113.2,117.0,6,11.98,7,13.225,16.2,0.3,-0.92,FEMME,NON,OUI,NON,NON,NON,0
21,118.6,128.0,5,13.2,5,11.8,8.9,1.4,3.51,FEMME,OUI,OUI,NON,OUI,NON,0
19,123.8,136.0,6,11.614285714285714,8,14.0375,13.9,-0.3,0.79,FEMME,NON,OUI,NON,NON,NON,0
18,126.7,141.0,7,14.314285714285717,7,14.314285714285717,12.7,3.7,-1.7,FEMME,OUI,OUI,NON,OUI,NON,0
19,133.8,130.0,0,0.0,0,0.0,7.6,2.6,0.32,FEMME,NON,OUI,NON,NON,NON,1
20,140.0,140.0,6,12.666666666666666,2,13.0,13.9,-0.3,0.79,FEMME,NON,OUI,NON,NON,NON,0
20,100.6,102.0,6,12.766666666666666,7,12.128571428571428,12.4,0.5,1.79,FEMME,OUI,OUI,NON,OUI,NON,0
18,132.7,126.0,6,12.666666666666666,5,12.2,10.8,1.4,1.74,FEMME,OUI,OUI,NON,NON,NON,0
20,106.6,125.0,6,11.5,4,10.571428571428571,10.8,1.4,1.74,FEMME,NON,OUI,NON,OUI,NON,1
31,140.4,120.0,5,11.4,4,11.75,13.9,-0.3,0.79,FEMME,NON,OUI,NON,NON,NON,1
19,128.3,132.0,7,14.70625,8,14.4775,15.5,2.8,-4.06,FEMME,OUI,OUI,NON,OUI,NON,0
19,118.6,128.0,6,11.814285714285717,7,13.542857142857144,13.9,-0.3,0.79,FEMME,OUI,OUI,NON,OUI,NON,0
23,123.4,115.0,6,13.0,6,11.875,13.9,-0.3,0.79,FEMME,NON,OUI,NON,NON,NON,0
19,124.0,125.0,6,14.857142857142858,6,13.333333333333334,12.4,0.5,1.79,FEMME,NON,OUI,NON,NON,NON,0
20,121.3,137.0,6,12.6,6,12.6,7.6,2.6,0.32,FEMME,NON,OUI,NON,OUI,NON,0
22,101.0,101.0,5,13.333333333333334,4,11.4,12.4,0.5,1.79,FEMME,NON,OUI,OUI,OUI,NON,0
18,116.9,126.0,6,10.666666666666666,6,12.833333333333334,13.9,-0.3,0.79,FEMME,NON,OUI,NON,OUI,NON,0
27,130.0,130.0,2,11.5,1,11.0,12.7,3.7,-1.7,FEMME,NON,NON,OUI,NON,NON,1
29,120.0,100.0,1,10.0,0,0.0,12.7,3.7,-1.7,FEMME,NON,OUI,NON,NON,NON,1
18,130.4,122.0,5,11.8,5,12.2,11.1,0.6,2.02,FEMME,NON,OUI,NON,OUI,NON,0
18,118.7,126.0,5,11.8,6,12.666666666666666,16.2,0.3,-0.92,FEMME,NON,OUI,NON,NON,NON,0
18,131.5,128.0,8,12.77125,8,12.77125,9.4,-0.8,-3.12,FEMME,NON,OUI,NON,NON,NON,0
20,120.4,134.0,3,11.333333333333334,5,12.6,9.4,-0.8,-3.12,FEMME,NON,OUI,NON,OUI,NON,0
18,129.1,128.0,6,12.666666666666666,5,14.6,11.1,0.6,2.02,FEMME,NON,OUI,NON,OUI,NON,0
18,132.0,125.0,5,12.2,4,10.833333333333334,13.9,-0.3,0.79,FEMME,NON,NON,NON,NON,NON,0
28,130.0,130.0,1,12.0,0,0.0,10.8,1.4,1.74,FEMME,NON,NON,NON,NON,NON,1
18,132.8,135.0,7,11.721428571428572,7,11.721428571428572,12.7,3.7,-1.7,FEMME,OUI,OUI,NON,OUI,NON,0
27,143.7,133.1,4,14.0,3,12.525,12.4,0.5,1.79,FEMME,NON,OUI,NON,NON,NON,0
26,152.8,140.0,7,14.75,5,13.8,16.2,0.3,-0.92,FEMME,NON,OUI,NON,NON,NON,0
18,133.5,138.0,6,12.666666666666666,6,13.666666666666666,12.7,3.7,-1.7,FEMME,NON,OUI,NON,OUI,NON,0
18,146.2,150.0,4,13.0,5,14.0,9.4,-0.8,-3.12,FEMME,NON,OUI,NON,NON,NON,1
21,115.2,125.0,0,0.0,0,0.0,15.5,2.8,-4.06,FEMME,NON,OUI,NON,NON,NON,1
18,120.7,121.0,4,10.75,0,0.0,9.4,-0.8,-3.12,FEMME,NON,OUI,NON,OUI,NON,0
32,101.8,120.0,0,0.0,0,0.0,10.8,1.4,1.74,FEMME,NON,NON,NON,NON,NON,1
28,100.0,140.0,4,12.5,4,11.75,7.6,2.6,0.32,FEMME,NON,OUI,NON,NON,NON,0
40,121.9,100.0,0,0.0,0,0.0,12.7,3.7,-1.7,FEMME,NON,NON,NON,NON,NON,1
39,120.4,140.0,0,0.0,0,0.0,9.4,-0.8,-3.12,FEMME,NON,NON,OUI,NON,NON,1
39,120.4,140.0,0,0.0,0,0.0,9.4,-0.8,-3.12,FEMME,NON,NON,OUI,NON,NON,1
50,148.8,120.0,6,12.5,5,12.4,8.9,1.4,3.51,FEMME,NON,OUI,NON,NON,NON,0
23,123.0,138.0,5,12.8,3,11.666666666666666,10.8,1.4,1.74,FEMME,NON,OUI,NON,OUI,NON,1
48,100.0,133.1,1,10.0,1,11.0,9.4,-0.8,-3.12,FEMME,NON,OUI,NON,NON,NON,1
23,112.1,118.0,4,11.25,5,10.2,7.6,2.6,0.32,FEMME,NON,OUI,NON,OUI,NON,1
18,126.8,135.0,7,12.61,7,12.61,10.8,1.4,1.74,FEMME,OUI,OUI,NON,OUI,NON,0
18,115.9,130.0,2,12.0,5,12.6,9.4,-0.8,-3.12,FEMME,NON,OUI,NON,NON,NON,0
20,132.5,150.0,5,13.0,6,13.5,13.9,-0.3,0.79,FEMME,NON,NON,NON,OUI,OUI,0
18,132.2,149.0,4,12.0,5,13.0,10.8,1.4,1.74,FEMME,OUI,OUI,NON,OUI,OUI,0
18,183.5,180.0,4,12.0,0,0.0,16.2,0.3,-0.92,FEMME,NON,OUI,NON,OUI,OUI,1
31,136.0,133.1,1,12.0,1,11.0,16.2,0.3,-0.92,HOMME,NON,OUI,NON,NON,NON,1
24,100.9,133.1,1,12.0,3,10.5,10.8,1.4,1.74,HOMME,NON,OUI,NON,OUI,NON,0
24,114.5,145.0,0,0.0,0,0.0,9.4,-0.8,-3.12,HOMME,NON,OUI,NON,OUI,NON,0
26,110.3,110.0,0,0.0,0,0.0,10.8,1.4,1.74,HOMME,NON,NON,OUI,NON,NON,1
18,137.2,154.0,5,13.625,4,11.75,16.2,0.3,-0.92,HOMME,NON,OUI,OUI,OUI,NON,1
19,116.9,126.0,3,11.666666666666666,3,11.666666666666666,12.7,3.7,-1.7,HOMME,OUI,OUI,NON,NON,NON,0
22,121.8,133.0,0,0.0,0,0.0,13.9,-0.3,0.79,HOMME,NON,OUI,NON,OUI,NON,1
18,127.3,145.0,7,11.69,7,11.69,10.8,1.4,1.74,HOMME,NON,OUI,NON,OUI,NON,0
20,120.0,120.0,0,0.0,0,0.0,16.2,0.3,-0.92,HOMME,NON,NON,OUI,NON,NON,1
25,150.0,150.0,0,0.0,0,0.0,15.5,2.8,-4.06,HOMME,NON,OUI,NON,NON,NON,0
24,100.0,150.0,4,11.5,5,11.285714285714286,13.9,-0.3,0.79,HOMME,NON,OUI,NON,OUI,NON,0
27,150.0,150.0,1,14.0,0,0.0,8.9,1.4,3.51,HOMME,NON,OUI,NON,OUI,NON,1
21,116.9,127.0,5,11.0,5,12.4,15.5,2.8,-4.06,HOMME,NON,OUI,NON,NON,NON,0
21,140.0,140.0,6,12.857142857142858,6,13.166666666666666,12.4,0.5,1.79,HOMME,NON,OUI,NON,OUI,NON,0
19,122.1,128.0,4,12.5,6,11.333333333333334,10.8,1.4,1.74,HOMME,NON,OUI,NON,OUI,NON,1
28,160.0,127.0,7,14.528571428571428,8,15.018181818181818,16.2,0.3,-0.92,HOMME,NON,OUI,NON,NON,NON,0
20,118.4,117.0,5,10.0,2,12.0,7.6,2.6,0.32,HOMME,NON,OUI,NON,NON,NON,0
21,150.0,150.0,6,13.0,6,12.625,15.5,2.8,-4.06,HOMME,OUI,OUI,NON,NON,NON,0
18,144.9,154.0,7,15.957142857142856,8,15.188888888888888,16.2,0.3,-0.92,HOMME,OUI,OUI,NON,NON,NON,0
18,121.1,127.0,5,13.2,5,12.6,8.9,1.4,3.51,HOMME,OUI,OUI,NON,OUI,NON,0
20,121.8,133.0,4,10.2,3,11.0,15.5,2.8,-4.06,HOMME,NON,OUI,NON,NON,NON,0
25,146.8,120.0,5,14.2,2,13.5,16.2,0.3,-0.92,HOMME,NON,OUI,NON,NON,NON,0
22,138.0,133.1,6,12.625,2,14.5,11.1,0.6,2.02,HOMME,NON,OUI,OUI,NON,NON,0
18,138.0,149.0,6,13.496666666666668,6,13.496666666666668,9.4,-0.8,-3.12,HOMME,NON,OUI,NON,NON,NON,0
19,116.3,125.0,5,13.25,5,11.0,13.9,-0.3,0.79,HOMME,NON,OUI,NON,OUI,NON,0
19,122.5,126.0,3,12.0,3,12.0,12.4,0.5,1.79,HOMME,NON,OUI,NON,OUI,NON,1
25,115.0,133.1,4,13.0,4,13.75,12.7,3.7,-1.7,HOMME,NON,NON,OUI,OUI,NON,1
21,115.0,115.0,9,11.77777777777778,3,13.666666666666666,15.5,2.8,-4.06,HOMME,NON,OUI,OUI,NON,NON,1
19,119.8,117.0,2,11.0,0,0.0,11.1,0.6,2.02,HOMME,NON,OUI,NON,OUI,NON,1
20,95.0,133.1,0,0.0,0,0.0,11.1,0.6,2.02,HOMME,NON,OUI,NON,NON,NON,1
25,150.0,150.0,14,12.428571428571429,6,10.857142857142858,15.5,2.8,-4.06,HOMME,NON,OUI,NON,NON,NON,1
20,117.8,130.0,3,11.0,3,12.0,10.8,1.4,1.74,HOMME,NON,OUI,NON,OUI,NON,0
18,144.2,161.0,0,0.0,0,0.0,7.6,2.6,0.32,HOMME,NON,OUI,NON,OUI,NON,0
23,130.0,130.0,3,11.5,3,10.666666666666666,8.9,1.4,3.51,HOMME,NON,OUI,OUI,OUI,NON,0
23,128.2,111.0,8,12.5075,8,12.5075,9.4,-0.8,-3.12,HOMME,NON,OUI,NON,OUI,NON,0
21,135.3,140.0,11,12.090909090909092,11,12.0,8.9,1.4,3.51,HOMME,NON,OUI,NON,NON,NON,0
20,143.9,132.0,2,11.0,3,12.666666666666666,9.4,-0.8,-3.12,HOMME,NON,OUI,NON,OUI,NON,0
25,140.7,139.0,1,10.0,2,11.333333333333334,12.4,0.5,1.79,HOMME,NON,OUI,NON,NON,NON,1
18,130.4,132.0,6,13.5,5,13.2,8.9,1.4,3.51,HOMME,NON,OUI,NON,OUI,NON,0
22,123.2,119.0,6,14.166666666666666,6,13.625,10.8,1.4,1.74,HOMME,NON,OUI,NON,OUI,NON,0
27,118.0,133.1,6,14.0,6,14.714285714285714,8.9,1.4,3.51,HOMME,NON,OUI,NON,NON,NON,0
25,120.0,133.1,0,0.0,0,0.0,16.2,0.3,-0.92,HOMME,NON,OUI,NON,NON,NON,1
18,118.9,129.0,3,11.666666666666666,3,11.333333333333334,7.6,2.6,0.32,HOMME,NON,OUI,NON,OUI,NON,1
20,117.2,128.0,5,14.6,5,14.2,12.7,3.7,-1.7,HOMME,NON,OUI,NON,NON,NON,0
27,120.0,120.0,5,13.0,5,11.5,16.2,0.3,-0.92,HOMME,NON,OUI,NON,NON,NON,0
20,118.1,130.0,6,12.166666666666666,6,12.0,7.6,2.6,0.32,HOMME,NON,OUI,NON,NON,NON,0
22,124.8,130.0,0,0.0,1,12.0,7.6,2.6,0.32,HOMME,NON,OUI,NON,OUI,NON,1
19,106.5,111.0,3,10.5,3,10.8,12.4,0.5,1.79,HOMME,NON,OUI,NON,OUI,NON,1
20,116.8,121.0,3,12.4,5,10.833333333333334,13.9,-0.3,0.79,HOMME,NON,OUI,NON,NON,NON,0
19,109.3,117.0,0,0.0,0,0.0,9.4,-0.8,-3.12,HOMME,NON,OUI,NON,NON,NON,0
29,120.0,133.1,0,0.0,0,0.0,9.4,-0.8,-3.12,HOMME,NON,NON,NON,OUI,NON,1
19,137.5,149.0,7,13.828571428571427,7,13.828571428571427,12.7,3.7,-1.7,HOMME,NON,OUI,NON,NON,NON,0
28,150.0,172.0,5,10.6,5,10.2,9.4,-0.8,-3.12,FEMME,OUI,OUI,NON,OUI,NON,0
20,120.4,134.0,6,11.5,6,11.666666666666666,7.6,2.6,0.32,FEMME,NON,OUI,NON,NON,NON,0
20,136.7,136.0,4,13.5,6,13.625,10.8,1.4,1.74,FEMME,NON,OUI,NON,OUI,NON,0
31,118.5,133.1,0,0.0,0,0.0,7.6,2.6,0.32,FEMME,NON,OUI,NON,OUI,NON,1
18,133.0,141.0,7,12.5375,7,12.614285714285714,13.9,-0.3,0.79,FEMME,NON,OUI,NON,OUI,NON,0
19,128.8,141.0,6,14.833333333333334,6,13.285714285714286,8.9,1.4,3.51,FEMME,NON,OUI,NON,OUI,NON,0
18,133.0,148.0,4,12.0,4,12.8,13.9,-0.3,0.79,FEMME,NON,OUI,NON,OUI,NON,0
19,102.0,102.0,5,11.8,5,11.6,10.8,1.4,1.74,FEMME,NON,OUI,NON,NON,NON,0
18,133.9,143.0,5,15.0,5,15.2,12.7,3.7,-1.7,FEMME,OUI,OUI,NON,NON,NON,0
19,127.0,120.0,3,12.0,5,13.2,7.6,2.6,0.32,FEMME,NON,OUI,NON,NON,NON,0
18,120.4,121.0,6,12.833333333333334,6,12.285714285714286,15.5,2.8,-4.06,FEMME,OUI,OUI,NON,OUI,NON,0
19,124.5,122.0,6,11.666666666666666,3,12.0,7.6,2.6,0.32,FEMME,NON,OUI,NON,OUI,NON,0
19,123.9,122.0,7,12.1625,8,13.825,13.9,-0.3,0.79,FEMME,NON,OUI,NON,NON,NON,0
18,117.8,123.0,6,13.833333333333334,6,14.555555555555555,10.8,1.4,1.74,FEMME,NON,OUI,NON,OUI,NON,0
19,126.7,133.0,4,12.45,5,11.7,16.2,0.3,-0.92,FEMME,NON,OUI,NON,NON,NON,0
20,110.0,110.0,6,12.125,6,13.571428571428571,11.1,0.6,2.02,FEMME,OUI,OUI,NON,NON,NON,0
20,134.7,155.0,5,13.4,4,13.0,12.7,3.7,-1.7,FEMME,NON,OUI,NON,OUI,NON,0
20,113.2,119.0,6,13.333333333333334,5,14.0,11.1,0.6,2.02,FEMME,NON,OUI,OUI,NON,NON,0
29,141.0,120.0,11,11.454545454545457,11,11.545454545454543,10.8,1.4,1.74,FEMME,NON,OUI,NON,NON,NON,1
20,111.5,133.1,4,12.0,3,10.0,7.6,2.6,0.32,FEMME,OUI,NON,NON,NON,NON,1
31,140.0,143.0,6,12.666666666666666,5,12.6,8.9,1.4,3.51,FEMME,NON,NON,OUI,NON,NON,1
20,134.3,149.0,6,12.666666666666666,6,13.77777777777778,10.8,1.4,1.74,FEMME,NON,OUI,NON,NON,NON,0
21,125.3,133.0,18,11.88888888888889,13,11.461538461538462,15.5,2.8,-4.06,FEMME,NON,OUI,NON,OUI,NON,0
23,140.0,140.0,0,0.0,0,0.0,12.4,0.5,1.79,FEMME,NON,OUI,NON,OUI,NON,1
21,119.6,122.0,4,13.0,4,11.6,10.8,1.4,1.74,FEMME,NON,NON,OUI,NON,NON,1
24,170.0,170.0,7,16.885714285714283,8,15.744444444444444,16.2,0.3,-0.92,FEMME,NON,OUI,NON,NON,NON,0
27,150.5,120.0,6,12.5,6,12.333333333333334,15.5,2.8,-4.06,FEMME,NON,OUI,NON,NON,NON,0
18,128.0,143.0,7,13.055555555555555,8,15.8125,13.9,-0.3,0.79,FEMME,OUI,OUI,NON,NON,NON,0
21,108.7,115.0,0,0.0,0,0.0,9.4,-0.8,-3.12,FEMME,NON,NON,NON,OUI,NON,1
19,121.6,123.0,0,0.0,0,0.0,7.6,2.6,0.32,FEMME,OUI,OUI,OUI,OUI,NON,1
19,125.3,131.0,7,12.355714285714283,7,12.355714285714283,10.8,1.4,1.74,FEMME,OUI,OUI,NON,OUI,NON,0
18,117.6,127.0,0,0.0,0,0.0,12.4,0.5,1.79,FEMME,NON,OUI,NON,NON,NON,1
18,124.3,126.0,5,11.98,5,11.98,7.6,2.6,0.32,FEMME,OUI,OUI,NON,OUI,NON,0
20,106.1,112.0,7,13.857142857142858,7,12.571428571428571,8.9,1.4,3.51,FEMME,OUI,OUI,OUI,OUI,NON,0
24,139.9,150.0,5,13.0,6,14.166666666666666,9.4,-0.8,-3.12,FEMME,NON,OUI,NON,OUI,NON,0
20,110.8,116.0,6,12.833333333333334,6,11.166666666666666,12.4,0.5,1.79,FEMME,NON,OUI,NON,OUI,NON,0
20,118.0,118.0,4,11.0,5,13.2,12.4,0.5,1.79,FEMME,NON,OUI,NON,NON,NON,0
19,117.8,130.0,7,12.357142857142858,7,12.357142857142858,12.7,3.7,-1.7,FEMME,OUI,OUI,NON,OUI,NON,0
18,127.5,144.0,7,13.857142857142858,7,13.857142857142858,12.7,3.7,-1.7,FEMME,OUI,OUI,NON,OUI,NON,0
20,129.7,105.0,6,12.333333333333334,6,10.666666666666666,9.4,-0.8,-3.12,FEMME,OUI,OUI,NON,OUI,NON,0
20,130.6,143.0,7,12.847142857142858,8,13.788888888888888,16.2,0.3,-0.92,FEMME,NON,OUI,NON,OUI,NON,0
19,126.3,137.0,6,12.339999999999998,8,13.01875,11.1,0.6,2.02,FEMME,OUI,OUI,NON,OUI,NON,0
19,140.0,140.0,5,12.666666666666666,4,11.75,12.4,0.5,1.79,FEMME,NON,OUI,NON,OUI,NON,0
20,105.0,133.1,6,13.833333333333334,6,12.5,12.7,3.7,-1.7,FEMME,NON,OUI,NON,OUI,NON,0
19,114.6,116.0,2,10.75,2,10.0,13.9,-0.3,0.79,FEMME,NON,OUI,NON,OUI,NON,1
19,114.6,117.0,4,13.25,4,10.25,9.4,-0.8,-3.12,FEMME,NON,OUI,NON,OUI,NON,1
18,131.0,137.0,8,13.73125,8,13.73125,9.4,-0.8,-3.12,FEMME,OUI,OUI,NON,OUI,NON,0
23,109.0,116.0,6,13.333333333333334,3,12.666666666666666,11.1,0.6,2.02,FEMME,OUI,OUI,NON,NON,NON,1
21,132.0,133.1,5,12.0,5,10.8,12.7,3.7,-1.7,FEMME,NON,OUI,NON,OUI,NON,1
23,130.0,130.0,9,10.88888888888889,6,11.333333333333334,11.1,0.6,2.02,FEMME,NON,OUI,NON,OUI,NON,0
19,109.5,106.0,7,13.025,8,13.811111111111112,13.9,-0.3,0.79,FEMME,NON,OUI,NON,OUI,NON,0
18,115.9,125.0,6,13.0,6,14.166666666666666,12.4,0.5,1.79,FEMME,NON,OUI,NON,OUI,NON,0
19,131.6,134.0,5,11.8,5,12.0,10.8,1.4,1.74,FEMME,NON,OUI,NON,OUI,NON,0
25,120.0,133.1,7,12.042857142857144,7,12.042857142857144,12.7,3.7,-1.7,FEMME,OUI,OUI,NON,NON,NON,0
19,109.7,117.0,5,12.2,4,13.0,9.4,-0.8,-3.12,FEMME,NON,OUI,NON,OUI,NON,0
19,136.4,136.0,7,12.8375,8,15.5,13.9,-0.3,0.79,FEMME,OUI,OUI,NON,NON,NON,0
24,120.0,120.0,7,11.0,7,11.7,12.7,3.7,-1.7,FEMME,OUI,OUI,OUI,NON,NON,0
18,132.6,135.0,6,13.5,5,14.0,8.9,1.4,3.51,FEMME,OUI,OUI,NON,OUI,NON,0
19,112.9,122.0,6,12.125,6,12.714285714285714,16.2,0.3,-0.92,FEMME,OUI,OUI,NON,OUI,NON,0
18,134.3,147.0,7,12.62857142857143,7,12.62857142857143,12.7,3.7,-1.7,FEMME,OUI,OUI,NON,NON,NON,0
27,123.2,120.0,3,10.666666666666666,4,11.4,10.8,1.4,1.74,FEMME,NON,OUI,NON,NON,NON,0
19,117.2,121.0,5,11.2,5,11.6,15.5,2.8,-4.06,FEMME,NON,OUI,NON,NON,NON,0
18,129.8,135.0,6,12.666666666666666,6,11.833333333333334,12.7,3.7,-1.7,FEMME,OUI,OUI,NON,NON,NON,1
34,158.0,130.0,4,13.5,0,0.0,12.7,3.7,-1.7,FEMME,NON,NON,OUI,NON,NON,1
18,116.5,128.0,3,11.666666666666666,2,11.0,7.6,2.6,0.32,FEMME,NON,OUI,NON,NON,NON,0
18,121.0,129.0,2,10.5,3,12.333333333333334,7.6,2.6,0.32,FEMME,NON,OUI,NON,OUI,NON,0
18,133.8,143.0,8,14.26875,8,14.26875,9.4,-0.8,-3.12,FEMME,NON,OUI,NON,OUI,NON,0
20,115.0,108.0,0,0.0,0,0.0,8.9,1.4,3.51,FEMME,NON,NON,OUI,OUI,NON,1
19,131.8,130.0,2,10.5,3,13.333333333333334,7.6,2.6,0.32,FEMME,OUI,OUI,NON,OUI,NON,0
21,121.0,135.0,5,11.2,1,10.0,7.6,2.6,0.32,FEMME,NON,OUI,NON,NON,NON,0
26,152.4,140.0,5,12.0,5,14.833333333333334,10.8,1.4,1.74,FEMME,NON,OUI,NON,NON,NON,0
27,110.2,120.0,7,12.228571428571428,8,13.2125,10.8,1.4,1.74,FEMME,NON,OUI,NON,NON,NON,0
20,113.5,117.0,4,11.5,4,10.75,9.4,-0.8,-3.12,FEMME,NON,OUI,NON,OUI,NON,0
18,144.4,151.0,6,15.375,6,16.428571428571427,16.2,0.3,-0.92,FEMME,NON,OUI,NON,OUI,NON,0
23,143.3,140.0,9,13.666666666666666,6,13.5,8.9,1.4,3.51,FEMME,NON,NON,NON,OUI,NON,0
24,100.0,133.1,7,12.614285714285714,7,12.614285714285714,12.7,3.7,-1.7,FEMME,NON,OUI,NON,NON,NON,0
19,126.3,130.0,5,12.2,6,11.5,13.9,-0.3,0.79,FEMME,OUI,OUI,NON,OUI,NON,0
19,115.9,125.0,4,11.75,4,11.0,10.8,1.4,1.74,FEMME,NON,OUI,NON,NON,NON,0
19,114.9,125.0,5,11.4,3,10.0,8.9,1.4,3.51,FEMME,OUI,OUI,OUI,OUI,NON,0
18,121.0,135.0,5,10.6,2,10.0,7.6,2.6,0.32,FEMME,NON,OUI,OUI,NON,NON,0
22,112.3,121.0,13,10.923076923076923,11,11.454545454545457,16.2,0.3,-0.92,FEMME,NON,OUI,NON,NON,NON,0
20,127.0,141.0,5,12.4,5,12.4,12.7,3.7,-1.7,FEMME,NON,OUI,NON,NON,NON,0
25,120.0,130.0,0,0.0,0,0.0,11.1,0.6,2.02,FEMME,NON,OUI,NON,NON,NON,1
21,180.0,180.0,6,15.833333333333334,6,15.5,15.5,2.8,-4.06,FEMME,NON,OUI,NON,NON,NON,0
19,117.4,117.0,5,11.8,6,11.708333333333334,11.1,0.6,2.02,FEMME,NON,OUI,NON,OUI,NON,0
18,115.8,127.0,6,12.571428571428571,6,13.666666666666666,13.9,-0.3,0.79,FEMME,NON,OUI,NON,OUI,NON,0
18,136.5,126.0,3,12.0,4,13.25,7.6,2.6,0.32,FEMME,NON,OUI,NON,OUI,NON,0
19,129.0,143.0,7,13.3625,8,14.444444444444445,13.9,-0.3,0.79,HOMME,NON,OUI,NON,OUI,NON,0
19,137.6,144.0,5,15.4,5,16.0,10.8,1.4,1.74,FEMME,OUI,OUI,NON,OUI,OUI,0
18,129.5,126.0,5,12.2,4,11.75,10.8,1.4,1.74,FEMME,NON,NON,OUI,OUI,NON,1
20,129.1,140.0,11,12.818181818181818,11,13.545454545454543,12.4,0.5,1.79,FEMME,OUI,OUI,NON,OUI,NON,0
19,130.2,148.0,0,0.0,0,0.0,12.4,0.5,1.79,FEMME,NON,OUI,NON,OUI,NON,1
28,134.3,100.0,17,13.394736842105264,17,13.554736842105264,16.2,0.3,-0.92,FEMME,NON,OUI,NON,OUI,NON,0
20,138.4,151.0,6,14.25,6,11.0,12.7,3.7,-1.7,FEMME,OUI,OUI,NON,OUI,NON,0
30,120.0,120.0,9,13.444444444444445,7,14.714285714285714,7.6,2.6,0.32,FEMME,NON,OUI,NON,OUI,NON,1
19,123.5,135.0,7,12.285714285714286,8,11.7375,12.4,0.5,1.79,FEMME,OUI,OUI,NON,OUI,NON,0
22,116.1,121.0,6,11.666666666666666,5,13.2,12.7,3.7,-1.7,FEMME,NON,OUI,NON,OUI,NON,0
18,110.8,116.0,6,12.166666666666666,6,13.5,11.1,0.6,2.02,FEMME,NON,OUI,NON,OUI,NON,0
23,142.8,147.0,2,10.0,2,11.0,7.6,2.6,0.32,FEMME,NON,OUI,NON,OUI,NON,1
18,155.5,160.0,6,14.0,6,15.0,11.1,0.6,2.02,FEMME,NON,OUI,NON,OUI,NON,0
18,126.7,133.0,5,11.833333333333334,4,12.0,15.5,2.8,-4.06,FEMME,NON,OUI,NON,OUI,NON,0
50,163.5,100.0,1,15.0,0,0.0,10.8,1.4,1.74,HOMME,NON,NON,OUI,NON,NON,1
19,161.9,151.0,0,0.0,0,0.0,13.9,-0.3,0.79,FEMME,OUI,OUI,NON,OUI,OUI,0
22,123.3,124.0,6,10.833333333333334,6,10.666666666666666,13.9,-0.3,0.79,FEMME,NON,OUI,NON,OUI,OUI,0
23,137.5,140.0,6,13.142857142857142,6,14.0,12.4,0.5,1.79,FEMME,OUI,OUI,OUI,NON,OUI,0
20,166.6,170.0,5,14.4,5,14.0,12.7,3.7,-1.7,FEMME,OUI,NON,OUI,NON,NON,1
44,103.5,133.1,0,0.0,0,0.0,13.9,-0.3,0.79,FEMME,NON,NON,NON,NON,NON,1
49,110.0,133.1,7,12.0,9,11.22222222222222,15.5,2.8,-4.06,HOMME,NON,OUI,NON,NON,NON,0
46,128.2,100.0,9,12.2,10,12.8,7.6,2.6,0.32,HOMME,NON,OUI,NON,NON,NON,0
41,137.7,120.0,3,12.333333333333334,2,11.0,12.4,0.5,1.79,HOMME,NON,NON,NON,OUI,NON,1
18,128.8,133.0,7,11.8375,8,12.48125,13.9,-0.3,0.79,HOMME,NON,OUI,NON,OUI,NON,0
43,170.0,120.0,5,11.8,5,14.0,9.4,-0.8,-3.12,HOMME,NON,OUI,NON,NON,NON,0
70,116.4,133.1,0,0.0,0,0.0,10.8,1.4,1.74,HOMME,NON,NON,OUI,NON,NON,1
48,100.9,133.1,0,0.0,0,0.0,15.5,2.8,-4.06,HOMME,NON,OUI,NON,NON,NON,1
41,136.0,133.1,19,12.68421052631579,13,12.384615384615383,15.5,2.8,-4.06,HOMME,NON,OUI,NON,NON,NON,0
21,130.0,140.0,6,12.571428571428571,4,13.0,12.7,3.7,-1.7,HOMME,NON,OUI,NON,NON,NON,0
35,100.0,100.0,3,11.25,0,0.0,16.2,0.3,-0.92,HOMME,NON,NON,OUI,NON,OUI,1
44,157.0,133.1,4,14.0,4,15.5,10.8,1.4,1.74,HOMME,NON,OUI,NON,OUI,NON,0
18,152.1,143.0,4,13.333333333333334,2,13.5,13.9,-0.3,0.79,HOMME,NON,OUI,OUI,OUI,NON,1
45,162.9,165.0,6,13.666666666666666,6,13.666666666666666,7.6,2.6,0.32,HOMME,NON,OUI,NON,OUI,NON,0
20,137.2,154.0,3,10.0,5,10.8,15.5,2.8,-4.06,HOMME,NON,OUI,NON,NON,NON,0
22,140.0,140.0,5,12.6,6,11.714285714285714,12.4,0.5,1.79,HOMME,NON,OUI,NON,OUI,NON,0
39,146.5,140.0,3,17.333333333333332,1,17.0,13.9,-0.3,0.79,HOMME,NON,OUI,NON,NON,NON,1
20,130.0,130.0,5,13.2,3,12.0,12.4,0.5,1.79,HOMME,NON,NON,NON,NON,NON,0
49,128.0,133.1,3,14.0,3,13.666666666666666,8.9,1.4,3.51,HOMME,NON,OUI,NON,NON,NON,1
43,190.0,190.0,4,13.875,1,12.5,11.1,0.6,2.02,HOMME,NON,OUI,NON,OUI,NON,1
32,133.2,120.0,0,0.0,0,0.0,7.6,2.6,0.32,HOMME,NON,OUI,NON,OUI,NON,1
47,124.3,100.0,9,13.11111111111111,7,14.857142857142858,10.8,1.4,1.74,HOMME,NON,OUI,NON,NON,NON,0
37,138.1,120.0,5,13.0,4,13.333333333333334,16.2,0.3,-0.92,HOMME,OUI,OUI,NON,NON,NON,1
41,144.3,133.1,10,12.5,7,12.142857142857142,10.8,1.4,1.74,HOMME,NON,OUI,NON,NON,NON,0
60,140.0,150.0,18,14.11111111111111,13,14.23076923076923,15.5,2.8,-4.06,HOMME,NON,OUI,NON,NON,NON,0
47,148.3,120.0,11,14.727272727272728,9,15.77777777777778,10.8,1.4,1.74,HOMME,NON,OUI,NON,NON,NON,0
50,96.0,133.1,0,0.0,0,0.0,12.4,0.5,1.79,HOMME,NON,NON,OUI,NON,NON,1
45,121.7,133.1,0,0.0,0,0.0,7.6,2.6,0.32,HOMME,NON,OUI,NON,OUI,NON,1
45,160.0,100.0,0,0.0,0,0.0,15.5,2.8,-4.06,HOMME,NON,NON,OUI,NON,NON,1
33,110.3,133.1,4,13.5,5,11.6,7.6,2.6,0.32,HOMME,NON,OUI,NON,NON,NON,0
18,129.0,143.0,7,13.105714285714283,7,13.105714285714283,10.8,1.4,1.74,HOMME,NON,OUI,NON,NON,NON,0
43,150.0,120.0,5,13.5,5,14.4,9.4,-0.8,-3.12,HOMME,NON,OUI,NON,NON,NON,0
44,100.0,161.0,13,11.846153846153848,11,12.0,12.7,3.7,-1.7,HOMME,NON,OUI,NON,NON,NON,0
29,107.5,133.1,0,0.0,0,0.0,7.6,2.6,0.32,HOMME,NON,OUI,NON,NON,NON,1
53,170.0,140.0,3,14.333333333333334,0,0.0,12.7,3.7,-1.7,HOMME,NON,NON,OUI,NON,NON,1
37,123.0,123.0,5,15.8,5,17.6,9.4,-0.8,-3.12,HOMME,NON,OUI,NON,NON,NON,0
18,138.5,142.0,5,13.8,5,12.4,13.9,-0.3,0.79,HOMME,NON,OUI,NON,OUI,NON,0
35,140.0,133.1,6,12.666666666666666,3,12.0,16.2,0.3,-0.92,HOMME,NON,OUI,OUI,NON,NON,1
23,113.6,115.0,6,13.0,6,12.0,11.1,0.6,2.02,HOMME,NON,OUI,NON,NON,NON,0
22,170.0,156.0,0,0.0,0,0.0,7.6,2.6,0.32,HOMME,NON,OUI,NON,OUI,NON,0
33,115.5,140.0,1,11.0,0,0.0,10.8,1.4,1.74,HOMME,NON,NON,NON,NON,NON,1
41,130.0,130.0,0,0.0,0,0.0,10.8,1.4,1.74,HOMME,NON,NON,NON,NON,NON,1
51,140.0,140.0,7,15.2,8,16.575,13.9,-0.3,0.79,HOMME,NON,OUI,NON,NON,NON,0
19,126.6,140.0,6,14.428571428571429,7,14.375,11.1,0.6,2.02,HOMME,NON,OUI,NON,NON,NON,0
35,143.2,133.1,0,0.0,0,0.0,11.1,0.6,2.02,HOMME,NON,OUI,NON,NON,NON,1
20,131.4,131.0,0,0.0,0,0.0,7.6,2.6,0.32,HOMME,NON,OUI,NON,OUI,OUI,0
18,133.3,141.0,4,13.75,5,11.2,13.9,-0.3,0.79,HOMME,NON,OUI,NON,OUI,NON,0
18,118.3,120.0,5,12.166666666666666,3,12.0,13.9,-0.3,0.79,HOMME,OUI,NON,OUI,NON,NON,1
21,140.0,140.0,5,12.142857142857142,5,11.666666666666666,13.9,-0.3,0.79,HOMME,NON,OUI,NON,NON,NON,0
21,124.7,132.0,6,12.0,5,11.6,13.9,-0.3,0.79,HOMME,NON,OUI,NON,OUI,NON,0
34,140.0,130.0,3,11.666666666666666,4,12.75,9.4,-0.8,-3.12,HOMME,NON,OUI,NON,NON,NON,0
34,150.0,140.0,0,0.0,0,0.0,16.2,0.3,-0.92,HOMME,NON,OUI,NON,OUI,NON,1
21,115.6,110.0,6,11.875,5,12.0,11.1,0.6,2.02,HOMME,NON,OUI,NON,OUI,NON,0
32,116.9,140.0,7,11.285714285714286,6,12.333333333333334,13.9,-0.3,0.79,HOMME,NON,OUI,NON,NON,NON,0
30,123.4,130.0,2,10.0,3,11.333333333333334,7.6,2.6,0.32,HOMME,NON,OUI,NON,OUI,NON,1
19,146.5,137.0,11,12.0,10,11.181818181818182,8.9,1.4,3.51,HOMME,NON,OUI,OUI,OUI,NON,0
20,117.1,158.0,6,13.833333333333334,5,13.0,8.9,1.4,3.51,HOMME,NON,OUI,NON,OUI,NON,1
18,113.9,124.0,0,0.0,0,0.0,12.4,0.5,1.79,HOMME,NON,OUI,NON,OUI,NON,1
19,128.7,136.0,6,14.428571428571429,6,12.5,8.9,1.4,3.51,HOMME,NON,OUI,NON,NON,NON,0
18,132.9,142.0,5,14.2,6,12.4,12.4,0.5,1.79,HOMME,NON,OUI,NON,OUI,NON,1
27,123.0,150.0,4,11.5,3,10.333333333333334,12.7,3.7,-1.7,HOMME,NON,OUI,NON,NON,NON,1
52,129.8,120.0,5,13.0,6,15.0,9.4,-0.8,-3.12,HOMME,NON,OUI,NON,OUI,NON,0
29,156.1,149.0,0,0.0,0,0.0,15.5,2.8,-4.06,HOMME,NON,NON,NON,OUI,NON,1
22,120.0,130.0,3,11.333333333333334,2,11.0,8.9,1.4,3.51,HOMME,NON,NON,OUI,OUI,NON,1
28,117.2,110.0,18,12.5,12,11.428571428571429,15.5,2.8,-4.06,HOMME,NON,OUI,NON,OUI,OUI,0
30,107.0,133.1,0,0.0,0,0.0,7.6,2.6,0.32,HOMME,NON,OUI,NON,OUI,NON,1
18,128.4,134.0,7,13.471428571428572,8,13.944444444444445,16.2,0.3,-0.92,FEMME,NON,OUI,NON,OUI,NON,0
21,123.4,130.0,4,11.75,3,13.333333333333334,9.4,-0.8,-3.12,FEMME,NON,OUI,NON,OUI,NON,0
20,126.7,141.0,6,13.333333333333334,6,14.666666666666666,12.7,3.7,-1.7,FEMME,OUI,OUI,OUI,OUI,NON,0
21,123.0,123.0,8,13.105,8,13.105,9.4,-0.8,-3.12,FEMME,OUI,OUI,NON,OUI,NON,0
32,137.2,133.1,0,0.0,0,0.0,10.8,1.4,1.74,FEMME,NON,NON,OUI,NON,NON,1
20,125.9,122.0,6,15.5,6,12.166666666666666,12.4,0.5,1.79,HOMME,OUI,OUI,NON,OUI,NON,0
19,138.0,132.0,0,0.0,0,0.0,15.5,2.8,-4.06,HOMME,NON,NON,OUI,OUI,NON,1
18,128.2,133.1,4,11.25,3,12.333333333333334,8.9,1.4,3.51,HOMME,NON,NON,OUI,NON,OUI,1
23,126.5,130.0,12,11.0,11,11.363636363636363,7.6,2.6,0.32,HOMME,NON,NON,NON,OUI,NON,1
20,112.4,111.0,6,12.333333333333334,4,13.0,12.4,0.5,1.79,HOMME,NON,OUI,NON,OUI,NON,0
46,109.0,133.1,8,11.375,5,11.8,9.4,-0.8,-3.12,FEMME,NON,OUI,NON,OUI,NON,0
27,100.0,125.0,18,12.22222222222222,12,12.384615384615383,15.5,2.8,-4.06,HOMME,NON,OUI,NON,NON,NON,0
20,144.7,137.0,0,0.0,0,0.0,16.2,0.3,-0.92,HOMME,NON,OUI,NON,OUI,NON,0
41,120.0,100.0,9,12.0,6,12.0,9.4,-0.8,-3.12,HOMME,NON,OUI,NON,OUI,NON,0
40,100.0,133.1,1,11.0,1,10.0,11.1,0.6,2.02,HOMME,NON,OUI,OUI,NON,OUI,0
37,154.0,150.0,16,14.125,10,13.0,12.4,0.5,1.79,HOMME,NON,OUI,NON,NON,NON,0
20,111.3,120.0,5,10.2,5,11.2,12.4,0.5,1.79,HOMME,NON,OUI,NON,NON,NON,0
20,150.0,150.0,4,12.0,4,12.4,10.8,1.4,1.74,FEMME,NON,OUI,NON,OUI,NON,0
26,100.0,133.1,9,12.333333333333334,7,12.571428571428571,12.4,0.5,1.79,FEMME,NON,OUI,NON,NON,NON,0
54,162.5,133.1,9,14.333333333333334,7,13.857142857142858,8.9,1.4,3.51,HOMME,NON,OUI,NON,NON,NON,0
21,134.1,132.0,6,15.166666666666666,6,14.0,10.8,1.4,1.74,HOMME,NON,OUI,NON,OUI,NON,0
20,133.0,134.0,6,15.142857142857142,6,15.142857142857142,11.1,0.6,2.02,FEMME,OUI,OUI,NON,OUI,NON,0
18,119.0,126.0,0,0.0,0,0.0,12.4,0.5,1.79,FEMME,NON,OUI,NON,OUI,NON,1
19,131.1,136.0,6,13.411428571428573,7,13.294444444444444,15.5,2.8,-4.06,FEMME,NON,OUI,NON,OUI,NON,0
18,129.4,129.0,6,12.333333333333334,6,12.166666666666666,9.4,-0.8,-3.12,FEMME,NON,OUI,NON,OUI,NON,0
19,123.9,126.0,4,11.8,4,12.2,12.4,0.5,1.79,FEMME,NON,OUI,NON,OUI,NON,0
22,140.0,140.0,6,12.0,3,12.0,13.9,-0.3,0.79,FEMME,NON,OUI,OUI,OUI,NON,1
19,162.0,162.0,6,15.0,6,15.625,12.4,0.5,1.79,FEMME,NON,OUI,NON,NON,NON,0
21,131.6,148.0,8,13.875,9,12.7,8.9,1.4,3.51,FEMME,NON,OUI,NON,OUI,NON,1
20,110.6,119.0,6,11.833333333333334,6,14.333333333333334,11.1,0.6,2.02,FEMME,NON,OUI,NON,NON,NON,0
18,117.4,123.0,6,12.5,6,13.833333333333334,16.2,0.3,-0.92,FEMME,OUI,OUI,NON,OUI,NON,0
18,137.8,150.0,6,15.0,6,15.5,8.9,1.4,3.51,FEMME,OUI,OUI,NON,OUI,NON,0
20,106.7,113.0,2,11.666666666666666,4,10.5,15.5,2.8,-4.06,FEMME,NON,OUI,OUI,OUI,NON,1
18,156.9,152.0,7,14.668,8,14.63375,15.5,2.8,-4.06,FEMME,OUI,OUI,NON,NON,NON,0
18,129.0,154.0,6,13.345,6,13.345,9.4,-0.8,-3.12,FEMME,NON,OUI,NON,OUI,NON,0
20,124.8,130.0,5,12.8,6,12.333333333333334,12.4,0.5,1.79,FEMME,OUI,OUI,NON,OUI,NON,0
19,115.1,121.0,6,10.833333333333334,6,12.142857142857142,11.1,0.6,2.02,FEMME,NON,OUI,NON,OUI,NON,0
18,146.7,153.0,6,13.666666666666666,5,14.0,12.7,3.7,-1.7,FEMME,NON,OUI,NON,OUI,NON,0
18,132.8,148.0,7,14.537142857142856,7,14.537142857142856,10.8,1.4,1.74,FEMME,NON,OUI,NON,NON,NON,0
18,159.1,143.0,5,14.4,5,14.0,7.6,2.6,0.32,FEMME,OUI,OUI,OUI,NON,NON,1
20,137.6,147.0,0,0.0,0,0.0,12.7,3.7,-1.7,FEMME,OUI,OUI,NON,OUI,NON,0
19,124.0,138.0,6,13.166666666666666,6,13.833333333333334,11.1,0.6,2.02,FEMME,OUI,OUI,NON,NON,NON,0
36,149.0,120.0,2,11.5,0,0.0,15.5,2.8,-4.06,HOMME,NON,NON,NON,NON,NON,1
19,129.6,145.0,6,11.333333333333334,6,12.428571428571429,11.1,0.6,2.02,FEMME,OUI,OUI,NON,NON,NON,0
18,110.0,118.0,6,12.0,5,13.6,8.9,1.4,3.51,FEMME,NON,OUI,NON,OUI,NON,0
18,116.1,121.0,6,13.166666666666666,6,12.166666666666666,12.4,0.5,1.79,FEMME,OUI,OUI,NON,NON,NON,0
18,133.3,135.0,6,14.833333333333334,6,14.166666666666666,8.9,1.4,3.51,FEMME,OUI,OUI,NON,OUI,NON,0
19,144.3,140.0,7,13.0,9,13.22222222222222,12.4,0.5,1.79,FEMME,NON,OUI,NON,OUI,NON,0
18,133.6,145.0,7,13.087142857142856,8,12.95,11.1,0.6,2.02,FEMME,NON,OUI,NON,OUI,NON,0
19,123.2,133.0,6,13.333333333333334,6,13.666666666666666,8.9,1.4,3.51,FEMME,OUI,OUI,NON,OUI,NON,0
18,137.2,127.0,6,12.166666666666666,4,12.75,10.8,1.4,1.74,FEMME,NON,OUI,NON,OUI,NON,0
22,130.0,130.0,6,11.0,4,12.0,8.9,1.4,3.51,FEMME,OUI,NON,NON,OUI,NON,0
18,110.0,117.0,0,0.0,0,0.0,11.1,0.6,2.02,FEMME,NON,NON,OUI,OUI,NON,1
19,118.0,125.0,5,13.6,5,12.2,8.9,1.4,3.51,FEMME,NON,OUI,NON,OUI,NON,0
18,128.4,141.0,6,15.5,6,14.0,11.1,0.6,2.02,FEMME,NON,OUI,NON,OUI,NON,0
19,113.6,122.0,7,13.857142857142858,7,14.285714285714286,11.1,0.6,2.02,FEMME,NON,OUI,NON,NON,NON,0
20,113.5,118.0,2,11.5,3,10.0,11.1,0.6,2.02,FEMME,NON,OUI,OUI,OUI,NON,0
18,146.9,142.0,6,13.0,6,12.166666666666666,16.2,0.3,-0.92,FEMME,OUI,OUI,NON,OUI,NON,0
23,141.3,143.0,6,14.0,4,13.0,11.1,0.6,2.02,FEMME,NON,NON,OUI,NON,NON,0
20,129.7,143.0,0,0.0,0,0.0,8.9,1.4,3.51,FEMME,NON,OUI,NON,OUI,NON,1
20,121.3,123.0,6,11.166666666666666,6,11.5,12.4,0.5,1.79,FEMME,NON,OUI,NON,OUI,NON,0
22,109.1,115.0,0,0.0,0,0.0,12.4,0.5,1.79,FEMME,OUI,NON,OUI,OUI,NON,1
18,107.1,112.0,7,12.142857142857142,6,13.666666666666666,11.1,0.6,2.02,FEMME,OUI,OUI,NON,OUI,NON,0
18,129.2,135.0,7,14.145714285714286,8,13.627777777777778,11.1,0.6,2.02,FEMME,OUI,OUI,NON,NON,NON,0
18,154.1,162.0,7,14.45,8,14.144444444444444,11.1,0.6,2.02,FEMME,NON,OUI,NON,NON,NON,0
18,147.2,143.0,7,15.714285714285714,7,15.0,11.1,0.6,2.02,FEMME,NON,OUI,NON,NON,NON,0
21,120.0,130.0,5,12.8,3,12.666666666666666,11.1,0.6,2.02,FEMME,NON,OUI,NON,NON,NON,0
20,130.8,136.0,6,12.5,6,11.5,10.8,1.4,1.74,FEMME,NON,OUI,NON,NON,NON,0
18,120.8,125.0,6,14.5,6,12.833333333333334,12.4,0.5,1.79,FEMME,NON,OUI,NON,OUI,NON,0
20,125.4,132.0,7,13.462857142857144,7,13.164285714285716,11.1,0.6,2.02,FEMME,OUI,NON,NON,OUI,NON,0
25,121.3,123.0,6,12.833333333333334,6,12.833333333333334,7.6,2.6,0.32,FEMME,NON,OUI,NON,OUI,NON,0
18,127.0,142.0,5,12.0,4,11.6,13.9,-0.3,0.79,FEMME,OUI,OUI,NON,OUI,NON,0
19,151.6,147.0,0,0.0,0,0.0,13.9,-0.3,0.79,FEMME,NON,OUI,NON,OUI,NON,0
20,131.6,140.0,6,14.714285714285714,6,13.2,12.4,0.5,1.79,FEMME,NON,OUI,NON,OUI,OUI,0
20,106.0,133.1,6,12.571428571428571,6,13.285714285714286,12.4,0.5,1.79,FEMME,OUI,OUI,NON,OUI,NON,0
21,111.6,114.0,6,12.5,6,11.5,11.1,0.6,2.02,FEMME,OUI,OUI,NON,OUI,NON,0
18,117.3,125.0,6,14.0,5,14.0,8.9,1.4,3.51,FEMME,NON,OUI,NON,OUI,NON,0
18,121.4,127.0,7,11.571428571428571,6,13.166666666666666,11.1,0.6,2.02,FEMME,NON,OUI,NON,OUI,NON,1
18,126.1,132.0,6,15.833333333333334,6,15.333333333333334,11.1,0.6,2.02,FEMME,OUI,OUI,NON,OUI,NON,0
18,137.0,148.0,8,14.25,8,14.25,9.4,-0.8,-3.12,FEMME,NON,OUI,NON,OUI,NON,0
19,120.8,139.0,0,0.0,0,0.0,15.5,2.8,-4.06,FEMME,NON,OUI,NON,NON,NON,1
20,128.7,136.0,6,11.666666666666666,6,11.0,13.9,-0.3,0.79,FEMME,NON,OUI,NON,OUI,NON,1
47,118.0,133.1,0,0.0,0,0.0,7.6,2.6,0.32,FEMME,NON,OUI,NON,NON,NON,1
21,120.0,120.0,5,13.2,2,12.5,10.8,1.4,1.74,FEMME,NON,OUI,OUI,NON,OUI,0
31,160.0,130.0,2,12.0,1,10.0,16.2,0.3,-0.92,HOMME,NON,OUI,NON,NON,NON,1
46,150.0,110.0,0,0.0,0,0.0,7.6,2.6,0.32,HOMME,NON,OUI,NON,OUI,NON,1
18,121.8,133.0,4,12.0,2,11.0,8.9,1.4,3.51,HOMME,NON,OUI,NON,OUI,NON,0
19,125.4,138.0,3,13.333333333333334,4,10.75,8.9,1.4,3.51,HOMME,NON,OUI,NON,OUI,NON,1
23,126.6,131.0,5,12.414285714285713,2,13.5,8.9,1.4,3.51,HOMME,NON,OUI,NON,OUI,NON,0
22,150.0,150.0,0,0.0,0,0.0,12.7,3.7,-1.7,HOMME,NON,NON,NON,NON,NON,1
19,114.5,125.0,5,13.8,5,12.4,9.4,-0.8,-3.12,HOMME,NON,OUI,NON,OUI,NON,0
19,107.0,108.0,0,0.0,0,0.0,8.9,1.4,3.51,FEMME,NON,NON,OUI,NON,OUI,1
22,115.7,116.0,4,11.5,4,14.0,8.9,1.4,3.51,HOMME,NON,NON,NON,NON,NON,0
29,120.0,133.1,0,0.0,0,0.0,9.4,-0.8,-3.12,HOMME,NON,NON,OUI,NON,NON,1
18,134.8,147.0,6,14.016666666666666,6,14.016666666666666,7.6,2.6,0.32,FEMME,NON,OUI,NON,OUI,NON,0
18,133.6,143.0,5,11.4,5,10.8,9.4,-0.8,-3.12,FEMME,NON,OUI,NON,OUI,NON,0
23,129.0,115.0,0,0.0,0,0.0,9.4,-0.8,-3.12,FEMME,OUI,NON,OUI,OUI,NON,1
34,128.4,160.0,5,10.4,5,12.0,12.4,0.5,1.79,FEMME,NON,OUI,NON,NON,NON,0
19,122.2,118.0,3,10.666666666666666,4,10.25,11.1,0.6,2.02,FEMME,NON,OUI,NON,NON,NON,0
18,113.3,122.0,4,14.25,5,12.714285714285714,10.8,1.4,1.74,FEMME,NON,OUI,NON,OUI,NON,0
20,129.9,143.0,7,13.914285714285713,8,14.10625,11.1,0.6,2.02,FEMME,OUI,OUI,NON,NON,NON,0
19,126.2,133.0,7,13.761111111111113,7,12.82375,15.5,2.8,-4.06,FEMME,NON,OUI,NON,OUI,NON,0
22,112.6,122.0,5,12.6,4,11.25,12.7,3.7,-1.7,FEMME,NON,OUI,NON,OUI,NON,0
23,149.0,164.0,6,13.857142857142858,6,14.166666666666666,10.8,1.4,1.74,FEMME,OUI,OUI,NON,OUI,NON,0
34,120.0,133.1,7,13.842857142857143,7,13.842857142857143,12.7,3.7,-1.7,HOMME,OUI,OUI,NON,NON,NON,0
18,120.4,127.0,0,0.0,0,0.0,9.4,-0.8,-3.12,HOMME,NON,NON,OUI,OUI,NON,0
21,128.1,140.0,5,11.8,0,0.0,16.2,0.3,-0.92,HOMME,NON,OUI,NON,OUI,NON,1
22,141.7,127.0,6,12.666666666666666,6,13.833333333333334,10.8,1.4,1.74,HOMME,NON,OUI,NON,OUI,NON,1
28,130.0,133.1,0,0.0,0,0.0,11.1,0.6,2.02,HOMME,NON,OUI,NON,NON,NON,1
23,113.3,115.0,0,0.0,0,0.0,7.6,2.6,0.32,HOMME,NON,OUI,NON,OUI,NON,1
20,105.9,108.0,4,10.75,2,10.0,7.6,2.6,0.32,HOMME,NON,OUI,NON,NON,NON,1
18,122.7,136.0,5,12.6,3,13.25,13.9,-0.3,0.79,HOMME,NON,OUI,NON,OUI,NON,1
28,120.0,133.1,0,0.0,0,0.0,9.4,-0.8,-3.12,HOMME,NON,NON,OUI,OUI,NON,1
21,119.8,120.0,2,12.0,7,12.142857142857142,12.4,0.5,1.79,HOMME,NON,OUI,NON,NON,NON,1
25,122.9,133.1,3,14.0,2,14.5,13.9,-0.3,0.79,HOMME,NON,NON,OUI,NON,NON,1
19,160.0,160.0,6,14.0,6,13.5,12.4,0.5,1.79,HOMME,NON,NON,NON,OUI,NON,1
18,125.2,128.0,7,14.682857142857143,8,15.055555555555555,12.4,0.5,1.79,HOMME,OUI,OUI,NON,OUI,NON,0
29,143.4,130.0,0,0.0,0,0.0,10.8,1.4,1.74,HOMME,NON,OUI,NON,NON,NON,1
29,96.7,133.1,0,0.0,0,0.0,12.4,0.5,1.79,HOMME,OUI,OUI,NON,NON,NON,1
20,126.9,137.0,6,13.857142857142858,5,12.8,16.2,0.3,-0.92,HOMME,NON,OUI,NON,NON,NON,0
18,143.1,163.0,0,0.0,0,0.0,9.4,-0.8,-3.12,HOMME,NON,OUI,NON,NON,NON,0
20,114.5,125.0,6,13.142857142857142,6,12.5,8.9,1.4,3.51,HOMME,NON,OUI,NON,NON,NON,0
33,140.0,120.0,1,18.0,2,13.0,9.4,-0.8,-3.12,HOMME,NON,OUI,NON,OUI,NON,1
30,113.7,150.0,13,11.461538461538462,10,11.583333333333334,16.2,0.3,-0.92,HOMME,NON,OUI,NON,NON,NON,0
21,131.5,135.0,5,11.2,6,11.583333333333334,16.2,0.3,-0.92,HOMME,OUI,OUI,NON,NON,NON,0
18,143.5,148.0,5,15.0,4,14.5,8.9,1.4,3.51,HOMME,NON,OUI,OUI,NON,NON,0
19,126.8,138.0,7,14.244444444444444,8,12.233333333333333,15.5,2.8,-4.06,HOMME,OUI,OUI,NON,NON,NON,0
21,115.2,119.0,4,11.5,5,11.0,15.5,2.8,-4.06,HOMME,OUI,OUI,NON,NON,NON,1
25,100.0,130.0,2,10.0,0,0.0,15.5,2.8,-4.06,HOMME,OUI,OUI,NON,NON,NON,1
19,121.4,135.0,3,12.333333333333334,5,11.6,9.4,-0.8,-3.12,HOMME,NON,OUI,NON,NON,NON,0
23,120.0,120.0,5,12.2,7,12.142857142857142,16.2,0.3,-0.92,HOMME,NON,OUI,NON,OUI,NON,1
19,129.9,126.0,6,13.666666666666666,5,13.2,12.4,0.5,1.79,HOMME,OUI,OUI,NON,OUI,NON,0
19,151.1,149.0,0,0.0,0,0.0,9.4,-0.8,-3.12,HOMME,NON,OUI,NON,OUI,NON,0
31,120.0,110.0,1,11.0,0,0.0,16.2,0.3,-0.92,HOMME,NON,NON,OUI,NON,NON,1
32,130.0,133.1,3,13.0,6,11.428571428571429,16.2,0.3,-0.92,HOMME,NON,NON,OUI,NON,NON,1
19,119.0,127.0,7,12.599999999999998,7,12.599999999999998,10.8,1.4,1.74,FEMME,OUI,OUI,NON,OUI,NON,0
34,122.0,120.0,10,12.2,9,12.333333333333334,7.6,2.6,0.32,FEMME,NON,OUI,NON,OUI,NON,0
21,129.7,136.0,6,13.166666666666666,6,13.0,7.6,2.6,0.32,FEMME,NON,OUI,NON,OUI,NON,0
53,112.5,110.0,6,11.0,7,11.0,9.4,-0.8,-3.12,FEMME,OUI,OUI,NON,OUI,NON,0
19,136.0,136.0,7,14.014285714285714,8,15.35,13.9,-0.3,0.79,FEMME,OUI,OUI,NON,NON,NON,0
20,133.1,145.0,4,13.0,4,11.25,10.8,1.4,1.74,FEMME,OUI,OUI,NON,NON,NON,0
18,151.3,159.0,6,14.0,6,14.666666666666666,10.8,1.4,1.74,FEMME,NON,OUI,NON,OUI,NON,0
32,133.3,147.0,0,0.0,0,0.0,16.2,0.3,-0.92,FEMME,NON,NON,NON,NON,NON,1
21,130.8,150.0,7,14.428571428571429,7,14.428571428571429,12.7,3.7,-1.7,FEMME,OUI,OUI,NON,OUI,NON,0
26,140.0,140.0,0,0.0,0,0.0,9.4,-0.8,-3.12,FEMME,NON,NON,NON,NON,NON,1
26,150.0,150.0,18,11.833333333333334,13,12.461538461538462,15.5,2.8,-4.06,FEMME,NON,OUI,NON,OUI,NON,0
21,130.0,130.0,3,11.333333333333334,1,13.0,15.5,2.8,-4.06,FEMME,NON,NON,NON,NON,NON,1
18,125.3,120.0,6,12.5,6,13.0,7.6,2.6,0.32,FEMME,NON,OUI,NON,NON,NON,0
21,124.0,130.0,12,13.333333333333334,11,12.545454545454543,15.5,2.8,-4.06,FEMME,OUI,OUI,NON,OUI,NON,0
21,113.8,112.0,6,10.833333333333334,4,11.0,7.6,2.6,0.32,FEMME,NON,OUI,NON,OUI,NON,0
19,124.4,128.0,6,13.0,6,14.0,13.9,-0.3,0.79,FEMME,OUI,OUI,NON,NON,NON,0
19,107.7,114.0,2,10.0,2,14.0,10.8,1.4,1.74,FEMME,NON,OUI,NON,NON,NON,1
19,110.0,118.0,6,11.428571428571429,5,11.2,10.8,1.4,1.74,FEMME,OUI,OUI,NON,NON,NON,0
27,130.0,130.0,8,12.8875,8,12.8875,9.4,-0.8,-3.12,FEMME,NON,OUI,NON,OUI,NON,0
18,138.8,145.0,6,12.95,6,12.95,7.6,2.6,0.32,FEMME,OUI,OUI,NON,OUI,NON,0
20,126.3,121.0,1,10.0,0,0.0,12.7,3.7,-1.7,FEMME,NON,OUI,NON,OUI,NON,1
19,114.5,114.0,7,13.094285714285714,8,12.55,12.4,0.5,1.79,FEMME,OUI,OUI,NON,OUI,NON,0
20,116.5,127.0,0,0.0,0,0.0,16.2,0.3,-0.92,FEMME,NON,OUI,NON,OUI,NON,1
19,128.6,145.0,5,11.714285714285714,6,11.0,12.7,3.7,-1.7,FEMME,OUI,OUI,NON,OUI,NON,0
20,130.0,130.0,4,11.25,3,10.0,9.4,-0.8,-3.12,FEMME,NON,OUI,NON,OUI,NON,0
20,134.6,150.0,0,0.0,0,0.0,15.5,2.8,-4.06,FEMME,NON,OUI,NON,NON,NON,1
18,146.8,145.0,6,13.166666666666666,6,13.333333333333334,7.6,2.6,0.32,FEMME,NON,OUI,NON,NON,NON,0
20,135.7,128.0,4,12.75,5,13.4,10.8,1.4,1.74,FEMME,NON,OUI,NON,OUI,NON,0
38,120.0,140.0,5,10.6,2,11.0,12.7,3.7,-1.7,FEMME,NON,NON,NON,NON,NON,1
42,138.0,130.0,5,11.2,6,12.0,8.9,1.4,3.51,FEMME,NON,OUI,NON,NON,NON,0
32,135.5,140.0,0,0.0,0,0.0,13.9,-0.3,0.79,FEMME,NON,OUI,NON,NON,NON,1
22,120.0,120.0,6,13.0,6,13.666666666666666,12.4,0.5,1.79,FEMME,NON,OUI,NON,OUI,OUI,0
28,111.7,147.0,0,0.0,0,0.0,7.6,2.6,0.32,FEMME,NON,OUI,NON,OUI,NON,1
37,100.0,133.1,0,0.0,0,0.0,9.4,-0.8,-3.12,FEMME,NON,OUI,NON,OUI,NON,1
43,160.0,160.0,6,14.166666666666666,6,15.0,15.5,2.8,-4.06,FEMME,NON,OUI,NON,NON,NON,0
41,114.8,133.1,5,12.833333333333334,6,12.333333333333334,13.9,-0.3,0.79,FEMME,OUI,OUI,NON,NON,NON,0
29,131.0,140.0,4,11.75,5,10.4,10.8,1.4,1.74,FEMME,OUI,OUI,NON,NON,NON,0
35,97.0,133.1,6,10.833333333333334,6,11.5,10.8,1.4,1.74,FEMME,OUI,OUI,NON,NON,NON,0
18,131.7,131.0,4,11.75,4,12.25,9.4,-0.8,-3.12,FEMME,NON,OUI,NON,OUI,NON,1
39,120.0,133.1,3,11.5,2,10.5,16.2,0.3,-0.92,FEMME,OUI,NON,NON,NON,NON,1
37,110.0,120.0,2,10.0,3,11.333333333333334,12.7,3.7,-1.7,FEMME,NON,OUI,NON,NON,NON,0
26,133.0,130.0,6,13.7,6,13.7,7.6,2.6,0.32,FEMME,OUI,OUI,NON,OUI,NON,0
32,140.0,140.0,1,14.0,0,0.0,10.8,1.4,1.74,FEMME,NON,OUI,NON,OUI,NON,1
37,100.0,133.1,7,11.375,6,12.166666666666666,13.9,-0.3,0.79,FEMME,NON,OUI,OUI,NON,NON,0
28,129.3,140.0,0,0.0,0,0.0,8.9,1.4,3.51,FEMME,NON,OUI,OUI,OUI,NON,0
19,137.0,133.1,0,0.0,0,0.0,7.6,2.6,0.32,FEMME,NON,OUI,NON,OUI,NON,1
18,122.2,125.0,1,11.0,2,12.5,7.6,2.6,0.32,FEMME,NON,OUI,NON,OUI,NON,0
19,108.0,115.0,6,13.0,7,13.285714285714286,12.4,0.5,1.79,FEMME,OUI,OUI,NON,NON,NON,0
32,110.0,110.0,8,13.6,8,15.11111111111111,13.9,-0.3,0.79,FEMME,NON,OUI,NON,NON,NON,0
31,127.7,140.0,3,11.0,2,11.5,7.6,2.6,0.32,FEMME,NON,OUI,NON,OUI,NON,1
34,121.3,100.0,7,11.705714285714285,7,11.705714285714285,10.8,1.4,1.74,FEMME,NON,OUI,NON,OUI,NON,0
20,140.1,145.0,12,13.25,11,14.333333333333334,8.9,1.4,3.51,FEMME,NON,OUI,NON,OUI,NON,0
28,114.8,133.1,1,10.75,1,10.0,13.9,-0.3,0.79,FEMME,NON,OUI,NON,NON,NON,1
31,150.0,150.0,6,12.0,7,13.428571428571429,9.4,-0.8,-3.12,FEMME,NON,OUI,NON,NON,NON,0
18,131.7,145.0,6,12.666666666666666,4,12.25,7.6,2.6,0.32,FEMME,NON,OUI,NON,OUI,NON,0
31,110.0,133.1,5,11.4,3,11.0,9.4,-0.8,-3.12,FEMME,NON,NON,NON,NON,NON,1
19,105.5,110.0,6,13.0,5,12.4,12.4,0.5,1.79,FEMME,NON,OUI,NON,OUI,NON,0
19,127.3,128.0,6,14.0,6,12.285714285714286,16.2,0.3,-0.92,FEMME,OUI,OUI,NON,OUI,NON,0
31,130.0,133.1,0,0.0,0,0.0,9.4,-0.8,-3.12,FEMME,NON,OUI,NON,OUI,NON,0
34,130.0,130.0,0,0.0,0,0.0,15.5,2.8,-4.06,FEMME,NON,OUI,NON,NON,NON,1
18,122.7,137.0,7,15.285714285714286,8,16.075,12.4,0.5,1.79,FEMME,OUI,OUI,NON,OUI,NON,0
18,113.9,123.0,6,13.166666666666666,6,12.666666666666666,11.1,0.6,2.02,FEMME,NON,OUI,NON,OUI,NON,0
19,151.1,156.0,5,13.6,5,12.833333333333334,16.2,0.3,-0.92,HOMME,NON,OUI,OUI,NON,NON,0
22,125.8,133.1,0,0.0,0,0.0,7.6,2.6,0.32,HOMME,OUI,NON,NON,OUI,NON,1
32,128.2,100.0,10,11.4,4,11.5,7.6,2.6,0.32,HOMME,NON,OUI,NON,NON,NON,0
61,135.1,140.0,0,0.0,0,0.0,15.5,2.8,-4.06,HOMME,NON,OUI,NON,NON,NON,1
30,120.2,130.0,5,11.0,5,11.6,7.6,2.6,0.32,HOMME,NON,OUI,NON,OUI,NON,0
45,132.8,133.1,0,0.0,0,0.0,12.4,0.5,1.79,HOMME,NON,NON,OUI,NON,NON,1
20,140.0,140.0,6,13.571428571428571,6,12.666666666666666,12.4,0.5,1.79,HOMME,NON,OUI,NON,NON,NON,0
19,129.3,137.0,0,0.0,0,0.0,9.4,-0.8,-3.12,FEMME,NON,OUI,NON,NON,NON,1
26,108.2,120.0,4,11.25,4,12.0,7.6,2.6,0.32,HOMME,NON,OUI,NON,OUI,NON,1
19,125.4,125.0,3,13.333333333333334,1,11.0,7.6,2.6,0.32,HOMME,NON,OUI,NON,OUI,NON,1
19,140.2,130.0,6,12.0,6,11.666666666666666,16.2,0.3,-0.92,HOMME,OUI,OUI,NON,NON,NON,0
19,116.1,115.0,6,12.5,5,13.0,12.4,0.5,1.79,HOMME,NON,OUI,NON,OUI,NON,0
19,137.8,150.0,5,13.2,5,12.666666666666666,16.2,0.3,-0.92,HOMME,OUI,OUI,NON,OUI,NON,0
19,128.4,134.0,0,0.0,0,0.0,7.6,2.6,0.32,HOMME,NON,NON,NON,OUI,NON,1
28,106.0,120.0,3,11.666666666666666,2,11.5,7.6,2.6,0.32,HOMME,NON,NON,NON,OUI,NON,1
24,130.2,141.0,15,13.466666666666669,14,13.642857142857142,9.4,-0.8,-3.12,HOMME,NON,OUI,NON,NON,NON,0
18,126.0,133.0,3,13.666666666666666,5,13.2,7.6,2.6,0.32,HOMME,NON,OUI,NON,NON,NON,0
18,141.0,149.0,2,11.666666666666666,2,12.5,7.6,2.6,0.32,HOMME,NON,OUI,NON,NON,NON,0
18,113.0,121.0,6,11.666666666666666,5,10.2,12.4,0.5,1.79,HOMME,OUI,OUI,NON,OUI,NON,0
21,120.0,120.0,5,13.4,5,12.4,8.9,1.4,3.51,HOMME,NON,OUI,NON,NON,NON,0
28,130.9,148.0,0,0.0,0,0.0,12.4,0.5,1.79,HOMME,NON,NON,NON,NON,NON,1
58,120.0,133.1,0,0.0,0,0.0,13.9,-0.3,0.79,HOMME,NON,OUI,NON,NON,NON,1
49,134.1,135.0,0,0.0,0,0.0,7.6,2.6,0.32,HOMME,NON,NON,NON,OUI,NON,1
24,120.0,150.0,3,10.666666666666666,2,10.5,15.5,2.8,-4.06,HOMME,NON,OUI,NON,NON,NON,0
25,114.8,130.0,4,13.75,4,14.75,7.6,2.6,0.32,HOMME,NON,OUI,NON,NON,NON,0
33,123.0,133.1,1,10.0,0,0.0,7.6,2.6,0.32,HOMME,NON,OUI,NON,OUI,NON,1
33,118.0,133.1,0,0.0,0,0.0,9.4,-0.8,-3.12,HOMME,NON,NON,NON,NON,NON,1
40,100.0,110.0,1,16.0,4,15.5,13.9,-0.3,0.79,HOMME,NON,OUI,NON,NON,NON,0
48,151.1,170.0,5,12.285714285714286,5,11.125,16.2,0.3,-0.92,HOMME,NON,OUI,NON,NON,NON,0
18,116.9,120.0,3,12.0,3,10.333333333333334,8.9,1.4,3.51,HOMME,NON,NON,OUI,OUI,NON,0
24,106.0,133.1,6,12.666666666666666,6,12.666666666666666,7.6,2.6,0.32,HOMME,NON,OUI,NON,OUI,NON,0
23,127.1,139.0,5,11.8,4,13.25,10.8,1.4,1.74,HOMME,OUI,OUI,NON,NON,NON,0
39,155.5,133.1,5,10.6,5,14.666666666666666,10.8,1.4,1.74,HOMME,NON,NON,OUI,OUI,NON,1
21,101.0,133.1,9,11.9,8,12.25,15.5,2.8,-4.06,HOMME,NON,OUI,NON,NON,NON,0
34,128.2,120.0,4,11.25,2,10.5,7.6,2.6,0.32,HOMME,NON,OUI,NON,OUI,NON,1
41,113.0,100.0,4,11.0,5,11.4,8.9,1.4,3.51,HOMME,OUI,OUI,NON,NON,NON,0
18,122.8,134.0,6,12.0,6,12.5,12.7,3.7,-1.7,HOMME,NON,OUI,NON,NON,NON,0
34,145.6,130.0,4,11.75,4,10.833333333333334,13.9,-0.3,0.79,HOMME,NON,OUI,NON,NON,NON,0
19,116.5,128.0,2,10.0,1,16.0,7.6,2.6,0.32,HOMME,NON,OUI,NON,NON,NON,1
19,142.0,154.0,7,13.714285714285714,7,13.714285714285714,12.7,3.7,-1.7,HOMME,NON,OUI,NON,NON,NON,0
28,150.0,150.0,6,14.875,6,15.8,16.2,0.3,-0.92,HOMME,NON,OUI,NON,NON,NON,0
18,133.3,134.0,5,10.8,0,0.0,7.6,2.6,0.32,HOMME,NON,OUI,NON,OUI,NON,1
19,115.8,127.0,3,12.0,2,10.0,11.1,0.6,2.02,HOMME,NON,OUI,NON,OUI,NON,1
19,100.0,133.1,5,12.5,2,13.5,12.4,0.5,1.79,HOMME,NON,NON,OUI,OUI,NON,1
18,128.6,130.0,7,14.728571428571428,8,16.327272727272728,16.2,0.3,-0.92,FEMME,NON,OUI,NON,OUI,NON,0
18,137.1,135.0,6,12.0,5,14.8,12.4,0.5,1.79,FEMME,NON,OUI,NON,OUI,NON,0
18,149.0,143.0,6,11.428571428571429,6,11.0,11.1,0.6,2.02,FEMME,NON,OUI,NON,OUI,NON,1
19,147.0,150.0,6,14.166666666666666,6,13.5,12.4,0.5,1.79,FEMME,NON,OUI,NON,OUI,NON,0
31,150.0,150.0,5,12.5,5,14.6,12.7,3.7,-1.7,FEMME,NON,OUI,NON,NON,NON,0
33,103.5,130.0,6,14.166666666666666,6,14.333333333333334,12.7,3.7,-1.7,FEMME,OUI,OUI,NON,NON,NON,0
20,107.8,113.0,5,14.46,6,13.55,12.4,0.5,1.79,FEMME,OUI,OUI,NON,OUI,NON,0
22,130.0,130.0,5,12.8,2,11.5,12.4,0.5,1.79,FEMME,NON,OUI,NON,OUI,OUI,0
19,109.4,115.0,6,12.666666666666666,5,13.4,11.1,0.6,2.02,FEMME,NON,OUI,NON,OUI,NON,0
18,143.6,146.0,6,12.5,6,13.0,7.6,2.6,0.32,FEMME,NON,OUI,NON,OUI,NON,1
18,124.3,132.0,0,0.0,0,0.0,15.5,2.8,-4.06,FEMME,NON,OUI,NON,NON,NON,1
18,119.5,116.0,0,0.0,0,0.0,8.9,1.4,3.51,FEMME,NON,NON,NON,OUI,NON,1
18,175.6,163.0,0,0.0,0,0.0,11.1,0.6,2.02,FEMME,NON,OUI,NON,OUI,NON,0
19,116.1,122.0,5,11.2,3,11.0,12.4,0.5,1.79,FEMME,OUI,OUI,NON,OUI,NON,0
18,126.6,136.0,6,16.5,6,17.428571428571427,11.1,0.6,2.02,FEMME,NON,OUI,NON,OUI,NON,1
18,130.8,142.0,3,13.666666666666666,5,12.0,12.7,3.7,-1.7,FEMME,NON,OUI,NON,OUI,NON,0
18,133.5,139.0,7,15.228571428571428,7,15.228571428571428,12.7,3.7,-1.7,FEMME,OUI,OUI,NON,OUI,NON,0
21,136.9,140.0,9,12.77777777777778,9,13.22222222222222,8.9,1.4,3.51,FEMME,NON,OUI,NON,OUI,NON,0
18,142.3,165.0,7,14.428571428571429,7,14.428571428571429,12.7,3.7,-1.7,FEMME,OUI,OUI,NON,NON,NON,0
18,114.3,122.0,6,13.875,6,13.714285714285714,11.1,0.6,2.02,FEMME,NON,OUI,NON,OUI,NON,0
18,122.9,135.0,7,13.128,6,13.193333333333332,15.5,2.8,-4.06,FEMME,NON,OUI,NON,OUI,NON,0
20,117.2,128.0,6,11.605,7,12.4125,16.2,0.3,-0.92,FEMME,NON,OUI,NON,OUI,NON,0
18,152.0,139.0,5,14.6,5,12.0,12.7,3.7,-1.7,FEMME,OUI,OUI,NON,NON,NON,0
18,122.2,125.0,0,0.0,0,0.0,11.1,0.6,2.02,FEMME,NON,OUI,NON,OUI,NON,1
20,101.7,102.0,5,11.8,5,11.6,8.9,1.4,3.51,FEMME,OUI,OUI,NON,OUI,NON,0
20,119.9,116.0,6,12.333333333333334,6,12.333333333333334,12.4,0.5,1.79,FEMME,NON,OUI,NON,OUI,NON,0
19,123.7,138.0,4,11.0,0,0.0,11.1,0.6,2.02,FEMME,OUI,OUI,OUI,OUI,NON,1
19,121.8,135.0,11,13.181818181818182,11,12.909090909090908,11.1,0.6,2.02,FEMME,OUI,OUI,NON,NON,NON,0
18,106.1,110.0,1,11.0,0,0.0,12.7,3.7,-1.7,FEMME,OUI,NON,OUI,OUI,NON,1
19,124.3,132.0,6,11.833333333333334,6,12.285714285714286,15.5,2.8,-4.06,FEMME,OUI,OUI,OUI,OUI,NON,0
20,124.3,126.0,8,12.98125,8,12.98125,9.4,-0.8,-3.12,FEMME,OUI,OUI,NON,OUI,NON,0
21,117.4,117.4,6,11.333333333333334,5,11.2,11.1,0.6,2.02,FEMME,NON,OUI,NON,OUI,NON,0
21,112.7,120.0,6,11.68,6,11.68,10.8,1.4,1.74,FEMME,NON,OUI,NON,NON,NON,0
20,123.7,116.0,6,14.5,6,13.5,11.1,0.6,2.02,FEMME,NON,OUI,NON,NON,NON,0
19,105.8,111.0,7,13.142857142857142,7,12.857142857142858,8.9,1.4,3.51,FEMME,NON,OUI,NON,OUI,NON,0
21,124.2,128.0,2,11.5,2,10.5,7.6,2.6,0.32,FEMME,NON,NON,NON,NON,NON,1
18,122.3,123.0,5,14.2,5,11.8,7.6,2.6,0.32,FEMME,NON,OUI,NON,NON,NON,0
19,123.7,131.0,5,11.666666666666666,5,12.2,8.9,1.4,3.51,FEMME,OUI,OUI,NON,NON,NON,0
18,129.8,135.0,7,13.175,8,14.875,13.9,-0.3,0.79,FEMME,NON,OUI,NON,OUI,NON,0
19,123.8,136.0,7,13.314285714285717,7,13.314285714285717,12.7,3.7,-1.7,FEMME,OUI,OUI,NON,OUI,NON,0
18,126.4,132.0,3,10.6,3,10.5,13.9,-0.3,0.79,FEMME,OUI,OUI,NON,OUI,NON,0
18,115.1,120.0,4,12.0,4,10.75,15.5,2.8,-4.06,FEMME,OUI,OUI,NON,NON,NON,0
18,138.4,144.0,6,13.428571428571429,6,14.142857142857142,13.9,-0.3,0.79,FEMME,NON,OUI,NON,NON,NON,0
18,118.2,129.0,4,13.25,5,15.571428571428571,10.8,1.4,1.74,FEMME,OUI,OUI,NON,OUI,NON,0
18,121.7,136.0,2,13.0,0,0.0,12.4,0.5,1.79,FEMME,NON,OUI,NON,OUI,NON,1
18,118.0,125.0,6,14.333333333333334,6,14.0,11.1,0.6,2.02,FEMME,OUI,OUI,NON,NON,NON,0
18,119.8,125.0,0,0.0,0,0.0,11.1,0.6,2.02,FEMME,NON,OUI,NON,NON,NON,1
18,164.9,154.0,6,14.0,6,13.166666666666666,10.8,1.4,1.74,FEMME,NON,OUI,NON,NON,NON,0
20,100.0,100.0,2,12.0,6,12.833333333333334,13.9,-0.3,0.79,FEMME,OUI,OUI,NON,OUI,NON,0
18,121.6,124.0,5,12.333333333333334,5,10.6,15.5,2.8,-4.06,FEMME,NON,OUI,NON,NON,NON,0
18,120.4,126.0,5,11.8,5,10.4,16.2,0.3,-0.92,FEMME,NON,OUI,NON,OUI,NON,0
20,117.8,124.0,7,12.791428571428572,7,12.791428571428572,10.8,1.4,1.74,FEMME,OUI,OUI,NON,NON,NON,0
40,110.0,150.0,8,11.625,5,11.2,9.4,-0.8,-3.12,FEMME,NON,OUI,NON,NON,NON,0
18,128.8,133.0,6,11.994444444444444,7,12.43142857142857,15.5,2.8,-4.06,FEMME,OUI,OUI,NON,OUI,NON,0
19,116.6,126.0,5,11.6,5,12.2,13.9,-0.3,0.79,FEMME,NON,OUI,NON,OUI,NON,0
24,120.0,120.0,0,0.0,0,0.0,12.4,0.5,1.79,FEMME,NON,OUI,NON,NON,NON,1
19,157.5,175.0,6,13.166666666666666,6,13.166666666666666,10.8,1.4,1.74,FEMME,NON,OUI,NON,OUI,NON,1
19,136.3,141.0,7,14.1,7,14.1,10.8,1.4,1.74,FEMME,NON,OUI,NON,OUI,NON,0
20,121.5,133.0,6,12.396666666666668,7,12.94285714285714,11.1,0.6,2.02,FEMME,OUI,OUI,NON,OUI,NON,0
18,133.9,143.0,7,15.014285714285714,8,16.0875,12.4,0.5,1.79,FEMME,NON,OUI,NON,NON,NON,0
18,136.8,141.0,0,0.0,0,0.0,13.9,-0.3,0.79,FEMME,OUI,OUI,NON,OUI,NON,0
19,133.5,134.0,7,14.05,8,15.1,13.9,-0.3,0.79,FEMME,NON,OUI,NON,OUI,NON,0
18,130.0,138.0,7,14.85,8,15.2,13.9,-0.3,0.79,FEMME,NON,OUI,NON,OUI,NON,1
19,140.0,140.0,6,13.0,5,13.0,12.4,0.5,1.79,FEMME,NON,OUI,NON,OUI,NON,0
19,132.7,142.0,7,14.7875,8,15.8625,13.9,-0.3,0.79,FEMME,OUI,OUI,NON,OUI,NON,0
19,117.8,118.0,7,13.7,7,14.671428571428574,12.4,0.5,1.79,FEMME,OUI,OUI,NON,NON,NON,0
19,126.1,131.0,7,12.495714285714286,7,12.242857142857144,11.1,0.6,2.02,FEMME,OUI,OUI,NON,OUI,NON,1
19,120.0,130.0,6,14.566666666666668,6,14.566666666666668,7.6,2.6,0.32,FEMME,NON,OUI,NON,NON,NON,0
25,100.0,133.1,5,11.2,4,11.25,9.4,-0.8,-3.12,FEMME,NON,NON,OUI,OUI,NON,1
20,116.8,130.0,7,12.685714285714283,7,12.685714285714283,12.7,3.7,-1.7,FEMME,NON,OUI,NON,NON,NON,0
23,128.3,130.0,7,13.571428571428571,4,13.25,8.9,1.4,3.51,FEMME,NON,NON,OUI,NON,NON,1
20,117.0,133.1,0,0.0,0,0.0,15.5,2.8,-4.06,FEMME,NON,OUI,NON,NON,NON,1
27,131.5,130.0,5,11.0,6,11.166666666666666,11.1,0.6,2.02,FEMME,NON,OUI,NON,NON,NON,0
18,134.8,149.0,8,14.445,8,14.445,9.4,-0.8,-3.12,FEMME,NON,OUI,NON,NON,NON,0
18,146.6,163.0,5,13.6,4,11.75,9.4,-0.8,-3.12,FEMME,NON,OUI,OUI,OUI,NON,0
23,130.0,130.0,11,14.0,8,14.625,13.9,-0.3,0.79,FEMME,NON,NON,OUI,OUI,NON,1
19,127.5,145.0,6,13.416666666666666,6,13.416666666666666,7.6,2.6,0.32,FEMME,OUI,OUI,NON,OUI,NON,0
18,123.0,130.0,5,12.333333333333334,5,11.4,15.5,2.8,-4.06,FEMME,NON,OUI,NON,NON,NON,0
20,100.0,128.0,7,13.1,8,14.8125,13.9,-0.3,0.79,FEMME,NON,OUI,NON,OUI,NON,0
18,114.2,111.0,4,13.2,5,12.8,12.4,0.5,1.79,FEMME,NON,OUI,NON,OUI,NON,0
19,123.5,140.0,8,14.75,8,14.75,9.4,-0.8,-3.12,FEMME,OUI,OUI,NON,OUI,NON,0
19,144.3,140.0,6,13.142857142857142,6,14.333333333333334,12.4,0.5,1.79,FEMME,OUI,OUI,NON,OUI,NON,0
19,142.2,145.0,4,12.5,5,12.5,9.4,-0.8,-3.12,FEMME,NON,OUI,NON,NON,NON,0
18,161.9,151.0,4,13.75,5,14.857142857142858,7.6,2.6,0.32,FEMME,NON,OUI,NON,NON,NON,0
18,135.9,132.0,5,12.4,6,13.0,9.4,-0.8,-3.12,FEMME,NON,OUI,NON,NON,NON,0
18,110.1,116.0,6,13.333333333333334,6,12.0,11.1,0.6,2.02,FEMME,NON,OUI,NON,OUI,NON,0
28,122.5,120.0,11,11.727272727272728,8,12.0,15.5,2.8,-4.06,FEMME,NON,NON,NON,NON,NON,1
19,138.1,158.0,4,12.5,1,14.0,7.6,2.6,0.32,FEMME,NON,OUI,NON,OUI,NON,1
20,117.3,116.0,0,0.0,0,0.0,13.9,-0.3,0.79,FEMME,NON,OUI,OUI,OUI,NON,1
19,106.8,112.0,6,13.533333333333331,7,13.614285714285714,12.4,0.5,1.79,FEMME,OUI,OUI,NON,OUI,NON,0
20,120.1,126.0,6,13.166666666666666,6,12.666666666666666,11.1,0.6,2.02,FEMME,OUI,OUI,NON,NON,NON,0
19,116.5,120.0,5,13.2,5,11.0,12.4,0.5,1.79,FEMME,OUI,OUI,NON,OUI,NON,0
21,120.0,117.0,5,12.2,4,12.6,8.9,1.4,3.51,FEMME,NON,OUI,NON,OUI,NON,0
19,139.7,153.0,7,13.428571428571429,7,14.857142857142858,11.1,0.6,2.02,FEMME,OUI,OUI,NON,OUI,NON,0
18,123.7,124.0,6,12.714285714285714,6,12.625,13.9,-0.3,0.79,FEMME,OUI,OUI,NON,OUI,NON,0
19,116.5,127.0,0,0.0,0,0.0,15.5,2.8,-4.06,FEMME,NON,OUI,NON,NON,NON,1
19,122.2,126.0,6,13.666666666666666,6,13.666666666666666,8.9,1.4,3.51,FEMME,OUI,OUI,NON,NON,NON,0
20,146.0,133.1,5,11.0,6,13.166666666666666,16.2,0.3,-0.92,FEMME,NON,OUI,OUI,NON,NON,0
18,108.8,114.0,5,11.4,6,13.333333333333334,13.9,-0.3,0.79,FEMME,NON,OUI,NON,OUI,NON,0
18,133.0,133.0,0,0.0,0,0.0,15.5,2.8,-4.06,FEMME,NON,OUI,NON,NON,NON,0
18,123.8,130.0,4,12.0,5,12.0,7.6,2.6,0.32,FEMME,NON,OUI,NON,NON,NON,0
18,120.0,127.0,0,0.0,0,0.0,8.9,1.4,3.51,FEMME,NON,OUI,NON,NON,NON,1
18,126.9,143.0,5,11.0,6,11.666666666666666,7.6,2.6,0.32,FEMME,NON,OUI,NON,OUI,NON,0
20,121.3,130.0,5,12.0,6,11.571428571428571,15.5,2.8,-4.06,FEMME,NON,OUI,NON,OUI,NON,1
19,129.0,136.0,7,13.308571428571428,8,12.55,12.4,0.5,1.79,FEMME,OUI,OUI,NON,OUI,NON,0
21,114.9,125.0,3,13.666666666666666,3,10.666666666666666,15.5,2.8,-4.06,FEMME,NON,NON,OUI,OUI,NON,1
20,106.5,110.0,0,0.0,0,0.0,10.8,1.4,1.74,FEMME,NON,NON,OUI,OUI,NON,1
18,133.9,130.0,5,12.2,4,11.25,9.4,-0.8,-3.12,FEMME,NON,OUI,NON,OUI,NON,0
20,124.9,135.0,6,12.666666666666666,6,12.833333333333334,10.8,1.4,1.74,FEMME,OUI,OUI,NON,NON,NON,0
19,128.5,133.0,8,14.07125,8,14.07125,9.4,-0.8,-3.12,FEMME,OUI,OUI,NON,OUI,NON,0
22,126.2,122.0,4,14.25,5,13.2,9.4,-0.8,-3.12,FEMME,NON,OUI,NON,OUI,NON,1
22,121.7,122.0,0,0.0,0,0.0,9.4,-0.8,-3.12,FEMME,NON,NON,NON,OUI,NON,1
18,120.0,121.0,3,12.0,4,10.25,10.8,1.4,1.74,FEMME,NON,OUI,NON,OUI,NON,0
21,113.2,123.0,6,11.166666666666666,7,10.571428571428571,7.6,2.6,0.32,FEMME,NON,OUI,NON,NON,NON,0
19,120.3,128.0,2,13.0,5,11.6,7.6,2.6,0.32,FEMME,NON,OUI,NON,OUI,NON,0
19,127.8,139.0,0,0.0,0,0.0,10.8,1.4,1.74,FEMME,NON,OUI,NON,OUI,NON,1
20,123.3,124.0,7,14.901428571428571,7,14.901428571428571,9.4,-0.8,-3.12,FEMME,OUI,OUI,NON,OUI,NON,1
18,126.3,135.0,7,12.65,8,12.445555555555554,15.5,2.8,-4.06,FEMME,OUI,OUI,OUI,OUI,NON,0
22,128.2,110.0,7,11.0,5,10.6,8.9,1.4,3.51,FEMME,NON,NON,NON,NON,NON,1
20,134.9,138.0,4,12.4,5,12.666666666666666,7.6,2.6,0.32,FEMME,NON,OUI,NON,OUI,NON,0
19,140.0,140.0,6,12.0,6,12.666666666666666,12.4,0.5,1.79,FEMME,NON,OUI,NON,NON,NON,0
19,115.5,126.0,7,12.135714285714286,7,13.328571428571427,12.4,0.5,1.79,FEMME,OUI,OUI,NON,OUI,NON,0
20,106.7,113.0,5,12.62,6,12.5,11.1,0.6,2.02,FEMME,OUI,OUI,NON,OUI,NON,0
25,140.0,120.0,3,10.666666666666666,3,11.333333333333334,15.5,2.8,-4.06,FEMME,NON,OUI,NON,NON,NON,0
19,136.6,145.0,6,13.766666666666666,7,14.051428571428572,15.5,2.8,-4.06,FEMME,OUI,OUI,NON,NON,NON,0
19,119.3,124.0,8,13.11625,8,13.11625,9.4,-0.8,-3.12,FEMME,NON,OUI,NON,OUI,NON,0
19,152.0,160.0,0,0.0,0,0.0,10.8,1.4,1.74,FEMME,NON,NON,NON,OUI,NON,1
20,144.3,138.0,6,12.7,7,13.571428571428571,13.9,-0.3,0.79,FEMME,NON,OUI,NON,NON,NON,0
25,159.0,130.0,7,11.857142857142858,5,11.7,12.4,0.5,1.79,FEMME,NON,OUI,NON,OUI,NON,0
20,129.5,127.0,6,12.333333333333334,6,12.333333333333334,7.6,2.6,0.32,FEMME,OUI,OUI,NON,OUI,NON,0
24,140.0,170.0,4,15.75,5,16.4,9.4,-0.8,-3.12,FEMME,NON,OUI,NON,OUI,NON,0
20,105.4,111.0,5,13.333333333333334,5,13.2,7.6,2.6,0.32,FEMME,NON,OUI,NON,NON,NON,0
21,136.0,100.0,7,14.355555555555554,8,13.49375,15.5,2.8,-4.06,FEMME,NON,OUI,NON,OUI,NON,0
19,160.0,160.0,6,13.0,5,13.0,15.5,2.8,-4.06,FEMME,OUI,OUI,OUI,NON,NON,0
19,139.1,152.0,6,12.833333333333334,6,13.5,16.2,0.3,-0.92,FEMME,OUI,OUI,NON,NON,NON,0
21,126.9,144.0,5,13.2,4,13.0,9.4,-0.8,-3.12,FEMME,OUI,OUI,NON,NON,NON,0
28,184.0,133.8,7,17.005555555555556,8,16.582222222222224,15.5,2.8,-4.06,FEMME,NON,OUI,NON,NON,NON,0
19,125.0,125.0,5,10.6,5,11.0,10.8,1.4,1.74,FEMME,OUI,NON,OUI,OUI,NON,0
18,138.5,150.0,5,14.0,5,13.6,12.4,0.5,1.79,FEMME,OUI,OUI,NON,NON,NON,0
18,133.5,143.0,7,12.114285714285714,7,12.114285714285714,12.7,3.7,-1.7,FEMME,OUI,OUI,NON,OUI,NON,0
18,141.5,145.0,8,13.05875,8,13.05875,9.4,-0.8,-3.12,FEMME,OUI,OUI,NON,OUI,NON,0
22,130.0,120.0,7,13.285714285714286,7,13.285714285714286,12.7,3.7,-1.7,FEMME,NON,OUI,NON,OUI,NON,0
19,131.0,138.0,4,11.0,3,10.666666666666666,12.4,0.5,1.79,FEMME,NON,OUI,NON,OUI,NON,0
18,145.0,145.0,7,14.071428571428571,8,15.1625,13.9,-0.3,0.79,FEMME,OUI,OUI,NON,NON,NON,0
20,114.3,122.0,0,0.0,0,0.0,15.5,2.8,-4.06,FEMME,NON,NON,NON,NON,NON,1
26,108.3,110.0,4,11.25,3,11.0,12.4,0.5,1.79,FEMME,NON,NON,NON,NON,NON,1
18,125.2,136.0,6,14.0,6,13.625,10.8,1.4,1.74,FEMME,OUI,OUI,NON,OUI,NON,0
21,131.7,145.0,6,12.166666666666666,3,11.666666666666666,10.8,1.4,1.74,FEMME,OUI,OUI,NON,OUI,NON,1
18,126.3,141.0,7,13.297142857142855,7,13.297142857142855,10.8,1.4,1.74,FEMME,NON,OUI,NON,OUI,NON,0
20,147.6,149.0,6,13.923076923076923,6,14.25,15.5,2.8,-4.06,FEMME,NON,OUI,NON,OUI,NON,0
18,125.1,130.0,7,13.37,7,12.833333333333334,15.5,2.8,-4.06,FEMME,NON,OUI,NON,OUI,NON,0
19,123.8,121.0,5,12.4,3,11.0,12.7,3.7,-1.7,FEMME,OUI,OUI,NON,NON,NON,0
20,130.8,128.0,4,15.0,4,13.75,7.6,2.6,0.32,FEMME,NON,OUI,NON,OUI,NON,1
18,154.1,152.0,6,13.333333333333334,6,12.571428571428571,12.7,3.7,-1.7,FEMME,OUI,OUI,OUI,NON,NON,0
20,122.6,132.0,3,12.0,4,12.625,10.8,1.4,1.74,FEMME,OUI,OUI,NON,OUI,NON,0
22,103.5,107.0,5,13.4,5,12.2,7.6,2.6,0.32,FEMME,NON,OUI,NON,OUI,NON,0
18,132.8,131.0,0,0.0,0,0.0,7.6,2.6,0.32,FEMME,NON,OUI,NON,OUI,NON,0
21,100.0,141.0,4,11.5,5,11.4,8.9,1.4,3.51,FEMME,NON,OUI,NON,NON,NON,0
18,115.8,120.0,6,12.0,6,12.166666666666666,13.9,-0.3,0.79,FEMME,NON,OUI,NON,NON,NON,0
18,133.8,148.0,7,13.485714285714284,7,13.485714285714284,12.7,3.7,-1.7,FEMME,NON,OUI,NON,NON,NON,0
18,118.5,130.0,6,12.0,6,11.285714285714286,8.9,1.4,3.51,FEMME,OUI,OUI,NON,NON,NON,0
19,150.3,145.0,0,0.0,0,0.0,15.5,2.8,-4.06,FEMME,NON,OUI,NON,OUI,NON,1
19,107.8,112.0,3,10.333333333333334,3,14.428571428571429,10.8,1.4,1.74,FEMME,NON,OUI,NON,OUI,NON,0
19,127.5,138.0,5,12.94,5,13.76,16.2,0.3,-0.92,FEMME,NON,OUI,NON,OUI,NON,0
19,120.5,135.0,7,13.258571428571427,7,13.258571428571427,10.8,1.4,1.74,FEMME,NON,OUI,NON,OUI,NON,0
19,117.3,118.0,4,12.25,4,12.0,8.9,1.4,3.51,FEMME,NON,OUI,NON,OUI,NON,0
19,120.6,123.0,3,11.666666666666666,1,10.0,10.8,1.4,1.74,FEMME,NON,NON,NON,OUI,NON,1
21,118.7,126.0,6,13.571428571428571,6,12.5,8.9,1.4,3.51,FEMME,OUI,OUI,NON,OUI,NON,0
20,130.8,150.0,5,11.8,5,11.833333333333334,15.5,2.8,-4.06,FEMME,OUI,OUI,NON,NON,OUI,0
20,112.6,121.0,5,14.2,5,13.285714285714286,11.1,0.6,2.02,FEMME,OUI,OUI,NON,OUI,NON,0
41,117.2,133.1,5,11.0,5,11.8,7.6,2.6,0.32,FEMME,NON,OUI,NON,NON,NON,0
32,130.0,130.0,4,13.625,7,12.6375,12.4,0.5,1.79,FEMME,NON,OUI,NON,OUI,NON,0
18,131.8,139.0,7,14.652857142857142,7,14.652857142857142,10.8,1.4,1.74,FEMME,NON,OUI,NON,OUI,NON,0
35,97.0,160.0,6,11.333333333333334,6,11.333333333333334,15.5,2.8,-4.06,FEMME,OUI,OUI,NON,NON,NON,0
32,130.0,110.0,4,13.7,0,0.0,16.2,0.3,-0.92,FEMME,NON,NON,OUI,NON,NON,1
37,148.0,140.0,11,13.727272727272728,8,14.75,12.4,0.5,1.79,FEMME,NON,OUI,NON,NON,NON,0
30,103.4,130.0,7,11.75,7,11.142857142857142,12.7,3.7,-1.7,FEMME,NON,OUI,NON,NON,NON,1
23,127.1,132.0,6,12.333333333333334,5,13.0,7.6,2.6,0.32,HOMME,NON,OUI,NON,NON,NON,0
20,124.0,139.0,6,14.0,6,13.857142857142858,15.5,2.8,-4.06,FEMME,OUI,OUI,NON,OUI,NON,1
21,121.4,135.0,4,11.5,4,11.75,9.4,-0.8,-3.12,HOMME,NON,OUI,NON,NON,NON,0
19,118.1,117.0,5,11.2,5,13.2,12.4,0.5,1.79,HOMME,NON,OUI,NON,NON,NON,0
18,121.3,137.0,7,15.07,7,15.07,10.8,1.4,1.74,HOMME,OUI,OUI,NON,OUI,NON,0
18,119.5,144.0,1,10.0,1,12.0,10.8,1.4,1.74,HOMME,NON,OUI,NON,NON,NON,1
24,115.2,130.0,4,12.0,5,12.666666666666666,12.4,0.5,1.79,HOMME,NON,OUI,NON,NON,NON,0
22,130.2,140.0,4,13.0,4,12.6,12.7,3.7,-1.7,HOMME,NON,OUI,NON,OUI,NON,0
18,130.0,130.0,4,11.0,3,11.25,16.2,0.3,-0.92,HOMME,NON,OUI,NON,OUI,NON,1
18,126.9,130.0,6,13.571428571428571,5,12.166666666666666,9.4,-0.8,-3.12,FEMME,NON,OUI,NON,OUI,NON,0
21,168.5,152.0,5,14.6,5,14.2,16.2,0.3,-0.92,HOMME,NON,OUI,NON,OUI,OUI,0
38,130.0,133.1,3,11.833333333333334,2,10.0,16.2,0.3,-0.92,FEMME,NON,OUI,OUI,NON,NON,1
19,122.8,140.0,7,12.625,8,12.5125,12.7,3.7,-1.7,FEMME,OUI,OUI,NON,NON,NON,0
36,110.0,133.1,4,11.5,3,12.333333333333334,16.2,0.3,-0.92,FEMME,NON,OUI,NON,NON,NON,1
18,127.1,140.0,4,13.25,4,10.5,12.7,3.7,-1.7,FEMME,NON,OUI,NON,OUI,NON,0
19,108.5,133.1,7,12.60625,6,11.9,12.4,0.5,1.79,FEMME,NON,OUI,NON,OUI,NON,0
21,138.2,140.0,8,13.75,5,13.2,8.9,1.4,3.51,FEMME,NON,NON,OUI,NON,NON,1
19,96.0,133.1,6,13.598333333333334,6,11.933333333333332,11.1,0.6,2.02,FEMME,NON,OUI,NON,OUI,NON,0
18,124.5,135.0,5,11.142857142857142,6,12.285714285714286,16.2,0.3,-0.92,FEMME,OUI,OUI,NON,NON,NON,0
45,120.0,120.0,11,12.7,10,12.96818181818182,13.9,-0.3,0.79,FEMME,NON,OUI,NON,OUI,NON,0
20,132.3,140.0,1,10.0,1,11.0,7.6,2.6,0.32,FEMME,NON,OUI,NON,OUI,NON,1
18,120.7,128.0,6,11.666666666666666,4,11.5,13.9,-0.3,0.79,FEMME,NON,OUI,OUI,OUI,NON,0
18,132.6,141.0,6,14.0,6,13.142857142857142,11.1,0.6,2.02,FEMME,OUI,OUI,NON,NON,NON,0
25,140.0,140.0,0,0.0,0,0.0,10.8,1.4,1.74,FEMME,NON,OUI,NON,NON,NON,1
19,124.5,139.0,7,12.04142857142857,7,12.04142857142857,10.8,1.4,1.74,FEMME,NON,OUI,NON,OUI,NON,0
18,142.0,142.0,0,0.0,0,0.0,13.9,-0.3,0.79,FEMME,OUI,OUI,NON,OUI,NON,0
39,130.0,130.0,13,13.76923076923077,12,14.583333333333334,13.9,-0.3,0.79,FEMME,NON,OUI,NON,NON,NON,0
29,144.0,130.0,18,15.444444444444445,13,15.307692307692308,15.5,2.8,-4.06,FEMME,NON,OUI,NON,NON,NON,0
18,128.5,125.0,6,11.5,7,12.714285714285714,13.9,-0.3,0.79,FEMME,NON,OUI,NON,OUI,NON,0
23,140.0,140.0,2,10.0,0,0.0,10.8,1.4,1.74,FEMME,NON,NON,NON,NON,NON,1
21,113.9,120.0,4,12.25,3,10.333333333333334,12.7,3.7,-1.7,FEMME,NON,OUI,NON,OUI,NON,1
18,137.2,147.0,6,14.5,6,15.166666666666666,10.8,1.4,1.74,FEMME,NON,NON,NON,NON,NON,0
23,140.0,140.0,6,15.571428571428571,6,16.375,12.4,0.5,1.79,FEMME,NON,OUI,NON,OUI,NON,0
18,152.3,161.0,6,15.571428571428571,6,14.714285714285714,11.1,0.6,2.02,FEMME,NON,OUI,NON,NON,NON,0
32,112.5,133.1,5,13.8,6,12.166666666666666,9.4,-0.8,-3.12,FEMME,NON,OUI,NON,NON,NON,0
29,101.0,150.0,3,10.666666666666666,2,14.8,10.8,1.4,1.74,FEMME,NON,NON,OUI,NON,NON,1
20,112.3,113.0,5,11.6,4,11.75,8.9,1.4,3.51,FEMME,OUI,OUI,OUI,OUI,NON,0
28,114.0,140.0,1,13.0,0,0.0,9.4,-0.8,-3.12,FEMME,NON,NON,NON,OUI,NON,1
27,130.0,130.0,3,12.0,4,13.625,10.8,1.4,1.74,FEMME,NON,OUI,NON,NON,NON,0
22,121.5,120.0,12,12.333333333333334,12,12.333333333333334,7.6,2.6,0.32,FEMME,NON,OUI,OUI,NON,NON,0
37,120.0,133.1,6,12.875,6,12.9,16.2,0.3,-0.92,FEMME,NON,OUI,OUI,NON,NON,0
28,130.0,130.0,1,11.0,0,0.0,12.7,3.7,-1.7,FEMME,NON,NON,NON,NON,NON,1
43,125.7,120.0,4,12.25,4,10.5,8.9,1.4,3.51,FEMME,NON,NON,OUI,NON,NON,1
32,128.0,140.0,0,0.0,0,0.0,10.8,1.4,1.74,FEMME,NON,NON,NON,OUI,NON,1
20,113.2,123.0,4,10.75,5,11.5,15.5,2.8,-4.06,FEMME,OUI,OUI,NON,NON,NON,0
35,120.0,133.1,8,13.63,8,13.63,9.4,-0.8,-3.12,FEMME,OUI,OUI,NON,NON,NON,0
21,117.8,130.0,3,13.0,4,11.5,7.6,2.6,0.32,FEMME,NON,OUI,NON,OUI,NON,0
18,121.3,126.0,6,13.533333333333331,7,12.228571428571428,12.4,0.5,1.79,FEMME,OUI,OUI,NON,OUI,NON,0
18,169.7,176.0,7,16.9,8,16.37777777777778,16.2,0.3,-0.92,FEMME,OUI,OUI,NON,NON,NON,0
18,117.7,124.0,5,12.0,4,12.0,16.2,0.3,-0.92,FEMME,NON,OUI,NON,OUI,NON,0
22,121.8,120.0,6,12.5,6,13.285714285714286,12.4,0.5,1.79,FEMME,NON,OUI,NON,OUI,NON,0
19,128.3,140.0,7,12.764285714285714,7,12.764285714285714,10.8,1.4,1.74,FEMME,NON,OUI,NON,OUI,NON,0
18,132.2,143.0,5,13.75,5,12.166666666666666,13.9,-0.3,0.79,FEMME,OUI,OUI,NON,OUI,NON,0
19,134.3,136.0,0,0.0,0,0.0,12.4,0.5,1.79,FEMME,NON,OUI,OUI,OUI,NON,1
18,123.4,132.0,7,14.604285714285712,8,15.68333333333333,11.1,0.6,2.02,FEMME,OUI,OUI,NON,NON,NON,0
31,121.7,133.1,0,0.0,0,0.0,16.2,0.3,-0.92,FEMME,NON,NON,OUI,NON,NON,1
33,130.0,100.0,5,13.833333333333334,6,12.5,9.4,-0.8,-3.12,FEMME,OUI,OUI,OUI,NON,NON,0
19,126.5,137.0,8,13.57625,8,13.57625,9.4,-0.8,-3.12,FEMME,OUI,OUI,NON,OUI,NON,0
18,159.7,153.0,6,15.142857142857142,6,15.833333333333334,12.7,3.7,-1.7,FEMME,OUI,OUI,NON,OUI,NON,0
23,151.3,160.0,3,10.666666666666666,5,11.6,7.6,2.6,0.32,FEMME,NON,OUI,NON,NON,NON,0
20,138.0,145.0,5,11.2,6,12.0,9.4,-0.8,-3.12,FEMME,NON,OUI,NON,OUI,NON,0
18,126.5,137.0,8,13.76375,8,13.76375,9.4,-0.8,-3.12,FEMME,NON,OUI,NON,OUI,NON,0
21,140.0,140.0,8,13.25,5,12.2,8.9,1.4,3.51,FEMME,NON,OUI,OUI,OUI,NON,0
22,112.3,120.0,5,10.714285714285714,5,12.2,12.7,3.7,-1.7,FEMME,OUI,OUI,NON,NON,NON,0
20,127.3,122.0,6,12.166666666666666,6,11.666666666666666,9.4,-0.8,-3.12,FEMME,NON,OUI,OUI,OUI,NON,0
23,130.0,130.0,6,14.357142857142858,6,14.357142857142858,7.6,2.6,0.32,FEMME,NON,OUI,NON,OUI,NON,0
19,115.0,133.1,6,12.833333333333334,6,12.666666666666666,16.2,0.3,-0.92,FEMME,NON,OUI,NON,OUI,NON,0
19,131.5,150.0,7,13.925714285714283,7,13.925714285714283,10.8,1.4,1.74,FEMME,NON,OUI,NON,OUI,NON,0
26,125.7,133.1,2,12.0,3,11.0,10.8,1.4,1.74,FEMME,NON,OUI,NON,NON,NON,1
18,126.8,141.0,7,13.44285714285714,8,13.744444444444444,16.2,0.3,-0.92,FEMME,NON,OUI,NON,OUI,NON,0
18,132.4,146.0,1,16.0,0,0.0,9.4,-0.8,-3.12,HOMME,NON,OUI,NON,OUI,NON,1
20,150.0,150.0,6,13.125,6,13.2,16.2,0.3,-0.92,HOMME,NON,OUI,NON,OUI,NON,0
19,95.0,133.1,0,0.0,0,0.0,15.5,2.8,-4.06,HOMME,NON,OUI,NON,NON,NON,1
32,128.2,120.0,5,11.4,4,11.0,10.8,1.4,1.74,HOMME,NON,NON,NON,NON,NON,1
31,130.0,150.0,2,11.0,3,11.666666666666666,9.4,-0.8,-3.12,HOMME,NON,NON,NON,NON,NON,1
25,100.0,133.1,1,11.0,1,10.0,13.9,-0.3,0.79,HOMME,NON,OUI,NON,NON,NON,0
21,159.9,140.0,5,13.666666666666666,5,13.0,16.2,0.3,-0.92,FEMME,NON,OUI,NON,OUI,NON,0
31,100.0,140.0,4,11.75,1,10.0,12.7,3.7,-1.7,FEMME,NON,NON,NON,NON,NON,1
34,116.5,133.1,1,10.0,1,13.0,16.2,0.3,-0.92,FEMME,NON,OUI,NON,NON,NON,1
18,120.0,128.0,6,13.5,6,12.833333333333334,11.1,0.6,2.02,FEMME,OUI,OUI,NON,NON,NON,0
19,117.0,117.0,0,0.0,0,0.0,12.4,0.5,1.79,FEMME,NON,OUI,OUI,OUI,NON,1
21,140.0,140.0,1,12.0,1,11.0,8.9,1.4,3.51,FEMME,NON,OUI,OUI,OUI,NON,0
18,118.1,124.0,3,13.0,5,11.8,9.4,-0.8,-3.12,FEMME,NON,NON,NON,OUI,NON,1
20,153.5,158.0,6,14.833333333333334,6,16.0,11.1,0.6,2.02,FEMME,NON,OUI,NON,OUI,NON,0
20,127.9,137.0,6,11.833333333333334,6,12.857142857142858,15.5,2.8,-4.06,FEMME,NON,OUI,NON,OUI,NON,0
18,118.8,123.0,5,12.0,5,12.333333333333334,11.1,0.6,2.02,FEMME,OUI,OUI,NON,OUI,NON,0
19,126.7,126.0,4,12.75,6,11.333333333333334,7.6,2.6,0.32,FEMME,NON,OUI,NON,OUI,NON,0
19,170.0,170.0,0,0.0,4,14.75,12.7,3.7,-1.7,FEMME,NON,OUI,NON,OUI,NON,0
30,110.0,133.1,0,0.0,1,10.0,11.1,0.6,2.02,FEMME,OUI,OUI,NON,OUI,NON,1
19,115.0,115.0,6,12.0,6,12.857142857142858,11.1,0.6,2.02,FEMME,NON,OUI,NON,OUI,NON,0
19,119.0,132.0,7,11.677777777777775,8,13.8,12.7,3.7,-1.7,FEMME,NON,OUI,NON,OUI,NON,0
19,121.8,132.0,7,13.6,7,13.6,12.7,3.7,-1.7,FEMME,OUI,OUI,NON,OUI,NON,0
19,133.4,143.0,6,16.0,6,15.875,12.4,0.5,1.79,FEMME,NON,OUI,NON,OUI,NON,0
20,131.4,137.0,5,11.8,6,11.5,7.6,2.6,0.32,FEMME,NON,OUI,NON,OUI,NON,0
25,135.0,130.0,0,0.0,2,14.0,13.9,-0.3,0.79,HOMME,NON,OUI,OUI,NON,NON,1
19,122.8,121.0,0,0.0,0,0.0,12.4,0.5,1.79,HOMME,NON,OUI,NON,NON,NON,1
34,140.0,130.0,6,16.142857142857142,6,16.2,9.4,-0.8,-3.12,FEMME,OUI,OUI,OUI,NON,NON,0
18,125.3,135.0,7,11.785714285714286,7,11.785714285714286,12.7,3.7,-1.7,FEMME,OUI,OUI,NON,OUI,NON,0
18,126.3,137.0,8,13.42375,8,13.42375,9.4,-0.8,-3.12,FEMME,OUI,OUI,NON,OUI,NON,0
20,100.0,100.0,6,12.5,5,14.166666666666666,11.1,0.6,2.02,FEMME,NON,OUI,NON,NON,NON,0
20,121.3,127.0,7,12.464285714285714,7,12.464285714285714,10.8,1.4,1.74,FEMME,OUI,OUI,NON,OUI,NON,0
23,135.0,140.0,8,12.375,5,12.6,8.9,1.4,3.51,FEMME,NON,OUI,OUI,NON,NON,0
28,120.0,140.0,1,10.0,0,0.0,10.8,1.4,1.74,FEMME,NON,OUI,NON,NON,NON,1
18,113.7,121.0,5,12.6,6,12.428571428571429,15.5,2.8,-4.06,FEMME,NON,OUI,NON,NON,NON,0
19,129.7,131.0,5,12.6,4,12.4,16.2,0.3,-0.92,FEMME,NON,OUI,NON,OUI,NON,0
34,132.1,151.0,2,10.0,4,12.0,7.6,2.6,0.32,FEMME,NON,OUI,NON,OUI,NON,1
35,120.3,130.0,0,0.0,0,0.0,8.9,1.4,3.51,FEMME,NON,OUI,NON,NON,NON,1
32,120.0,120.0,5,11.6,5,12.333333333333334,12.4,0.5,1.79,FEMME,NON,OUI,NON,NON,NON,0
19,123.1,136.0,6,12.166666666666666,6,13.5,11.1,0.6,2.02,FEMME,NON,OUI,NON,OUI,NON,0
18,119.4,125.0,4,13.6,5,12.666666666666666,11.1,0.6,2.02,FEMME,NON,OUI,NON,OUI,NON,0
35,140.0,133.1,4,12.5,5,11.8,9.4,-0.8,-3.12,FEMME,NON,NON,NON,NON,NON,1
24,116.5,133.1,4,12.25,4,11.5,12.4,0.5,1.79,HOMME,OUI,OUI,NON,NON,NON,0
20,113.0,120.0,6,11.714285714285714,6,12.625,13.9,-0.3,0.79,FEMME,OUI,OUI,NON,OUI,NON,0
18,133.9,143.0,6,13.5,6,13.0,16.2,0.3,-0.92,HOMME,OUI,OUI,NON,OUI,OUI,0
20,115.5,133.1,7,13.024285714285714,7,13.024285714285714,10.8,1.4,1.74,HOMME,OUI,OUI,NON,OUI,NON,0
18,116.5,121.0,0,0.0,0,0.0,9.4,-0.8,-3.12,HOMME,NON,NON,NON,OUI,NON,1
18,171.2,168.0,5,17.333333333333332,5,18.571428571428573,12.4,0.5,1.79,HOMME,OUI,OUI,NON,NON,NON,0
20,119.1,124.0,4,11.0,4,11.5,9.4,-0.8,-3.12,HOMME,OUI,OUI,NON,NON,NON,0
19,121.1,127.0,6,13.666666666666666,6,12.5,12.4,0.5,1.79,HOMME,NON,OUI,NON,OUI,NON,1
20,132.9,129.0,6,11.375,5,13.8,7.6,2.6,0.32,HOMME,OUI,OUI,NON,OUI,NON,0
19,132.8,137.0,6,12.833333333333334,6,11.833333333333334,10.8,1.4,1.74,HOMME,NON,OUI,NON,NON,NON,0
20,126.7,120.0,5,12.6,4,11.5,7.6,2.6,0.32,HOMME,NON,OUI,NON,OUI,NON,0
22,105.8,110.0,6,14.333333333333334,7,13.771428571428572,11.1,0.6,2.02,HOMME,NON,OUI,NON,OUI,NON,0
18,117.2,120.0,4,13.5,6,13.625,11.1,0.6,2.02,HOMME,OUI,OUI,NON,NON,NON,0
19,140.0,143.0,7,14.285714285714286,7,14.285714285714286,12.7,3.7,-1.7,HOMME,NON,OUI,NON,NON,NON,0
22,120.0,120.0,3,11.75,2,10.0,13.9,-0.3,0.79,HOMME,NON,OUI,NON,NON,NON,1
20,119.5,124.0,5,14.8,5,17.6,8.9,1.4,3.51,HOMME,NON,OUI,NON,OUI,OUI,0
34,153.9,168.0,0,0.0,0,0.0,12.4,0.5,1.79,HOMME,NON,NON,OUI,NON,NON,1
24,130.0,133.1,1,10.0,0,0.0,16.2,0.3,-0.92,HOMME,NON,OUI,NON,NON,NON,1
26,107.0,150.0,0,0.0,0,0.0,7.6,2.6,0.32,HOMME,NON,OUI,NON,OUI,NON,1
35,132.8,140.0,4,12.6,5,12.38,12.4,0.5,1.79,HOMME,NON,OUI,NON,NON,NON,1
22,127.5,145.0,5,12.428571428571429,5,11.8,7.6,2.6,0.32,HOMME,NON,OUI,NON,OUI,NON,0
26,123.3,118.0,4,10.0,3,12.0,9.4,-0.8,-3.12,HOMME,NON,OUI,NON,OUI,NON,0
19,122.0,123.0,3,12.333333333333334,0,0.0,8.9,1.4,3.51,HOMME,NON,OUI,NON,NON,NON,1
19,114.8,120.0,0,0.0,0,0.0,8.9,1.4,3.51,HOMME,NON,NON,NON,OUI,NON,1
20,140.0,140.0,0,0.0,0,0.0,15.5,2.8,-4.06,HOMME,NON,OUI,OUI,NON,NON,0
21,111.0,126.0,10,12.1,8,13.333333333333334,11.1,0.6,2.02,HOMME,NON,OUI,OUI,NON,NON,0
19,133.2,137.0,6,14.714285714285714,6,15.0,13.9,-0.3,0.79,FEMME,OUI,OUI,NON,OUI,NON,0
18,123.0,130.0,6,12.666666666666666,6,12.833333333333334,12.7,3.7,-1.7,FEMME,NON,OUI,NON,OUI,NON,0
23,150.0,150.0,12,14.384615384615383,10,13.3,8.9,1.4,3.51,FEMME,OUI,OUI,NON,NON,NON,0
18,132.3,147.0,5,13.4,5,12.2,12.7,3.7,-1.7,FEMME,OUI,OUI,NON,OUI,NON,0
18,126.0,140.0,7,13.314285714285717,7,13.314285714285717,12.7,3.7,-1.7,FEMME,NON,OUI,NON,OUI,NON,0
19,119.3,132.0,7,11.98857142857143,7,11.98857142857143,10.8,1.4,1.74,FEMME,NON,OUI,NON,OUI,NON,0
21,133.8,130.0,11,11.545454545454543,8,12.88888888888889,8.9,1.4,3.51,FEMME,NON,OUI,NON,OUI,NON,0
18,126.5,130.0,6,16.46153846153846,6,13.875,15.5,2.8,-4.06,FEMME,OUI,OUI,NON,OUI,NON,0
24,138.4,151.0,6,13.666666666666666,6,12.833333333333334,10.8,1.4,1.74,FEMME,OUI,OUI,NON,OUI,NON,0
18,129.0,144.0,7,12.65,8,13.411111111111111,16.2,0.3,-0.92,FEMME,NON,OUI,NON,OUI,NON,1
18,118.3,127.0,6,12.333333333333334,3,12.0,13.9,-0.3,0.79,FEMME,NON,OUI,NON,OUI,NON,0
20,129.8,131.0,6,14.37,7,14.65,12.4,0.5,1.79,FEMME,NON,OUI,NON,OUI,NON,0
19,113.6,123.0,3,12.0,4,11.75,9.4,-0.8,-3.12,FEMME,NON,OUI,NON,OUI,NON,0
18,128.3,130.0,3,12.0,3,10.666666666666666,7.6,2.6,0.32,FEMME,OUI,NON,NON,OUI,NON,1
19,130.0,130.0,4,12.0,3,11.0,10.8,1.4,1.74,FEMME,OUI,OUI,NON,NON,NON,1
19,121.9,131.0,5,12.6,5,11.2,10.8,1.4,1.74,FEMME,NON,OUI,NON,OUI,NON,0
18,129.4,135.0,6,12.166666666666666,6,12.333333333333334,10.8,1.4,1.74,FEMME,NON,OUI,OUI,NON,NON,0
20,115.3,123.0,6,13.5,6,14.0,11.1,0.6,2.02,FEMME,NON,OUI,NON,OUI,NON,0
18,125.5,145.0,8,13.76375,8,13.76375,9.4,-0.8,-3.12,FEMME,OUI,OUI,NON,OUI,NON,0
19,117.8,118.0,6,12.4,6,12.8,11.1,0.6,2.02,FEMME,OUI,OUI,NON,OUI,NON,0
18,118.7,125.0,4,10.666666666666666,2,12.0,13.9,-0.3,0.79,FEMME,NON,OUI,NON,OUI,NON,0
18,139.0,152.0,6,14.333333333333334,6,14.333333333333334,7.6,2.6,0.32,FEMME,NON,OUI,NON,OUI,NON,0
21,98.9,101.0,4,12.5,2,12.666666666666666,11.1,0.6,2.02,FEMME,NON,OUI,NON,OUI,NON,0
19,137.7,137.0,1,10.0,0,0.0,7.6,2.6,0.32,FEMME,NON,NON,OUI,OUI,NON,1
21,113.6,123.0,7,14.69625,8,14.622222222222224,12.4,0.5,1.79,FEMME,NON,OUI,NON,OUI,NON,0
18,113.4,120.0,4,11.5,3,13.75,11.1,0.6,2.02,FEMME,NON,OUI,NON,NON,NON,0
18,128.5,131.0,7,12.855555555555556,8,13.9125,12.7,3.7,-1.7,FEMME,OUI,OUI,NON,NON,NON,0
18,142.8,141.0,7,13.7,8,13.994444444444444,11.1,0.6,2.02,FEMME,NON,OUI,NON,NON,NON,0
23,137.7,144.0,0,0.0,1,12.0,10.8,1.4,1.74,FEMME,NON,NON,NON,NON,NON,1
20,103.5,107.0,3,11.2,4,12.0,16.2,0.3,-0.92,FEMME,NON,OUI,NON,OUI,NON,0
18,123.2,133.0,7,13.285714285714286,8,13.333333333333334,16.2,0.3,-0.92,FEMME,NON,OUI,NON,NON,NON,0
19,126.0,126.0,5,13.0,5,10.4,7.6,2.6,0.32,FEMME,NON,OUI,NON,OUI,NON,0
27,121.7,133.1,6,12.6,6,11.685714285714283,12.4,0.5,1.79,FEMME,OUI,OUI,NON,NON,NON,0
19,142.8,147.0,5,12.8,4,12.0,11.1,0.6,2.02,FEMME,OUI,NON,OUI,OUI,NON,0
21,120.0,120.0,5,11.5,5,11.0,15.5,2.8,-4.06,FEMME,NON,OUI,NON,OUI,NON,1
19,119.3,130.0,7,11.4,7,11.4,10.8,1.4,1.74,FEMME,OUI,OUI,NON,OUI,NON,0
21,121.0,120.0,6,12.333333333333334,6,11.333333333333334,13.9,-0.3,0.79,FEMME,OUI,OUI,NON,NON,NON,0
18,139.4,138.0,5,12.8,4,12.2,10.8,1.4,1.74,FEMME,NON,OUI,NON,OUI,NON,0
20,113.9,124.0,5,12.0,4,15.0,12.7,3.7,-1.7,FEMME,OUI,OUI,NON,OUI,NON,0
18,124.6,133.0,5,13.0,5,13.5,9.4,-0.8,-3.12,FEMME,OUI,OUI,NON,OUI,NON,0
18,123.8,122.0,6,11.833333333333334,6,11.0,12.7,3.7,-1.7,FEMME,OUI,NON,OUI,OUI,NON,1
18,126.3,138.0,6,14.0,6,13.333333333333334,8.9,1.4,3.51,FEMME,NON,OUI,NON,OUI,NON,0
18,120.4,134.0,6,12.333333333333334,6,13.5,16.2,0.3,-0.92,FEMME,OUI,OUI,NON,OUI,NON,0
19,120.5,128.0,5,13.04,7,12.5,12.4,0.5,1.79,FEMME,OUI,OUI,NON,OUI,NON,0
23,144.9,140.0,11,13.166666666666666,8,13.333333333333334,8.9,1.4,3.51,FEMME,NON,NON,OUI,OUI,NON,0
24,139.9,133.1,6,12.5,6,12.833333333333334,8.9,1.4,3.51,FEMME,OUI,OUI,NON,OUI,NON,0
19,133.3,142.0,0,0.0,0,0.0,10.8,1.4,1.74,FEMME,NON,OUI,NON,OUI,NON,0
18,126.0,141.0,7,15.657142857142857,7,15.657142857142857,12.7,3.7,-1.7,FEMME,NON,OUI,NON,OUI,NON,0
19,133.5,145.0,6,12.166666666666666,6,11.333333333333334,12.7,3.7,-1.7,FEMME,NON,OUI,NON,NON,NON,0
19,127.9,145.0,0,0.0,0,0.0,10.8,1.4,1.74,FEMME,NON,OUI,NON,OUI,NON,1
20,105.9,108.0,5,10.6,5,11.166666666666666,11.1,0.6,2.02,FEMME,OUI,OUI,NON,NON,NON,0
20,124.3,132.0,6,13.428571428571429,5,12.666666666666666,13.9,-0.3,0.79,FEMME,NON,OUI,NON,NON,NON,0
26,102.5,140.0,4,11.75,0,0.0,7.6,2.6,0.32,FEMME,NON,OUI,NON,NON,NON,1
36,97.0,133.1,0,0.0,0,0.0,15.5,2.8,-4.06,HOMME,NON,NON,OUI,NON,NON,1
19,134.7,128.0,0,0.0,0,0.0,10.8,1.4,1.74,HOMME,NON,NON,NON,NON,NON,1
27,113.8,120.0,0,0.0,0,0.0,15.5,2.8,-4.06,HOMME,NON,NON,NON,NON,NON,1
18,116.9,120.0,1,13.0,0,0.0,8.9,1.4,3.51,HOMME,NON,OUI,NON,NON,NON,1
18,124.0,139.0,7,13.331428571428573,7,13.331428571428573,10.8,1.4,1.74,HOMME,OUI,OUI,NON,OUI,NON,0
28,117.5,139.3,0,0.0,0,0.0,12.4,0.5,1.79,HOMME,NON,OUI,NON,NON,NON,1
21,154.8,150.0,0,0.0,0,0.0,12.4,0.5,1.79,HOMME,NON,OUI,NON,OUI,NON,0
19,141.0,138.0,6,13.7,6,13.7,7.6,2.6,0.32,HOMME,NON,OUI,NON,NON,NON,0
26,120.0,133.1,0,0.0,0,0.0,9.4,-0.8,-3.12,HOMME,NON,NON,OUI,NON,NON,1
20,133.6,136.0,9,13.454545454545457,6,13.875,11.1,0.6,2.02,HOMME,NON,OUI,NON,OUI,NON,1
19,122.0,134.0,7,12.2,7,12.2,12.7,3.7,-1.7,HOMME,NON,OUI,NON,OUI,NON,0
21,120.0,140.0,3,10.0,4,11.0,12.7,3.7,-1.7,HOMME,NON,OUI,NON,OUI,NON,1
23,114.2,110.0,5,13.0,6,12.857142857142858,8.9,1.4,3.51,HOMME,OUI,OUI,NON,NON,NON,0
29,95.5,133.1,6,12.0,6,14.0,11.1,0.6,2.02,HOMME,NON,OUI,NON,NON,NON,0
20,120.0,129.0,7,15.028571428571428,7,15.028571428571428,12.7,3.7,-1.7,HOMME,NON,OUI,NON,NON,NON,0
18,111.1,116.0,6,12.0,6,11.714285714285714,15.5,2.8,-4.06,HOMME,NON,OUI,NON,NON,NON,0
19,128.6,130.0,5,12.0,5,12.4,9.4,-0.8,-3.12,HOMME,NON,OUI,NON,OUI,NON,0
23,130.0,130.0,3,13.666666666666666,3,11.333333333333334,10.8,1.4,1.74,HOMME,NON,NON,NON,NON,NON,1
21,111.1,116.0,0,0.0,0,0.0,13.9,-0.3,0.79,HOMME,NON,OUI,NON,NON,NON,1
18,122.7,136.0,5,12.0,4,12.5,15.5,2.8,-4.06,HOMME,NON,OUI,NON,OUI,NON,0
18,134.4,147.0,0,0.0,0,0.0,10.8,1.4,1.74,HOMME,OUI,OUI,NON,OUI,NON,0
21,131.0,117.0,1,14.0,0,0.0,9.4,-0.8,-3.12,HOMME,NON,NON,OUI,OUI,NON,1
22,125.0,141.0,0,0.0,0,0.0,11.1,0.6,2.02,HOMME,NON,OUI,NON,NON,NON,1
21,106.0,133.1,7,12.375,5,12.583333333333334,8.9,1.4,3.51,HOMME,NON,OUI,NON,OUI,NON,0
32,128.0,133.1,0,0.0,0,0.0,16.2,0.3,-0.92,HOMME,NON,NON,NON,OUI,NON,1
27,120.0,120.0,18,11.421052631578949,13,11.076923076923077,15.5,2.8,-4.06,HOMME,NON,OUI,NON,OUI,NON,0
18,134.8,148.0,6,13.35,6,13.35,7.6,2.6,0.32,HOMME,NON,OUI,NON,OUI,NON,0
24,112.0,130.0,6,15.0,2,16.0,15.5,2.8,-4.06,HOMME,OUI,OUI,NON,OUI,NON,0
22,116.1,120.0,2,10.5,0,0.0,12.7,3.7,-1.7,HOMME,NON,OUI,NON,OUI,NON,1
22,120.0,120.0,0,0.0,0,0.0,10.8,1.4,1.74,HOMME,NON,NON,NON,OUI,NON,1
19,119.7,133.0,5,13.25,5,11.833333333333334,13.9,-0.3,0.79,HOMME,NON,OUI,NON,OUI,NON,0
19,117.1,129.0,0,0.0,0,0.0,7.6,2.6,0.32,HOMME,NON,OUI,NON,OUI,NON,1
21,112.4,118.0,4,11.5,3,10.6,10.8,1.4,1.74,HOMME,NON,OUI,NON,OUI,NON,0
18,131.0,140.0,8,13.88125,8,13.88125,9.4,-0.8,-3.12,FEMME,OUI,OUI,NON,OUI,NON,0
18,130.9,127.0,6,11.333333333333334,5,12.6,9.4,-0.8,-3.12,FEMME,NON,OUI,NON,OUI,NON,0
20,134.9,131.0,0,0.0,0,0.0,16.2,0.3,-0.92,FEMME,NON,OUI,OUI,OUI,NON,1
19,127.1,132.0,6,12.857142857142858,6,13.666666666666666,13.9,-0.3,0.79,FEMME,NON,OUI,NON,OUI,NON,0
19,110.2,113.0,5,11.6,6,12.5,8.9,1.4,3.51,FEMME,NON,OUI,OUI,OUI,NON,0
18,108.7,115.0,5,11.4,6,11.333333333333334,12.4,0.5,1.79,FEMME,OUI,OUI,NON,OUI,NON,0
20,138.0,133.1,6,13.333333333333334,6,13.0,16.2,0.3,-0.92,FEMME,NON,OUI,NON,OUI,NON,0
22,147.7,150.0,7,13.571428571428571,9,13.77777777777778,12.4,0.5,1.79,FEMME,OUI,OUI,OUI,NON,NON,0
31,123.0,133.1,6,11.833333333333334,7,12.228571428571428,12.4,0.5,1.79,FEMME,NON,OUI,NON,NON,NON,0
19,142.8,141.0,7,14.428571428571429,7,14.142857142857142,16.2,0.3,-0.92,FEMME,OUI,OUI,NON,NON,NON,0
18,138.3,140.0,0,0.0,0,0.0,12.4,0.5,1.79,FEMME,NON,OUI,NON,OUI,NON,0
18,125.2,136.0,6,12.285714285714286,5,12.4,8.9,1.4,3.51,FEMME,OUI,OUI,NON,OUI,NON,0
21,141.8,140.0,5,14.4,5,13.8,7.6,2.6,0.32,FEMME,NON,OUI,NON,NON,NON,0
18,130.6,143.0,7,13.15,8,15.06875,13.9,-0.3,0.79,FEMME,OUI,OUI,NON,OUI,NON,0
25,130.0,130.0,0,0.0,0,0.0,15.5,2.8,-4.06,HOMME,NON,NON,OUI,NON,OUI,1
21,100.0,133.1,0,0.0,0,0.0,11.1,0.6,2.02,HOMME,NON,OUI,OUI,NON,OUI,1
19,119.0,129.0,7,12.342857142857143,7,12.342857142857143,10.8,1.4,1.74,FEMME,OUI,OUI,NON,OUI,NON,0
19,124.3,132.0,5,12.2,5,10.8,10.8,1.4,1.74,FEMME,NON,OUI,NON,OUI,NON,0
22,122.2,118.0,4,10.5,1,11.0,7.6,2.6,0.32,FEMME,NON,OUI,NON,OUI,NON,1
19,150.0,150.0,5,10.6,5,11.6,12.4,0.5,1.79,HOMME,NON,OUI,NON,NON,NON,0
58,135.5,133.1,0,0.0,0,0.0,11.1,0.6,2.02,FEMME,NON,OUI,NON,NON,NON,1
19,127.3,122.0,4,11.25,6,12.0,10.8,1.4,1.74,FEMME,OUI,OUI,NON,OUI,NON,0
23,127.0,127.0,6,10.5,10,11.7,9.4,-0.8,-3.12,HOMME,NON,OUI,NON,OUI,OUI,0
19,126.9,122.0,4,11.0,3,11.666666666666666,9.4,-0.8,-3.12,FEMME,OUI,OUI,NON,OUI,NON,0
18,127.5,131.0,7,13.457142857142856,8,14.5125,13.9,-0.3,0.79,FEMME,NON,OUI,NON,OUI,NON,0
20,122.0,130.0,5,12.6,4,12.333333333333334,7.6,2.6,0.32,FEMME,NON,OUI,NON,NON,NON,0
18,115.8,130.0,0,0.0,0,0.0,12.7,3.7,-1.7,FEMME,NON,NON,NON,NON,NON,1
18,121.6,130.0,6,13.666666666666666,5,13.6,8.9,1.4,3.51,FEMME,NON,OUI,NON,NON,NON,0
18,116.4,122.0,5,11.6,5,11.8,11.1,0.6,2.02,FEMME,OUI,OUI,OUI,OUI,NON,0
24,120.0,114.0,6,12.571428571428571,5,12.833333333333334,11.1,0.6,2.02,FEMME,NON,OUI,NON,NON,NON,1
18,127.3,143.0,5,11.8,5,11.4,10.8,1.4,1.74,FEMME,NON,OUI,NON,OUI,NON,1
19,123.5,127.0,5,11.6,3,12.666666666666666,9.4,-0.8,-3.12,FEMME,OUI,OUI,NON,OUI,NON,0
19,125.6,141.0,6,11.333333333333334,6,11.833333333333334,8.9,1.4,3.51,FEMME,OUI,OUI,NON,OUI,NON,0
18,118.5,129.0,6,10.666666666666666,6,11.5,7.6,2.6,0.32,FEMME,NON,OUI,NON,OUI,NON,0
18,129.5,140.0,4,13.5,5,13.4,12.7,3.7,-1.7,FEMME,NON,OUI,NON,OUI,NON,0
19,134.6,137.0,0,0.0,0,0.0,10.8,1.4,1.74,FEMME,OUI,OUI,NON,OUI,NON,0
22,140.0,140.0,6,13.333333333333334,4,11.5,13.9,-0.3,0.79,FEMME,NON,OUI,NON,NON,NON,0
19,133.2,143.0,5,13.4,2,13.5,10.8,1.4,1.74,FEMME,NON,OUI,NON,OUI,NON,0
21,133.5,138.0,3,10.2,4,12.25,12.7,3.7,-1.7,FEMME,OUI,OUI,NON,OUI,NON,0
21,117.9,120.0,5,13.0,6,12.833333333333334,8.9,1.4,3.51,FEMME,OUI,OUI,NON,OUI,NON,0
18,128.0,144.0,7,12.90857142857143,7,12.90857142857143,10.8,1.4,1.74,FEMME,OUI,OUI,NON,OUI,NON,0
20,113.2,123.0,4,12.0,1,10.0,10.8,1.4,1.74,FEMME,NON,OUI,NON,OUI,NON,1
18,122.0,129.0,6,10.833333333333334,5,11.0,7.6,2.6,0.32,FEMME,OUI,OUI,NON,OUI,NON,0
19,156.9,152.0,6,15.333333333333334,6,15.833333333333334,12.7,3.7,-1.7,FEMME,NON,OUI,NON,OUI,NON,0
18,125.1,130.0,6,12.816666666666668,6,12.875,11.1,0.6,2.02,FEMME,OUI,OUI,NON,OUI,NON,0
26,100.0,133.1,6,13.0,2,14.0,11.1,0.6,2.02,HOMME,NON,NON,OUI,NON,OUI,1
19,160.0,160.0,2,13.5,2,11.0,8.9,1.4,3.51,FEMME,NON,OUI,OUI,NON,OUI,0
35,101.0,140.0,6,12.5,6,12.166666666666666,15.5,2.8,-4.06,FEMME,NON,OUI,NON,NON,NON,0
19,121.5,133.0,6,13.0,6,14.333333333333334,12.4,0.5,1.79,FEMME,OUI,OUI,NON,OUI,NON,0
18,126.8,138.0,4,11.75,5,12.571428571428571,10.8,1.4,1.74,HOMME,NON,OUI,NON,OUI,NON,0
19,132.9,142.0,4,12.5,4,14.25,7.6,2.6,0.32,HOMME,NON,OUI,NON,NON,NON,0
25,134.3,115.0,17,11.61111111111111,17,12.055555555555555,12.4,0.5,1.79,HOMME,NON,OUI,NON,OUI,NON,0
18,120.5,125.0,6,14.0,6,14.666666666666666,11.1,0.6,2.02,HOMME,NON,OUI,NON,OUI,NON,0
26,144.1,170.0,0,0.0,0,0.0,16.2,0.3,-0.92,HOMME,NON,NON,OUI,OUI,NON,1
34,100.0,140.0,5,13.8,5,13.833333333333334,9.4,-0.8,-3.12,HOMME,NON,OUI,NON,NON,NON,0
18,114.8,110.0,0,0.0,0,0.0,12.7,3.7,-1.7,HOMME,NON,NON,NON,OUI,NON,1
18,111.9,114.0,0,0.0,0,0.0,9.4,-0.8,-3.12,HOMME,NON,NON,NON,NON,NON,1
18,125.4,138.0,4,12.25,3,12.333333333333334,8.9,1.4,3.51,HOMME,OUI,OUI,NON,OUI,NON,1
20,140.0,140.0,3,11.5,3,13.666666666666666,12.4,0.5,1.79,HOMME,NON,OUI,NON,NON,NON,1
25,140.0,140.0,6,12.571428571428571,9,12.555555555555555,16.2,0.3,-0.92,HOMME,NON,OUI,NON,NON,NON,0
18,127.8,132.0,6,12.0,5,12.166666666666666,11.1,0.6,2.02,HOMME,NON,OUI,NON,NON,NON,1
19,131.6,148.0,11,12.0,12,12.307692307692308,15.5,2.8,-4.06,HOMME,NON,OUI,NON,OUI,NON,0
20,119.4,132.0,0,0.0,0,0.0,10.8,1.4,1.74,HOMME,NON,OUI,NON,OUI,NON,1
20,129.9,126.0,6,12.0,6,11.166666666666666,10.8,1.4,1.74,HOMME,OUI,OUI,NON,OUI,NON,0
20,114.0,121.0,4,11.6,4,12.25,7.6,2.6,0.32,HOMME,NON,OUI,NON,NON,NON,0
19,113.4,120.0,0,0.0,0,0.0,11.1,0.6,2.02,HOMME,OUI,OUI,NON,OUI,NON,1
20,117.8,123.0,5,12.0,4,13.0,8.9,1.4,3.51,HOMME,NON,OUI,NON,NON,NON,0
18,114.3,122.0,6,13.976666666666668,6,12.041666666666666,11.1,0.6,2.02,HOMME,NON,OUI,NON,OUI,NON,0
19,129.7,136.0,4,12.5,1,10.0,16.2,0.3,-0.92,HOMME,NON,OUI,NON,OUI,NON,0
20,112.0,119.0,0,0.0,0,0.0,9.4,-0.8,-3.12,HOMME,NON,NON,NON,OUI,NON,1
24,140.0,120.0,4,10.5,4,12.5,15.5,2.8,-4.06,HOMME,NON,OUI,NON,NON,NON,1
20,150.0,150.0,5,12.857142857142858,6,12.3,16.2,0.3,-0.92,HOMME,NON,OUI,NON,OUI,NON,0
19,122.4,121.0,3,11.666666666666666,4,12.0,9.4,-0.8,-3.12,HOMME,NON,OUI,NON,OUI,NON,0
23,150.0,140.0,2,13.0,1,10.0,8.9,1.4,3.51,HOMME,NON,OUI,NON,NON,NON,1
20,135.0,135.0,6,11.833333333333334,5,10.4,7.6,2.6,0.32,HOMME,NON,OUI,NON,OUI,NON,0
21,116.2,116.0,11,12.454545454545457,8,12.75,9.4,-0.8,-3.12,HOMME,NON,OUI,NON,NON,NON,0
20,120.4,120.0,3,11.0,0,0.0,10.8,1.4,1.74,HOMME,NON,OUI,NON,OUI,NON,1
21,122.9,126.0,4,13.2,4,14.25,7.6,2.6,0.32,HOMME,NON,OUI,NON,OUI,NON,0
18,155.0,170.0,6,15.5,6,14.166666666666666,11.1,0.6,2.02,HOMME,OUI,OUI,NON,NON,NON,0
18,123.4,123.0,6,12.333333333333334,6,13.666666666666666,11.1,0.6,2.02,HOMME,NON,OUI,NON,OUI,NON,0
18,124.2,120.0,5,12.0,4,11.4,13.9,-0.3,0.79,HOMME,NON,OUI,NON,OUI,NON,0
20,130.0,130.0,4,11.6,5,11.5,15.5,2.8,-4.06,HOMME,NON,OUI,NON,OUI,NON,0
18,126.2,130.0,6,11.333333333333334,6,12.285714285714286,16.2,0.3,-0.92,HOMME,OUI,OUI,NON,NON,NON,0
19,120.5,117.0,0,0.0,0,0.0,9.4,-0.8,-3.12,HOMME,NON,OUI,NON,OUI,NON,1
20,123.7,131.0,4,12.0,2,12.5,10.8,1.4,1.74,HOMME,NON,OUI,NON,OUI,NON,0
19,122.5,130.0,4,12.0,5,12.6,9.4,-0.8,-3.12,HOMME,NON,OUI,NON,NON,NON,0
33,139.2,133.0,2,12.5,2,11.5,12.7,3.7,-1.7,HOMME,NON,OUI,OUI,OUI,NON,1
21,131.2,128.0,12,13.666666666666666,11,13.0,8.9,1.4,3.51,HOMME,NON,OUI,NON,OUI,NON,0
25,120.0,133.1,2,14.5,0,0.0,15.5,2.8,-4.06,HOMME,NON,NON,OUI,NON,NON,1
20,116.7,123.0,4,13.2,0,0.0,12.4,0.5,1.79,HOMME,OUI,OUI,NON,OUI,NON,1
22,150.0,150.0,5,12.166666666666666,5,14.8,8.9,1.4,3.51,HOMME,OUI,OUI,NON,OUI,NON,1
39,117.5,133.1,4,11.25,6,11.333333333333334,10.8,1.4,1.74,FEMME,NON,OUI,NON,NON,NON,0
21,137.6,140.0,6,15.166666666666666,6,14.428571428571429,8.9,1.4,3.51,HOMME,OUI,OUI,NON,OUI,NON,0
19,124.3,126.0,6,11.166666666666666,4,13.4,16.2,0.3,-0.92,FEMME,OUI,OUI,NON,NON,NON,0
26,116.0,133.1,6,10.983333333333334,6,10.983333333333334,7.6,2.6,0.32,FEMME,OUI,OUI,NON,NON,NON,0
19,121.4,121.0,4,10.75,5,11.5,15.5,2.8,-4.06,FEMME,OUI,OUI,NON,OUI,NON,0
20,142.8,140.0,11,13.384615384615383,7,14.285714285714286,8.9,1.4,3.51,FEMME,OUI,NON,NON,OUI,NON,0
25,96.0,133.1,6,11.285714285714286,5,12.2,15.5,2.8,-4.06,FEMME,OUI,OUI,NON,OUI,NON,0
24,125.0,131.0,0,0.0,0,0.0,16.2,0.3,-0.92,HOMME,NON,OUI,NON,NON,NON,1
20,126.1,124.0,4,13.0,5,14.833333333333334,7.6,2.6,0.32,HOMME,NON,OUI,NON,OUI,NON,0
29,155.8,120.0,6,16.11111111111111,6,13.5,13.9,-0.3,0.79,HOMME,NON,OUI,NON,NON,NON,0
20,116.0,133.1,6,11.5,6,11.0,16.2,0.3,-0.92,HOMME,NON,OUI,NON,NON,NON,0
20,110.0,110.0,4,10.75,2,10.5,13.9,-0.3,0.79,HOMME,NON,OUI,NON,OUI,NON,1
24,97.2,133.1,4,11.6,5,13.0,11.1,0.6,2.02,HOMME,OUI,OUI,NON,OUI,NON,0
24,100.0,133.1,0,0.0,0,0.0,16.2,0.3,-0.92,HOMME,NON,OUI,OUI,NON,NON,1
23,140.0,140.0,5,13.8,5,14.142857142857142,11.1,0.6,2.02,HOMME,NON,OUI,NON,NON,NON,0
20,128.0,130.0,7,13.585714285714284,8,14.6875,15.5,2.8,-4.06,HOMME,NON,OUI,NON,OUI,NON,0
19,115.3,110.0,6,13.857142857142858,5,13.0,15.5,2.8,-4.06,HOMME,NON,OUI,NON,OUI,NON,0
28,150.0,140.0,5,12.0,6,12.333333333333334,11.1,0.6,2.02,HOMME,NON,OUI,NON,NON,NON,0
20,160.0,160.0,6,13.444444444444445,5,12.6,13.9,-0.3,0.79,HOMME,OUI,OUI,NON,OUI,NON,0
18,133.1,138.0,6,14.0,6,13.857142857142858,8.9,1.4,3.51,HOMME,NON,OUI,NON,NON,NON,0
20,119.0,126.0,1,12.0,0,0.0,10.8,1.4,1.74,HOMME,NON,OUI,OUI,OUI,NON,1
33,156.0,120.0,5,14.2,5,13.833333333333334,10.8,1.4,1.74,HOMME,NON,OUI,NON,OUI,NON,0
35,163.7,130.0,5,13.34,5,10.84,12.4,0.5,1.79,FEMME,NON,OUI,NON,NON,NON,0
27,130.0,130.0,7,12.457142857142856,7,12.457142857142856,12.7,3.7,-1.7,FEMME,NON,OUI,NON,NON,NON,0
19,123.1,122.0,3,11.0,3,12.0,9.4,-0.8,-3.12,FEMME,NON,NON,NON,OUI,NON,1
31,160.0,160.0,4,10.5,4,10.5,15.5,2.8,-4.06,FEMME,OUI,OUI,NON,NON,OUI,0
19,136.1,134.0,0,0.0,0,0.0,9.4,-0.8,-3.12,HOMME,NON,OUI,NON,OUI,NON,0
22,132.7,134.0,13,14.0,12,13.0,15.5,2.8,-4.06,HOMME,NON,OUI,NON,OUI,NON,0
39,128.2,140.0,0,0.0,0,0.0,12.7,3.7,-1.7,FEMME,NON,OUI,NON,NON,OUI,1
22,126.7,127.0,0,0.0,0,0.0,12.4,0.5,1.79,HOMME,NON,NON,NON,OUI,NON,1
47,150.0,133.1,4,10.0,4,12.5,9.4,-0.8,-3.12,HOMME,NON,OUI,NON,NON,NON,0
19,156.3,143.0,0,0.0,0,0.0,11.1,0.6,2.02,HOMME,OUI,OUI,NON,OUI,NON,0
19,116.1,115.0,6,13.5,6,14.333333333333334,12.4,0.5,1.79,FEMME,NON,OUI,NON,OUI,OUI,0
19,123.8,131.0,0,0.0,0,0.0,15.5,2.8,-4.06,FEMME,NON,OUI,NON,OUI,NON,1
21,153.0,146.0,17,13.38888888888889,17,14.88888888888889,11.1,0.6,2.02,FEMME,OUI,OUI,NON,OUI,NON,0
39,140.0,140.0,0,0.0,0,0.0,12.4,0.5,1.79,FEMME,NON,NON,NON,OUI,NON,1
19,131.9,135.0,12,13.583333333333334,11,13.583333333333334,8.9,1.4,3.51,HOMME,NON,OUI,NON,OUI,NON,0
20,141.4,133.0,0,0.0,0,0.0,13.9,-0.3,0.79,HOMME,OUI,OUI,NON,NON,NON,0
24,140.0,133.1,0,0.0,0,0.0,12.7,3.7,-1.7,HOMME,NON,NON,OUI,OUI,NON,1
27,115.0,120.0,1,10.0,0,0.0,12.7,3.7,-1.7,HOMME,NON,OUI,NON,OUI,NON,1
29,168.0,133.1,5,15.2,5,15.2,11.1,0.6,2.02,HOMME,NON,OUI,NON,NON,NON,0
20,101.3,130.0,4,12.8,0,0.0,12.4,0.5,1.79,HOMME,NON,OUI,NON,OUI,NON,1
21,122.6,125.0,5,11.166666666666666,4,11.0,9.4,-0.8,-3.12,HOMME,NON,OUI,NON,NON,NON,1
18,141.7,134.0,0,0.0,0,0.0,7.6,2.6,0.32,HOMME,NON,OUI,NON,OUI,NON,0
19,132.3,151.0,7,12.828571428571427,7,12.828571428571427,12.7,3.7,-1.7,HOMME,NON,OUI,NON,NON,NON,0
19,111.7,112.0,6,12.5,4,12.6,15.5,2.8,-4.06,HOMME,NON,NON,OUI,NON,NON,1
28,98.7,120.0,3,10.0,3,12.4,12.4,0.5,1.79,HOMME,OUI,OUI,NON,NON,NON,0
21,140.0,140.0,6,11.5,4,13.25,13.9,-0.3,0.79,FEMME,NON,NON,NON,OUI,OUI,0
23,140.0,140.0,7,11.328571428571427,7,11.328571428571427,12.7,3.7,-1.7,FEMME,NON,NON,OUI,OUI,OUI,1
39,100.7,133.1,2,13.0,3,13.0,15.5,2.8,-4.06,FEMME,NON,OUI,NON,NON,NON,0
18,133.8,143.0,6,13.033333333333331,6,13.033333333333331,7.6,2.6,0.32,FEMME,NON,OUI,NON,OUI,NON,0
59,100.0,133.1,6,12.166666666666666,4,11.75,11.1,0.6,2.02,FEMME,NON,OUI,NON,NON,OUI,0
30,180.0,180.0,4,14.5,3,16.2,13.9,-0.3,0.79,HOMME,NON,OUI,OUI,NON,NON,0
18,130.8,136.0,5,14.4,5,13.6,12.7,3.7,-1.7,FEMME,NON,OUI,NON,OUI,NON,0
41,140.0,140.0,4,12.25,6,12.5,9.4,-0.8,-3.12,FEMME,NON,OUI,NON,NON,NON,0
27,106.2,130.0,0,0.0,0,0.0,11.1,0.6,2.02,FEMME,NON,OUI,NON,OUI,NON,1
18,125.6,141.0,6,12.666666666666666,6,12.0,9.4,-0.8,-3.12,FEMME,OUI,OUI,NON,OUI,NON,0
20,117.5,121.0,2,12.0,3,11.666666666666666,10.8,1.4,1.74,FEMME,NON,NON,OUI,OUI,NON,1
32,122.5,120.0,0,0.0,0,0.0,12.7,3.7,-1.7,FEMME,NON,NON,NON,NON,NON,1
19,132.9,129.0,3,11.666666666666666,4,10.8,9.4,-0.8,-3.12,FEMME,NON,OUI,NON,OUI,NON,1
41,103.0,133.1,0,0.0,0,0.0,16.2,0.3,-0.92,FEMME,NON,OUI,NON,NON,NON,1
38,107.0,100.0,1,10.0,0,0.0,10.8,1.4,1.74,FEMME,NON,OUI,NON,NON,NON,1
35,100.0,133.1,0,0.0,0,0.0,8.9,1.4,3.51,HOMME,NON,OUI,NON,NON,OUI,1
27,100.0,133.1,4,12.25,3,12.0,7.6,2.6,0.32,FEMME,NON,OUI,NON,OUI,NON,1
19,131.3,139.0,4,12.0,6,12.5,7.6,2.6,0.32,FEMME,NON,OUI,NON,OUI,NON,0
18,122.2,125.0,5,12.6,5,11.8,11.1,0.6,2.02,FEMME,NON,NON,NON,NON,NON,0
39,118.4,133.1,0,0.0,0,0.0,7.6,2.6,0.32,FEMME,NON,NON,NON,NON,NON,1
37,100.0,100.0,0,0.0,0,0.0,10.8,1.4,1.74,FEMME,NON,NON,NON,NON,NON,1
37,110.0,110.0,0,0.0,0,0.0,12.7,3.7,-1.7,FEMME,NON,NON,NON,NON,NON,1
35,100.0,133.1,16,12.6875,13,12.0,9.4,-0.8,-3.12,FEMME,OUI,OUI,NON,NON,NON,0
49,106.2,123.0,10,10.4,6,10.666666666666666,12.7,3.7,-1.7,FEMME,NON,OUI,NON,NON,NON,0
52,110.0,110.0,14,10.466666666666669,12,10.923076923076923,13.9,-0.3,0.79,FEMME,NON,OUI,NON,NON,NON,0
18,122.3,130.0,5,14.333333333333334,5,13.0,9.4,-0.8,-3.12,FEMME,NON,OUI,NON,OUI,NON,0
30,112.5,133.1,6,14.666666666666666,6,14.333333333333334,10.8,1.4,1.74,FEMME,OUI,OUI,NON,NON,NON,0
21,98.1,97.0,7,12.835714285714284,8,14.23125,11.1,0.6,2.02,FEMME,NON,OUI,NON,OUI,NON,0
20,140.2,130.0,0,0.0,0,0.0,9.4,-0.8,-3.12,HOMME,NON,OUI,NON,OUI,NON,1
18,143.6,139.0,0,0.0,0,0.0,7.6,2.6,0.32,HOMME,NON,OUI,OUI,OUI,NON,0
19,134.6,150.0,0,0.0,0,0.0,7.6,2.6,0.32,HOMME,NON,OUI,NON,OUI,NON,1
18,126.8,141.0,8,13.24875,8,13.24875,9.4,-0.8,-3.12,HOMME,NON,OUI,NON,OUI,NON,0
20,100.0,133.1,7,12.857142857142858,4,12.75,8.9,1.4,3.51,HOMME,NON,OUI,NON,NON,OUI,0
21,130.0,137.0,5,13.6,4,14.25,12.4,0.5,1.79,FEMME,NON,OUI,NON,OUI,NON,0
22,113.6,116.0,3,14.0,5,12.4,11.1,0.6,2.02,FEMME,OUI,OUI,NON,OUI,NON,0
20,140.0,140.0,3,12.0,2,11.0,12.4,0.5,1.79,FEMME,NON,NON,OUI,OUI,NON,0
20,106.0,106.0,6,13.166666666666666,4,14.0,13.9,-0.3,0.79,FEMME,NON,OUI,NON,NON,NON,0
19,126.6,135.0,6,13.625,6,12.166666666666666,12.7,3.7,-1.7,FEMME,OUI,OUI,NON,OUI,NON,0
18,130.7,144.0,7,14.85,8,15.61111111111111,13.9,-0.3,0.79,FEMME,OUI,OUI,NON,OUI,NON,0
21,105.9,108.0,4,10.75,5,11.4,11.1,0.6,2.02,HOMME,NON,OUI,NON,OUI,NON,0
19,137.0,137.0,0,0.0,2,11.666666666666666,8.9,1.4,3.51,FEMME,NON,OUI,OUI,NON,OUI,0
37,100.0,133.1,0,0.0,0,0.0,13.9,-0.3,0.79,FEMME,NON,OUI,NON,NON,OUI,1
45,114.4,121.0,12,14.0,7,13.857142857142858,7.6,2.6,0.32,FEMME,NON,OUI,NON,OUI,NON,0
38,120.0,133.1,0,0.0,0,0.0,16.2,0.3,-0.92,HOMME,NON,NON,OUI,NON,NON,1
55,119.0,130.0,0,0.0,0,0.0,7.6,2.6,0.32,HOMME,NON,NON,NON,OUI,NON,1
28,110.0,133.1,5,13.0,4,11.75,13.9,-0.3,0.79,FEMME,NON,NON,OUI,NON,NON,1
46,120.0,120.0,8,12.375,5,12.4,8.9,1.4,3.51,FEMME,NON,OUI,NON,NON,NON,0
22,119.8,131.0,0,0.0,0,0.0,16.2,0.3,-0.92,FEMME,NON,OUI,NON,OUI,NON,0
46,135.6,133.1,5,11.4,4,13.75,12.4,0.5,1.79,FEMME,NON,OUI,NON,NON,NON,1
28,120.7,100.0,4,11.25,4,13.0,7.6,2.6,0.32,FEMME,NON,OUI,NON,NON,NON,0
18,136.3,131.0,3,13.0,3,12.0,7.6,2.6,0.32,FEMME,NON,NON,OUI,OUI,NON,1
18,164.3,158.0,0,0.0,0,0.0,10.8,1.4,1.74,HOMME,OUI,OUI,NON,OUI,NON,0
21,149.2,146.0,6,13.5,6,14.166666666666666,12.7,3.7,-1.7,HOMME,OUI,OUI,NON,OUI,NON,0
18,122.5,133.0,1,11.0,4,11.0,7.6,2.6,0.32,FEMME,NON,OUI,NON,OUI,NON,0
34,100.0,120.0,0,0.0,1,11.0,13.9,-0.3,0.79,FEMME,NON,OUI,NON,NON,NON,1
21,125.0,119.0,5,12.0,5,11.2,10.8,1.4,1.74,FEMME,OUI,OUI,NON,OUI,NON,1
18,131.0,132.0,5,13.0,6,13.0,15.5,2.8,-4.06,FEMME,OUI,OUI,NON,OUI,NON,0
20,122.0,130.0,0,0.0,0,0.0,7.6,2.6,0.32,HOMME,NON,OUI,NON,OUI,NON,0
18,131.3,132.0,4,12.0,4,12.25,9.4,-0.8,-3.12,FEMME,NON,OUI,NON,OUI,NON,0
21,117.0,133.1,5,11.166666666666666,3,10.8,12.4,0.5,1.79,HOMME,NON,OUI,NON,OUI,NON,0
19,118.0,119.0,2,10.5,1,12.0,10.8,1.4,1.74,HOMME,NON,OUI,NON,OUI,NON,1
22,126.0,134.0,6,12.666666666666666,6,12.166666666666666,7.6,2.6,0.32,HOMME,NON,OUI,NON,OUI,NON,0
23,120.0,120.0,1,11.0,0,0.0,15.5,2.8,-4.06,HOMME,NON,OUI,NON,NON,NON,1
19,155.6,172.0,0,0.0,0,0.0,9.4,-0.8,-3.12,HOMME,NON,OUI,NON,OUI,NON,1
18,122.8,120.0,4,11.5,2,10.333333333333334,10.8,1.4,1.74,HOMME,NON,OUI,NON,OUI,NON,0
19,127.3,129.0,0,0.0,0,0.0,9.4,-0.8,-3.12,HOMME,OUI,NON,OUI,OUI,NON,1
19,118.4,118.0,2,10.5,4,11.75,12.4,0.5,1.79,HOMME,NON,OUI,NON,OUI,NON,0
19,128.1,127.0,4,12.5,4,11.0,7.6,2.6,0.32,HOMME,NON,OUI,NON,NON,NON,0
22,99.0,133.1,6,12.833333333333334,6,12.5,16.2,0.3,-0.92,HOMME,NON,OUI,NON,OUI,NON,0
18,161.2,164.0,6,15.571428571428571,6,16.142857142857142,13.9,-0.3,0.79,HOMME,OUI,OUI,NON,NON,NON,0
18,140.9,136.0,4,12.0,5,11.8,9.4,-0.8,-3.12,HOMME,NON,OUI,NON,OUI,NON,1
19,111.1,117.0,4,11.25,3,11.333333333333334,16.2,0.3,-0.92,HOMME,NON,OUI,OUI,NON,NON,1
18,149.9,131.0,0,0.0,0,0.0,11.1,0.6,2.02,HOMME,NON,OUI,NON,OUI,NON,0
21,111.3,110.0,6,12.285714285714286,4,14.25,15.5,2.8,-4.06,HOMME,NON,OUI,NON,NON,NON,0
18,121.5,125.0,5,11.0,3,10.333333333333334,9.4,-0.8,-3.12,HOMME,NON,OUI,NON,OUI,NON,0
19,120.0,120.0,6,12.142857142857142,5,13.6,12.4,0.5,1.79,HOMME,NON,OUI,NON,OUI,NON,0
27,120.0,133.1,2,11.5,0,0.0,8.9,1.4,3.51,HOMME,NON,NON,OUI,NON,NON,1
20,130.0,130.0,11,12.545454545454543,8,11.625,8.9,1.4,3.51,HOMME,NON,OUI,OUI,OUI,NON,0
20,98.9,101.0,4,13.0,6,13.0,12.4,0.5,1.79,HOMME,NON,OUI,NON,OUI,NON,0
18,136.3,141.0,8,12.8875,8,12.8875,9.4,-0.8,-3.12,HOMME,NON,OUI,NON,OUI,NON,0
18,125.2,128.0,6,12.666666666666666,5,13.6,12.4,0.5,1.79,HOMME,NON,OUI,NON,OUI,NON,0
18,130.0,145.0,6,12.833333333333334,6,12.571428571428571,8.9,1.4,3.51,HOMME,NON,OUI,NON,OUI,NON,0
18,141.5,160.0,3,10.666666666666666,2,12.5,9.4,-0.8,-3.12,HOMME,NON,OUI,NON,OUI,NON,1
18,123.9,134.0,5,13.0,5,12.4,9.4,-0.8,-3.12,HOMME,NON,OUI,NON,OUI,NON,0
18,114.5,125.0,6,11.983333333333334,8,12.28125,16.2,0.3,-0.92,FEMME,NON,OUI,NON,OUI,NON,0
37,100.0,133.1,0,0.0,0,0.0,9.4,-0.8,-3.12,FEMME,NON,NON,NON,OUI,NON,1
36,110.5,120.0,6,11.833333333333334,6,11.5,10.8,1.4,1.74,FEMME,OUI,OUI,NON,NON,NON,0
26,101.0,133.1,3,12.666666666666666,2,11.0,15.5,2.8,-4.06,FEMME,NON,OUI,NON,OUI,NON,1
19,121.0,121.0,4,13.75,4,14.5,7.6,2.6,0.32,FEMME,NON,OUI,NON,NON,NON,0
24,95.0,120.0,5,11.4,5,11.8,15.5,2.8,-4.06,FEMME,NON,OUI,NON,OUI,NON,1
19,126.9,130.0,6,13.166666666666666,6,13.0,11.1,0.6,2.02,FEMME,OUI,OUI,NON,OUI,OUI,1
20,116.3,130.0,6,12.833333333333334,5,11.8,12.7,3.7,-1.7,FEMME,OUI,OUI,NON,OUI,NON,0
19,120.0,128.0,6,14.125,5,14.5,11.1,0.6,2.02,FEMME,NON,OUI,NON,OUI,NON,0
21,123.6,126.0,3,11.666666666666666,5,13.0,10.8,1.4,1.74,FEMME,NON,OUI,NON,OUI,NON,0
50,150.0,120.0,6,10.25,4,11.25,12.7,3.7,-1.7,FEMME,NON,NON,NON,NON,NON,1
47,120.0,100.0,6,12.514285714285716,4,11.75,12.7,3.7,-1.7,FEMME,NON,OUI,NON,NON,NON,1
24,111.3,120.0,10,11.5,9,10.444444444444445,16.2,0.3,-0.92,FEMME,NON,OUI,NON,NON,NON,1
48,150.0,110.0,1,10.0,0,0.0,15.5,2.8,-4.06,FEMME,NON,NON,NON,NON,NON,1
18,123.2,127.0,6,15.714285714285714,5,12.77777777777778,12.4,0.5,1.79,FEMME,OUI,OUI,NON,OUI,NON,0
32,130.0,130.0,4,12.5,4,11.0,9.4,-0.8,-3.12,HOMME,NON,OUI,NON,OUI,NON,1
20,137.9,141.0,3,12.0,4,12.75,7.6,2.6,0.32,HOMME,NON,NON,NON,OUI,NON,1
24,100.0,120.0,0,0.0,0,0.0,16.2,0.3,-0.92,HOMME,NON,OUI,OUI,NON,NON,1
53,120.0,133.1,4,12.25,4,11.75,9.4,-0.8,-3.12,HOMME,NON,OUI,NON,NON,NON,0
42,131.0,133.1,0,0.0,0,0.0,13.9,-0.3,0.79,HOMME,NON,NON,OUI,NON,NON,1
52,133.8,133.1,5,13.6,5,14.2,7.6,2.6,0.32,HOMME,NON,OUI,NON,OUI,NON,0
54,100.0,130.0,13,13.307692307692308,11,12.818181818181818,12.7,3.7,-1.7,HOMME,NON,OUI,NON,NON,NON,0
49,150.0,110.0,5,12.2,5,11.8,15.5,2.8,-4.06,HOMME,NON,OUI,NON,NON,NON,0
18,126.4,125.0,6,12.285714285714286,6,13.333333333333334,16.2,0.3,-0.92,HOMME,OUI,OUI,NON,NON,NON,0
37,154.0,130.0,3,12.0,4,13.0,10.8,1.4,1.74,HOMME,NON,OUI,NON,OUI,NON,0
21,114.9,121.0,6,13.342857142857143,7,11.65,12.4,0.5,1.79,HOMME,OUI,OUI,NON,NON,NON,0
26,110.0,133.1,0,0.0,0,0.0,9.4,-0.8,-3.12,HOMME,NON,OUI,OUI,NON,NON,1
20,149.8,147.0,11,14.272727272727272,11,14.818181818181818,16.2,0.3,-0.92,HOMME,NON,OUI,NON,OUI,NON,0
19,117.9,128.0,7,12.1375,8,12.91111111111111,12.4,0.5,1.79,FEMME,OUI,OUI,NON,OUI,NON,0
18,165.8,164.0,6,14.166666666666666,6,14.857142857142858,9.4,-0.8,-3.12,FEMME,NON,OUI,NON,OUI,NON,0
18,127.6,137.0,7,13.528571428571428,8,14.655555555555557,12.4,0.5,1.79,FEMME,NON,OUI,NON,OUI,NON,0
20,123.8,122.0,5,12.0,6,11.0,10.8,1.4,1.74,FEMME,NON,OUI,NON,NON,NON,0
20,126.1,124.0,5,11.4,1,11.0,10.8,1.4,1.74,FEMME,NON,OUI,NON,OUI,NON,1
21,119.7,120.0,0,0.0,0,0.0,8.9,1.4,3.51,FEMME,NON,OUI,NON,OUI,NON,1
22,121.6,117.0,12,12.916666666666666,11,14.5,8.9,1.4,3.51,FEMME,NON,OUI,NON,OUI,NON,0
18,100.0,140.0,7,13.6375,8,14.3875,13.9,-0.3,0.79,FEMME,OUI,OUI,NON,NON,NON,0
18,127.6,130.0,7,12.9,7,12.142857142857142,15.5,2.8,-4.06,FEMME,NON,OUI,NON,OUI,NON,1
19,132.5,138.0,7,14.36,7,14.36,10.8,1.4,1.74,FEMME,OUI,OUI,NON,OUI,NON,0
19,124.3,141.0,7,14.514285714285714,7,14.514285714285714,12.7,3.7,-1.7,FEMME,NON,OUI,NON,NON,NON,0
18,131.0,142.0,7,14.7,7,14.7,10.8,1.4,1.74,FEMME,NON,OUI,NON,OUI,NON,0
27,120.0,120.0,5,15.2,5,14.0,11.1,0.6,2.02,FEMME,NON,OUI,NON,NON,NON,0
20,113.3,122.0,7,13.0,8,15.0625,12.4,0.5,1.79,FEMME,OUI,OUI,NON,OUI,NON,0
20,121.9,131.0,6,13.5,0,0.0,12.7,3.7,-1.7,FEMME,NON,OUI,NON,OUI,NON,1
20,118.3,120.0,5,12.333333333333334,5,12.6,9.4,-0.8,-3.12,FEMME,NON,OUI,NON,OUI,NON,0
19,118.8,131.0,5,13.4,5,13.0,16.2,0.3,-0.92,FEMME,NON,OUI,NON,NON,NON,0
20,129.0,130.0,4,11.75,2,10.5,7.6,2.6,0.32,FEMME,NON,OUI,NON,NON,NON,0
20,143.3,120.0,0,0.0,0,0.0,7.6,2.6,0.32,FEMME,OUI,OUI,NON,OUI,NON,0
20,152.5,136.0,0,0.0,0,0.0,13.9,-0.3,0.79,FEMME,NON,OUI,NON,OUI,NON,0
27,155.7,160.0,11,14.727272727272728,7,14.142857142857142,8.9,1.4,3.51,FEMME,NON,OUI,NON,OUI,NON,0
18,153.9,157.0,6,16.571428571428573,6,15.666666666666666,13.9,-0.3,0.79,FEMME,NON,OUI,NON,OUI,NON,0
18,137.8,150.0,7,15.145,8,15.7425,15.5,2.8,-4.06,FEMME,NON,OUI,NON,NON,NON,0
18,143.3,148.0,7,13.44285714285714,8,15.075,13.9,-0.3,0.79,FEMME,OUI,OUI,NON,NON,NON,0
20,123.2,120.0,5,14.166666666666666,4,11.75,9.4,-0.8,-3.12,FEMME,NON,OUI,NON,NON,NON,0
19,138.1,150.0,6,14.0,5,15.0,11.1,0.6,2.02,FEMME,NON,OUI,NON,OUI,NON,0
20,140.5,158.0,6,11.333333333333334,6,12.333333333333334,10.8,1.4,1.74,FEMME,OUI,OUI,NON,NON,NON,0
18,130.0,145.0,8,13.76125,8,13.76125,9.4,-0.8,-3.12,FEMME,NON,OUI,NON,OUI,NON,0
22,104.8,100.0,5,11.6,5,10.0,12.4,0.5,1.79,FEMME,NON,NON,OUI,NON,NON,1
22,132.5,136.0,4,12.75,5,13.0,13.9,-0.3,0.79,FEMME,OUI,OUI,OUI,NON,NON,0
25,127.7,133.1,4,12.5,4,11.0,13.9,-0.3,0.79,FEMME,NON,OUI,NON,NON,NON,0
19,136.5,148.0,6,15.307692307692308,6,14.0,15.5,2.8,-4.06,FEMME,NON,OUI,NON,NON,NON,0
21,130.0,130.0,5,13.285714285714286,4,12.0,16.2,0.3,-0.92,FEMME,NON,NON,NON,OUI,NON,1
27,190.0,130.0,7,14.757142857142856,8,14.077777777777778,16.2,0.3,-0.92,FEMME,NON,OUI,NON,OUI,NON,0
18,128.5,136.0,6,12.766666666666666,6,12.766666666666666,7.6,2.6,0.32,FEMME,NON,OUI,NON,OUI,NON,0
18,126.6,122.0,5,10.4,0,0.0,10.8,1.4,1.74,FEMME,NON,NON,NON,NON,NON,1
19,131.6,140.0,0,0.0,0,0.0,11.1,0.6,2.02,HOMME,NON,OUI,NON,OUI,NON,1
35,119.0,110.0,4,10.5,5,12.6,8.9,1.4,3.51,HOMME,OUI,OUI,NON,NON,NON,0
23,127.6,130.0,4,14.25,5,13.4,7.6,2.6,0.32,HOMME,NON,OUI,NON,NON,NON,0
28,100.0,133.1,3,11.916666666666666,0,0.0,16.2,0.3,-0.92,HOMME,NON,OUI,NON,NON,NON,1
19,124.5,128.0,3,10.666666666666666,2,14.0,7.6,2.6,0.32,HOMME,NON,OUI,NON,OUI,NON,0
19,109.3,117.0,4,12.25,3,12.666666666666666,7.6,2.6,0.32,HOMME,NON,OUI,NON,NON,NON,0
20,117.7,124.0,4,12.0,5,11.6,9.4,-0.8,-3.12,HOMME,NON,OUI,OUI,OUI,NON,1
21,124.7,124.0,3,11.0,4,12.75,7.6,2.6,0.32,HOMME,NON,OUI,NON,OUI,NON,1
18,124.5,128.0,6,14.166666666666666,5,13.0,10.8,1.4,1.74,HOMME,NON,OUI,NON,OUI,NON,0
22,140.8,125.0,6,14.666666666666666,6,15.0,9.4,-0.8,-3.12,HOMME,NON,OUI,NON,OUI,NON,0
21,111.9,121.0,0,0.0,5,12.285714285714286,10.8,1.4,1.74,HOMME,NON,OUI,NON,OUI,NON,0
38,140.0,140.0,3,12.666666666666666,0,0.0,13.9,-0.3,0.79,HOMME,NON,NON,OUI,NON,NON,1
20,121.2,124.0,0,0.0,0,0.0,10.8,1.4,1.74,HOMME,NON,OUI,NON,OUI,NON,0
19,123.8,136.0,0,0.0,0,0.0,7.6,2.6,0.32,HOMME,NON,OUI,NON,OUI,NON,1
24,134.0,140.8,0,0.0,0,0.0,7.6,2.6,0.32,HOMME,NON,OUI,NON,NON,NON,1
19,130.8,142.0,0,0.0,0,0.0,12.7,3.7,-1.7,HOMME,NON,NON,NON,OUI,NON,1
19,130.2,133.0,7,13.7,8,14.022222222222222,16.2,0.3,-0.92,HOMME,OUI,OUI,NON,OUI,NON,0
19,123.3,131.0,5,11.8,4,12.4,16.2,0.3,-0.92,HOMME,NON,OUI,NON,NON,NON,0
31,147.6,130.0,0,0.0,0,0.0,10.8,1.4,1.74,HOMME,NON,OUI,NON,NON,NON,1
19,113.4,120.0,6,13.333333333333334,6,13.285714285714286,8.9,1.4,3.51,HOMME,OUI,OUI,NON,OUI,NON,0
22,133.7,141.0,5,11.4,6,12.166666666666666,7.6,2.6,0.32,HOMME,NON,OUI,NON,OUI,NON,0
25,128.2,130.0,0,0.0,0,0.0,7.6,2.6,0.32,HOMME,NON,OUI,NON,NON,NON,1
18,161.0,168.0,7,16.142857142857142,0,0.0,16.2,0.3,-0.92,HOMME,NON,OUI,NON,OUI,NON,1
30,130.0,130.0,0,0.0,0,0.0,9.4,-0.8,-3.12,HOMME,NON,OUI,NON,OUI,NON,1
18,156.3,156.0,8,15.63375,8,15.63375,9.4,-0.8,-3.12,HOMME,OUI,OUI,NON,NON,NON,0
18,129.3,137.0,6,13.666666666666666,6,14.5,12.7,3.7,-1.7,HOMME,NON,OUI,NON,OUI,NON,0
18,129.3,131.0,0,0.0,0,0.0,7.6,2.6,0.32,HOMME,NON,OUI,NON,NON,NON,1
18,136.3,130.0,6,12.5,6,11.5,10.8,1.4,1.74,HOMME,NON,OUI,NON,OUI,NON,0
25,140.0,133.1,6,12.285714285714286,6,13.0,15.5,2.8,-4.06,HOMME,OUI,OUI,NON,NON,NON,0
18,135.9,131.0,2,14.0,3,11.0,7.6,2.6,0.32,HOMME,NON,OUI,NON,NON,NON,0
18,139.7,160.0,0,0.0,0,0.0,12.7,3.7,-1.7,HOMME,NON,OUI,NON,NON,NON,1
19,117.0,117.0,4,10.75,4,12.25,12.4,0.5,1.79,HOMME,NON,OUI,NON,OUI,NON,0
25,105.0,133.1,4,12.95,4,13.125,15.5,2.8,-4.06,HOMME,NON,OUI,NON,NON,NON,1
19,130.5,130.0,6,12.45,6,12.45,7.6,2.6,0.32,FEMME,NON,OUI,NON,OUI,NON,0
31,130.0,130.0,4,12.25,7,12.0,9.4,-0.8,-3.12,FEMME,NON,OUI,NON,NON,NON,0
20,131.5,137.0,8,13.38125,8,13.38125,9.4,-0.8,-3.12,FEMME,OUI,OUI,NON,OUI,NON,0
33,100.0,133.1,5,12.16,5,11.34,12.4,0.5,1.79,FEMME,NON,NON,NON,OUI,OUI,1
24,140.0,140.0,4,12.5,2,11.5,12.4,0.5,1.79,FEMME,NON,NON,OUI,NON,NON,0
18,130.2,140.0,6,12.75,6,12.166666666666666,12.7,3.7,-1.7,FEMME,OUI,OUI,NON,OUI,NON,0
19,133.5,135.0,8,13.3425,8,13.3425,9.4,-0.8,-3.12,FEMME,NON,OUI,NON,OUI,NON,0
20,133.2,140.0,7,14.175,6,13.03125,15.5,2.8,-4.06,FEMME,OUI,OUI,NON,OUI,NON,0
33,130.0,100.0,1,10.0,1,10.0,12.7,3.7,-1.7,HOMME,OUI,OUI,NON,NON,NON,0
24,129.0,160.0,0,0.0,2,14.5,7.6,2.6,0.32,HOMME,NON,OUI,NON,NON,NON,1
24,100.0,133.1,0,0.0,0,0.0,16.2,0.3,-0.92,HOMME,NON,OUI,NON,NON,NON,1
18,116.5,128.0,5,12.0,5,12.142857142857142,10.8,1.4,1.74,HOMME,NON,OUI,NON,OUI,NON,0
18,124.2,121.0,6,10.571428571428571,5,11.4,16.2,0.3,-0.92,FEMME,OUI,OUI,NON,OUI,NON,0
22,138.8,127.0,11,14.153846153846152,12,15.428571428571429,8.9,1.4,3.51,FEMME,NON,OUI,NON,OUI,NON,0
18,126.4,132.0,6,11.166666666666666,5,12.4,10.8,1.4,1.74,FEMME,OUI,OUI,NON,OUI,NON,0
21,151.9,147.0,17,12.0,17,12.666666666666666,11.1,0.6,2.02,FEMME,NON,OUI,NON,OUI,NON,0
38,120.0,110.0,3,11.333333333333334,4,12.0,9.4,-0.8,-3.12,FEMME,NON,OUI,NON,OUI,NON,1
29,131.9,142.0,16,12.588235294117649,13,13.357142857142858,9.4,-0.8,-3.12,FEMME,OUI,OUI,NON,NON,NON,0
20,130.0,130.0,4,12.0,4,10.75,16.2,0.3,-0.92,FEMME,OUI,OUI,NON,OUI,NON,0
18,131.7,131.0,0,0.0,0,0.0,12.7,3.7,-1.7,FEMME,NON,NON,NON,OUI,NON,1
37,132.5,110.0,12,12.25,13,12.846153846153848,9.4,-0.8,-3.12,HOMME,NON,OUI,NON,NON,NON,0
20,116.5,128.0,5,11.6,5,12.8,12.4,0.5,1.79,HOMME,NON,OUI,NON,NON,NON,0
20,133.9,136.0,4,13.0,3,12.0,10.8,1.4,1.74,HOMME,NON,NON,NON,OUI,NON,1
40,145.4,120.0,3,10.666666666666666,2,12.5,16.2,0.3,-0.92,HOMME,NON,OUI,OUI,NON,NON,1
44,172.0,140.0,9,12.333333333333334,9,11.0,12.4,0.5,1.79,HOMME,NON,OUI,NON,NON,NON,0
21,111.0,118.0,2,11.0,3,11.428571428571429,10.8,1.4,1.74,HOMME,NON,NON,NON,NON,NON,1
21,120.0,120.0,6,13.428571428571429,8,13.125,16.2,0.3,-0.92,HOMME,NON,OUI,NON,NON,NON,0
18,129.8,151.0,8,13.05375,8,13.05375,9.4,-0.8,-3.12,HOMME,NON,OUI,NON,OUI,NON,0
18,118.1,130.0,6,12.035714285714286,7,13.75,13.9,-0.3,0.79,HOMME,NON,OUI,NON,OUI,NON,0
27,130.0,140.0,6,14.166666666666666,6,13.833333333333334,11.1,0.6,2.02,HOMME,NON,OUI,NON,NON,NON,0
38,126.3,133.1,0,0.0,0,0.0,10.8,1.4,1.74,HOMME,NON,NON,NON,NON,NON,1
18,137.8,146.0,5,13.6,3,12.666666666666666,13.9,-0.3,0.79,HOMME,NON,OUI,NON,NON,NON,1
19,116.1,122.0,5,12.2,2,12.0,7.6,2.6,0.32,HOMME,NON,OUI,NON,OUI,NON,0
18,115.4,121.0,6,13.714285714285714,5,13.333333333333334,15.5,2.8,-4.06,HOMME,NON,OUI,NON,OUI,NON,1
19,110.0,127.0,3,11.666666666666666,2,10.0,16.2,0.3,-0.92,HOMME,NON,NON,OUI,NON,NON,1
44,97.4,133.1,1,14.0,0,0.0,12.7,3.7,-1.7,HOMME,NON,NON,OUI,NON,NON,1
26,130.0,130.0,4,12.5,3,10.0,15.5,2.8,-4.06,HOMME,NON,OUI,NON,OUI,NON,1
24,156.0,156.0,5,11.833333333333334,4,11.5,15.5,2.8,-4.06,HOMME,NON,NON,OUI,NON,NON,1
27,126.1,130.0,0,0.0,0,0.0,15.5,2.8,-4.06,HOMME,NON,NON,NON,OUI,NON,1
27,120.0,110.0,0,0.0,0,0.0,13.9,-0.3,0.79,HOMME,NON,NON,OUI,NON,NON,1
25,105.2,108.0,13,11.538461538461538,10,12.4,12.7,3.7,-1.7,HOMME,NON,OUI,NON,OUI,NON,1
21,120.0,120.0,7,11.285714285714286,4,12.25,12.7,3.7,-1.7,HOMME,NON,OUI,NON,OUI,NON,0
19,137.8,150.0,0,0.0,0,0.0,13.9,-0.3,0.79,HOMME,OUI,OUI,NON,OUI,NON,0
20,134.2,152.0,5,11.8,4,12.0,15.5,2.8,-4.06,HOMME,NON,OUI,NON,OUI,NON,0
20,150.0,150.0,0,0.0,2,10.5,12.7,3.7,-1.7,HOMME,NON,OUI,NON,NON,NON,0
20,116.0,123.0,0,0.0,0,0.0,8.9,1.4,3.51,HOMME,NON,NON,OUI,OUI,NON,1
18,143.4,150.0,5,14.2,5,14.2,8.9,1.4,3.51,HOMME,OUI,NON,NON,NON,NON,0
19,143.6,145.0,10,12.7,10,12.272727272727272,8.9,1.4,3.51,HOMME,NON,OUI,OUI,NON,NON,0
22,150.0,150.0,3,12.666666666666666,0,0.0,15.5,2.8,-4.06,FEMME,NON,NON,NON,OUI,NON,1
19,118.0,125.0,6,14.428571428571429,6,15.0,16.2,0.3,-0.92,FEMME,NON,OUI,NON,OUI,NON,0
18,109.3,117.0,7,13.117142857142856,7,12.6,11.1,0.6,2.02,FEMME,OUI,OUI,NON,OUI,NON,0
20,119.3,121.0,6,12.666666666666666,6,11.833333333333334,8.9,1.4,3.51,FEMME,NON,OUI,OUI,OUI,NON,0
18,146.3,140.0,0,0.0,0,0.0,12.7,3.7,-1.7,FEMME,OUI,OUI,NON,OUI,OUI,1
36,161.5,130.0,6,15.285714285714286,6,16.5,10.8,1.4,1.74,HOMME,NON,OUI,NON,NON,NON,0
19,140.0,140.0,3,10.5,4,11.25,12.4,0.5,1.79,HOMME,NON,OUI,OUI,NON,OUI,0
21,142.2,140.0,11,12.636363636363637,9,12.6,8.9,1.4,3.51,HOMME,OUI,OUI,NON,NON,NON,0
26,129.2,140.0,0,0.0,0,0.0,15.5,2.8,-4.06,FEMME,NON,OUI,NON,OUI,NON,1
29,100.0,140.0,3,14.333333333333334,1,14.0,15.5,2.8,-4.06,FEMME,NON,NON,OUI,NON,OUI,1
26,170.0,170.0,8,15.125,6,13.666666666666666,11.1,0.6,2.02,HOMME,NON,NON,NON,NON,NON,0
27,140.0,140.0,0,0.0,0,0.0,12.4,0.5,1.79,HOMME,NON,OUI,NON,NON,NON,1
32,115.2,116.0,3,12.0,3,10.333333333333334,8.9,1.4,3.51,HOMME,NON,OUI,OUI,NON,NON,0
23,121.4,134.0,4,14.25,5,12.0,7.6,2.6,0.32,FEMME,OUI,OUI,NON,OUI,NON,0
24,134.8,133.1,2,10.5,4,10.0,16.2,0.3,-0.92,FEMME,NON,OUI,NON,NON,OUI,0
19,136.9,140.0,6,13.5,6,14.428571428571429,16.2,0.3,-0.92,FEMME,OUI,OUI,NON,OUI,NON,0
25,140.0,140.0,5,11.666666666666666,4,12.0,15.5,2.8,-4.06,HOMME,NON,OUI,NON,OUI,NON,0
19,112.2,108.0,5,10.8,3,10.0,9.4,-0.8,-3.12,HOMME,NON,OUI,NON,OUI,NON,0
20,148.7,149.0,0,0.0,0,0.0,10.8,1.4,1.74,HOMME,NON,NON,NON,NON,NON,1
33,133.0,140.0,9,12.8,7,11.428571428571429,12.7,3.7,-1.7,HOMME,NON,OUI,NON,NON,NON,0
35,150.0,140.0,5,10.8,5,12.0,9.4,-0.8,-3.12,HOMME,NON,OUI,OUI,NON,NON,1
23,98.0,133.1,4,11.4,4,11.0,11.1,0.6,2.02,HOMME,NON,OUI,NON,OUI,NON,0
19,122.4,125.0,7,13.725714285714286,8,14.5,11.1,0.6,2.02,HOMME,NON,OUI,NON,OUI,NON,0
21,139.0,133.1,5,12.8,5,12.25,10.8,1.4,1.74,HOMME,NON,OUI,NON,NON,NON,0
21,112.0,133.1,6,13.5,6,11.166666666666666,11.1,0.6,2.02,HOMME,OUI,OUI,NON,OUI,NON,0
27,143.8,130.0,7,15.57,7,15.57,10.8,1.4,1.74,HOMME,NON,OUI,NON,NON,NON,1
19,116.1,122.0,4,11.0,2,12.0,8.9,1.4,3.51,HOMME,NON,OUI,OUI,OUI,NON,0
28,138.0,140.0,7,14.114285714285714,8,15.91111111111111,16.2,0.3,-0.92,HOMME,NON,OUI,NON,NON,NON,1
25,110.0,123.0,3,11.0,4,11.5,9.4,-0.8,-3.12,HOMME,NON,OUI,NON,NON,NON,0
42,103.5,133.1,0,0.0,0,0.0,15.5,2.8,-4.06,HOMME,NON,OUI,NON,NON,NON,1
27,140.0,140.0,4,13.5,4,13.75,7.6,2.6,0.32,HOMME,NON,OUI,NON,NON,NON,0
23,108.7,116.0,4,11.25,0,0.0,7.6,2.6,0.32,HOMME,NON,OUI,NON,OUI,NON,1
18,115.9,118.0,6,12.142857142857142,6,11.333333333333334,8.9,1.4,3.51,HOMME,OUI,OUI,NON,OUI,NON,0
26,127.3,140.0,7,13.075714285714286,7,13.075714285714286,10.8,1.4,1.74,HOMME,NON,OUI,NON,NON,NON,0
18,138.7,146.0,0,0.0,0,0.0,8.9,1.4,3.51,HOMME,NON,OUI,NON,NON,NON,1
29,135.8,150.0,3,11.0,2,13.5,12.7,3.7,-1.7,HOMME,NON,OUI,OUI,NON,NON,1
22,134.6,137.0,0,0.0,0,0.0,16.2,0.3,-0.92,HOMME,NON,OUI,NON,OUI,NON,1
21,118.4,136.0,4,13.125,6,12.333333333333334,13.9,-0.3,0.79,FEMME,NON,OUI,NON,OUI,NON,0
19,132.8,134.0,7,13.512857142857142,7,13.512857142857142,10.8,1.4,1.74,FEMME,OUI,OUI,NON,OUI,NON,0
18,155.5,160.0,6,12.833333333333334,6,12.166666666666666,10.8,1.4,1.74,FEMME,OUI,OUI,NON,OUI,NON,0
18,132.0,126.0,3,15.0,3,11.666666666666666,9.4,-0.8,-3.12,FEMME,OUI,OUI,NON,OUI,NON,1
40,110.0,133.1,5,12.8,3,13.333333333333334,11.1,0.6,2.02,FEMME,NON,NON,OUI,NON,NON,1
20,127.3,114.0,3,12.333333333333334,0,0.0,10.8,1.4,1.74,FEMME,NON,NON,OUI,OUI,OUI,1
18,126.0,139.0,5,12.288,5,12.288,10.8,1.4,1.74,HOMME,NON,OUI,NON,OUI,NON,1
31,130.0,130.0,12,12.333333333333334,7,13.285714285714286,7.6,2.6,0.32,HOMME,NON,OUI,NON,NON,NON,0
18,118.8,131.0,4,11.5,5,12.8,12.4,0.5,1.79,HOMME,OUI,OUI,NON,NON,NON,0
22,127.6,130.0,6,11.833333333333334,4,11.142857142857142,10.8,1.4,1.74,HOMME,NON,OUI,NON,OUI,NON,1
38,112.1,133.1,0,0.0,0,0.0,8.9,1.4,3.51,HOMME,NON,NON,OUI,NON,NON,1
33,130.0,130.0,0,0.0,0,0.0,12.7,3.7,-1.7,HOMME,NON,OUI,NON,NON,NON,1
19,111.1,117.0,5,11.8,3,11.5,11.1,0.6,2.02,HOMME,OUI,OUI,NON,NON,NON,0
18,121.4,127.0,0,0.0,0,0.0,15.5,2.8,-4.06,HOMME,NON,OUI,NON,NON,NON,1
18,126.8,131.0,5,12.2,4,12.0,8.9,1.4,3.51,HOMME,OUI,NON,NON,NON,NON,0
27,120.6,134.0,6,12.333333333333334,5,13.0,11.1,0.6,2.02,HOMME,NON,OUI,NON,OUI,NON,0
26,126.5,130.0,6,12.428571428571429,6,12.833333333333334,7.6,2.6,0.32,HOMME,NON,OUI,NON,NON,NON,0
19,120.2,127.0,7,12.765714285714289,8,13.544444444444444,12.4,0.5,1.79,FEMME,OUI,OUI,NON,OUI,NON,0
44,120.0,130.0,5,12.1,5,12.6,11.1,0.6,2.02,HOMME,NON,OUI,NON,NON,NON,1
19,137.5,142.0,5,12.0,5,11.5,13.9,-0.3,0.79,HOMME,NON,OUI,NON,OUI,NON,0
20,127.9,117.0,0,0.0,0,0.0,9.4,-0.8,-3.12,HOMME,NON,OUI,NON,OUI,NON,1
24,140.0,133.1,6,14.88888888888889,6,13.727272727272728,16.2,0.3,-0.92,HOMME,NON,OUI,OUI,NON,NON,0
31,131.8,164.0,13,11.357142857142858,13,12.0,9.4,-0.8,-3.12,FEMME,NON,OUI,NON,NON,NON,0
25,129.0,130.0,6,13.5,6,12.5,9.4,-0.8,-3.12,FEMME,NON,OUI,NON,OUI,NON,0
19,115.8,127.0,0,0.0,0,0.0,8.9,1.4,3.51,FEMME,NON,NON,OUI,OUI,NON,1
18,126.4,140.0,7,13.884285714285712,8,14.75,11.1,0.6,2.02,FEMME,NON,OUI,NON,OUI,NON,1
19,130.0,130.0,5,13.0,3,11.666666666666666,13.9,-0.3,0.79,FEMME,NON,NON,NON,OUI,NON,0
19,114.8,122.0,4,12.65,5,11.1,12.4,0.5,1.79,FEMME,OUI,OUI,NON,OUI,NON,0
19,138.6,162.0,1,11.0,0,0.0,12.7,3.7,-1.7,FEMME,NON,OUI,NON,OUI,NON,0
24,112.9,133.1,2,11.666666666666666,2,10.5,16.2,0.3,-0.92,FEMME,NON,OUI,NON,NON,NON,1
20,111.6,120.0,6,14.5,6,12.666666666666666,12.4,0.5,1.79,FEMME,NON,OUI,NON,NON,NON,0
18,152.0,160.0,6,14.714285714285714,6,14.166666666666666,12.7,3.7,-1.7,FEMME,NON,OUI,NON,NON,NON,0
18,132.6,141.0,6,13.285714285714286,6,14.333333333333334,12.4,0.5,1.79,FEMME,OUI,OUI,NON,NON,NON,0
21,118.4,125.0,3,11.333333333333334,2,10.5,9.4,-0.8,-3.12,FEMME,NON,OUI,NON,OUI,NON,0
28,120.0,120.0,0,0.0,0,0.0,13.9,-0.3,0.79,FEMME,NON,NON,OUI,NON,NON,1
18,122.1,128.0,4,11.571428571428571,5,12.0,13.9,-0.3,0.79,FEMME,OUI,OUI,NON,NON,NON,0
18,142.8,162.0,5,13.0,4,11.5,12.7,3.7,-1.7,FEMME,NON,OUI,OUI,NON,NON,1
18,124.8,130.0,6,11.5,5,14.0,11.1,0.6,2.02,FEMME,OUI,OUI,NON,NON,NON,0
18,126.3,134.0,5,11.8,5,11.6,16.2,0.3,-0.92,FEMME,OUI,OUI,NON,OUI,NON,0
19,119.0,133.1,3,10.666666666666666,3,12.285714285714286,10.8,1.4,1.74,FEMME,OUI,NON,NON,OUI,NON,1
19,124.9,137.0,6,13.8875,8,14.864444444444445,15.5,2.8,-4.06,FEMME,OUI,OUI,NON,NON,NON,0
20,118.0,133.1,5,11.4,6,11.5,8.9,1.4,3.51,FEMME,OUI,OUI,OUI,NON,NON,0
34,100.0,110.0,9,12.333333333333334,7,12.142857142857142,9.4,-0.8,-3.12,FEMME,NON,OUI,NON,NON,NON,0
39,109.0,133.1,5,12.16,5,12.16,7.6,2.6,0.32,FEMME,NON,OUI,NON,OUI,NON,0
19,130.8,133.0,8,13.427499999999998,8,13.427499999999998,9.4,-0.8,-3.12,FEMME,NON,OUI,NON,OUI,NON,0
24,110.0,130.0,6,15.166666666666666,2,15.5,15.5,2.8,-4.06,FEMME,NON,OUI,NON,OUI,NON,0
18,151.0,151.0,0,0.0,0,0.0,9.4,-0.8,-3.12,FEMME,NON,OUI,NON,OUI,OUI,1
19,131.0,125.0,2,10.5,0,0.0,10.8,1.4,1.74,HOMME,NON,OUI,NON,OUI,NON,1
18,155.2,158.0,5,11.8,3,11.0,9.4,-0.8,-3.12,HOMME,OUI,OUI,NON,NON,NON,0
20,121.0,128.0,5,13.2,5,11.4,16.2,0.3,-0.92,HOMME,NON,OUI,OUI,OUI,NON,0
19,119.7,133.0,7,13.075,8,12.36111111111111,12.4,0.5,1.79,HOMME,NON,OUI,OUI,OUI,NON,0
19,131.0,138.0,4,11.6,2,13.0,11.1,0.6,2.02,HOMME,NON,OUI,NON,OUI,NON,1
19,116.9,126.0,6,13.666666666666666,4,12.25,13.9,-0.3,0.79,HOMME,NON,OUI,NON,NON,NON,1
41,130.0,140.0,4,10.75,2,10.0,9.4,-0.8,-3.12,HOMME,NON,OUI,NON,OUI,NON,1
19,137.8,143.0,6,13.492857142857144,8,12.68888888888889,12.4,0.5,1.79,HOMME,NON,OUI,NON,NON,NON,0
19,122.1,135.0,3,12.5,4,11.0,12.7,3.7,-1.7,HOMME,NON,OUI,NON,NON,NON,0
23,120.0,120.0,0,0.0,0,0.0,12.7,3.7,-1.7,HOMME,NON,NON,NON,OUI,NON,1
18,133.0,148.0,5,13.285714285714286,5,14.8,12.4,0.5,1.79,HOMME,NON,OUI,NON,NON,NON,1
19,115.2,126.0,5,12.6,5,11.8,16.2,0.3,-0.92,HOMME,NON,OUI,NON,NON,NON,0
20,160.0,160.0,6,14.0,6,14.666666666666666,12.4,0.5,1.79,HOMME,NON,OUI,NON,OUI,NON,0
35,106.3,140.0,2,11.5,2,10.5,7.6,2.6,0.32,HOMME,NON,NON,OUI,NON,NON,1
34,103.0,133.1,0,0.0,0,0.0,10.8,1.4,1.74,HOMME,NON,NON,NON,NON,NON,1
19,136.0,136.0,6,11.833333333333334,6,12.875,10.8,1.4,1.74,FEMME,OUI,NON,OUI,OUI,NON,0
22,146.5,150.0,5,11.5,5,12.4,13.9,-0.3,0.79,HOMME,NON,NON,OUI,OUI,OUI,0
20,131.4,130.0,6,14.166666666666666,6,12.333333333333334,11.1,0.6,2.02,HOMME,NON,OUI,NON,NON,NON,0
27,130.0,130.0,2,12.5,2,12.5,12.7,3.7,-1.7,HOMME,NON,OUI,NON,NON,NON,0
30,137.0,110.0,0,0.0,0,0.0,7.6,2.6,0.32,HOMME,NON,OUI,OUI,NON,NON,1
34,125.9,110.0,0,0.0,1,11.0,10.8,1.4,1.74,HOMME,NON,OUI,NON,NON,NON,0
20,111.9,121.0,2,10.5,0,0.0,10.8,1.4,1.74,HOMME,NON,NON,NON,OUI,NON,1
18,131.2,127.0,6,11.833333333333334,6,13.166666666666666,7.6,2.6,0.32,HOMME,NON,OUI,NON,OUI,NON,0
26,131.2,140.0,0,0.0,0,0.0,7.6,2.6,0.32,HOMME,OUI,OUI,NON,NON,NON,1
26,140.0,130.0,5,12.4,5,12.4,15.5,2.8,-4.06,HOMME,NON,OUI,NON,NON,NON,0
26,121.5,130.0,2,10.5,0,0.0,10.8,1.4,1.74,HOMME,NON,NON,NON,NON,NON,1
31,153.5,100.0,0,0.0,0,0.0,12.4,0.5,1.79,HOMME,NON,NON,OUI,NON,NON,1
20,142.2,139.0,12,14.583333333333334,11,14.333333333333334,8.9,1.4,3.51,HOMME,OUI,OUI,NON,OUI,NON,0
19,131.1,150.0,6,11.666666666666666,3,12.666666666666666,7.6,2.6,0.32,HOMME,NON,OUI,NON,OUI,NON,0
23,130.6,133.1,0,0.0,0,0.0,7.6,2.6,0.32,HOMME,NON,NON,OUI,OUI,NON,1
20,115.0,119.0,1,13.0,0,0.0,11.1,0.6,2.02,HOMME,OUI,OUI,NON,OUI,NON,1
20,125.0,170.0,7,15.66,9,15.011111111111113,11.1,0.6,2.02,HOMME,NON,OUI,NON,NON,NON,0
29,97.5,133.1,0,0.0,0,0.0,7.6,2.6,0.32,HOMME,NON,OUI,NON,OUI,NON,1
20,134.4,133.0,6,12.166666666666666,4,12.75,9.4,-0.8,-3.12,HOMME,OUI,OUI,NON,OUI,NON,0
24,118.8,125.0,6,13.3,6,13.3,7.6,2.6,0.32,HOMME,NON,OUI,NON,NON,NON,0
37,110.5,133.1,0,0.0,0,0.0,11.1,0.6,2.02,HOMME,NON,OUI,NON,NON,NON,1
18,123.3,143.0,0,0.0,0,0.0,7.6,2.6,0.32,HOMME,NON,OUI,NON,OUI,NON,1
18,139.6,127.0,0,0.0,0,0.0,13.9,-0.3,0.79,HOMME,OUI,NON,OUI,OUI,NON,1
18,138.8,157.0,7,13.55714285714286,7,13.55714285714286,12.7,3.7,-1.7,HOMME,NON,OUI,NON,NON,NON,0
41,160.0,160.0,5,14.333333333333334,6,14.636363636363637,12.4,0.5,1.79,HOMME,NON,OUI,OUI,NON,NON,0
35,140.0,140.0,4,12.0,3,10.333333333333334,13.9,-0.3,0.79,HOMME,NON,OUI,NON,NON,NON,1
19,118.2,128.0,0,0.0,0,0.0,8.9,1.4,3.51,FEMME,NON,OUI,NON,NON,NON,1
18,150.6,145.0,0,0.0,0,0.0,10.8,1.4,1.74,HOMME,NON,OUI,NON,OUI,NON,0
48,115.2,133.1,4,11.75,3,11.725,11.1,0.6,2.02,FEMME,NON,OUI,NON,NON,NON,0
19,126.0,132.0,6,12.183333333333332,6,12.183333333333332,7.6,2.6,0.32,FEMME,NON,OUI,NON,OUI,NON,0
30,160.0,160.0,6,11.833333333333334,4,11.0,15.5,2.8,-4.06,HOMME,NON,NON,NON,OUI,NON,1
51,160.0,160.0,0,0.0,0,0.0,12.7,3.7,-1.7,HOMME,NON,NON,OUI,NON,NON,1
18,184.4,184.4,6,15.0,5,14.333333333333334,11.1,0.6,2.02,FEMME,NON,OUI,NON,NON,OUI,0
18,156.0,149.0,0,0.0,0,0.0,10.8,1.4,1.74,FEMME,NON,OUI,NON,OUI,NON,0
18,150.2,146.0,0,0.0,0,0.0,11.1,0.6,2.02,FEMME,NON,OUI,NON,OUI,NON,0
18,126.3,139.0,8,13.435,8,13.435,9.4,-0.8,-3.12,FEMME,OUI,OUI,NON,OUI,NON,0
18,146.1,152.0,4,13.5,0,0.0,10.8,1.4,1.74,FEMME,NON,OUI,NON,OUI,NON,1
18,145.3,147.0,0,0.0,0,0.0,12.4,0.5,1.79,FEMME,NON,OUI,NON,OUI,NON,0
23,116.8,121.0,17,11.5,17,12.176470588235292,12.4,0.5,1.79,FEMME,NON,OUI,NON,OUI,NON,0
19,132.1,124.0,2,10.5,3,11.0,7.6,2.6,0.32,FEMME,NON,OUI,NON,OUI,NON,0
21,102.6,105.0,4,12.0,2,11.5,11.1,0.6,2.02,FEMME,NON,OUI,NON,NON,NON,0
18,112.3,121.0,5,12.2,4,11.5,11.1,0.6,2.02,FEMME,NON,NON,OUI,OUI,NON,1
18,155.3,143.0,0,0.0,0,0.0,11.1,0.6,2.02,FEMME,NON,OUI,NON,OUI,NON,0
21,153.8,150.0,10,14.5,8,14.0,8.9,1.4,3.51,FEMME,NON,OUI,NON,OUI,NON,0
20,110.0,126.0,6,13.333333333333334,6,12.666666666666666,12.4,0.5,1.79,FEMME,NON,OUI,OUI,NON,NON,0
24,128.2,133.1,9,12.0,9,12.555555555555555,9.4,-0.8,-3.12,FEMME,NON,OUI,NON,NON,NON,0
18,120.4,127.0,6,15.125,6,14.0,13.9,-0.3,0.79,FEMME,NON,OUI,NON,OUI,NON,0
18,153.0,160.0,6,13.116666666666667,6,13.116666666666667,7.6,2.6,0.32,FEMME,NON,OUI,NON,OUI,NON,0
19,117.9,121.0,6,12.833333333333334,6,11.666666666666666,11.1,0.6,2.02,FEMME,NON,OUI,NON,OUI,NON,0
20,145.6,150.0,6,13.333333333333334,6,14.166666666666666,13.9,-0.3,0.79,FEMME,OUI,OUI,NON,OUI,NON,0
18,119.8,117.0,7,13.877142857142855,8,15.6625,12.4,0.5,1.79,FEMME,NON,OUI,NON,OUI,NON,0
18,126.8,141.0,7,12.944285714285714,7,12.944285714285714,10.8,1.4,1.74,FEMME,NON,OUI,NON,OUI,NON,0
19,106.1,112.0,5,12.333333333333334,5,11.0,15.5,2.8,-4.06,FEMME,NON,OUI,NON,OUI,NON,0
19,137.3,148.0,6,14.266666666666666,6,14.266666666666666,7.6,2.6,0.32,FEMME,NON,OUI,NON,OUI,NON,0
18,115.5,120.0,5,13.0,5,14.0,13.9,-0.3,0.79,FEMME,NON,OUI,NON,OUI,NON,0
20,127.5,132.0,8,12.48375,8,12.48375,9.4,-0.8,-3.12,FEMME,NON,OUI,NON,OUI,NON,0
18,116.3,125.0,7,13.428571428571429,8,15.3125,16.2,0.3,-0.92,FEMME,NON,OUI,NON,OUI,NON,0
18,113.2,123.0,3,10.666666666666666,0,0.0,7.6,2.6,0.32,FEMME,NON,NON,OUI,NON,NON,1
18,132.6,142.0,5,15.4,5,12.2,7.6,2.6,0.32,FEMME,NON,OUI,NON,OUI,NON,0
18,132.0,148.0,6,13.45,6,13.45,7.6,2.6,0.32,FEMME,NON,OUI,NON,OUI,NON,0
18,130.3,136.0,6,12.6,6,12.6,7.6,2.6,0.32,FEMME,OUI,OUI,NON,OUI,NON,0
20,116.7,123.0,7,12.485714285714286,8,12.9375,16.2,0.3,-0.92,FEMME,NON,OUI,NON,OUI,NON,0
22,134.0,135.0,5,10.8,5,12.8,12.7,3.7,-1.7,FEMME,OUI,OUI,NON,OUI,NON,0
20,100.0,151.0,5,12.2,5,14.6,13.9,-0.3,0.79,FEMME,NON,OUI,OUI,NON,NON,0
20,140.0,140.0,5,14.2,2,13.5,13.9,-0.3,0.79,FEMME,NON,OUI,NON,OUI,NON,0
18,139.2,136.0,6,13.833333333333334,6,14.0,9.4,-0.8,-3.12,FEMME,NON,OUI,NON,OUI,NON,0
18,132.6,142.0,5,12.8,3,10.0,9.4,-0.8,-3.12,FEMME,NON,OUI,NON,NON,NON,0
18,129.4,142.0,5,13.2,4,12.5,9.4,-0.8,-3.12,FEMME,NON,OUI,NON,NON,NON,0
18,125.6,127.0,1,14.0,0,0.0,15.5,2.8,-4.06,FEMME,OUI,OUI,OUI,NON,NON,1
19,129.3,131.0,8,13.875,5,14.0,11.1,0.6,2.02,FEMME,NON,OUI,NON,NON,NON,0
19,128.4,134.0,5,12.5,5,12.714285714285714,10.8,1.4,1.74,FEMME,OUI,OUI,NON,OUI,NON,0
18,139.9,142.0,6,13.428571428571429,6,12.5,13.9,-0.3,0.79,FEMME,OUI,OUI,NON,NON,NON,0
18,124.8,123.0,5,11.8,5,13.0,8.9,1.4,3.51,FEMME,OUI,NON,NON,NON,NON,0
18,128.5,133.0,7,14.868571428571428,8,15.11111111111111,11.1,0.6,2.02,FEMME,OUI,OUI,NON,OUI,NON,0
18,117.8,125.0,7,13.03,8,13.21875,15.5,2.8,-4.06,FEMME,NON,OUI,NON,OUI,NON,0
19,115.1,120.0,6,14.571428571428571,6,12.333333333333334,12.4,0.5,1.79,FEMME,NON,OUI,NON,OUI,NON,0
18,118.0,125.0,5,11.0,4,11.25,8.9,1.4,3.51,FEMME,NON,OUI,NON,OUI,NON,0
25,120.0,133.1,8,13.3675,8,13.3675,9.4,-0.8,-3.12,FEMME,OUI,OUI,NON,NON,NON,0
19,119.6,133.1,6,12.808333333333332,7,12.825714285714286,12.4,0.5,1.79,FEMME,OUI,OUI,NON,OUI,NON,0
18,133.2,143.0,7,13.918571428571427,8,13.8875,11.1,0.6,2.02,FEMME,NON,OUI,NON,OUI,NON,0
19,141.8,147.0,6,13.0,4,12.8,13.9,-0.3,0.79,FEMME,NON,OUI,NON,OUI,NON,0
18,130.3,142.0,6,13.683333333333332,6,13.683333333333332,7.6,2.6,0.32,FEMME,NON,OUI,NON,NON,NON,0
24,100.0,150.0,5,13.0,1,12.0,13.9,-0.3,0.79,FEMME,NON,OUI,NON,NON,NON,1
21,114.6,124.0,5,12.8,5,11.2,11.1,0.6,2.02,FEMME,NON,OUI,NON,OUI,NON,0
18,123.4,136.0,6,13.571428571428571,6,12.166666666666666,8.9,1.4,3.51,FEMME,OUI,OUI,NON,OUI,NON,0
18,116.4,116.0,6,13.166666666666666,6,13.166666666666666,8.9,1.4,3.51,FEMME,NON,OUI,NON,OUI,NON,0
20,123.2,127.0,6,15.0,6,14.5,11.1,0.6,2.02,FEMME,OUI,OUI,NON,NON,NON,0
19,123.7,117.0,6,12.666666666666666,5,11.4,12.4,0.5,1.79,FEMME,NON,OUI,NON,OUI,NON,0
19,127.6,116.0,6,13.857142857142858,6,13.142857142857142,13.9,-0.3,0.79,FEMME,OUI,OUI,NON,OUI,NON,1
30,117.1,129.0,7,14.692857142857145,8,14.9625,12.4,0.5,1.79,FEMME,NON,OUI,NON,OUI,NON,0
18,149.3,157.0,8,14.035,8,14.035,9.4,-0.8,-3.12,FEMME,NON,OUI,NON,NON,NON,0
18,125.6,135.0,4,11.0,3,14.0,12.7,3.7,-1.7,FEMME,NON,OUI,NON,OUI,NON,0
18,145.0,139.0,6,13.333333333333334,6,13.333333333333334,9.4,-0.8,-3.12,FEMME,OUI,OUI,NON,OUI,NON,0
20,115.0,115.0,6,11.7725,7,12.33,15.5,2.8,-4.06,FEMME,NON,OUI,NON,NON,NON,0
19,114.3,123.0,0,0.0,0,0.0,11.1,0.6,2.02,FEMME,NON,OUI,NON,NON,NON,1
19,126.0,140.0,0,0.0,0,0.0,10.8,1.4,1.74,FEMME,NON,OUI,NON,OUI,NON,1
19,124.0,138.0,0,0.0,0,0.0,10.8,1.4,1.74,FEMME,NON,NON,NON,OUI,NON,1
18,122.6,132.0,6,12.285714285714286,6,12.0,8.9,1.4,3.51,FEMME,OUI,OUI,NON,OUI,NON,0
17,133.8,140.0,5,12.46,5,12.46,10.8,1.4,1.74,FEMME,NON,OUI,NON,OUI,NON,0
19,113.5,117.0,6,12.166666666666666,6,13.166666666666666,12.4,0.5,1.79,FEMME,NON,OUI,NON,OUI,NON,0
18,122.6,125.0,5,11.833333333333334,2,11.5,13.9,-0.3,0.79,FEMME,NON,OUI,NON,OUI,NON,0
25,140.0,140.0,7,14.805714285714286,7,14.805714285714286,10.8,1.4,1.74,FEMME,NON,OUI,NON,NON,NON,0
19,107.0,133.1,5,10.6,6,11.714285714285714,11.1,0.6,2.02,FEMME,NON,OUI,NON,OUI,NON,1
24,130.0,130.0,8,13.125,6,13.0,8.9,1.4,3.51,FEMME,NON,NON,OUI,OUI,NON,0
19,124.2,134.0,6,12.833333333333334,6,12.666666666666666,9.4,-0.8,-3.12,FEMME,OUI,OUI,OUI,OUI,NON,0
20,125.8,128.0,0,0.0,0,0.0,9.4,-0.8,-3.12,FEMME,OUI,OUI,NON,NON,NON,0
20,108.0,115.0,5,13.0,5,13.8,12.4,0.5,1.79,FEMME,OUI,OUI,NON,OUI,NON,0
20,115.2,119.0,7,12.725,8,13.7125,13.9,-0.3,0.79,FEMME,OUI,OUI,NON,OUI,NON,0
19,129.3,131.0,4,11.25,3,10.333333333333334,12.7,3.7,-1.7,FEMME,NON,OUI,NON,OUI,NON,0
31,120.0,120.0,11,13.818181818181818,12,13.461538461538462,15.5,2.8,-4.06,FEMME,NON,OUI,NON,OUI,NON,0
20,116.7,120.0,3,12.333333333333334,3,13.0,9.4,-0.8,-3.12,FEMME,NON,OUI,NON,NON,NON,0
18,121.0,135.0,3,12.333333333333334,5,11.6,9.4,-0.8,-3.12,FEMME,NON,OUI,NON,OUI,NON,0
18,128.2,146.0,4,13.25,3,10.666666666666666,12.7,3.7,-1.7,FEMME,NON,OUI,OUI,NON,NON,0
18,121.1,133.0,6,13.666666666666666,5,15.4,13.9,-0.3,0.79,FEMME,NON,OUI,NON,OUI,NON,0
20,112.6,122.0,8,12.625,3,11.0,11.1,0.6,2.02,FEMME,NON,OUI,OUI,NON,NON,0
20,123.3,128.0,6,14.833333333333334,6,12.142857142857142,8.9,1.4,3.51,FEMME,OUI,OUI,NON,OUI,NON,0
19,129.4,129.0,5,11.2,5,13.125,10.8,1.4,1.74,FEMME,OUI,OUI,NON,NON,NON,1
21,119.9,122.0,5,11.4,5,12.2,12.7,3.7,-1.7,FEMME,OUI,OUI,NON,NON,NON,0
18,131.6,140.0,7,13.135,8,13.244444444444444,12.4,0.5,1.79,FEMME,NON,OUI,NON,OUI,NON,0
21,120.0,143.0,10,13.0,10,11.4,11.1,0.6,2.02,FEMME,NON,OUI,NON,OUI,NON,1
19,110.0,118.0,4,12.85,7,12.62142857142857,11.1,0.6,2.02,FEMME,NON,OUI,NON,OUI,NON,0
20,143.0,140.0,6,13.5,5,12.5,13.9,-0.3,0.79,FEMME,NON,OUI,NON,NON,NON,0
20,140.0,140.0,6,14.285714285714286,3,13.0,13.9,-0.3,0.79,FEMME,NON,OUI,NON,NON,NON,0
18,119.2,123.0,5,13.5,6,14.5,12.4,0.5,1.79,FEMME,OUI,OUI,NON,OUI,NON,0
18,124.3,140.0,4,10.75,5,13.0,12.4,0.5,1.79,FEMME,OUI,OUI,NON,OUI,NON,0
18,111.1,116.0,6,11.333333333333334,6,11.833333333333334,8.9,1.4,3.51,FEMME,OUI,OUI,NON,OUI,NON,0
21,150.0,150.0,3,13.0,5,13.285714285714286,10.8,1.4,1.74,FEMME,OUI,OUI,NON,OUI,NON,0
18,147.3,147.0,6,13.966666666666669,6,13.966666666666669,7.6,2.6,0.32,FEMME,NON,OUI,NON,NON,NON,0
18,147.5,162.0,8,14.14125,8,14.14125,9.4,-0.8,-3.12,FEMME,OUI,OUI,NON,OUI,NON,0
20,108.0,108.0,4,11.6,4,11.75,12.7,3.7,-1.7,FEMME,OUI,OUI,NON,OUI,NON,0
32,130.0,130.0,8,14.6625,8,14.6625,9.4,-0.8,-3.12,FEMME,OUI,OUI,NON,NON,NON,0
34,130.0,140.0,0,0.0,0,0.0,9.4,-0.8,-3.12,FEMME,NON,OUI,NON,NON,NON,0
23,109.0,116.0,6,12.993333333333334,8,12.66875,11.1,0.6,2.02,FEMME,OUI,OUI,NON,OUI,NON,0
18,112.0,120.0,4,11.25,5,12.2,8.9,1.4,3.51,FEMME,NON,OUI,NON,OUI,NON,0
18,121.2,132.0,5,12.2,5,12.8,10.8,1.4,1.74,FEMME,NON,OUI,NON,NON,NON,0
34,140.0,140.0,0,0.0,0,0.0,10.8,1.4,1.74,FEMME,NON,OUI,NON,OUI,NON,1
25,119.5,120.0,6,11.333333333333334,4,11.75,8.9,1.4,3.51,FEMME,NON,OUI,OUI,NON,OUI,0
21,125.9,136.0,5,12.2,5,11.8,11.1,0.6,2.02,FEMME,NON,OUI,NON,NON,NON,0
20,121.5,133.0,0,0.0,0,0.0,7.6,2.6,0.32,FEMME,OUI,OUI,NON,OUI,NON,1
18,121.5,126.0,6,11.333333333333334,6,11.666666666666666,7.6,2.6,0.32,FEMME,NON,OUI,NON,OUI,NON,0
18,132.4,142.0,6,13.857142857142858,6,13.1,12.4,0.5,1.79,FEMME,NON,OUI,NON,OUI,NON,0
18,122.4,121.0,6,12.857142857142858,6,13.333333333333334,13.9,-0.3,0.79,FEMME,NON,OUI,NON,NON,NON,0
24,110.0,134.0,1,10.0,0,0.0,9.4,-0.8,-3.12,FEMME,NON,OUI,NON,OUI,NON,1
32,120.4,140.0,14,10.214285714285714,13,11.384615384615383,16.2,0.3,-0.92,FEMME,NON,NON,OUI,NON,NON,0
24,105.0,133.1,6,11.285714285714286,3,10.333333333333334,8.9,1.4,3.51,FEMME,NON,NON,OUI,OUI,NON,1
18,137.8,157.0,6,13.833333333333334,0,0.0,15.5,2.8,-4.06,FEMME,OUI,OUI,NON,NON,NON,1
28,118.0,120.0,6,12.857142857142858,5,12.6,8.9,1.4,3.51,FEMME,NON,OUI,NON,NON,NON,0
18,122.1,134.0,6,11.666666666666666,4,12.0,10.8,1.4,1.74,FEMME,OUI,OUI,NON,OUI,NON,1
24,140.0,140.0,0,0.0,0,0.0,9.4,-0.8,-3.12,FEMME,NON,NON,NON,OUI,NON,1
19,143.2,133.0,5,14.4,5,13.2,7.6,2.6,0.32,FEMME,NON,OUI,NON,NON,NON,0
44,120.5,146.0,6,14.833333333333334,6,14.166666666666666,10.8,1.4,1.74,FEMME,NON,OUI,NON,NON,NON,0
18,119.5,130.0,6,14.333333333333334,6,12.0,15.5,2.8,-4.06,FEMME,OUI,OUI,NON,OUI,NON,0
18,147.5,151.0,0,0.0,0,0.0,7.6,2.6,0.32,FEMME,NON,OUI,NON,OUI,NON,0
22,129.6,133.1,0,0.0,0,0.0,7.6,2.6,0.32,FEMME,NON,OUI,NON,NON,NON,1
18,126.1,132.0,6,12.333333333333334,6,12.666666666666666,11.1,0.6,2.02,FEMME,OUI,OUI,NON,NON,NON,0
44,160.0,110.0,5,11.8,5,12.4,15.5,2.8,-4.06,FEMME,NON,OUI,NON,NON,NON,0
33,105.5,133.1,5,13.2,5,10.6,7.6,2.6,0.32,FEMME,NON,OUI,OUI,NON,NON,1
32,95.5,110.0,0,0.0,0,0.0,10.8,1.4,1.74,FEMME,NON,NON,OUI,NON,NON,1
35,107.5,133.1,0,0.0,0,0.0,15.5,2.8,-4.06,FEMME,NON,NON,NON,NON,NON,1
20,106.1,105.0,6,11.5,6,13.285714285714286,11.1,0.6,2.02,FEMME,NON,OUI,NON,OUI,NON,0
24,116.3,160.0,5,12.6,5,12.2,9.4,-0.8,-3.12,FEMME,NON,OUI,NON,OUI,NON,0
19,137.4,144.0,7,13.542857142857144,8,14.22222222222222,16.2,0.3,-0.92,FEMME,NON,OUI,NON,NON,NON,0
21,101.8,100.0,5,11.6,5,13.0,12.4,0.5,1.79,FEMME,NON,OUI,NON,OUI,NON,0
19,144.1,143.0,6,13.666666666666666,6,13.833333333333334,12.7,3.7,-1.7,HOMME,OUI,OUI,NON,OUI,NON,0
27,107.8,160.0,0,0.0,0,0.0,15.5,2.8,-4.06,HOMME,NON,NON,NON,OUI,NON,1
30,128.2,140.0,0,0.0,0,0.0,12.7,3.7,-1.7,FEMME,NON,NON,NON,NON,NON,1
21,117.0,133.1,0,0.0,0,0.0,10.8,1.4,1.74,HOMME,NON,OUI,NON,OUI,NON,1
19,110.4,116.0,6,11.5,6,12.285714285714286,8.9,1.4,3.51,HOMME,NON,OUI,NON,OUI,NON,0
34,170.0,120.0,2,11.5,4,11.75,9.4,-0.8,-3.12,FEMME,NON,OUI,NON,NON,NON,0
18,100.0,141.0,7,11.828571428571427,7,12.9125,13.9,-0.3,0.79,HOMME,NON,OUI,NON,NON,NON,0
21,117.0,110.0,0,0.0,0,0.0,9.4,-0.8,-3.12,HOMME,NON,OUI,NON,OUI,NON,0
17,133.5,127.0,0,0.0,0,0.0,15.5,2.8,-4.06,HOMME,NON,OUI,NON,OUI,NON,0
19,128.0,132.0,6,12.966666666666669,6,12.966666666666669,7.6,2.6,0.32,FEMME,OUI,OUI,NON,OUI,NON,0
18,122.1,135.0,6,13.833333333333334,6,13.666666666666666,12.7,3.7,-1.7,HOMME,NON,OUI,NON,OUI,NON,0
19,133.4,135.0,7,14.125714285714285,8,14.36875,11.1,0.6,2.02,FEMME,NON,OUI,NON,OUI,NON,0
45,112.0,140.0,5,12.166666666666666,0,0.0,12.7,3.7,-1.7,FEMME,NON,OUI,OUI,NON,NON,1
26,130.0,133.1,6,12.666666666666666,4,12.25,15.5,2.8,-4.06,FEMME,NON,OUI,NON,OUI,NON,0
51,100.0,100.0,0,0.0,0,0.0,12.7,3.7,-1.7,HOMME,NON,OUI,NON,OUI,NON,1
49,162.0,133.1,6,12.285714285714286,6,14.166666666666666,10.8,1.4,1.74,HOMME,OUI,OUI,OUI,NON,NON,0
22,153.0,100.0,3,14.5,4,14.375,15.5,2.8,-4.06,HOMME,NON,OUI,NON,NON,NON,0
22,131.4,137.0,2,10.0,1,10.0,7.6,2.6,0.32,HOMME,NON,OUI,NON,OUI,NON,1
33,128.2,120.0,2,11.5,2,12.0,9.4,-0.8,-3.12,FEMME,NON,OUI,NON,NON,NON,1
20,148.9,148.9,5,11.6,4,11.5,9.4,-0.8,-3.12,FEMME,NON,OUI,NON,NON,OUI,0
18,128.4,134.0,6,12.5,6,11.666666666666666,10.8,1.4,1.74,FEMME,OUI,OUI,NON,OUI,NON,0
20,120.3,128.0,3,11.666666666666666,2,11.0,10.8,1.4,1.74,FEMME,NON,NON,OUI,OUI,NON,1
37,100.0,133.1,7,13.428571428571429,10,11.6,8.9,1.4,3.51,FEMME,NON,OUI,NON,NON,OUI,0
18,126.1,131.0,6,13.666666666666666,6,13.5,7.6,2.6,0.32,HOMME,NON,OUI,NON,OUI,OUI,0
19,111.7,118.0,6,12.5,6,12.166666666666666,12.4,0.5,1.79,FEMME,NON,OUI,NON,OUI,NON,0
21,140.0,140.0,6,13.0,4,12.8,12.4,0.5,1.79,FEMME,NON,OUI,NON,OUI,NON,0
20,122.2,133.0,6,12.783333333333331,7,12.842857142857143,13.9,-0.3,0.79,FEMME,NON,OUI,NON,NON,NON,0
19,118.7,126.0,0,0.0,0,0.0,13.9,-0.3,0.79,FEMME,NON,OUI,NON,OUI,NON,1
20,121.5,125.0,4,13.5,4,11.225,11.1,0.6,2.02,FEMME,NON,OUI,NON,OUI,NON,1
18,134.5,138.0,7,13.457142857142856,8,15.125,13.9,-0.3,0.79,FEMME,NON,OUI,NON,OUI,NON,0
19,127.0,140.0,7,13.44285714285714,7,13.44285714285714,12.7,3.7,-1.7,FEMME,NON,OUI,NON,OUI,NON,0
18,114.2,124.0,4,11.0,5,10.833333333333334,15.5,2.8,-4.06,FEMME,NON,OUI,NON,NON,NON,0
18,125.3,133.0,6,11.333333333333334,6,12.285714285714286,15.5,2.8,-4.06,FEMME,OUI,OUI,NON,OUI,NON,0
18,120.4,127.0,2,10.0,0,0.0,12.7,3.7,-1.7,FEMME,NON,OUI,NON,OUI,NON,1
19,123.0,138.0,5,13.44,6,13.066666666666668,12.4,0.5,1.79,FEMME,NON,OUI,NON,OUI,NON,0
18,130.5,142.0,7,12.214285714285714,8,14.0625,16.2,0.3,-0.92,FEMME,OUI,OUI,NON,OUI,NON,0
19,125.5,130.0,6,14.166666666666666,6,13.5,11.1,0.6,2.02,FEMME,OUI,OUI,NON,OUI,OUI,0
24,133.8,130.0,12,12.846153846153848,11,12.636363636363637,8.9,1.4,3.51,FEMME,OUI,OUI,OUI,NON,NON,0
20,150.0,150.0,6,13.0,2,12.0,12.4,0.5,1.79,FEMME,NON,OUI,NON,NON,NON,0
21,130.5,127.0,5,12.8,4,11.25,9.4,-0.8,-3.12,FEMME,OUI,OUI,NON,OUI,NON,0
20,140.0,140.0,4,13.0,5,12.0,16.2,0.3,-0.92,FEMME,NON,NON,OUI,NON,NON,1
19,119.4,126.0,7,13.371428571428572,8,13.666666666666666,16.2,0.3,-0.92,FEMME,OUI,OUI,NON,OUI,NON,0
19,121.3,139.0,7,13.385714285714286,8,13.3875,10.8,1.4,1.74,FEMME,OUI,OUI,NON,OUI,NON,0
18,126.3,141.0,7,13.328571428571427,7,13.328571428571427,12.7,3.7,-1.7,FEMME,NON,OUI,NON,OUI,NON,0
19,111.6,120.0,5,14.0,5,11.0,16.2,0.3,-0.92,FEMME,NON,OUI,NON,OUI,NON,0
21,111.3,120.0,5,12.6,5,13.2,8.9,1.4,3.51,FEMME,NON,OUI,NON,OUI,NON,0
19,122.5,134.0,6,14.0,6,15.0,15.5,2.8,-4.06,FEMME,OUI,OUI,NON,OUI,NON,0
18,116.5,128.0,6,13.428571428571429,6,12.666666666666666,8.9,1.4,3.51,FEMME,OUI,OUI,NON,OUI,NON,0
17,132.0,133.0,6,13.0,6,12.5,15.5,2.8,-4.06,FEMME,OUI,OUI,NON,OUI,NON,0
19,123.7,123.0,5,12.666666666666666,5,11.0,15.5,2.8,-4.06,FEMME,NON,OUI,NON,OUI,NON,0
23,117.0,118.0,3,10.0,3,12.333333333333334,9.4,-0.8,-3.12,HOMME,NON,NON,NON,OUI,NON,1
19,116.5,113.0,6,12.833333333333334,6,11.77777777777778,8.9,1.4,3.51,FEMME,NON,OUI,NON,OUI,NON,0
18,121.5,135.0,6,12.916666666666666,6,12.916666666666666,7.6,2.6,0.32,FEMME,NON,OUI,NON,OUI,NON,0
20,105.0,133.1,6,13.285714285714286,5,13.8,15.5,2.8,-4.06,FEMME,NON,OUI,NON,OUI,NON,0
19,121.3,130.0,5,14.6,5,13.8,10.8,1.4,1.74,FEMME,OUI,OUI,NON,OUI,NON,0
18,136.1,135.0,6,14.0,6,13.666666666666666,12.4,0.5,1.79,FEMME,OUI,OUI,NON,OUI,NON,0
19,123.6,133.0,6,14.142857142857142,6,15.0,13.9,-0.3,0.79,FEMME,OUI,OUI,NON,NON,NON,0
19,129.0,123.0,6,11.666666666666666,6,12.333333333333334,10.8,1.4,1.74,FEMME,NON,OUI,NON,OUI,NON,0
18,136.8,145.0,8,14.3775,8,14.3775,9.4,-0.8,-3.12,FEMME,NON,OUI,NON,OUI,NON,0
18,133.4,146.0,7,12.5,7,13.042857142857144,13.9,-0.3,0.79,FEMME,NON,OUI,NON,OUI,NON,0
19,136.0,144.0,6,14.15,6,14.15,7.6,2.6,0.32,FEMME,OUI,OUI,NON,OUI,NON,0
19,125.8,144.0,7,12.471428571428572,7,12.471428571428572,12.7,3.7,-1.7,FEMME,OUI,OUI,NON,NON,NON,0
19,120.5,131.0,6,14.15,6,14.15,7.6,2.6,0.32,FEMME,NON,OUI,NON,NON,NON,0
21,130.2,141.0,7,14.072222222222225,8,14.0475,15.5,2.8,-4.06,FEMME,NON,OUI,NON,OUI,NON,0
18,135.9,138.0,6,14.857142857142858,6,14.666666666666666,13.9,-0.3,0.79,FEMME,NON,OUI,NON,OUI,NON,0
19,116.5,127.0,6,14.285714285714286,6,13.166666666666666,11.1,0.6,2.02,FEMME,OUI,OUI,NON,NON,NON,0
18,124.0,124.0,0,0.0,0,0.0,12.7,3.7,-1.7,FEMME,NON,NON,NON,NON,NON,1
30,140.0,140.0,0,0.0,0,0.0,10.8,1.4,1.74,FEMME,NON,OUI,NON,NON,NON,1
18,150.9,157.0,6,15.0,5,15.166666666666666,13.9,-0.3,0.79,FEMME,NON,OUI,NON,OUI,NON,1
20,127.3,129.0,6,12.633333333333333,6,12.633333333333333,7.6,2.6,0.32,FEMME,OUI,OUI,NON,OUI,NON,0
25,100.0,133.1,5,11.2,5,12.6,9.4,-0.8,-3.12,FEMME,NON,NON,OUI,NON,NON,1
18,128.8,142.0,6,14.233333333333334,6,14.233333333333334,7.6,2.6,0.32,FEMME,NON,OUI,NON,OUI,NON,0
21,119.7,133.0,5,12.2,3,11.333333333333334,9.4,-0.8,-3.12,FEMME,NON,OUI,NON,OUI,NON,0
18,140.8,156.0,7,15.7,7,15.7,12.7,3.7,-1.7,FEMME,NON,OUI,NON,NON,NON,0
18,138.0,151.0,6,15.2,6,15.2,7.6,2.6,0.32,FEMME,NON,OUI,NON,OUI,NON,0
29,132.9,135.0,6,16.333333333333332,5,15.6,12.7,3.7,-1.7,FEMME,NON,NON,NON,OUI,NON,1
20,140.0,140.0,14,12.5625,12,12.857142857142858,15.5,2.8,-4.06,FEMME,NON,OUI,NON,NON,NON,0
26,140.0,140.0,0,0.0,0,0.0,13.9,-0.3,0.79,FEMME,NON,OUI,NON,NON,NON,1
21,99.3,100.0,5,12.4,6,12.0,12.4,0.5,1.79,FEMME,NON,OUI,NON,OUI,NON,0
19,119.3,126.0,8,13.78125,8,13.78125,9.4,-0.8,-3.12,FEMME,OUI,OUI,NON,NON,NON,0
19,113.2,123.0,6,12.166666666666666,5,11.666666666666666,16.2,0.3,-0.92,FEMME,NON,OUI,OUI,OUI,NON,1
21,117.0,133.1,5,11.8,5,11.833333333333334,15.5,2.8,-4.06,FEMME,NON,OUI,NON,NON,NON,0
20,123.0,137.0,4,10.8,4,12.0,16.2,0.3,-0.92,FEMME,NON,OUI,OUI,NON,NON,0
18,127.2,138.0,7,13.26,8,14.28625,15.5,2.8,-4.06,FEMME,OUI,OUI,NON,OUI,NON,0
20,141.0,128.0,4,12.0,3,10.666666666666666,7.6,2.6,0.32,FEMME,NON,NON,NON,OUI,NON,1
20,121.7,136.0,6,11.875,6,14.428571428571429,16.2,0.3,-0.92,FEMME,OUI,OUI,NON,NON,NON,0
18,121.1,127.0,5,12.16,2,13.4,16.2,0.3,-0.92,FEMME,OUI,OUI,NON,NON,NON,0
18,146.1,145.0,1,15.0,4,12.5,9.4,-0.8,-3.12,FEMME,NON,OUI,NON,OUI,NON,0
18,142.5,140.0,6,13.333333333333334,5,13.2,9.4,-0.8,-3.12,FEMME,NON,OUI,NON,OUI,NON,0
18,126.8,138.0,2,11.5,3,11.8,10.8,1.4,1.74,FEMME,NON,OUI,NON,OUI,NON,0
22,150.0,150.0,6,14.428571428571429,5,13.0,13.9,-0.3,0.79,FEMME,NON,OUI,NON,OUI,NON,0
19,150.0,150.0,1,13.0,3,15.333333333333334,12.7,3.7,-1.7,FEMME,NON,OUI,NON,OUI,NON,0
19,134.5,131.0,6,15.0,6,14.333333333333334,12.4,0.5,1.79,FEMME,OUI,OUI,NON,OUI,NON,0
18,129.5,136.0,7,15.155555555555557,8,16.8,12.7,3.7,-1.7,FEMME,NON,OUI,NON,OUI,NON,0
20,113.2,117.0,6,10.666666666666666,6,11.857142857142858,11.1,0.6,2.02,FEMME,NON,OUI,OUI,OUI,NON,0
18,140.2,158.0,5,11.0,4,11.25,10.8,1.4,1.74,FEMME,NON,OUI,NON,OUI,NON,1
21,119.2,129.0,0,0.0,0,0.0,8.9,1.4,3.51,FEMME,NON,OUI,NON,OUI,NON,1
19,140.7,140.0,6,12.285714285714286,6,12.0,12.4,0.5,1.79,FEMME,NON,OUI,NON,NON,NON,0
18,142.3,141.0,8,12.82875,8,12.82875,9.4,-0.8,-3.12,FEMME,NON,OUI,NON,OUI,NON,1
18,129.9,132.0,6,12.666666666666666,5,14.4,7.6,2.6,0.32,FEMME,NON,OUI,NON,OUI,OUI,0
18,134.8,133.0,0,0.0,0,0.0,12.4,0.5,1.79,FEMME,NON,OUI,NON,OUI,NON,0
21,104.1,109.0,2,13.0,0,0.0,15.5,2.8,-4.06,FEMME,OUI,NON,OUI,OUI,NON,1
19,122.4,135.0,5,10.875,4,12.4,13.9,-0.3,0.79,FEMME,NON,OUI,OUI,NON,NON,0
19,120.6,122.0,5,12.8,5,11.6,9.4,-0.8,-3.12,FEMME,OUI,OUI,NON,OUI,NON,0
19,112.4,118.0,5,11.285714285714286,0,0.0,16.2,0.3,-0.92,FEMME,NON,OUI,NON,OUI,NON,1
18,157.9,174.0,0,0.0,0,0.0,13.9,-0.3,0.79,FEMME,NON,OUI,NON,NON,NON,0
19,125.9,142.0,0,0.0,1,10.0,10.8,1.4,1.74,FEMME,OUI,OUI,NON,NON,NON,1
20,118.4,131.0,6,13.766666666666666,8,13.744444444444444,16.2,0.3,-0.92,FEMME,OUI,OUI,NON,OUI,NON,1
18,130.8,139.0,6,12.758333333333333,6,12.758333333333333,9.4,-0.8,-3.12,FEMME,NON,NON,NON,OUI,NON,1
19,176.7,170.0,0,0.0,0,0.0,11.1,0.6,2.02,FEMME,OUI,OUI,NON,OUI,NON,1
18,156.8,182.0,6,12.666666666666666,6,13.25,10.8,1.4,1.74,FEMME,NON,OUI,NON,OUI,NON,0
18,126.8,125.0,6,12.0,4,12.75,11.1,0.6,2.02,FEMME,NON,OUI,NON,NON,NON,0
19,128.0,142.0,6,12.25,6,12.0,16.2,0.3,-0.92,FEMME,OUI,OUI,NON,NON,NON,0
20,113.8,119.0,3,11.333333333333334,5,12.2,7.6,2.6,0.32,FEMME,NON,OUI,NON,OUI,NON,0
19,120.8,128.0,7,13.507142857142856,8,13.05,16.2,0.3,-0.92,FEMME,OUI,OUI,NON,OUI,NON,0
18,130.8,150.0,7,13.614285714285714,7,13.614285714285714,12.7,3.7,-1.7,FEMME,NON,OUI,NON,OUI,NON,0
25,101.0,133.1,0,0.0,0,0.0,15.5,2.8,-4.06,FEMME,NON,OUI,OUI,NON,NON,1
18,126.1,131.0,4,11.5,6,12.166666666666666,7.6,2.6,0.32,FEMME,NON,NON,NON,OUI,NON,0
19,113.8,118.0,6,12.333333333333334,6,12.5,8.9,1.4,3.51,FEMME,NON,OUI,NON,OUI,NON,0
19,118.3,122.0,7,11.971428571428572,8,14.4375,15.5,2.8,-4.06,FEMME,OUI,OUI,NON,OUI,NON,0
20,127.9,116.0,2,13.0,2,11.5,9.4,-0.8,-3.12,FEMME,OUI,NON,OUI,NON,NON,1
18,131.1,137.0,7,12.385714285714286,7,12.728571428571428,13.9,-0.3,0.79,FEMME,NON,OUI,NON,OUI,NON,0
20,117.9,128.0,2,13.5,5,11.285714285714286,10.8,1.4,1.74,FEMME,NON,OUI,NON,OUI,NON,0
21,115.7,123.0,6,12.166666666666666,6,13.285714285714286,11.1,0.6,2.02,FEMME,NON,OUI,NON,OUI,NON,0
19,141.0,133.1,0,0.0,0,0.0,12.7,3.7,-1.7,FEMME,NON,OUI,NON,OUI,NON,0
42,120.0,110.0,6,11.666666666666666,6,13.666666666666666,10.8,1.4,1.74,FEMME,NON,OUI,NON,NON,NON,0
18,131.8,143.0,5,12.4,5,14.166666666666666,8.9,1.4,3.51,FEMME,NON,NON,OUI,OUI,NON,0
19,131.1,150.0,5,13.4,6,12.833333333333334,15.5,2.8,-4.06,FEMME,OUI,OUI,NON,NON,NON,0
18,117.8,129.0,6,12.0,4,12.5,8.9,1.4,3.51,FEMME,NON,OUI,NON,OUI,NON,0
21,140.0,140.0,5,14.2,5,14.8,10.8,1.4,1.74,FEMME,NON,OUI,NON,OUI,NON,0
20,108.0,133.1,6,12.125,6,14.428571428571429,16.2,0.3,-0.92,FEMME,OUI,OUI,NON,NON,NON,0
20,122.9,132.0,7,13.857142857142858,7,13.285714285714286,11.1,0.6,2.02,FEMME,NON,OUI,NON,OUI,NON,0
21,130.0,130.0,3,11.75,5,12.333333333333334,12.4,0.5,1.79,FEMME,NON,OUI,NON,OUI,NON,0
19,126.0,137.0,7,14.283333333333337,8,13.125555555555556,15.5,2.8,-4.06,FEMME,NON,OUI,NON,OUI,NON,0
21,134.0,133.1,11,13.272727272727272,9,13.0,7.6,2.6,0.32,FEMME,NON,OUI,NON,NON,NON,0
19,134.3,143.0,6,14.666666666666666,6,15.142857142857142,8.9,1.4,3.51,FEMME,NON,OUI,NON,OUI,NON,0
19,138.7,148.0,7,15.114999999999998,8,15.092,15.5,2.8,-4.06,FEMME,OUI,OUI,NON,NON,NON,0
18,143.3,137.0,0,0.0,0,0.0,9.4,-0.8,-3.12,FEMME,NON,OUI,NON,OUI,NON,0
22,160.0,160.0,6,15.0,6,13.142857142857142,16.2,0.3,-0.92,FEMME,NON,OUI,NON,OUI,NON,0
21,111.0,112.0,5,13.2,5,14.333333333333334,9.4,-0.8,-3.12,FEMME,NON,OUI,NON,NON,NON,0
18,128.5,133.0,2,11.0,3,10.333333333333334,7.6,2.6,0.32,FEMME,OUI,OUI,NON,OUI,NON,1
20,133.0,142.0,7,14.565714285714288,7,14.565714285714288,10.8,1.4,1.74,FEMME,OUI,OUI,NON,NON,NON,0
18,114.6,123.0,3,12.0,4,10.75,7.6,2.6,0.32,FEMME,NON,NON,OUI,OUI,NON,1
20,104.1,103.0,0,0.0,0,0.0,8.9,1.4,3.51,FEMME,NON,OUI,NON,NON,NON,1
23,127.6,140.0,6,13.796666666666669,7,13.775,12.4,0.5,1.79,FEMME,NON,OUI,NON,OUI,NON,0
18,151.0,159.0,6,14.833333333333334,6,15.333333333333334,12.7,3.7,-1.7,FEMME,NON,OUI,NON,OUI,NON,0
20,135.7,140.0,6,12.833333333333334,6,13.833333333333334,12.4,0.5,1.79,FEMME,NON,OUI,NON,OUI,NON,0
18,137.8,148.0,7,14.962857142857144,7,14.962857142857144,10.8,1.4,1.74,FEMME,OUI,OUI,NON,OUI,NON,0
20,117.3,112.0,4,12.0,5,11.2,11.1,0.6,2.02,FEMME,NON,OUI,NON,OUI,NON,0
18,121.2,131.0,7,12.4,8,12.8,16.2,0.3,-0.92,FEMME,NON,OUI,NON,OUI,NON,0
20,129.3,145.0,6,15.571428571428571,6,17.166666666666668,16.2,0.3,-0.92,FEMME,NON,OUI,NON,OUI,NON,0
19,123.0,133.1,7,13.714285714285714,7,13.714285714285714,12.7,3.7,-1.7,FEMME,NON,OUI,NON,OUI,NON,0
21,140.0,140.0,6,13.142857142857142,6,12.166666666666666,13.9,-0.3,0.79,FEMME,NON,OUI,NON,NON,NON,0
33,140.0,140.0,6,15.0,3,11.0,11.1,0.6,2.02,FEMME,NON,OUI,NON,NON,NON,0
24,144.6,150.0,1,13.0,0,0.0,7.6,2.6,0.32,FEMME,NON,NON,OUI,NON,NON,1
20,118.3,120.0,11,12.0,11,12.75,13.9,-0.3,0.79,FEMME,OUI,OUI,NON,NON,NON,0
18,153.6,156.0,0,0.0,0,0.0,9.4,-0.8,-3.12,FEMME,NON,OUI,NON,OUI,NON,0
18,158.3,167.0,6,15.166666666666666,6,14.166666666666666,15.5,2.8,-4.06,FEMME,NON,OUI,NON,OUI,NON,0
29,100.0,133.1,4,12.0,2,10.5,7.6,2.6,0.32,FEMME,NON,OUI,OUI,NON,NON,1
18,134.9,147.0,7,13.642857142857142,8,14.772727272727272,16.2,0.3,-0.92,FEMME,NON,OUI,NON,NON,NON,0
19,142.0,129.0,6,12.666666666666666,6,12.714285714285714,9.4,-0.8,-3.12,FEMME,NON,OUI,NON,OUI,NON,0
19,127.3,136.0,0,0.0,0,0.0,15.5,2.8,-4.06,FEMME,NON,OUI,NON,OUI,NON,1
18,116.5,128.0,5,10.8,6,10.5,12.4,0.5,1.79,FEMME,OUI,OUI,NON,NON,NON,0
19,138.6,140.0,6,14.25,8,13.063636363636364,16.2,0.3,-0.92,FEMME,OUI,OUI,NON,NON,NON,0
20,133.0,141.0,12,12.153846153846152,10,12.9,10.8,1.4,1.74,FEMME,NON,OUI,NON,NON,NON,1
19,136.2,133.0,1,11.5,2,10.5,7.6,2.6,0.32,FEMME,NON,OUI,NON,OUI,NON,0
19,118.0,125.0,4,12.25,3,12.333333333333334,9.4,-0.8,-3.12,FEMME,OUI,OUI,NON,OUI,NON,0
18,126.8,124.0,6,12.0,5,11.142857142857142,13.9,-0.3,0.79,FEMME,OUI,OUI,NON,NON,NON,0
18,128.5,140.0,8,13.40375,8,13.40375,9.4,-0.8,-3.12,FEMME,OUI,OUI,NON,OUI,NON,0
19,129.9,140.0,6,11.333333333333334,3,12.666666666666666,9.4,-0.8,-3.12,FEMME,OUI,OUI,NON,NON,NON,0
20,125.8,137.0,5,12.2,6,12.333333333333334,12.7,3.7,-1.7,HOMME,NON,OUI,OUI,NON,NON,1
18,129.3,144.0,0,0.0,0,0.0,7.6,2.6,0.32,HOMME,OUI,OUI,NON,OUI,NON,0
18,124.7,138.0,0,0.0,0,0.0,16.2,0.3,-0.92,HOMME,NON,OUI,NON,OUI,NON,1
35,154.9,130.0,5,16.166666666666668,4,16.0,8.9,1.4,3.51,HOMME,NON,NON,OUI,NON,NON,1
18,127.3,142.0,3,11.0,3,11.0,16.2,0.3,-0.92,HOMME,NON,OUI,NON,NON,NON,0
19,129.0,136.0,0,0.0,0,0.0,13.9,-0.3,0.79,HOMME,OUI,OUI,NON,OUI,NON,0
19,98.0,133.1,4,12.0,6,12.285714285714286,15.5,2.8,-4.06,HOMME,OUI,OUI,NON,OUI,NON,0
20,122.0,130.0,2,10.5,4,12.25,10.8,1.4,1.74,HOMME,NON,OUI,NON,OUI,NON,0
19,112.5,117.0,3,11.666666666666666,4,10.333333333333334,13.9,-0.3,0.79,HOMME,NON,OUI,NON,OUI,NON,0
19,127.3,136.0,3,11.0,2,10.0,12.7,3.7,-1.7,HOMME,NON,OUI,NON,OUI,NON,1
24,100.5,133.1,0,0.0,0,0.0,11.1,0.6,2.02,HOMME,NON,OUI,NON,NON,NON,1
29,122.0,140.0,4,12.5,0,0.0,12.4,0.5,1.79,HOMME,NON,NON,OUI,OUI,NON,1
24,140.0,150.0,7,11.294444444444444,2,12.6,15.5,2.8,-4.06,HOMME,NON,OUI,NON,NON,NON,0
19,116.1,121.0,5,11.2,4,12.5,15.5,2.8,-4.06,HOMME,NON,OUI,NON,OUI,NON,0
37,130.0,120.0,0,0.0,0,0.0,7.6,2.6,0.32,HOMME,NON,OUI,NON,OUI,NON,1
18,146.2,143.0,5,13.2,5,11.8,16.2,0.3,-0.92,HOMME,NON,OUI,NON,OUI,NON,0
20,180.0,180.0,6,14.142857142857142,6,14.125,12.4,0.5,1.79,HOMME,OUI,OUI,NON,NON,NON,0
18,127.8,132.0,0,0.0,0,0.0,11.1,0.6,2.02,HOMME,NON,NON,NON,OUI,NON,1
22,130.8,130.0,0,0.0,3,13.333333333333334,16.2,0.3,-0.92,HOMME,NON,OUI,NON,NON,NON,0
22,109.0,133.1,3,12.333333333333334,3,10.571428571428571,10.8,1.4,1.74,HOMME,OUI,OUI,NON,OUI,NON,0
18,132.4,131.0,0,0.0,0,0.0,11.1,0.6,2.02,HOMME,NON,NON,OUI,OUI,NON,1
18,129.3,149.0,7,13.1,7,13.1,12.7,3.7,-1.7,HOMME,NON,OUI,NON,OUI,NON,0
19,125.4,124.0,6,13.5,6,13.166666666666666,9.4,-0.8,-3.12,HOMME,NON,OUI,NON,OUI,NON,0
19,130.2,126.0,5,10.2,3,12.0,10.8,1.4,1.74,HOMME,NON,OUI,NON,NON,NON,0
19,132.0,140.0,5,11.571428571428571,3,13.0,16.2,0.3,-0.92,HOMME,NON,OUI,NON,NON,NON,1
21,170.0,170.0,6,15.285714285714286,6,15.166666666666666,12.4,0.5,1.79,HOMME,NON,OUI,OUI,OUI,NON,0
19,130.2,133.0,5,12.6,8,11.0,8.9,1.4,3.51,HOMME,NON,OUI,NON,NON,NON,0
18,115.5,126.0,6,13.433333333333332,4,13.6,8.9,1.4,3.51,HOMME,NON,OUI,NON,NON,NON,0
19,127.6,129.0,5,11.6,3,11.0,10.8,1.4,1.74,HOMME,NON,OUI,NON,OUI,NON,1
25,140.0,140.0,6,14.666666666666666,6,13.5,11.1,0.6,2.02,HOMME,NON,OUI,NON,NON,NON,0
22,120.2,130.0,6,14.666666666666666,6,14.666666666666666,12.7,3.7,-1.7,HOMME,NON,OUI,NON,OUI,NON,0
24,150.0,130.0,7,12.742857142857144,7,12.742857142857144,12.7,3.7,-1.7,HOMME,NON,OUI,NON,NON,NON,0
19,100.0,99.0,7,11.975,7,13.12857142857143,13.9,-0.3,0.79,HOMME,NON,OUI,NON,OUI,NON,0
18,100.0,146.0,4,12.25,3,11.666666666666666,13.9,-0.3,0.79,HOMME,NON,OUI,NON,NON,NON,0
20,128.0,129.0,0,0.0,0,0.0,9.4,-0.8,-3.12,HOMME,NON,NON,NON,NON,NON,1
19,128.0,132.0,7,14.935714285714283,7,14.935714285714283,10.8,1.4,1.74,HOMME,OUI,OUI,NON,OUI,NON,0
19,107.2,110.0,2,10.5,4,10.0,7.6,2.6,0.32,HOMME,NON,OUI,NON,OUI,NON,1
19,110.1,116.0,5,13.333333333333334,5,13.0,12.4,0.5,1.79,HOMME,NON,OUI,NON,OUI,NON,0
23,119.0,119.0,0,0.0,0,0.0,15.5,2.8,-4.06,HOMME,NON,OUI,OUI,NON,NON,1
47,155.5,120.0,5,13.8,4,14.0,12.7,3.7,-1.7,HOMME,NON,OUI,NON,NON,NON,1
19,118.4,117.0,6,11.833333333333334,4,10.75,16.2,0.3,-0.92,HOMME,NON,OUI,NON,NON,NON,0
19,141.2,137.0,0,0.0,0,0.0,11.1,0.6,2.02,HOMME,NON,OUI,NON,OUI,NON,0
18,119.1,124.0,0,0.0,0,0.0,16.2,0.3,-0.92,HOMME,NON,OUI,NON,OUI,NON,1
28,111.0,151.0,2,10.0,0,0.0,15.5,2.8,-4.06,HOMME,NON,OUI,NON,NON,NON,1
20,138.6,138.6,4,11.5,3,11.666666666666666,7.6,2.6,0.32,HOMME,NON,OUI,NON,OUI,NON,1
18,121.2,118.0,3,10.666666666666666,4,12.0,15.5,2.8,-4.06,HOMME,OUI,OUI,NON,NON,NON,0
21,150.4,136.0,0,0.0,0,0.0,12.4,0.5,1.79,HOMME,OUI,OUI,NON,OUI,NON,0
19,117.8,123.0,4,12.75,2,13.0,10.8,1.4,1.74,HOMME,NON,OUI,NON,NON,NON,0
24,102.5,133.1,0,0.0,0,0.0,16.2,0.3,-0.92,HOMME,NON,NON,OUI,NON,NON,1
24,110.0,130.0,6,11.333333333333334,3,11.333333333333334,16.2,0.3,-0.92,HOMME,NON,OUI,NON,NON,NON,0
25,138.3,133.1,0,0.0,0,0.0,8.9,1.4,3.51,HOMME,NON,NON,OUI,OUI,NON,0
28,122.3,150.0,6,13.0,5,12.2,13.9,-0.3,0.79,HOMME,NON,OUI,NON,NON,NON,0
37,127.8,130.0,4,10.75,3,11.333333333333334,7.6,2.6,0.32,HOMME,NON,OUI,NON,NON,NON,0
19,100.0,128.0,5,12.0,2,10.5,13.9,-0.3,0.79,HOMME,NON,OUI,NON,NON,NON,0
18,126.4,133.0,7,13.462857142857144,8,13.90625,11.1,0.6,2.02,HOMME,OUI,OUI,NON,OUI,NON,0
48,100.0,133.1,3,10.0,1,10.0,7.6,2.6,0.32,HOMME,NON,OUI,NON,NON,NON,1
21,117.1,129.0,6,12.333333333333334,6,13.666666666666666,8.9,1.4,3.51,HOMME,NON,OUI,NON,OUI,NON,0
19,124.7,128.0,6,12.528571428571428,6,12.416666666666666,15.5,2.8,-4.06,HOMME,OUI,OUI,NON,NON,NON,0
21,124.1,136.0,0,0.0,0,0.0,9.4,-0.8,-3.12,HOMME,OUI,OUI,NON,NON,NON,0
23,129.4,130.0,0,0.0,0,0.0,13.9,-0.3,0.79,HOMME,NON,NON,OUI,OUI,NON,1
18,138.9,141.0,5,13.6,4,13.25,10.8,1.4,1.74,HOMME,NON,OUI,NON,OUI,NON,0
22,138.6,140.0,6,12.333333333333334,2,14.0,13.9,-0.3,0.79,HOMME,NON,OUI,NON,NON,NON,1
25,133.9,122.0,10,11.454545454545457,7,12.25,12.4,0.5,1.79,HOMME,NON,OUI,NON,OUI,NON,1
27,140.0,140.0,8,13.5,5,14.4,11.1,0.6,2.02,HOMME,NON,OUI,OUI,NON,NON,1
49,95.1,133.1,0,0.0,0,0.0,10.8,1.4,1.74,HOMME,NON,NON,NON,NON,NON,1
31,128.2,120.0,2,11.0,0,0.0,12.7,3.7,-1.7,HOMME,NON,NON,NON,NON,NON,1
54,121.5,133.1,6,13.714285714285714,5,14.333333333333334,16.2,0.3,-0.92,HOMME,NON,OUI,NON,NON,NON,1
25,120.0,120.0,21,12.363636363636363,12,12.25,11.1,0.6,2.02,HOMME,NON,NON,OUI,OUI,NON,1
20,130.0,130.0,3,10.666666666666666,2,11.5,15.5,2.8,-4.06,HOMME,NON,OUI,NON,NON,NON,0
28,120.0,120.0,2,12.0,3,12.666666666666666,12.7,3.7,-1.7,HOMME,NON,OUI,NON,NON,NON,1
41,107.0,133.1,7,12.857142857142858,6,13.166666666666666,12.7,3.7,-1.7,HOMME,NON,OUI,NON,NON,NON,0
19,116.1,122.0,6,13.125,6,12.714285714285714,11.1,0.6,2.02,HOMME,OUI,OUI,NON,NON,NON,0
22,114.4,123.0,0,0.0,2,11.5,15.5,2.8,-4.06,HOMME,NON,OUI,NON,NON,NON,1
34,157.7,178.0,2,13.5,0,0.0,15.5,2.8,-4.06,HOMME,NON,OUI,NON,NON,NON,1
28,150.0,130.0,11,15.090909090909092,10,15.0,11.1,0.6,2.02,HOMME,NON,NON,OUI,NON,NON,1
42,114.3,110.0,5,12.4,5,11.8,7.6,2.6,0.32,HOMME,NON,OUI,NON,OUI,NON,0
21,104.6,106.0,5,14.0,4,14.8,11.1,0.6,2.02,HOMME,NON,NON,NON,NON,NON,0
50,140.0,140.0,2,13.5,1,13.0,15.5,2.8,-4.06,HOMME,NON,OUI,NON,NON,NON,1
19,109.1,108.0,0,0.0,0,0.0,12.4,0.5,1.79,HOMME,NON,OUI,NON,OUI,NON,1
18,120.6,120.0,4,12.65,3,10.666666666666666,16.2,0.3,-0.92,HOMME,NON,OUI,NON,NON,NON,1
59,161.9,100.0,0,0.0,0,0.0,16.2,0.3,-0.92,HOMME,NON,OUI,NON,NON,NON,1
33,140.0,140.0,0,0.0,0,0.0,7.6,2.6,0.32,HOMME,NON,NON,NON,OUI,NON,1
23,178.0,133.1,6,13.333333333333334,5,12.8,9.4,-0.8,-3.12,HOMME,OUI,OUI,NON,OUI,NON,0
44,138.3,133.1,3,11.333333333333334,5,11.142857142857142,13.9,-0.3,0.79,HOMME,NON,OUI,NON,NON,NON,1
37,128.0,140.0,0,0.0,0,0.0,9.4,-0.8,-3.12,HOMME,NON,OUI,NON,OUI,NON,1
36,139.0,100.0,0,0.0,0,0.0,10.8,1.4,1.74,HOMME,NON,OUI,NON,NON,NON,1
22,113.2,123.0,3,11.666666666666666,2,10.5,7.6,2.6,0.32,HOMME,NON,NON,NON,NON,NON,1
49,139.0,133.1,6,12.166666666666666,6,14.428571428571429,12.4,0.5,1.79,HOMME,NON,OUI,NON,NON,NON,0
23,110.0,135.0,6,13.333333333333334,4,12.75,11.1,0.6,2.02,HOMME,NON,OUI,NON,OUI,NON,0
19,136.6,132.0,5,11.4,3,11.0,7.6,2.6,0.32,HOMME,NON,OUI,NON,OUI,NON,0
47,161.1,120.0,6,12.142857142857142,0,0.0,16.2,0.3,-0.92,HOMME,NON,OUI,NON,NON,NON,1
28,130.0,130.0,17,13.058823529411764,12,12.307692307692308,15.5,2.8,-4.06,HOMME,NON,OUI,NON,NON,NON,0
21,140.0,140.0,4,11.75,4,10.5,15.5,2.8,-4.06,HOMME,NON,OUI,NON,NON,NON,0
21,121.0,133.1,5,11.833333333333334,5,10.0,8.9,1.4,3.51,HOMME,NON,NON,OUI,NON,NON,1
21,118.6,120.0,10,12.4,10,11.8,13.9,-0.3,0.79,HOMME,NON,OUI,NON,NON,NON,0
20,138.3,140.0,6,13.428571428571429,4,11.5,13.9,-0.3,0.79,HOMME,NON,OUI,NON,NON,NON,0
49,115.8,133.1,0,0.0,0,0.0,10.8,1.4,1.74,HOMME,NON,NON,NON,NON,NON,1
40,160.0,120.0,5,11.0,5,13.4,15.5,2.8,-4.06,HOMME,NON,OUI,NON,NON,NON,0
22,114.5,125.0,6,13.625,6,14.428571428571429,11.1,0.6,2.02,HOMME,OUI,OUI,NON,NON,NON,0
19,117.5,136.0,4,11.8,2,11.5,15.5,2.8,-4.06,HOMME,NON,OUI,NON,NON,NON,0
31,121.7,133.1,0,0.0,0,0.0,13.9,-0.3,0.79,HOMME,NON,OUI,NON,NON,NON,1
30,115.0,120.0,2,15.0,2,13.5,15.5,2.8,-4.06,HOMME,NON,OUI,NON,NON,NON,1
19,125.3,127.0,5,10.8,5,11.0,7.6,2.6,0.32,HOMME,NON,OUI,NON,NON,NON,0
22,131.0,131.0,3,13.666666666666666,3,11.333333333333334,9.4,-0.8,-3.12,HOMME,NON,OUI,NON,NON,NON,1
19,126.3,127.0,6,12.833333333333334,6,13.333333333333334,15.5,2.8,-4.06,HOMME,NON,OUI,NON,NON,NON,0
21,127.1,132.0,0,0.0,0,0.0,7.6,2.6,0.32,HOMME,NON,NON,NON,NON,NON,1
19,138.4,137.0,6,15.125,6,13.428571428571429,11.1,0.6,2.02,HOMME,NON,OUI,NON,NON,NON,0
22,100.0,126.0,0,0.0,1,10.0,16.2,0.3,-0.92,HOMME,NON,OUI,NON,OUI,NON,1
22,126.2,136.0,5,11.4,5,11.0,10.8,1.4,1.74,HOMME,NON,OUI,NON,NON,NON,0
19,118.8,124.0,4,12.25,6,11.0,9.4,-0.8,-3.12,HOMME,NON,OUI,NON,NON,NON,0
26,124.5,137.0,0,0.0,0,0.0,16.2,0.3,-0.92,HOMME,NON,NON,NON,NON,NON,1
23,140.0,140.0,3,14.0,1,14.0,12.4,0.5,1.79,HOMME,NON,OUI,NON,NON,NON,0
18,125.1,131.0,6,12.333333333333334,5,10.8,16.2,0.3,-0.92,HOMME,NON,OUI,NON,NON,NON,0
22,118.8,130.0,5,10.666666666666666,2,11.0,15.5,2.8,-4.06,HOMME,OUI,OUI,OUI,NON,NON,0
19,125.2,136.0,5,11.833333333333334,5,14.714285714285714,12.4,0.5,1.79,HOMME,NON,OUI,NON,OUI,NON,0
20,95.0,133.1,0,0.0,0,0.0,11.1,0.6,2.02,HOMME,NON,OUI,NON,NON,NON,1
22,107.6,110.0,6,11.666666666666666,6,12.166666666666666,7.6,2.6,0.32,HOMME,OUI,OUI,NON,OUI,NON,0
18,140.0,140.0,2,13.0,0,0.0,12.7,3.7,-1.7,HOMME,NON,NON,NON,OUI,NON,1
39,125.4,133.1,0,0.0,0,0.0,10.8,1.4,1.74,HOMME,NON,OUI,NON,NON,NON,1
18,128.0,141.0,0,0.0,0,0.0,10.8,1.4,1.74,HOMME,NON,OUI,NON,NON,NON,1
18,129.3,130.0,5,13.0,5,14.2,8.9,1.4,3.51,HOMME,OUI,OUI,NON,NON,NON,0
19,152.0,160.0,6,13.857142857142858,6,14.0,13.9,-0.3,0.79,HOMME,OUI,OUI,NON,NON,NON,0
18,128.8,140.0,6,13.391666666666666,8,12.4875,12.4,0.5,1.79,HOMME,NON,OUI,NON,NON,NON,0
18,152.8,150.0,4,12.75,0,0.0,7.6,2.6,0.32,HOMME,OUI,OUI,NON,OUI,NON,1
22,150.0,150.0,4,14.5,5,14.6,10.8,1.4,1.74,HOMME,NON,OUI,NON,OUI,NON,0
19,112.0,133.1,6,12.166666666666666,6,12.166666666666666,12.4,0.5,1.79,HOMME,NON,OUI,NON,NON,NON,0
18,135.6,152.0,5,15.4,5,15.6,12.7,3.7,-1.7,HOMME,NON,OUI,NON,OUI,NON,1
31,134.4,133.1,2,13.333333333333334,2,16.0,16.2,0.3,-0.92,HOMME,NON,NON,OUI,NON,NON,1
28,120.5,130.0,0,0.0,0,0.0,12.7,3.7,-1.7,HOMME,NON,OUI,NON,NON,NON,1
19,141.4,148.0,0,0.0,0,0.0,15.5,2.8,-4.06,HOMME,NON,OUI,NON,NON,NON,1
20,145.2,148.0,6,13.714285714285714,6,14.714285714285714,16.2,0.3,-0.92,HOMME,NON,OUI,NON,NON,NON,0
50,140.0,130.0,4,12.25,0,0.0,8.9,1.4,3.51,HOMME,NON,OUI,NON,NON,NON,1
38,100.0,160.0,5,16.0,4,16.5,13.9,-0.3,0.79,HOMME,NON,OUI,NON,NON,NON,0
31,140.0,130.0,1,11.0,1,13.0,9.4,-0.8,-3.12,HOMME,NON,OUI,NON,OUI,NON,1
27,126.0,110.0,7,14.085714285714284,7,14.085714285714284,7.6,2.6,0.32,HOMME,NON,OUI,NON,OUI,NON,0
21,112.6,122.0,6,10.166666666666666,6,10.5,12.7,3.7,-1.7,HOMME,NON,OUI,NON,OUI,NON,0
34,106.8,110.0,1,10.0,0,0.0,8.9,1.4,3.51,HOMME,NON,OUI,NON,NON,NON,1
19,121.6,129.0,0,0.0,1,10.0,7.6,2.6,0.32,HOMME,NON,OUI,NON,OUI,NON,0
40,120.0,110.0,2,10.5,3,10.666666666666666,9.4,-0.8,-3.12,HOMME,NON,NON,NON,OUI,NON,1
18,160.6,170.0,0,0.0,0,0.0,12.7,3.7,-1.7,HOMME,OUI,OUI,NON,OUI,NON,0
46,130.0,110.0,0,0.0,0,0.0,15.5,2.8,-4.06,HOMME,OUI,NON,OUI,NON,NON,1
37,110.0,110.0,0,0.0,0,0.0,7.6,2.6,0.32,HOMME,NON,OUI,NON,NON,NON,1
31,110.0,133.1,0,0.0,0,0.0,16.2,0.3,-0.92,HOMME,NON,OUI,NON,OUI,NON,1
34,145.8,133.1,5,13.333333333333334,5,12.4,12.4,0.5,1.79,HOMME,NON,OUI,NON,NON,NON,0
18,130.2,126.0,0,0.0,0,0.0,9.4,-0.8,-3.12,HOMME,OUI,OUI,NON,OUI,NON,1
18,122.3,137.0,6,13.571428571428571,6,14.333333333333334,12.4,0.5,1.79,HOMME,OUI,OUI,NON,NON,NON,0
19,125.4,117.0,6,12.833333333333334,6,11.166666666666666,11.1,0.6,2.02,HOMME,OUI,OUI,NON,OUI,NON,0
40,130.0,100.0,4,10.25,5,11.2,15.5,2.8,-4.06,HOMME,NON,OUI,NON,NON,NON,1
25,150.0,120.0,0,0.0,0,0.0,12.4,0.5,1.79,HOMME,NON,OUI,NON,NON,NON,1
20,116.9,126.0,4,14.5,3,13.333333333333334,11.1,0.6,2.02,HOMME,NON,OUI,OUI,OUI,NON,1
20,114.7,122.0,5,15.8,5,13.714285714285714,11.1,0.6,2.02,HOMME,NON,OUI,NON,NON,NON,0
43,95.8,111.0,0,0.0,0,0.0,15.5,2.8,-4.06,HOMME,NON,NON,NON,OUI,NON,1
18,133.1,139.0,4,12.5,3,14.666666666666666,7.6,2.6,0.32,HOMME,NON,OUI,NON,OUI,NON,0
35,150.0,150.0,18,11.666666666666666,12,11.5,15.5,2.8,-4.06,HOMME,NON,OUI,NON,NON,NON,0
23,118.5,116.0,4,13.0,5,13.0,7.6,2.6,0.32,HOMME,NON,OUI,NON,NON,NON,0
19,131.1,130.0,7,12.12142857142857,8,11.50625,12.4,0.5,1.79,HOMME,NON,OUI,NON,NON,NON,0
21,150.3,150.0,9,14.22222222222222,7,13.75,8.9,1.4,3.51,HOMME,OUI,OUI,NON,OUI,NON,0
19,120.5,132.0,4,12.5,4,13.25,13.9,-0.3,0.79,HOMME,NON,OUI,NON,NON,NON,0
20,105.6,108.0,5,12.166666666666666,5,15.285714285714286,12.4,0.5,1.79,HOMME,NON,OUI,NON,OUI,NON,0
30,125.3,133.1,0,0.0,0,0.0,12.4,0.5,1.79,HOMME,OUI,OUI,NON,NON,NON,1
44,131.0,120.0,6,12.666666666666666,6,11.5,12.4,0.5,1.79,HOMME,NON,OUI,NON,OUI,NON,0
19,127.0,146.0,7,13.614285714285714,7,13.614285714285714,12.7,3.7,-1.7,HOMME,NON,OUI,NON,NON,NON,0
22,150.0,150.0,12,12.857142857142858,10,14.3,16.2,0.3,-0.92,HOMME,NON,OUI,NON,OUI,NON,0
18,149.2,160.0,4,14.0,5,14.2,7.6,2.6,0.32,HOMME,NON,OUI,NON,NON,NON,0
21,121.5,125.0,4,14.75,5,11.8,12.7,3.7,-1.7,HOMME,OUI,OUI,NON,OUI,NON,0
18,137.3,125.0,0,0.0,0,0.0,7.6,2.6,0.32,HOMME,NON,OUI,NON,NON,NON,1
18,119.6,122.0,6,13.625,6,14.285714285714286,11.1,0.6,2.02,HOMME,NON,OUI,NON,OUI,NON,0
19,141.5,138.0,0,0.0,0,0.0,7.6,2.6,0.32,HOMME,NON,OUI,NON,NON,NON,0
21,150.0,150.0,4,11.8,4,11.875,16.2,0.3,-0.92,HOMME,NON,OUI,NON,OUI,NON,1
31,110.0,140.0,6,15.125,6,14.6,16.2,0.3,-0.92,HOMME,NON,OUI,NON,NON,NON,0
21,110.2,113.0,4,11.5,2,10.5,9.4,-0.8,-3.12,HOMME,NON,OUI,NON,OUI,NON,1
24,110.3,139.0,1,10.0,1,11.0,8.9,1.4,3.51,HOMME,NON,OUI,OUI,NON,NON,0
27,120.0,133.1,0,0.0,0,0.0,9.4,-0.8,-3.12,HOMME,NON,OUI,NON,NON,NON,1
20,114.2,118.0,3,10.333333333333334,5,12.8,12.4,0.5,1.79,HOMME,NON,OUI,NON,OUI,NON,0
22,140.0,140.0,0,0.0,2,11.666666666666666,10.8,1.4,1.74,HOMME,NON,OUI,NON,OUI,NON,0
19,132.8,144.0,4,12.0,4,12.5,15.5,2.8,-4.06,HOMME,OUI,OUI,NON,NON,NON,0
19,121.5,125.0,6,13.833333333333334,6,14.5,8.9,1.4,3.51,HOMME,NON,OUI,NON,OUI,NON,0
23,127.2,131.0,13,12.153846153846152,11,11.909090909090908,11.1,0.6,2.02,HOMME,NON,OUI,OUI,OUI,NON,0
18,128.2,131.0,6,14.0,6,13.666666666666666,12.4,0.5,1.79,HOMME,NON,OUI,NON,OUI,NON,0
29,133.4,140.0,6,16.5,5,13.8,11.1,0.6,2.02,HOMME,NON,NON,NON,OUI,NON,0
29,120.0,133.1,1,18.0,3,13.333333333333334,10.8,1.4,1.74,HOMME,NON,OUI,NON,OUI,NON,1
20,140.0,140.0,6,11.285714285714286,5,11.77777777777778,16.2,0.3,-0.92,HOMME,NON,OUI,NON,NON,NON,0
19,136.9,139.0,0,0.0,0,0.0,9.4,-0.8,-3.12,HOMME,OUI,OUI,NON,OUI,NON,0
22,117.0,125.0,0,0.0,0,0.0,10.8,1.4,1.74,HOMME,NON,OUI,NON,OUI,NON,0
20,110.7,117.0,5,14.0,6,12.0,11.1,0.6,2.02,HOMME,NON,OUI,NON,OUI,NON,0
24,160.0,150.0,4,13.75,3,12.0,9.4,-0.8,-3.12,HOMME,NON,OUI,NON,OUI,NON,0
21,95.0,95.0,4,13.25,5,11.0,12.7,3.7,-1.7,HOMME,NON,NON,NON,NON,NON,1
25,148.8,150.0,4,14.25,4,14.75,12.7,3.7,-1.7,HOMME,OUI,OUI,NON,NON,NON,0
32,110.0,120.0,0,0.0,0,0.0,9.4,-0.8,-3.12,HOMME,NON,NON,NON,NON,NON,1
26,133.9,136.0,8,11.25,3,11.333333333333334,7.6,2.6,0.32,HOMME,NON,NON,NON,NON,NON,1
18,125.7,133.0,6,13.5,6,12.5,12.4,0.5,1.79,HOMME,OUI,OUI,NON,OUI,NON,0
19,116.6,125.0,5,12.666666666666666,6,12.857142857142858,16.2,0.3,-0.92,HOMME,OUI,OUI,NON,NON,NON,0
19,141.0,127.0,6,15.166666666666666,6,12.333333333333334,12.4,0.5,1.79,HOMME,OUI,OUI,NON,OUI,NON,0
27,130.0,130.0,6,13.166666666666666,5,15.142857142857142,11.1,0.6,2.02,HOMME,NON,OUI,NON,NON,NON,1
21,130.0,130.0,10,11.8,9,11.444444444444445,8.9,1.4,3.51,HOMME,NON,OUI,OUI,NON,NON,0
20,115.8,127.0,4,11.5,0,0.0,13.9,-0.3,0.79,HOMME,NON,OUI,NON,NON,NON,0
21,140.0,140.0,6,14.5,6,11.333333333333334,12.4,0.5,1.79,HOMME,NON,OUI,NON,OUI,NON,0
22,126.1,125.0,5,13.4,3,10.666666666666666,9.4,-0.8,-3.12,HOMME,NON,OUI,NON,OUI,NON,0
19,137.5,135.0,0,0.0,0,0.0,12.7,3.7,-1.7,HOMME,NON,NON,OUI,OUI,NON,0
18,120.8,132.0,4,10.8,2,12.5,11.1,0.6,2.02,HOMME,OUI,OUI,NON,OUI,NON,1
28,136.5,110.0,0,0.0,0,0.0,13.9,-0.3,0.79,HOMME,NON,OUI,NON,NON,NON,1
25,122.0,130.0,6,11.428571428571429,4,12.0,15.5,2.8,-4.06,HOMME,NON,NON,OUI,NON,NON,1
25,130.0,130.0,8,12.5,10,11.6,15.5,2.8,-4.06,HOMME,NON,OUI,NON,NON,NON,1
18,126.3,135.0,2,13.5,3,12.333333333333334,8.9,1.4,3.51,HOMME,NON,OUI,NON,NON,NON,0
26,98.0,133.1,0,0.0,0,0.0,10.8,1.4,1.74,HOMME,NON,OUI,NON,NON,NON,1
18,121.0,135.0,5,12.75,5,11.5,13.9,-0.3,0.79,HOMME,OUI,OUI,NON,OUI,NON,0
22,124.2,128.0,3,11.333333333333334,3,12.333333333333334,15.5,2.8,-4.06,HOMME,NON,OUI,NON,OUI,NON,0
25,130.0,140.0,0,0.0,0,0.0,16.2,0.3,-0.92,HOMME,NON,OUI,NON,NON,NON,1
19,136.1,135.0,5,11.4,5,12.4,8.9,1.4,3.51,HOMME,NON,OUI,NON,OUI,NON,0
19,132.8,131.0,6,14.428571428571429,6,14.571428571428571,13.9,-0.3,0.79,HOMME,NON,OUI,NON,OUI,NON,0
19,126.3,131.0,7,12.492857142857144,8,11.7125,16.2,0.3,-0.92,HOMME,NON,OUI,NON,NON,NON,0
45,111.5,100.0,4,11.5,4,11.0,10.8,1.4,1.74,HOMME,NON,OUI,NON,NON,NON,1
52,118.2,140.0,5,11.2,5,12.8,7.6,2.6,0.32,HOMME,NON,OUI,NON,NON,NON,0
20,115.6,124.0,3,12.0,3,11.0,9.4,-0.8,-3.12,HOMME,NON,NON,NON,OUI,NON,1
19,117.8,130.0,7,15.885714285714286,7,15.885714285714286,10.8,1.4,1.74,HOMME,NON,OUI,NON,OUI,NON,0
21,127.0,142.0,4,12.94,4,11.58,12.4,0.5,1.79,HOMME,NON,NON,OUI,NON,NON,1
35,140.0,150.0,6,14.0,6,14.166666666666666,9.4,-0.8,-3.12,HOMME,NON,NON,NON,NON,NON,0
36,106.0,110.0,0,0.0,0,0.0,7.6,2.6,0.32,HOMME,NON,OUI,NON,OUI,NON,0
47,151.0,110.0,0,0.0,0,0.0,15.5,2.8,-4.06,HOMME,NON,NON,OUI,NON,NON,1
22,106.4,112.0,0,0.0,0,0.0,8.9,1.4,3.51,HOMME,NON,OUI,NON,NON,NON,1
41,125.3,100.0,4,11.25,3,11.0,7.6,2.6,0.32,HOMME,NON,OUI,NON,OUI,NON,1
26,130.0,130.0,0,0.0,0,0.0,10.8,1.4,1.74,HOMME,NON,OUI,NON,NON,NON,1
51,116.0,133.1,4,11.25,0,0.0,10.8,1.4,1.74,FEMME,NON,NON,NON,NON,NON,1
43,120.0,150.0,3,10.666666666666666,4,12.5,9.4,-0.8,-3.12,FEMME,NON,OUI,NON,NON,NON,0
41,100.0,100.0,5,11.8,3,10.666666666666666,7.6,2.6,0.32,FEMME,NON,OUI,NON,OUI,NON,0
23,118.5,130.0,8,11.625,10,11.181818181818182,7.6,2.6,0.32,HOMME,NON,OUI,NON,OUI,NON,0
22,118.9,129.0,0,0.0,0,0.0,9.4,-0.8,-3.12,HOMME,NON,OUI,NON,OUI,NON,1
25,119.3,127.0,4,10.25,4,11.25,12.7,3.7,-1.7,HOMME,OUI,OUI,NON,OUI,NON,1
25,135.8,140.0,15,10.8,14,11.357142857142858,9.4,-0.8,-3.12,HOMME,NON,OUI,NON,OUI,NON,0
22,130.0,130.0,11,12.545454545454543,11,12.666666666666666,8.9,1.4,3.51,HOMME,OUI,NON,NON,OUI,NON,0
24,129.8,133.1,7,13.571428571428571,5,13.4,8.9,1.4,3.51,HOMME,NON,OUI,NON,NON,OUI,0
47,150.0,140.0,0,0.0,0,0.0,16.2,0.3,-0.92,HOMME,NON,OUI,NON,NON,NON,1
41,111.9,133.1,0,0.0,0,0.0,7.6,2.6,0.32,HOMME,NON,OUI,NON,OUI,NON,1
43,150.1,120.0,6,14.77777777777778,5,12.2,13.9,-0.3,0.79,HOMME,NON,OUI,NON,OUI,NON,0
29,130.0,133.1,0,0.0,0,0.0,16.2,0.3,-0.92,HOMME,NON,OUI,NON,NON,NON,1
30,128.0,120.0,0,0.0,0,0.0,7.6,2.6,0.32,HOMME,NON,OUI,NON,NON,NON,1
26,102.5,133.1,0,0.0,0,0.0,12.7,3.7,-1.7,HOMME,NON,NON,NON,NON,NON,1
27,102.5,133.1,0,0.0,0,0.0,15.5,2.8,-4.06,HOMME,NON,NON,NON,NON,NON,1
36,110.0,100.0,5,11.4,5,11.6,9.4,-0.8,-3.12,HOMME,OUI,OUI,NON,NON,NON,0
29,114.0,133.1,6,11.666666666666666,6,10.857142857142858,15.5,2.8,-4.06,HOMME,NON,OUI,NON,NON,NON,1
35,128.2,120.0,7,11.285714285714286,5,13.0,9.4,-0.8,-3.12,HOMME,NON,OUI,NON,OUI,NON,1
18,116.5,128.0,4,11.5,5,12.6,10.8,1.4,1.74,HOMME,OUI,OUI,NON,NON,NON,0
24,149.3,172.0,5,16.0,5,16.0,8.9,1.4,3.51,HOMME,OUI,OUI,NON,NON,NON,0
18,134.1,146.0,6,12.5,6,12.666666666666666,10.8,1.4,1.74,HOMME,OUI,OUI,NON,OUI,NON,1
18,126.6,135.0,4,12.0,3,13.0,7.6,2.6,0.32,HOMME,NON,OUI,NON,OUI,NON,0
21,120.0,160.0,0,0.0,3,11.666666666666666,9.4,-0.8,-3.12,HOMME,NON,OUI,NON,NON,NON,0
21,133.5,150.0,5,13.0,5,12.6,9.4,-0.8,-3.12,HOMME,NON,OUI,NON,OUI,NON,0
32,110.0,130.0,13,13.714285714285714,12,12.083333333333334,15.5,2.8,-4.06,HOMME,NON,OUI,NON,NON,NON,0
22,107.5,111.0,3,12.333333333333334,3,12.5,11.1,0.6,2.02,HOMME,OUI,OUI,NON,OUI,NON,1
32,130.0,130.0,11,12.727272727272728,10,12.7,15.5,2.8,-4.06,HOMME,NON,NON,NON,OUI,NON,1
35,111.6,170.0,1,14.0,0,0.0,9.4,-0.8,-3.12,HOMME,NON,OUI,NON,NON,NON,1
23,101.0,133.1,0,0.0,0,0.0,8.9,1.4,3.51,HOMME,NON,NON,NON,OUI,NON,1
39,108.3,100.0,5,11.4,3,11.0,7.6,2.6,0.32,HOMME,NON,OUI,NON,NON,NON,0
35,128.2,120.0,0,0.0,1,10.0,9.4,-0.8,-3.12,HOMME,NON,OUI,NON,NON,NON,1
32,150.0,110.0,6,18.875,12,17.692307692307693,16.2,0.3,-0.92,HOMME,NON,OUI,NON,NON,NON,0
20,142.8,133.1,0,0.0,0,0.0,7.6,2.6,0.32,HOMME,NON,OUI,NON,NON,NON,1
34,100.0,120.0,6,11.333333333333334,4,12.6,16.2,0.3,-0.92,HOMME,NON,OUI,NON,NON,NON,0
44,150.0,150.0,7,13.5,5,16.2,8.9,1.4,3.51,HOMME,NON,OUI,NON,OUI,NON,1
53,156.5,133.1,2,15.0,3,10.0,16.2,0.3,-0.92,HOMME,NON,OUI,NON,NON,NON,0
28,98.6,120.0,0,0.0,0,0.0,12.4,0.5,1.79,HOMME,NON,NON,OUI,NON,NON,1
31,130.0,130.0,9,14.22222222222222,5,12.8,12.7,3.7,-1.7,HOMME,NON,OUI,NON,NON,NON,1
18,118.1,130.0,0,0.0,0,0.0,9.4,-0.8,-3.12,HOMME,NON,NON,OUI,NON,NON,0
44,120.0,100.0,4,12.0,0,0.0,15.5,2.8,-4.06,HOMME,NON,NON,OUI,NON,NON,1
19,127.7,142.0,5,12.6,4,12.0,12.7,3.7,-1.7,HOMME,NON,OUI,NON,OUI,NON,0
21,130.0,130.0,12,15.083333333333334,11,13.083333333333334,8.9,1.4,3.51,HOMME,NON,OUI,NON,NON,OUI,0
18,147.7,148.0,0,0.0,0,0.0,9.4,-0.8,-3.12,HOMME,OUI,OUI,NON,NON,NON,1
20,170.0,170.0,6,14.5,6,15.3,16.2,0.3,-0.92,HOMME,NON,OUI,NON,OUI,NON,0
55,110.2,110.0,6,14.5,6,13.5,11.1,0.6,2.02,HOMME,NON,OUI,NON,NON,NON,0
27,146.4,166.0,3,10.0,1,13.0,7.6,2.6,0.32,HOMME,NON,OUI,NON,NON,NON,0
19,121.0,135.0,0,0.0,0,0.0,12.4,0.5,1.79,HOMME,NON,OUI,NON,NON,NON,1
18,129.9,133.0,5,11.6,5,13.2,12.4,0.5,1.79,HOMME,NON,OUI,NON,NON,NON,0
43,132.0,133.1,4,11.75,0,0.0,15.5,2.8,-4.06,HOMME,NON,OUI,NON,NON,NON,1
18,125.9,121.0,0,0.0,0,0.0,13.9,-0.3,0.79,HOMME,NON,OUI,NON,OUI,NON,1
18,165.7,159.0,0,0.0,0,0.0,9.4,-0.8,-3.12,HOMME,NON,OUI,NON,OUI,NON,1
20,122.7,130.0,0,0.0,0,0.0,8.9,1.4,3.51,HOMME,OUI,OUI,OUI,OUI,NON,1
29,141.4,121.0,4,11.25,4,11.8,10.8,1.4,1.74,HOMME,NON,NON,OUI,NON,NON,1
44,156.4,133.1,5,11.571428571428571,0,0.0,13.9,-0.3,0.79,HOMME,NON,OUI,OUI,OUI,NON,1
18,148.5,146.0,4,10.0,1,16.0,10.8,1.4,1.74,HOMME,NON,OUI,NON,OUI,NON,0
20,140.0,140.0,5,13.833333333333334,6,12.3,15.5,2.8,-4.06,HOMME,OUI,OUI,NON,NON,NON,0
20,131.7,125.0,4,12.75,3,12.666666666666666,12.4,0.5,1.79,HOMME,NON,OUI,NON,OUI,NON,1
36,104.7,120.0,0,0.0,0,0.0,10.8,1.4,1.74,HOMME,NON,OUI,NON,OUI,NON,1
19,150.0,150.0,5,11.6,2,11.0,13.9,-0.3,0.79,HOMME,NON,OUI,NON,OUI,NON,0
29,110.0,110.0,0,0.0,0,0.0,12.7,3.7,-1.7,HOMME,NON,NON,NON,NON,NON,1
18,129.1,120.0,4,11.25,3,10.333333333333334,10.8,1.4,1.74,HOMME,NON,OUI,NON,OUI,NON,1
24,120.0,133.1,0,0.0,0,0.0,13.9,-0.3,0.79,HOMME,NON,NON,NON,NON,NON,1
20,127.0,133.1,6,14.333333333333334,6,15.0,15.5,2.8,-4.06,HOMME,NON,OUI,NON,NON,NON,0
45,151.5,133.1,0,0.0,0,0.0,16.2,0.3,-0.92,HOMME,NON,NON,OUI,NON,NON,1
28,126.8,130.0,20,13.5,20,13.5,7.6,2.6,0.32,HOMME,OUI,OUI,NON,OUI,NON,0
23,140.8,160.0,6,12.666666666666666,5,12.2,7.6,2.6,0.32,HOMME,NON,OUI,NON,OUI,NON,0
18,125.6,128.0,7,12.444285714285714,7,11.347142857142858,12.4,0.5,1.79,HOMME,NON,OUI,NON,OUI,NON,0
23,127.8,140.0,3,10.666666666666666,3,11.333333333333334,9.4,-0.8,-3.12,HOMME,NON,OUI,NON,OUI,NON,1
22,120.0,120.0,0,0.0,0,0.0,7.6,2.6,0.32,HOMME,NON,OUI,NON,OUI,NON,0
22,131.3,140.0,6,12.666666666666666,5,12.4,12.4,0.5,1.79,HOMME,OUI,OUI,NON,NON,NON,0
33,155.7,120.0,5,13.2,5,14.833333333333334,10.8,1.4,1.74,HOMME,NON,OUI,NON,NON,NON,0
21,128.5,130.0,10,12.7,11,12.181818181818182,8.9,1.4,3.51,HOMME,NON,OUI,NON,NON,NON,0
45,170.0,100.0,5,14.833333333333334,5,14.8,15.5,2.8,-4.06,HOMME,NON,OUI,NON,NON,NON,0
44,100.0,133.1,4,11.5,1,12.0,15.5,2.8,-4.06,HOMME,NON,NON,NON,NON,NON,1
42,107.2,110.0,0,0.0,0,0.0,12.7,3.7,-1.7,HOMME,NON,OUI,NON,NON,NON,1
20,139.3,147.0,0,0.0,0,0.0,12.4,0.5,1.79,HOMME,NON,OUI,NON,OUI,NON,1
20,123.2,133.0,3,12.666666666666666,2,12.5,9.4,-0.8,-3.12,HOMME,NON,OUI,NON,OUI,NON,0
20,122.3,137.0,6,14.714285714285714,6,12.5,8.9,1.4,3.51,HOMME,OUI,OUI,NON,OUI,NON,0
20,127.9,124.0,3,13.666666666666666,4,10.25,9.4,-0.8,-3.12,HOMME,NON,OUI,NON,OUI,NON,0
19,120.3,128.0,5,10.8,2,13.5,8.9,1.4,3.51,HOMME,NON,OUI,NON,NON,NON,0
26,128.5,120.0,4,10.5,7,10.428571428571429,12.4,0.5,1.79,HOMME,NON,NON,OUI,NON,NON,1
31,150.0,133.1,6,15.0,5,12.5,13.9,-0.3,0.79,HOMME,NON,OUI,NON,NON,NON,0
19,136.1,142.0,6,12.666666666666666,6,14.0,16.2,0.3,-0.92,HOMME,OUI,OUI,OUI,NON,NON,0
28,128.0,100.0,6,13.166666666666666,6,13.666666666666666,7.6,2.6,0.32,HOMME,NON,OUI,NON,OUI,NON,0
20,158.1,149.0,0,0.0,0,0.0,10.8,1.4,1.74,HOMME,OUI,OUI,NON,OUI,NON,0
43,108.7,110.0,6,13.0,6,12.5,9.4,-0.8,-3.12,FEMME,NON,OUI,NON,OUI,NON,0
25,110.0,133.1,0,0.0,0,0.0,15.5,2.8,-4.06,HOMME,OUI,OUI,NON,NON,OUI,1
40,120.0,133.1,2,10.0,1,15.0,16.2,0.3,-0.92,FEMME,NON,OUI,OUI,NON,NON,1
20,150.0,150.0,6,13.333333333333334,5,13.375,12.4,0.5,1.79,FEMME,NON,OUI,NON,NON,OUI,0
46,113.0,133.1,3,12.333333333333334,6,13.333333333333334,11.1,0.6,2.02,FEMME,NON,OUI,NON,NON,NON,0
26,118.6,121.0,20,13.181818181818182,14,11.642857142857142,8.9,1.4,3.51,FEMME,NON,OUI,NON,NON,NON,0
34,148.8,133.1,6,12.513333333333334,7,13.071428571428571,12.4,0.5,1.79,FEMME,OUI,OUI,NON,NON,NON,0
19,120.3,122.0,0,0.0,0,0.0,10.8,1.4,1.74,FEMME,NON,OUI,NON,OUI,NON,1
18,127.0,143.0,7,13.585714285714284,7,13.585714285714284,12.7,3.7,-1.7,FEMME,OUI,OUI,NON,OUI,NON,0
18,113.8,123.0,7,11.155555555555557,8,11.425,12.7,3.7,-1.7,FEMME,NON,OUI,NON,OUI,NON,0
37,108.0,120.0,6,11.857142857142858,5,12.0,13.9,-0.3,0.79,HOMME,OUI,OUI,NON,NON,NON,0
23,129.1,114.0,0,0.0,0,0.0,9.4,-0.8,-3.12,HOMME,OUI,OUI,NON,NON,NON,0
26,135.9,114.0,14,14.0,13,13.615384615384617,15.5,2.8,-4.06,HOMME,NON,OUI,NON,NON,NON,0
18,154.4,154.4,5,12.0,0,0.0,10.8,1.4,1.74,FEMME,NON,NON,NON,OUI,OUI,1
18,190.0,190.0,4,11.575,5,12.419999999999998,12.4,0.5,1.79,FEMME,NON,OUI,NON,OUI,OUI,0
19,132.5,136.0,7,13.198571428571428,8,13.0625,11.1,0.6,2.02,FEMME,NON,OUI,NON,OUI,NON,0
18,163.3,163.3,6,13.5,6,12.0,12.4,0.5,1.79,FEMME,NON,OUI,NON,NON,OUI,0
19,122.5,126.0,6,13.333333333333334,5,12.8,8.9,1.4,3.51,FEMME,NON,OUI,NON,OUI,NON,1
20,121.0,122.0,4,14.25,1,10.0,8.9,1.4,3.51,HOMME,NON,OUI,NON,OUI,OUI,0
22,131.8,137.0,6,12.166666666666666,4,12.0,9.4,-0.8,-3.12,FEMME,OUI,OUI,NON,NON,NON,0
18,135.0,139.0,7,12.214285714285714,7,12.214285714285714,12.7,3.7,-1.7,FEMME,OUI,OUI,NON,OUI,NON,0
18,141.7,142.0,6,12.666666666666666,6,13.0,13.9,-0.3,0.79,FEMME,OUI,OUI,NON,NON,NON,0
18,131.3,133.1,6,12.285714285714286,6,13.5,8.9,1.4,3.51,FEMME,OUI,OUI,NON,OUI,NON,0
18,123.9,126.0,6,13.0,6,13.0,12.4,0.5,1.79,FEMME,OUI,OUI,NON,OUI,NON,0
18,126.1,131.0,6,12.142857142857142,6,11.166666666666666,8.9,1.4,3.51,FEMME,NON,OUI,NON,OUI,NON,0
19,126.5,131.0,7,13.875714285714285,7,13.085714285714284,11.1,0.6,2.02,FEMME,OUI,OUI,NON,OUI,NON,0
20,107.3,108.0,0,0.0,0,0.0,15.5,2.8,-4.06,FEMME,NON,OUI,NON,NON,NON,1
19,95.0,133.1,6,11.666666666666666,0,0.0,15.5,2.8,-4.06,FEMME,OUI,OUI,NON,OUI,NON,1
18,116.1,122.0,6,13.153846153846152,3,11.0,15.5,2.8,-4.06,FEMME,NON,OUI,NON,OUI,NON,0
18,134.6,143.0,6,14.5,6,12.833333333333334,12.4,0.5,1.79,FEMME,OUI,OUI,NON,OUI,NON,1
18,128.0,135.0,7,14.44142857142857,8,13.65625,11.1,0.6,2.02,FEMME,OUI,OUI,NON,OUI,NON,0
18,144.2,148.0,6,15.166666666666666,6,14.285714285714286,12.4,0.5,1.79,FEMME,NON,OUI,NON,OUI,NON,0
18,129.5,134.0,5,11.6,4,12.625,10.8,1.4,1.74,FEMME,OUI,OUI,NON,NON,NON,0
18,116.8,122.0,6,11.666666666666666,6,12.333333333333334,16.2,0.3,-0.92,FEMME,NON,OUI,OUI,OUI,NON,0
20,160.0,160.0,6,12.625,6,13.2,16.2,0.3,-0.92,FEMME,OUI,OUI,NON,NON,NON,0
19,127.1,126.0,3,12.666666666666666,6,11.0,9.4,-0.8,-3.12,FEMME,OUI,OUI,NON,OUI,NON,0
18,126.3,138.0,6,12.833333333333334,6,13.0,8.9,1.4,3.51,FEMME,OUI,OUI,NON,OUI,NON,0
19,112.9,115.0,6,11.857142857142858,6,13.142857142857142,12.4,0.5,1.79,FEMME,OUI,OUI,NON,OUI,NON,0
19,130.2,141.0,5,11.4,4,10.75,12.7,3.7,-1.7,FEMME,NON,OUI,NON,OUI,NON,0
19,100.0,100.0,5,14.857142857142858,5,15.142857142857142,9.4,-0.8,-3.12,FEMME,NON,OUI,NON,NON,OUI,0
19,121.6,130.0,6,14.714285714285714,6,15.833333333333334,12.4,0.5,1.79,FEMME,NON,OUI,NON,NON,NON,0
20,130.0,130.0,6,13.5,5,13.0,8.9,1.4,3.51,FEMME,NON,OUI,OUI,NON,OUI,0
18,121.7,135.0,4,11.5,5,12.4,10.8,1.4,1.74,FEMME,OUI,OUI,NON,OUI,NON,0
33,120.0,120.0,2,14.0,0,0.0,12.4,0.5,1.79,FEMME,NON,OUI,NON,NON,NON,1
19,143.5,148.0,6,12.833333333333334,0,0.0,13.9,-0.3,0.79,FEMME,OUI,OUI,NON,NON,NON,1
18,128.3,136.0,7,13.428571428571429,8,14.75,15.5,2.8,-4.06,FEMME,OUI,OUI,NON,NON,NON,0
19,111.9,108.0,0,0.0,0,0.0,8.9,1.4,3.51,FEMME,NON,OUI,NON,NON,NON,1
19,140.0,140.0,3,11.666666666666666,4,11.5,15.5,2.8,-4.06,FEMME,NON,OUI,NON,NON,NON,0
18,137.6,153.0,6,16.0,6,14.333333333333334,12.4,0.5,1.79,FEMME,NON,OUI,NON,OUI,NON,0
20,135.0,135.0,6,13.833333333333334,6,11.833333333333334,10.8,1.4,1.74,FEMME,NON,OUI,NON,OUI,NON,0
19,133.8,146.0,8,13.2325,8,13.2325,9.4,-0.8,-3.12,FEMME,NON,OUI,NON,OUI,NON,0
18,126.9,130.0,6,14.0,6,14.166666666666666,9.4,-0.8,-3.12,HOMME,OUI,OUI,NON,OUI,NON,0
19,106.7,113.0,2,10.0,0,0.0,13.9,-0.3,0.79,HOMME,OUI,OUI,OUI,OUI,NON,1
25,145.7,145.7,15,13.333333333333334,11,12.272727272727272,13.9,-0.3,0.79,FEMME,NON,OUI,NON,OUI,OUI,0
20,153.1,145.0,6,12.5,6,14.333333333333334,12.7,3.7,-1.7,FEMME,OUI,OUI,NON,OUI,NON,0
19,118.7,126.0,6,12.5,6,11.5,12.7,3.7,-1.7,FEMME,NON,OUI,NON,NON,NON,0
33,161.8,160.0,2,10.5,0,0.0,7.6,2.6,0.32,HOMME,NON,OUI,OUI,OUI,NON,1
18,124.9,134.0,3,10.666666666666666,3,11.333333333333334,8.9,1.4,3.51,HOMME,NON,OUI,OUI,OUI,NON,0
18,150.8,163.0,4,10.5,2,10.5,7.6,2.6,0.32,HOMME,NON,OUI,NON,OUI,NON,0
19,130.0,130.0,4,12.0,5,11.4,11.1,0.6,2.02,FEMME,NON,OUI,NON,NON,OUI,0
18,163.6,165.0,0,0.0,0,0.0,12.4,0.5,1.79,FEMME,NON,OUI,NON,OUI,NON,0
19,115.0,142.0,5,11.5,2,10.666666666666666,13.9,-0.3,0.79,FEMME,NON,OUI,NON,NON,NON,0
18,136.8,156.0,6,14.0,6,13.5,11.1,0.6,2.02,FEMME,NON,OUI,NON,OUI,NON,1
18,130.9,141.0,6,13.5,5,12.6,7.6,2.6,0.32,FEMME,NON,OUI,NON,OUI,NON,0
18,127.0,143.0,8,13.07375,8,13.07375,9.4,-0.8,-3.12,FEMME,NON,OUI,NON,OUI,NON,0
37,120.0,133.1,2,10.75,0,0.0,16.2,0.3,-0.92,FEMME,NON,OUI,NON,NON,NON,1
20,126.0,133.0,1,12.0,0,0.0,9.4,-0.8,-3.12,FEMME,NON,OUI,NON,NON,NON,0
20,153.8,172.0,6,14.0,6,13.333333333333334,10.8,1.4,1.74,FEMME,OUI,OUI,NON,OUI,OUI,0
21,140.0,140.0,6,12.333333333333334,6,13.428571428571429,11.1,0.6,2.02,HOMME,NON,OUI,NON,NON,OUI,0
18,136.6,142.0,7,13.464285714285714,8,14.788888888888888,12.4,0.5,1.79,FEMME,OUI,OUI,NON,NON,NON,0
26,105.0,140.0,3,10.666666666666666,5,11.2,15.5,2.8,-4.06,FEMME,NON,OUI,NON,NON,NON,0
41,139.4,133.1,5,11.6,5,12.2,7.6,2.6,0.32,FEMME,NON,OUI,OUI,NON,NON,0
18,140.0,148.0,6,13.666666666666666,6,14.666666666666666,16.2,0.3,-0.92,FEMME,OUI,OUI,NON,OUI,NON,0
18,130.8,137.0,8,14.4025,8,14.4025,9.4,-0.8,-3.12,FEMME,NON,OUI,OUI,NON,NON,0
31,138.8,143.0,7,15.46875,8,16.3875,11.1,0.6,2.02,FEMME,NON,OUI,NON,OUI,NON,0
23,110.0,133.1,6,12.625,6,14.166666666666666,12.7,3.7,-1.7,FEMME,NON,OUI,OUI,NON,NON,0
19,127.8,138.0,6,14.983333333333334,6,14.983333333333334,7.6,2.6,0.32,FEMME,NON,OUI,NON,OUI,NON,0
20,134.2,138.0,6,15.0,6,13.0,11.1,0.6,2.02,FEMME,OUI,OUI,NON,OUI,NON,0
40,143.0,150.0,9,15.88888888888889,7,14.142857142857142,12.7,3.7,-1.7,FEMME,NON,OUI,NON,NON,NON,0
32,120.0,120.0,4,11.5,3,11.0,16.2,0.3,-0.92,FEMME,NON,OUI,OUI,OUI,NON,1
24,113.2,110.0,2,10.5,1,10.0,10.8,1.4,1.74,FEMME,NON,OUI,NON,OUI,NON,1
18,135.8,146.0,6,13.983333333333334,6,13.983333333333334,7.6,2.6,0.32,FEMME,NON,OUI,NON,OUI,NON,0
18,143.5,148.0,6,13.0,6,12.833333333333334,10.8,1.4,1.74,FEMME,NON,OUI,NON,NON,NON,0
18,148.9,145.0,6,13.666666666666666,6,13.0,10.8,1.4,1.74,FEMME,OUI,OUI,NON,OUI,NON,0
27,115.6,133.1,0,0.0,0,0.0,15.5,2.8,-4.06,FEMME,NON,NON,NON,OUI,NON,1
18,159.3,160.0,5,14.4,5,15.4,7.6,2.6,0.32,FEMME,NON,OUI,NON,NON,NON,0
26,138.5,150.0,4,12.0,4,11.25,12.7,3.7,-1.7,FEMME,NON,OUI,NON,NON,NON,0
19,133.2,130.0,6,14.166666666666666,6,13.666666666666666,7.6,2.6,0.32,FEMME,NON,OUI,NON,OUI,NON,0
19,117.6,120.0,5,12.2,6,12.0,7.6,2.6,0.32,FEMME,NON,OUI,NON,OUI,NON,0
21,108.7,115.0,3,12.0,3,12.666666666666666,9.4,-0.8,-3.12,FEMME,NON,OUI,NON,OUI,NON,0
24,106.0,133.1,2,10.5,1,11.0,12.7,3.7,-1.7,FEMME,NON,OUI,NON,OUI,NON,0
20,122.6,120.0,3,12.333333333333334,2,10.5,12.7,3.7,-1.7,FEMME,NON,OUI,NON,NON,NON,1
18,127.4,134.0,5,12.2,5,12.2,10.8,1.4,1.74,FEMME,NON,OUI,NON,OUI,NON,0
30,100.0,133.1,0,0.0,0,0.0,11.1,0.6,2.02,FEMME,NON,OUI,NON,NON,NON,1
22,95.0,133.1,6,11.5,6,13.166666666666666,11.1,0.6,2.02,FEMME,NON,NON,OUI,OUI,NON,0
21,130.0,130.0,9,10.88888888888889,10,11.615384615384617,10.8,1.4,1.74,FEMME,NON,OUI,NON,NON,NON,0
26,122.8,120.0,6,12.166666666666666,8,11.675,13.9,-0.3,0.79,FEMME,NON,OUI,NON,NON,NON,1
23,115.0,115.0,2,10.0,1,12.0,9.4,-0.8,-3.12,FEMME,NON,OUI,NON,OUI,NON,0
18,145.9,135.0,6,12.666666666666666,6,12.166666666666666,16.2,0.3,-0.92,FEMME,OUI,OUI,NON,NON,NON,0
21,143.0,133.1,5,11.4,5,12.2,12.7,3.7,-1.7,FEMME,NON,OUI,OUI,OUI,NON,1
18,100.0,145.0,0,0.0,0,0.0,13.9,-0.3,0.79,FEMME,OUI,OUI,NON,NON,NON,1
21,121.3,130.0,2,13.0,4,12.0,9.4,-0.8,-3.12,FEMME,NON,OUI,NON,OUI,NON,0
18,121.2,118.0,5,13.4,5,12.0,7.6,2.6,0.32,FEMME,NON,OUI,NON,OUI,NON,0
19,125.1,138.0,6,13.5,5,12.8,12.7,3.7,-1.7,FEMME,OUI,OUI,NON,OUI,NON,1
22,112.9,122.0,4,12.25,3,11.333333333333334,7.6,2.6,0.32,FEMME,NON,OUI,NON,OUI,NON,0
19,120.8,126.0,6,12.285714285714286,6,12.833333333333334,12.4,0.5,1.79,FEMME,NON,OUI,NON,OUI,NON,0
19,114.0,121.0,0,0.0,0,0.0,9.4,-0.8,-3.12,FEMME,NON,NON,NON,OUI,NON,1
19,132.1,152.0,2,10.5,1,13.0,9.4,-0.8,-3.12,FEMME,NON,OUI,NON,OUI,NON,1
27,160.0,160.0,3,14.0,5,12.0,9.4,-0.8,-3.12,FEMME,NON,OUI,NON,NON,NON,0
22,134.0,134.0,5,14.2,5,12.2,12.7,3.7,-1.7,FEMME,NON,OUI,NON,OUI,NON,0
18,124.2,128.0,5,13.0,6,13.142857142857142,15.5,2.8,-4.06,FEMME,NON,OUI,NON,OUI,NON,1
20,115.6,125.0,6,11.0,4,12.75,9.4,-0.8,-3.12,FEMME,NON,OUI,NON,OUI,NON,0
34,128.2,130.0,3,11.0,2,10.0,9.4,-0.8,-3.12,FEMME,NON,OUI,NON,NON,NON,1
18,132.8,138.0,6,12.385714285714286,8,13.755555555555556,13.9,-0.3,0.79,FEMME,NON,OUI,NON,OUI,NON,0
20,123.1,121.0,4,14.75,4,12.25,9.4,-0.8,-3.12,HOMME,NON,OUI,NON,OUI,NON,0
20,125.6,134.0,5,16.166666666666668,5,15.833333333333334,12.7,3.7,-1.7,FEMME,NON,OUI,NON,OUI,OUI,0
25,115.0,130.0,0,0.0,0,0.0,16.2,0.3,-0.92,HOMME,NON,OUI,NON,NON,NON,1
18,123.6,126.0,5,12.4,3,13.0,8.9,1.4,3.51,HOMME,NON,OUI,NON,OUI,NON,1
18,141.7,148.0,5,11.6,4,13.0,8.9,1.4,3.51,HOMME,NON,NON,NON,NON,NON,1
18,139.0,160.0,5,12.2,0,0.0,9.4,-0.8,-3.12,FEMME,OUI,OUI,NON,OUI,NON,1
19,118.0,118.0,5,11.0,5,12.8,12.4,0.5,1.79,FEMME,OUI,OUI,NON,NON,NON,0
19,142.0,150.0,6,12.333333333333334,5,12.4,10.8,1.4,1.74,FEMME,OUI,OUI,NON,OUI,NON,1
21,143.4,140.0,6,14.833333333333334,6,12.571428571428571,13.9,-0.3,0.79,FEMME,OUI,OUI,NON,NON,NON,0
29,115.9,100.0,9,11.555555555555555,10,11.9,9.4,-0.8,-3.12,FEMME,NON,OUI,NON,NON,NON,0
20,105.1,110.0,6,12.0,6,11.833333333333334,12.4,0.5,1.79,FEMME,OUI,OUI,NON,OUI,NON,0
21,138.0,140.0,11,12.727272727272728,10,12.6,8.9,1.4,3.51,FEMME,OUI,OUI,OUI,OUI,NON,0
34,114.7,133.1,2,10.5,1,11.0,10.8,1.4,1.74,FEMME,NON,OUI,NON,NON,OUI,1
20,130.5,140.0,6,12.333333333333334,6,12.0,12.7,3.7,-1.7,FEMME,NON,OUI,NON,OUI,OUI,0
24,134.3,110.0,0,0.0,1,12.0,10.8,1.4,1.74,HOMME,NON,OUI,NON,NON,NON,1
18,137.5,148.0,7,14.842857142857143,8,14.38888888888889,16.2,0.3,-0.92,HOMME,NON,OUI,NON,NON,NON,0
19,125.3,137.0,7,12.2,7,12.2,7.6,2.6,0.32,HOMME,NON,OUI,NON,NON,NON,0
18,111.3,120.0,4,10.8,4,11.75,15.5,2.8,-4.06,HOMME,OUI,OUI,NON,NON,NON,0
28,144.8,120.0,4,12.75,5,14.333333333333334,10.8,1.4,1.74,HOMME,NON,OUI,NON,NON,NON,0
28,152.1,130.0,2,11.0,1,12.0,11.1,0.6,2.02,HOMME,NON,OUI,NON,NON,NON,1
20,126.1,132.0,4,10.75,0,0.0,7.6,2.6,0.32,HOMME,NON,OUI,NON,NON,NON,1
22,136.0,130.0,8,12.55375,8,12.55375,9.4,-0.8,-3.12,HOMME,NON,OUI,NON,OUI,NON,0
19,124.3,128.0,7,12.665714285714284,7,12.665714285714284,10.8,1.4,1.74,HOMME,NON,OUI,NON,OUI,NON,0
20,129.9,132.0,6,12.714285714285714,4,13.0,12.4,0.5,1.79,HOMME,NON,OUI,NON,OUI,NON,0
26,136.1,133.1,2,11.75,0,0.0,12.4,0.5,1.79,HOMME,NON,OUI,NON,NON,NON,1
21,115.1,120.0,3,11.0,0,0.0,9.4,-0.8,-3.12,HOMME,NON,NON,NON,OUI,NON,1
18,143.6,145.0,0,0.0,0,0.0,12.4,0.5,1.79,HOMME,NON,OUI,NON,OUI,NON,0
18,115.8,127.0,5,13.4,5,12.2,11.1,0.6,2.02,HOMME,NON,OUI,NON,OUI,NON,0
22,149.0,135.0,17,12.578947368421051,17,12.117647058823527,11.1,0.6,2.02,HOMME,NON,OUI,NON,OUI,NON,0
36,100.0,133.1,0,0.0,0,0.0,16.2,0.3,-0.92,HOMME,NON,OUI,NON,NON,NON,1
20,133.4,125.0,6,12.0,6,11.5,13.9,-0.3,0.79,HOMME,OUI,OUI,NON,OUI,NON,0
20,122.8,127.0,3,12.333333333333334,0,0.0,10.8,1.4,1.74,HOMME,NON,OUI,NON,NON,NON,1
25,151.2,133.1,4,11.5,3,13.5,12.4,0.5,1.79,HOMME,NON,OUI,NON,NON,NON,1
35,137.0,150.0,5,12.8,5,13.833333333333334,15.5,2.8,-4.06,HOMME,NON,OUI,NON,NON,NON,0
22,118.0,133.1,0,0.0,0,0.0,11.1,0.6,2.02,HOMME,NON,OUI,NON,NON,NON,1
26,126.4,150.0,7,13.285714285714286,7,12.142857142857142,12.4,0.5,1.79,HOMME,NON,OUI,NON,NON,NON,0
20,130.0,130.0,4,11.8,2,12.0,16.2,0.3,-0.92,HOMME,NON,NON,OUI,NON,NON,1
50,112.5,133.1,6,11.333333333333334,2,13.5,16.2,0.3,-0.92,HOMME,NON,OUI,NON,NON,NON,1
20,118.3,125.0,5,12.002,5,12.002,10.8,1.4,1.74,HOMME,NON,OUI,NON,NON,NON,1
20,121.4,127.0,5,13.976666666666668,8,13.22222222222222,12.4,0.5,1.79,HOMME,NON,OUI,NON,NON,NON,0
35,140.0,140.0,5,15.2,1,11.0,15.5,2.8,-4.06,HOMME,NON,NON,NON,NON,NON,1
19,109.0,110.0,6,13.142857142857142,6,14.166666666666666,15.5,2.8,-4.06,HOMME,OUI,OUI,NON,NON,NON,0
43,110.0,133.1,0,0.0,0,0.0,9.4,-0.8,-3.12,HOMME,NON,OUI,NON,NON,NON,1
19,119.8,124.0,7,13.867142857142856,7,13.867142857142856,10.8,1.4,1.74,HOMME,NON,OUI,NON,NON,NON,0
25,130.0,114.0,6,12.675,6,12.675,12.7,3.7,-1.7,HOMME,NON,OUI,NON,NON,NON,0
19,167.3,155.0,0,0.0,0,0.0,13.9,-0.3,0.79,HOMME,NON,OUI,NON,OUI,NON,0
20,111.9,114.0,6,12.0,6,12.5,7.6,2.6,0.32,HOMME,OUI,OUI,NON,OUI,NON,0
22,136.0,133.1,0,0.0,0,0.0,12.7,3.7,-1.7,HOMME,NON,OUI,NON,OUI,NON,1
19,124.0,125.0,6,11.0,5,12.2,11.1,0.6,2.02,HOMME,OUI,OUI,NON,NON,NON,1
32,132.9,120.0,4,10.75,4,11.333333333333334,13.9,-0.3,0.79,HOMME,NON,OUI,NON,NON,NON,1
57,154.0,100.0,5,14.2,6,14.166666666666666,9.4,-0.8,-3.12,HOMME,NON,OUI,NON,OUI,NON,0
20,115.0,133.1,4,12.6,4,11.575,16.2,0.3,-0.92,HOMME,NON,NON,NON,NON,NON,1
38,96.0,120.0,0,0.0,0,0.0,8.9,1.4,3.51,HOMME,NON,NON,NON,OUI,NON,1
45,168.2,120.0,5,14.0,5,14.166666666666666,12.4,0.5,1.79,HOMME,NON,OUI,NON,NON,NON,0
43,140.0,110.0,2,10.0,4,12.25,10.8,1.4,1.74,HOMME,NON,NON,OUI,NON,NON,1
19,137.4,144.0,6,13.833333333333334,6,13.125,10.8,1.4,1.74,HOMME,NON,OUI,NON,OUI,NON,0
49,150.0,133.1,2,11.0,1,11.0,15.5,2.8,-4.06,HOMME,NON,NON,NON,NON,NON,1
43,100.5,133.1,7,11.635714285714286,7,11.635714285714286,10.8,1.4,1.74,HOMME,NON,OUI,NON,OUI,NON,0
34,148.5,133.1,4,12.25,0,0.0,11.1,0.6,2.02,HOMME,NON,OUI,NON,NON,NON,1
18,123.3,138.0,4,12.5,5,11.285714285714286,12.4,0.5,1.79,HOMME,NON,OUI,OUI,OUI,NON,0
43,138.7,120.0,5,13.8,5,13.666666666666666,10.8,1.4,1.74,HOMME,NON,OUI,NON,NON,NON,0
21,117.2,120.0,3,12.0,1,11.0,15.5,2.8,-4.06,HOMME,NON,OUI,NON,NON,NON,1
40,114.3,160.0,3,11.0,4,12.5,7.6,2.6,0.32,HOMME,NON,OUI,NON,NON,NON,0
19,125.3,134.0,4,13.75,6,11.555555555555555,10.8,1.4,1.74,HOMME,OUI,OUI,NON,OUI,NON,0
27,97.0,133.1,6,10.666666666666666,4,11.25,10.8,1.4,1.74,HOMME,NON,OUI,NON,NON,NON,0
43,140.0,110.0,0,0.0,2,13.15,16.2,0.3,-0.92,HOMME,NON,OUI,NON,NON,NON,1
31,124.0,130.0,5,13.833333333333334,5,15.4,9.4,-0.8,-3.12,HOMME,NON,OUI,NON,NON,NON,0
26,140.0,140.0,0,0.0,0,0.0,8.9,1.4,3.51,HOMME,NON,OUI,OUI,OUI,NON,0
34,127.0,150.0,5,15.8,5,16.8,8.9,1.4,3.51,HOMME,NON,OUI,NON,NON,NON,0
30,110.0,100.0,12,12.52608695652174,12,12.52608695652174,7.6,2.6,0.32,HOMME,NON,OUI,NON,NON,NON,0
36,170.0,133.1,6,12.783333333333331,0,0.0,16.2,0.3,-0.92,HOMME,NON,OUI,NON,NON,NON,1
46,120.0,120.0,0,0.0,1,10.0,11.1,0.6,2.02,HOMME,NON,NON,OUI,NON,NON,1
22,130.0,133.1,3,13.0,3,10.666666666666666,7.6,2.6,0.32,HOMME,NON,OUI,NON,NON,NON,0
27,130.0,130.0,0,0.0,0,0.0,16.2,0.3,-0.92,HOMME,NON,OUI,NON,NON,NON,1
20,122.5,126.0,5,10.8,3,12.0,8.9,1.4,3.51,HOMME,NON,OUI,NON,OUI,NON,0
20,115.7,130.0,5,11.0,3,10.0,8.9,1.4,3.51,HOMME,NON,OUI,NON,NON,NON,0
31,120.0,140.0,0,0.0,0,0.0,12.7,3.7,-1.7,HOMME,NON,NON,OUI,NON,NON,1
20,166.0,140.0,0,0.0,0,0.0,9.4,-0.8,-3.12,HOMME,NON,OUI,OUI,OUI,NON,0
21,132.8,145.0,2,12.0,0,0.0,10.8,1.4,1.74,HOMME,NON,NON,NON,OUI,NON,1
21,100.0,133.1,4,10.75,2,11.0,16.2,0.3,-0.92,HOMME,NON,OUI,NON,NON,NON,1
19,121.8,127.0,5,11.6,4,13.5,16.2,0.3,-0.92,HOMME,NON,OUI,NON,NON,NON,0
20,109.5,114.0,5,11.8,4,11.6,8.9,1.4,3.51,HOMME,OUI,OUI,NON,OUI,NON,0
18,138.3,140.0,6,16.0,6,15.166666666666666,12.4,0.5,1.79,HOMME,NON,OUI,NON,NON,NON,0
18,131.6,140.0,6,12.666666666666666,6,11.5,16.2,0.3,-0.92,HOMME,OUI,OUI,NON,NON,NON,0
30,125.3,120.0,4,14.4,6,13.5,12.4,0.5,1.79,HOMME,NON,OUI,OUI,NON,NON,0
34,101.5,133.1,0,0.0,0,0.0,15.5,2.8,-4.06,HOMME,NON,NON,OUI,NON,NON,1
21,109.1,115.0,4,12.25,4,13.4,11.1,0.6,2.02,HOMME,NON,NON,OUI,NON,NON,0
20,123.9,123.9,5,12.6,8,12.75,16.2,0.3,-0.92,HOMME,NON,OUI,NON,NON,NON,1
18,143.0,157.0,7,13.4,7,13.4,12.7,3.7,-1.7,HOMME,NON,OUI,NON,NON,NON,0
21,126.3,127.0,0,0.0,0,0.0,16.2,0.3,-0.92,HOMME,NON,OUI,OUI,OUI,NON,1
26,113.3,120.0,1,10.0,0,0.0,12.4,0.5,1.79,HOMME,NON,OUI,NON,NON,NON,1
20,119.9,130.0,0,0.0,0,0.0,9.4,-0.8,-3.12,HOMME,NON,OUI,OUI,OUI,NON,1
25,140.0,140.0,3,11.25,4,11.2,15.5,2.8,-4.06,HOMME,NON,OUI,NON,NON,NON,1
19,108.0,109.0,0,0.0,0,0.0,7.6,2.6,0.32,HOMME,NON,OUI,NON,NON,NON,0
24,100.0,143.0,3,10.666666666666666,1,14.0,9.4,-0.8,-3.12,HOMME,NON,OUI,NON,OUI,NON,1
20,132.4,125.0,4,11.75,5,13.4,7.6,2.6,0.32,HOMME,NON,OUI,NON,NON,NON,0
20,137.1,136.0,0,0.0,0,0.0,12.7,3.7,-1.7,HOMME,NON,OUI,NON,NON,NON,1
18,138.1,157.0,6,12.666666666666666,6,14.125,10.8,1.4,1.74,FEMME,NON,OUI,NON,OUI,NON,0
25,130.0,160.0,7,11.95,7,12.042857142857144,12.7,3.7,-1.7,FEMME,NON,OUI,NON,NON,NON,0
22,109.7,116.0,5,14.0,6,15.666666666666666,11.1,0.6,2.02,FEMME,NON,OUI,NON,OUI,NON,0
41,128.2,113.0,0,0.0,0,0.0,9.4,-0.8,-3.12,FEMME,NON,NON,NON,NON,NON,1
19,117.8,130.0,2,11.5,0,0.0,12.7,3.7,-1.7,FEMME,OUI,OUI,OUI,NON,NON,1
21,150.0,150.0,6,12.0,5,12.8,13.9,-0.3,0.79,FEMME,NON,OUI,NON,OUI,NON,0
30,160.0,110.0,6,16.428571428571427,6,16.666666666666668,13.9,-0.3,0.79,FEMME,NON,OUI,OUI,OUI,NON,1
21,104.5,101.0,5,13.336000000000002,7,13.207142857142856,11.1,0.6,2.02,FEMME,OUI,OUI,NON,OUI,NON,0
26,112.8,110.0,0,0.0,0,0.0,10.8,1.4,1.74,FEMME,OUI,OUI,NON,NON,NON,0
21,100.0,133.1,7,14.666666666666666,6,14.0,11.1,0.6,2.02,FEMME,NON,OUI,NON,NON,OUI,0
18,132.5,138.0,7,14.115714285714288,7,14.115714285714288,10.8,1.4,1.74,FEMME,NON,OUI,NON,OUI,NON,0
19,123.3,138.0,6,14.857142857142858,6,13.11111111111111,12.4,0.5,1.79,FEMME,OUI,OUI,NON,OUI,NON,0
18,128.9,141.0,6,13.833333333333334,6,13.714285714285714,8.9,1.4,3.51,FEMME,OUI,OUI,NON,OUI,NON,0
19,128.3,129.0,3,11.0,4,11.75,12.7,3.7,-1.7,FEMME,NON,OUI,NON,OUI,NON,0
21,100.0,127.0,4,11.75,3,13.666666666666666,13.9,-0.3,0.79,FEMME,NON,OUI,NON,NON,NON,0
18,120.1,133.0,2,10.0,2,12.0,13.9,-0.3,0.79,FEMME,OUI,OUI,NON,OUI,NON,1
24,160.0,100.0,6,12.415,6,12.415,10.8,1.4,1.74,FEMME,OUI,OUI,NON,OUI,NON,0
21,123.0,138.0,1,11.0,2,10.5,12.7,3.7,-1.7,FEMME,NON,OUI,NON,OUI,NON,0
23,150.0,150.0,5,14.428571428571429,6,13.428571428571429,16.2,0.3,-0.92,FEMME,NON,OUI,NON,OUI,NON,0
18,124.0,129.0,7,14.312857142857142,7,14.312857142857142,10.8,1.4,1.74,FEMME,OUI,OUI,NON,OUI,NON,0
26,120.0,130.0,6,15.428571428571429,5,14.5,11.1,0.6,2.02,FEMME,NON,NON,NON,NON,NON,0
20,120.4,133.0,4,12.0,5,13.4,9.4,-0.8,-3.12,FEMME,NON,OUI,NON,OUI,NON,0
18,131.6,133.0,6,13.833333333333334,6,13.714285714285714,11.1,0.6,2.02,FEMME,NON,OUI,NON,NON,NON,0
20,104.2,107.0,6,12.166666666666666,6,12.142857142857142,11.1,0.6,2.02,FEMME,NON,OUI,NON,OUI,NON,0
20,122.0,131.0,7,14.014285714285714,7,14.014285714285714,12.7,3.7,-1.7,FEMME,NON,OUI,NON,OUI,NON,0
18,110.7,118.0,2,10.333333333333334,3,13.333333333333334,12.7,3.7,-1.7,FEMME,NON,OUI,NON,OUI,NON,0
22,121.7,136.0,5,13.2,5,13.6,12.4,0.5,1.79,FEMME,OUI,OUI,NON,OUI,NON,0
20,126.0,125.0,6,15.4,6,15.4,7.6,2.6,0.32,FEMME,NON,OUI,OUI,OUI,NON,0
19,128.4,137.0,7,13.385714285714286,8,15.925,13.9,-0.3,0.79,FEMME,OUI,OUI,NON,OUI,NON,0
18,134.9,144.0,6,10.857142857142858,4,11.0,15.5,2.8,-4.06,FEMME,NON,OUI,OUI,OUI,NON,1
18,143.9,146.0,5,11.333333333333334,5,12.0,13.9,-0.3,0.79,FEMME,NON,OUI,NON,NON,NON,0
19,145.0,145.0,4,14.5,5,13.6,10.8,1.4,1.74,FEMME,OUI,OUI,NON,OUI,NON,0
19,132.0,126.0,6,14.166666666666666,6,12.375,10.8,1.4,1.74,FEMME,OUI,OUI,NON,OUI,NON,0
24,136.1,141.0,6,12.833333333333334,6,12.0,7.6,2.6,0.32,FEMME,NON,OUI,NON,NON,NON,0
21,138.9,141.0,6,13.333333333333334,6,14.5,10.8,1.4,1.74,FEMME,NON,OUI,NON,NON,NON,0
20,102.0,133.1,6,13.666666666666666,6,14.571428571428571,11.1,0.6,2.02,FEMME,OUI,OUI,NON,OUI,NON,0
28,123.0,133.1,6,10.833333333333334,5,11.0,13.9,-0.3,0.79,FEMME,OUI,NON,OUI,NON,NON,1
21,137.5,127.0,6,13.428571428571429,6,13.142857142857142,7.6,2.6,0.32,FEMME,NON,OUI,NON,OUI,NON,0
20,102.2,106.0,7,12.401428571428571,6,11.808333333333332,11.1,0.6,2.02,HOMME,NON,OUI,OUI,OUI,NON,0
36,105.3,130.0,0,0.0,0,0.0,16.2,0.3,-0.92,HOMME,NON,NON,NON,NON,NON,1
42,130.0,110.0,0,0.0,0,0.0,12.7,3.7,-1.7,HOMME,NON,NON,NON,NON,NON,1
47,122.5,150.0,4,11.5,5,11.6,7.6,2.6,0.32,HOMME,NON,OUI,NON,NON,NON,1
25,112.0,160.0,0,0.0,0,0.0,9.4,-0.8,-3.12,HOMME,NON,NON,NON,NON,NON,1
25,110.0,170.0,6,14.142857142857142,6,13.5,15.5,2.8,-4.06,HOMME,OUI,OUI,NON,NON,NON,0
48,149.5,133.1,0,0.0,0,0.0,12.4,0.5,1.79,HOMME,NON,OUI,NON,NON,NON,1
32,141.0,120.0,10,13.8,10,12.8,10.8,1.4,1.74,HOMME,OUI,OUI,NON,NON,NON,0
38,130.0,130.0,10,13.6,5,13.6,8.9,1.4,3.51,HOMME,NON,OUI,NON,NON,NON,1
37,130.0,130.0,15,11.733333333333333,9,11.88888888888889,15.5,2.8,-4.06,HOMME,NON,OUI,NON,NON,NON,0
26,104.0,120.0,1,10.0,1,10.0,10.8,1.4,1.74,HOMME,NON,NON,NON,NON,NON,1
23,110.0,110.0,0,0.0,0,0.0,13.9,-0.3,0.79,HOMME,NON,OUI,NON,NON,NON,1
23,120.0,120.0,0,0.0,0,0.0,15.5,2.8,-4.06,HOMME,NON,OUI,NON,NON,NON,0
20,130.0,130.0,4,10.8,4,12.0,12.4,0.5,1.79,HOMME,NON,OUI,NON,NON,NON,0
26,127.0,150.0,6,13.046666666666669,7,13.30625,11.1,0.6,2.02,HOMME,NON,OUI,NON,OUI,NON,1
45,100.0,120.0,8,11.0,6,10.833333333333334,12.7,3.7,-1.7,FEMME,NON,OUI,NON,NON,NON,0
26,111.0,100.0,3,12.333333333333334,3,11.666666666666666,7.6,2.6,0.32,FEMME,OUI,OUI,NON,OUI,NON,0
26,130.0,133.1,10,11.8,7,13.285714285714286,7.6,2.6,0.32,FEMME,NON,OUI,NON,NON,NON,0
25,130.1,130.0,3,11.0,3,11.25,10.8,1.4,1.74,FEMME,NON,OUI,NON,NON,NON,0
18,127.5,145.0,8,13.11,8,13.11,9.4,-0.8,-3.12,FEMME,NON,OUI,NON,OUI,NON,0
27,130.0,130.0,7,14.414285714285716,7,14.414285714285716,12.7,3.7,-1.7,FEMME,NON,OUI,NON,OUI,NON,0
24,115.0,115.0,0,0.0,0,0.0,10.8,1.4,1.74,FEMME,NON,NON,NON,NON,NON,1
20,126.8,124.0,5,12.333333333333334,5,12.2,15.5,2.8,-4.06,FEMME,NON,OUI,NON,OUI,NON,0
18,116.7,124.0,0,0.0,1,10.0,15.5,2.8,-4.06,FEMME,OUI,OUI,NON,OUI,NON,1
18,128.5,134.0,7,14.1,8,13.3125,12.7,3.7,-1.7,FEMME,OUI,OUI,NON,OUI,NON,0
18,127.5,137.0,8,13.045,8,13.045,9.4,-0.8,-3.12,FEMME,NON,OUI,NON,OUI,NON,0
19,117.5,124.0,5,12.858,5,12.858,9.4,-0.8,-3.12,HOMME,NON,OUI,NON,OUI,NON,0
19,148.8,136.0,8,14.2525,8,14.2525,9.4,-0.8,-3.12,FEMME,OUI,OUI,NON,OUI,NON,0
19,120.2,126.0,5,14.06,7,11.242857142857142,12.4,0.5,1.79,FEMME,OUI,OUI,NON,NON,NON,0
18,127.3,142.0,7,15.075714285714286,7,15.075714285714286,10.8,1.4,1.74,FEMME,NON,OUI,NON,OUI,NON,0
18,136.1,141.0,0,0.0,0,0.0,12.7,3.7,-1.7,FEMME,OUI,OUI,NON,OUI,NON,0
19,122.4,129.0,4,13.75,5,12.6,12.7,3.7,-1.7,FEMME,NON,OUI,NON,OUI,NON,0
23,130.0,130.0,17,13.15,12,13.214285714285714,15.5,2.8,-4.06,FEMME,NON,OUI,NON,OUI,NON,0
21,121.7,136.0,5,12.333333333333334,5,11.8,13.9,-0.3,0.79,FEMME,OUI,OUI,NON,OUI,NON,0
18,122.7,137.0,7,13.778571428571428,8,13.122222222222222,16.2,0.3,-0.92,FEMME,OUI,OUI,NON,OUI,NON,0
20,129.2,125.0,3,10.333333333333334,1,11.0,10.8,1.4,1.74,FEMME,NON,NON,OUI,OUI,NON,1
23,105.0,119.0,3,11.333333333333334,2,11.0,16.2,0.3,-0.92,FEMME,NON,OUI,NON,OUI,NON,0
20,129.9,132.0,5,13.2,6,12.666666666666666,10.8,1.4,1.74,FEMME,NON,OUI,NON,OUI,NON,0
18,136.3,152.0,6,13.571428571428571,6,12.375,13.9,-0.3,0.79,FEMME,OUI,OUI,NON,NON,NON,0
29,114.9,125.0,11,12.75,7,13.428571428571429,9.4,-0.8,-3.12,FEMME,NON,OUI,NON,NON,NON,0
28,102.0,133.1,3,13.0,1,12.0,7.6,2.6,0.32,HOMME,NON,OUI,NON,OUI,NON,1
19,111.3,120.0,3,11.333333333333334,4,11.0,9.4,-0.8,-3.12,HOMME,NON,OUI,NON,OUI,NON,0
24,130.9,148.0,0,0.0,0,0.0,10.8,1.4,1.74,HOMME,NON,NON,OUI,NON,NON,1
33,100.0,133.1,0,0.0,0,0.0,15.5,2.8,-4.06,HOMME,OUI,OUI,OUI,NON,NON,1
19,112.9,115.0,2,12.5,1,11.0,9.4,-0.8,-3.12,HOMME,NON,NON,NON,OUI,NON,1
19,112.7,120.0,6,14.857142857142858,6,14.142857142857142,11.1,0.6,2.02,HOMME,NON,OUI,NON,NON,NON,0
37,143.0,133.1,8,12.0,7,11.571428571428571,12.7,3.7,-1.7,HOMME,NON,OUI,NON,NON,NON,0
18,155.1,168.0,0,0.0,0,0.0,12.7,3.7,-1.7,HOMME,OUI,NON,OUI,OUI,NON,0
29,127.6,130.0,0,0.0,0,0.0,7.6,2.6,0.32,HOMME,NON,OUI,NON,NON,NON,0
37,146.6,133.1,7,12.828571428571427,8,12.6875,13.9,-0.3,0.79,HOMME,NON,OUI,NON,NON,NON,0
36,141.0,137.0,0,0.0,0,0.0,12.4,0.5,1.79,HOMME,NON,OUI,NON,NON,NON,1
19,120.6,123.0,6,13.333333333333334,5,14.0,8.9,1.4,3.51,HOMME,NON,OUI,NON,OUI,NON,0
33,110.0,150.0,14,13.072857142857144,14,13.072857142857144,9.4,-0.8,-3.12,HOMME,OUI,OUI,NON,OUI,NON,0
34,108.6,120.0,5,12.0,3,11.0,15.5,2.8,-4.06,HOMME,NON,NON,NON,NON,NON,1
18,134.9,145.0,6,15.5,6,16.0,12.4,0.5,1.79,FEMME,NON,OUI,NON,OUI,NON,0
20,120.0,120.0,0,0.0,0,0.0,12.4,0.5,1.79,FEMME,NON,OUI,NON,OUI,NON,1
19,141.3,142.0,6,14.714285714285714,6,15.166666666666666,13.9,-0.3,0.79,FEMME,OUI,OUI,NON,NON,NON,0
20,135.6,147.0,6,16.714285714285715,6,15.333333333333334,13.9,-0.3,0.79,FEMME,NON,OUI,NON,OUI,NON,0
19,121.5,125.0,6,10.857142857142858,6,11.666666666666666,12.4,0.5,1.79,FEMME,OUI,OUI,NON,OUI,NON,0
19,125.0,126.0,6,11.658333333333331,6,12.416666666666666,12.4,0.5,1.79,FEMME,NON,OUI,NON,OUI,NON,0
22,119.1,132.0,5,11.6,6,12.0,9.4,-0.8,-3.12,FEMME,OUI,OUI,NON,OUI,OUI,0
18,126.6,122.0,6,14.625,6,14.142857142857142,11.1,0.6,2.02,FEMME,NON,OUI,NON,OUI,NON,0
18,116.7,123.0,6,12.166666666666666,6,12.666666666666666,12.4,0.5,1.79,FEMME,OUI,OUI,NON,NON,NON,0
19,120.1,126.0,4,13.375,6,12.116666666666667,12.4,0.5,1.79,FEMME,NON,OUI,NON,OUI,NON,0
19,124.9,128.0,6,12.5,6,12.833333333333334,12.7,3.7,-1.7,FEMME,OUI,OUI,NON,NON,NON,0
31,114.0,100.0,5,12.56,5,12.56,7.6,2.6,0.32,FEMME,NON,NON,OUI,OUI,NON,1
18,131.1,140.0,7,13.19,8,14.23125,11.1,0.6,2.02,FEMME,NON,OUI,NON,OUI,NON,0
19,129.3,145.0,3,11.0,4,11.25,10.8,1.4,1.74,FEMME,OUI,OUI,OUI,NON,NON,0
18,129.7,143.0,0,0.0,0,0.0,13.9,-0.3,0.79,FEMME,NON,OUI,NON,OUI,NON,0
19,120.8,132.0,5,11.6,6,11.714285714285714,15.5,2.8,-4.06,FEMME,OUI,OUI,NON,NON,NON,0
19,135.0,130.0,6,14.266666666666666,6,14.266666666666666,7.6,2.6,0.32,FEMME,NON,OUI,NON,NON,NON,0
19,117.8,129.0,4,11.0,4,13.857142857142858,10.8,1.4,1.74,FEMME,OUI,OUI,NON,NON,NON,0
30,130.0,124.4,9,12.666666666666666,7,12.428571428571429,7.6,2.6,0.32,FEMME,NON,OUI,NON,NON,NON,0
18,117.6,127.0,0,0.0,3,11.0,16.2,0.3,-0.92,FEMME,NON,OUI,NON,OUI,NON,0
18,130.8,144.0,7,12.771428571428572,7,12.771428571428572,12.7,3.7,-1.7,FEMME,NON,OUI,NON,OUI,NON,0
21,111.9,121.0,0,0.0,0,0.0,12.7,3.7,-1.7,FEMME,NON,OUI,NON,OUI,NON,1
19,145.9,150.0,6,15.5,6,13.571428571428571,13.9,-0.3,0.79,FEMME,OUI,OUI,NON,NON,NON,0
19,109.1,115.0,6,13.285714285714286,5,14.6,12.4,0.5,1.79,FEMME,OUI,OUI,NON,OUI,NON,0
19,120.3,125.0,5,11.716666666666669,5,13.7,13.9,-0.3,0.79,FEMME,NON,OUI,NON,OUI,NON,0
19,113.5,117.0,6,11.333333333333334,4,13.75,8.9,1.4,3.51,FEMME,NON,OUI,NON,OUI,NON,1
19,135.4,121.0,6,13.333333333333334,5,13.4,8.9,1.4,3.51,FEMME,OUI,OUI,NON,OUI,NON,0
39,130.2,140.0,4,12.333333333333334,2,10.0,16.2,0.3,-0.92,FEMME,OUI,OUI,NON,NON,NON,0
18,136.4,129.0,6,12.333333333333334,6,12.833333333333334,7.6,2.6,0.32,FEMME,NON,OUI,NON,OUI,NON,0
20,126.9,130.0,0,0.0,0,0.0,12.7,3.7,-1.7,FEMME,NON,OUI,NON,OUI,NON,1
19,119.8,131.0,5,12.6,4,11.6,8.9,1.4,3.51,FEMME,NON,OUI,NON,OUI,NON,0
18,124.4,137.0,5,12.6,4,11.0,11.1,0.6,2.02,FEMME,NON,OUI,NON,OUI,NON,0
34,120.0,150.0,6,14.333333333333334,6,12.833333333333334,11.1,0.6,2.02,FEMME,NON,NON,OUI,NON,NON,0
22,111.8,117.0,3,12.0,2,11.0,7.6,2.6,0.32,FEMME,NON,OUI,NON,NON,NON,0
24,130.0,133.1,6,14.857142857142858,5,13.6,13.9,-0.3,0.79,FEMME,NON,OUI,NON,OUI,NON,0
34,138.0,130.0,12,11.916666666666666,11,13.181818181818182,7.6,2.6,0.32,FEMME,NON,OUI,NON,NON,NON,0
46,114.6,110.0,0,0.0,0,0.0,7.6,2.6,0.32,FEMME,NON,OUI,NON,OUI,NON,1
50,108.0,140.0,3,13.333333333333334,5,12.2,9.4,-0.8,-3.12,FEMME,NON,OUI,NON,NON,NON,0
37,140.0,140.0,0,0.0,0,0.0,15.5,2.8,-4.06,FEMME,NON,NON,NON,NON,NON,1
18,134.7,148.0,6,17.0,6,15.5,8.9,1.4,3.51,FEMME,NON,OUI,NON,OUI,NON,0
25,110.0,130.0,3,11.666666666666666,2,11.333333333333334,11.1,0.6,2.02,FEMME,OUI,OUI,NON,NON,NON,0
46,104.8,140.0,19,12.210526315789474,13,11.384615384615383,15.5,2.8,-4.06,FEMME,NON,OUI,NON,NON,NON,0
30,126.5,160.0,6,13.0,5,12.857142857142858,13.9,-0.3,0.79,FEMME,OUI,OUI,NON,NON,NON,0
37,118.1,130.0,0,0.0,0,0.0,12.7,3.7,-1.7,FEMME,NON,NON,OUI,NON,NON,1
50,119.9,120.0,2,10.5,3,11.0,12.7,3.7,-1.7,FEMME,NON,OUI,NON,NON,NON,0
20,160.0,160.0,6,13.571428571428571,6,12.714285714285714,12.4,0.5,1.79,FEMME,NON,OUI,NON,OUI,NON,0
39,100.5,133.1,1,14.0,0,0.0,11.1,0.6,2.02,FEMME,NON,OUI,NON,NON,NON,1
53,110.0,133.1,0,0.0,0,0.0,15.5,2.8,-4.06,FEMME,NON,NON,NON,NON,NON,1
54,100.0,100.0,13,12.461538461538462,10,11.1,15.5,2.8,-4.06,FEMME,NON,OUI,NON,OUI,NON,1
19,140.0,140.0,4,14.4,5,13.0,13.9,-0.3,0.79,FEMME,NON,OUI,NON,OUI,NON,0
20,109.0,109.0,0,0.0,0,0.0,8.9,1.4,3.51,FEMME,NON,NON,NON,OUI,NON,1
18,120.9,130.0,6,14.333333333333334,6,14.166666666666666,8.9,1.4,3.51,FEMME,NON,OUI,OUI,OUI,NON,0
21,125.8,130.0,11,11.909090909090908,11,10.727272727272728,8.9,1.4,3.51,FEMME,NON,OUI,OUI,NON,NON,0
18,161.2,164.0,6,13.714285714285714,6,14.375,13.9,-0.3,0.79,FEMME,NON,OUI,NON,OUI,NON,0
19,122.0,125.0,0,0.0,0,0.0,11.1,0.6,2.02,FEMME,NON,OUI,OUI,OUI,NON,1
18,127.9,137.0,5,13.46,7,12.2375,11.1,0.6,2.02,FEMME,OUI,OUI,NON,OUI,NON,1
19,135.8,133.0,6,15.0,6,13.333333333333334,11.1,0.6,2.02,FEMME,NON,OUI,NON,OUI,NON,0
18,149.7,163.0,0,0.0,0,0.0,13.9,-0.3,0.79,FEMME,OUI,OUI,NON,OUI,NON,1
19,137.3,160.0,5,13.4,5,12.8,12.7,3.7,-1.7,FEMME,NON,OUI,NON,OUI,NON,0
48,106.0,133.1,5,13.0,4,12.5,7.6,2.6,0.32,FEMME,NON,OUI,NON,OUI,NON,0
34,110.0,120.0,4,11.25,4,13.75,13.9,-0.3,0.79,FEMME,NON,OUI,OUI,NON,NON,0
18,146.4,140.0,5,12.6,5,11.6,7.6,2.6,0.32,FEMME,NON,OUI,NON,NON,NON,0
50,121.0,140.0,6,12.666666666666666,6,11.833333333333334,10.8,1.4,1.74,FEMME,NON,OUI,NON,NON,NON,0
41,125.2,140.0,21,12.333333333333334,19,12.105263157894736,12.4,0.5,1.79,FEMME,NON,OUI,OUI,NON,NON,0
22,119.6,115.0,5,12.0,5,11.0,7.6,2.6,0.32,FEMME,OUI,OUI,NON,OUI,NON,1
43,142.8,140.0,5,16.4,5,16.6,7.6,2.6,0.32,FEMME,NON,OUI,NON,NON,NON,0
50,123.5,133.1,0,0.0,0,0.0,10.8,1.4,1.74,FEMME,NON,OUI,NON,NON,NON,1
60,100.0,133.1,6,12.75,4,14.75,13.9,-0.3,0.79,FEMME,NON,OUI,NON,NON,NON,0
41,140.0,110.0,4,14.5,5,13.0,9.4,-0.8,-3.12,FEMME,NON,OUI,NON,NON,NON,0
47,150.3,133.1,5,14.8,5,14.4,7.6,2.6,0.32,FEMME,NON,OUI,NON,NON,NON,0
22,128.2,116.0,17,10.36842105263158,17,11.5,11.1,0.6,2.02,FEMME,NON,OUI,NON,NON,NON,0
41,114.3,110.0,0,0.0,0,0.0,10.8,1.4,1.74,FEMME,NON,OUI,NON,NON,NON,1
28,117.3,140.0,6,10.666666666666666,9,11.333333333333334,7.6,2.6,0.32,FEMME,NON,OUI,NON,NON,NON,0
32,120.0,120.0,13,12.692307692307692,13,12.384615384615383,10.8,1.4,1.74,FEMME,NON,OUI,NON,NON,NON,0
50,110.7,133.1,0,0.0,0,0.0,7.6,2.6,0.32,FEMME,NON,OUI,NON,OUI,NON,1
53,118.0,160.0,15,11.8,12,11.666666666666666,8.9,1.4,3.51,FEMME,NON,OUI,NON,NON,NON,0
54,169.2,133.1,0,0.0,0,0.0,12.4,0.5,1.79,FEMME,NON,NON,OUI,NON,OUI,1
49,106.8,120.0,5,12.333333333333334,4,11.5,13.9,-0.3,0.79,FEMME,NON,OUI,NON,NON,NON,0
34,100.0,133.1,11,13.0,8,11.875,12.7,3.7,-1.7,FEMME,NON,OUI,NON,NON,NON,1
45,144.5,133.1,4,12.5,3,11.666666666666666,16.2,0.3,-0.92,FEMME,NON,OUI,NON,NON,NON,1
47,134.5,133.1,5,12.2,4,11.25,12.4,0.5,1.79,FEMME,OUI,OUI,NON,NON,NON,0
22,114.3,122.0,8,11.0,5,11.2,9.4,-0.8,-3.12,FEMME,NON,OUI,NON,OUI,NON,0
33,113.4,133.1,1,10.0,2,12.0,12.4,0.5,1.79,FEMME,NON,OUI,NON,NON,NON,1
43,128.0,140.0,6,12.333333333333334,6,11.5,8.9,1.4,3.51,FEMME,OUI,OUI,NON,NON,NON,0
54,120.0,120.0,13,14.307692307692308,12,15.23076923076923,15.5,2.8,-4.06,FEMME,NON,OUI,NON,NON,NON,0
39,147.5,130.0,11,14.454545454545457,8,13.5,12.7,3.7,-1.7,FEMME,NON,OUI,NON,NON,NON,0
39,120.7,120.0,5,11.0,5,13.2,7.6,2.6,0.32,FEMME,NON,OUI,NON,NON,NON,0
18,153.7,153.0,6,13.142857142857142,6,12.833333333333334,15.5,2.8,-4.06,FEMME,OUI,OUI,NON,NON,NON,0
19,121.9,131.0,6,13.75,6,11.857142857142858,16.2,0.3,-0.92,FEMME,OUI,OUI,NON,NON,NON,0
18,119.4,126.0,6,14.0,5,13.8,8.9,1.4,3.51,FEMME,OUI,OUI,NON,OUI,NON,0
44,157.8,110.0,8,13.75,6,12.5,7.6,2.6,0.32,FEMME,NON,OUI,NON,NON,NON,0
27,154.0,150.0,0,0.0,0,0.0,12.4,0.5,1.79,FEMME,NON,OUI,NON,NON,NON,1
18,135.9,131.0,6,13.166666666666666,6,12.428571428571429,8.9,1.4,3.51,FEMME,OUI,OUI,NON,OUI,NON,0
45,130.0,130.0,9,12.444444444444445,6,12.0,9.4,-0.8,-3.12,FEMME,NON,OUI,NON,NON,NON,1
20,118.9,122.0,6,12.666666666666666,5,13.0,7.6,2.6,0.32,FEMME,NON,OUI,NON,OUI,NON,0
40,152.4,151.0,6,11.333333333333334,6,10.5,10.8,1.4,1.74,FEMME,NON,OUI,NON,NON,NON,0
40,147.8,120.0,4,11.25,5,12.0,13.9,-0.3,0.79,FEMME,NON,OUI,NON,NON,NON,0
18,100.0,136.0,7,13.6125,8,14.575,13.9,-0.3,0.79,FEMME,NON,OUI,NON,NON,NON,0
21,129.0,140.0,7,12.414285714285716,7,12.414285714285716,12.7,3.7,-1.7,FEMME,NON,OUI,NON,OUI,NON,0
20,148.9,131.0,0,0.0,0,0.0,9.4,-0.8,-3.12,FEMME,NON,OUI,NON,OUI,NON,0
36,120.0,120.0,11,11.5,12,11.4375,9.4,-0.8,-3.12,FEMME,NON,OUI,NON,NON,NON,0
27,170.0,170.0,0,0.0,0,0.0,9.4,-0.8,-3.12,FEMME,NON,OUI,NON,NON,NON,1
32,130.0,100.0,7,11.0,8,13.125,12.7,3.7,-1.7,FEMME,NON,OUI,NON,NON,OUI,0
18,119.2,116.0,6,14.0,6,13.5,8.9,1.4,3.51,FEMME,OUI,OUI,NON,OUI,NON,0
37,129.0,133.1,4,12.0,3,12.0,16.2,0.3,-0.92,FEMME,NON,OUI,NON,NON,NON,1
19,132.5,136.0,6,12.5,6,12.5,10.8,1.4,1.74,FEMME,NON,OUI,NON,OUI,NON,0
41,115.0,160.0,6,11.333333333333334,6,11.333333333333334,10.8,1.4,1.74,FEMME,OUI,OUI,NON,NON,NON,0
18,128.0,140.0,6,14.066666666666668,6,14.066666666666668,7.6,2.6,0.32,FEMME,OUI,OUI,NON,NON,NON,0
21,125.1,130.0,8,13.555555555555555,7,13.571428571428571,7.6,2.6,0.32,FEMME,NON,OUI,NON,NON,NON,0
23,140.0,140.0,5,11.6,4,12.25,12.4,0.5,1.79,FEMME,NON,NON,OUI,OUI,NON,1
18,120.9,123.0,0,0.0,0,0.0,13.9,-0.3,0.79,FEMME,NON,OUI,NON,OUI,NON,1
18,135.3,143.0,8,13.27625,8,13.27625,9.4,-0.8,-3.12,FEMME,NON,OUI,NON,OUI,NON,0
21,125.2,133.1,0,0.0,0,0.0,7.6,2.6,0.32,FEMME,NON,OUI,NON,NON,NON,1
19,135.7,136.0,6,14.375,6,14.75,7.6,2.6,0.32,FEMME,NON,OUI,NON,OUI,NON,0
47,110.0,133.1,0,0.0,0,0.0,9.4,-0.8,-3.12,FEMME,NON,OUI,NON,NON,NON,1
48,119.0,133.1,6,10.666666666666666,5,11.8,10.8,1.4,1.74,FEMME,OUI,OUI,NON,NON,NON,0
39,110.0,110.0,12,13.416666666666666,10,14.5,16.2,0.3,-0.92,FEMME,NON,OUI,NON,NON,NON,0
19,115.2,118.0,6,12.97166666666667,7,12.321428571428571,11.1,0.6,2.02,FEMME,NON,OUI,NON,OUI,NON,0
38,112.9,110.0,14,10.928571428571429,12,11.833333333333334,9.4,-0.8,-3.12,FEMME,NON,OUI,NON,NON,NON,1
27,119.4,133.1,0,0.0,0,0.0,8.9,1.4,3.51,FEMME,NON,NON,OUI,NON,NON,1
18,152.9,162.0,0,0.0,0,0.0,12.4,0.5,1.79,FEMME,OUI,OUI,NON,OUI,NON,0
34,117.5,155.0,4,13.25,0,0.0,12.7,3.7,-1.7,FEMME,NON,OUI,NON,NON,NON,0
48,98.5,133.1,6,11.333333333333334,5,12.4,15.5,2.8,-4.06,FEMME,NON,OUI,NON,NON,NON,1
25,108.0,150.0,1,11.0,0,0.0,7.6,2.6,0.32,FEMME,NON,OUI,NON,NON,NON,1
32,120.0,133.1,7,12.757142857142856,7,12.757142857142856,12.7,3.7,-1.7,FEMME,OUI,OUI,NON,NON,NON,0
18,150.2,154.0,6,14.5,6,14.666666666666666,16.2,0.3,-0.92,FEMME,OUI,OUI,NON,NON,NON,0
20,139.2,140.0,6,13.833333333333334,6,14.571428571428571,12.4,0.5,1.79,FEMME,NON,OUI,OUI,NON,NON,0
20,130.0,158.0,4,11.25,5,10.4,7.6,2.6,0.32,FEMME,NON,OUI,NON,OUI,NON,0
20,115.7,122.0,0,0.0,0,0.0,9.4,-0.8,-3.12,FEMME,NON,OUI,NON,OUI,NON,1
19,127.0,136.0,1,13.67,1,13.67,9.4,-0.8,-3.12,FEMME,NON,OUI,NON,OUI,NON,0
39,118.1,133.1,0,0.0,2,12.5,7.6,2.6,0.32,FEMME,NON,OUI,NON,OUI,NON,1
29,119.1,132.0,1,13.0,0,0.0,10.8,1.4,1.74,FEMME,NON,OUI,OUI,OUI,NON,1
36,111.9,130.0,0,0.0,0,0.0,12.7,3.7,-1.7,FEMME,NON,OUI,OUI,NON,NON,1
18,130.5,144.0,7,11.971428571428572,7,11.971428571428572,12.7,3.7,-1.7,FEMME,NON,OUI,NON,OUI,NON,0
51,135.0,133.1,0,0.0,0,0.0,7.6,2.6,0.32,FEMME,NON,OUI,NON,NON,NON,1
23,130.0,133.1,1,16.0,4,12.25,7.6,2.6,0.32,FEMME,NON,OUI,OUI,NON,OUI,1
21,150.0,150.0,0,0.0,0,0.0,10.8,1.4,1.74,FEMME,NON,OUI,NON,OUI,NON,1
28,150.2,150.0,4,12.75,0,0.0,9.4,-0.8,-3.12,FEMME,NON,NON,NON,OUI,NON,1
34,127.1,110.0,4,11.0,4,10.75,7.6,2.6,0.32,FEMME,NON,OUI,NON,NON,NON,0
41,107.5,100.0,0,0.0,0,0.0,12.7,3.7,-1.7,FEMME,NON,OUI,NON,NON,NON,1
43,130.0,100.0,5,12.2,6,12.333333333333334,9.4,-0.8,-3.12,FEMME,OUI,OUI,NON,NON,NON,0
28,152.8,133.1,7,12.428571428571429,8,12.3,12.4,0.5,1.79,FEMME,NON,OUI,NON,OUI,OUI,0
19,160.1,145.0,12,14.5,11,13.583333333333334,8.9,1.4,3.51,FEMME,OUI,OUI,NON,NON,NON,0
26,140.0,130.0,6,13.0,11,13.833333333333334,15.5,2.8,-4.06,FEMME,NON,OUI,NON,NON,NON,0
18,110.7,118.0,7,11.714285714285714,8,12.75,12.4,0.5,1.79,FEMME,NON,OUI,NON,OUI,NON,0
45,138.3,133.1,4,10.25,3,13.0,11.1,0.6,2.02,FEMME,NON,OUI,NON,NON,NON,1
19,150.0,150.0,0,0.0,0,0.0,12.4,0.5,1.79,FEMME,NON,OUI,NON,NON,NON,1
20,112.3,113.0,6,12.375,6,13.142857142857142,11.1,0.6,2.02,FEMME,NON,OUI,NON,NON,NON,0
18,122.0,136.0,6,12.666666666666666,6,12.0,7.6,2.6,0.32,FEMME,NON,OUI,NON,NON,NON,0
27,141.7,140.0,3,10.5,1,12.0,12.4,0.5,1.79,FEMME,NON,OUI,NON,OUI,NON,1
20,118.4,131.0,6,14.125,5,12.6,13.9,-0.3,0.79,FEMME,NON,OUI,NON,NON,NON,0
18,128.7,138.0,6,14.666666666666666,6,13.833333333333334,8.9,1.4,3.51,FEMME,NON,OUI,NON,OUI,NON,0
35,100.0,100.0,5,11.4,3,12.333333333333334,9.4,-0.8,-3.12,FEMME,NON,OUI,NON,NON,NON,0
26,100.8,140.0,0,0.0,0,0.0,16.2,0.3,-0.92,FEMME,NON,OUI,NON,NON,NON,1
39,125.5,120.0,6,14.0,5,14.8,12.7,3.7,-1.7,FEMME,OUI,OUI,NON,OUI,NON,0
18,124.0,139.0,0,0.0,0,0.0,7.6,2.6,0.32,FEMME,NON,OUI,NON,OUI,NON,0
36,130.0,130.0,0,0.0,0,0.0,16.2,0.3,-0.92,FEMME,NON,OUI,NON,NON,NON,1
38,160.5,110.0,11,12.636363636363637,8,11.0,13.9,-0.3,0.79,FEMME,NON,OUI,NON,NON,NON,0
45,100.0,133.1,3,12.333333333333334,2,11.0,7.6,2.6,0.32,FEMME,NON,OUI,NON,NON,NON,1
62,103.0,133.1,6,15.0,6,12.833333333333334,10.8,1.4,1.74,FEMME,NON,OUI,NON,NON,NON,0
20,103.0,133.1,4,11.75,6,12.666666666666666,10.8,1.4,1.74,FEMME,OUI,OUI,NON,OUI,NON,0
18,131.5,139.0,7,14.13714285714286,7,14.13714285714286,10.8,1.4,1.74,FEMME,NON,OUI,NON,OUI,NON,0
18,121.4,134.0,2,12.0,1,11.0,9.4,-0.8,-3.12,FEMME,NON,OUI,NON,NON,NON,1
23,137.3,160.0,5,10.8,4,11.5,9.4,-0.8,-3.12,FEMME,NON,OUI,NON,NON,NON,0
19,138.4,124.0,6,13.285714285714286,6,12.5,13.9,-0.3,0.79,FEMME,OUI,OUI,OUI,OUI,NON,1
19,131.1,137.0,5,13.6,5,12.6,8.9,1.4,3.51,FEMME,OUI,OUI,OUI,OUI,NON,0
18,100.0,157.0,7,13.55,8,14.1875,13.9,-0.3,0.79,FEMME,NON,OUI,NON,NON,NON,0
18,133.0,138.0,0,0.0,0,0.0,9.4,-0.8,-3.12,FEMME,NON,OUI,NON,OUI,NON,0
41,100.0,100.0,4,13.5,6,11.166666666666666,7.6,2.6,0.32,FEMME,NON,OUI,NON,NON,NON,0
51,159.0,130.0,5,11.6,5,14.2,12.4,0.5,1.79,FEMME,OUI,OUI,NON,NON,NON,0
24,120.6,133.1,10,12.5,4,12.6,16.2,0.3,-0.92,FEMME,NON,OUI,NON,OUI,NON,0
25,134.0,120.0,1,11.0,2,12.666666666666666,16.2,0.3,-0.92,FEMME,NON,OUI,NON,NON,NON,1
18,139.4,150.0,3,12.0,4,13.0,7.6,2.6,0.32,FEMME,NON,OUI,NON,NON,NON,0
20,116.5,128.0,4,11.6,3,12.333333333333334,7.6,2.6,0.32,FEMME,NON,OUI,NON,OUI,NON,0
19,113.9,124.0,0,0.0,0,0.0,13.9,-0.3,0.79,FEMME,NON,OUI,NON,OUI,NON,1
41,130.0,130.0,10,14.636363636363637,10,14.6,16.2,0.3,-0.92,FEMME,NON,OUI,NON,NON,NON,0
19,129.9,132.0,6,13.0,6,12.166666666666666,8.9,1.4,3.51,FEMME,OUI,OUI,NON,OUI,NON,0
28,133.7,133.1,14,12.785714285714286,16,13.875,16.2,0.3,-0.92,FEMME,NON,OUI,NON,NON,NON,1
21,124.8,129.0,6,14.5,5,12.0,12.4,0.5,1.79,FEMME,NON,OUI,NON,OUI,NON,0
22,133.6,135.0,4,14.6,4,12.75,9.4,-0.8,-3.12,FEMME,NON,NON,NON,OUI,NON,1
18,133.5,138.0,6,12.5,6,12.166666666666666,10.8,1.4,1.74,FEMME,NON,NON,NON,OUI,NON,0
19,128.0,135.0,6,14.0,6,13.125,10.8,1.4,1.74,FEMME,OUI,OUI,NON,OUI,NON,0
19,127.2,131.0,7,13.801428571428572,8,14.575,11.1,0.6,2.02,FEMME,OUI,OUI,NON,OUI,NON,0
25,150.0,150.0,6,14.428571428571429,6,13.666666666666666,10.8,1.4,1.74,FEMME,NON,NON,OUI,NON,NON,0
18,127.8,133.0,6,14.35,6,14.35,7.6,2.6,0.32,FEMME,OUI,OUI,NON,OUI,NON,0
19,125.2,135.0,6,14.333333333333334,6,13.5,12.7,3.7,-1.7,FEMME,NON,OUI,NON,OUI,NON,0
20,110.0,118.0,4,12.25,4,11.5,10.8,1.4,1.74,FEMME,NON,OUI,NON,OUI,NON,0
46,100.0,100.0,6,13.333333333333334,6,11.833333333333334,7.6,2.6,0.32,FEMME,NON,OUI,NON,NON,NON,0
19,151.4,158.0,12,13.0,11,13.25,8.9,1.4,3.51,FEMME,NON,NON,NON,OUI,NON,0
18,125.1,137.0,4,11.75,5,11.2,7.6,2.6,0.32,FEMME,NON,OUI,NON,OUI,NON,0
18,163.3,172.0,6,14.5,4,13.0,13.9,-0.3,0.79,FEMME,OUI,OUI,NON,OUI,NON,0
19,118.0,123.0,7,11.82,7,11.82,10.8,1.4,1.74,FEMME,OUI,OUI,NON,OUI,NON,0
20,140.2,144.0,0,0.0,0,0.0,16.2,0.3,-0.92,FEMME,NON,OUI,NON,OUI,NON,1
38,128.5,140.0,5,12.4,6,12.666666666666666,9.4,-0.8,-3.12,FEMME,OUI,OUI,NON,NON,NON,0
18,131.5,136.0,6,12.571428571428571,6,11.857142857142858,13.9,-0.3,0.79,FEMME,NON,OUI,NON,OUI,NON,0
18,132.6,137.0,7,13.857142857142858,8,14.9,13.9,-0.3,0.79,FEMME,OUI,OUI,NON,OUI,NON,0
18,122.1,128.0,5,11.833333333333334,5,13.8,13.9,-0.3,0.79,FEMME,NON,OUI,NON,OUI,NON,0
20,112.0,120.0,4,11.0,4,11.5,15.5,2.8,-4.06,FEMME,NON,OUI,NON,NON,NON,0
19,133.0,130.0,6,14.666666666666666,6,13.666666666666666,12.4,0.5,1.79,FEMME,NON,OUI,NON,OUI,NON,0
37,127.0,138.0,0,0.0,0,0.0,10.8,1.4,1.74,FEMME,NON,NON,NON,NON,NON,1
24,130.0,148.0,7,12.714285714285714,7,12.714285714285714,12.7,3.7,-1.7,FEMME,NON,OUI,NON,NON,NON,0
19,136.4,139.0,7,13.422222222222224,7,12.18888888888889,15.5,2.8,-4.06,FEMME,NON,OUI,NON,OUI,NON,0
19,129.0,136.0,6,14.0,5,12.2,13.9,-0.3,0.79,FEMME,OUI,OUI,NON,OUI,NON,1
19,119.0,126.0,7,12.142857142857142,8,13.375,16.2,0.3,-0.92,FEMME,OUI,OUI,NON,OUI,NON,1
18,128.0,135.0,5,12.8,5,13.0,11.1,0.6,2.02,FEMME,OUI,OUI,OUI,OUI,NON,0
18,117.1,122.0,7,14.572857142857142,8,14.955555555555556,12.4,0.5,1.79,FEMME,OUI,OUI,NON,OUI,NON,0
18,136.3,137.0,4,11.25,4,11.0,8.9,1.4,3.51,FEMME,NON,OUI,NON,NON,NON,0
19,124.6,127.0,2,10.0,4,11.75,11.1,0.6,2.02,FEMME,OUI,OUI,NON,OUI,NON,0
18,130.7,137.0,5,14.4,4,14.6,8.9,1.4,3.51,FEMME,NON,OUI,NON,OUI,NON,1
20,115.2,125.0,7,12.982857142857142,8,14.4625,12.4,0.5,1.79,FEMME,NON,OUI,NON,OUI,NON,0
20,130.2,141.0,6,15.75,6,13.0,15.5,2.8,-4.06,FEMME,NON,OUI,NON,OUI,NON,0
18,128.5,132.0,5,12.285714285714286,3,14.0,12.4,0.5,1.79,FEMME,NON,OUI,NON,NON,NON,1
20,95.0,133.1,6,13.755,7,13.571428571428571,12.4,0.5,1.79,FEMME,NON,OUI,NON,OUI,NON,0
18,119.4,132.0,6,13.833333333333334,6,13.5,8.9,1.4,3.51,FEMME,OUI,OUI,NON,OUI,NON,0
19,123.5,142.0,0,0.0,0,0.0,12.7,3.7,-1.7,FEMME,NON,OUI,NON,OUI,NON,1
18,133.9,136.0,7,14.711111111111112,8,14.627777777777778,15.5,2.8,-4.06,FEMME,NON,OUI,NON,OUI,NON,0
20,145.2,150.0,11,14.615384615384617,9,13.7,8.9,1.4,3.51,FEMME,NON,OUI,NON,OUI,NON,0
18,118.8,130.0,7,13.677142857142858,8,14.533333333333331,11.1,0.6,2.02,FEMME,NON,OUI,NON,NON,NON,0
19,123.4,136.0,5,13.166666666666666,5,12.8,9.4,-0.8,-3.12,FEMME,OUI,OUI,NON,OUI,NON,0
19,123.0,138.0,5,10.8,5,11.333333333333334,15.5,2.8,-4.06,FEMME,NON,OUI,NON,OUI,NON,0
19,118.4,131.0,3,12.0,5,12.833333333333334,7.6,2.6,0.32,FEMME,NON,OUI,NON,NON,NON,0
18,131.6,147.0,6,13.958333333333334,8,14.71875,11.1,0.6,2.02,FEMME,NON,OUI,NON,NON,NON,0
19,122.3,140.0,4,13.0,4,12.25,12.7,3.7,-1.7,FEMME,NON,OUI,NON,OUI,NON,1
24,151.7,152.0,0,0.0,0,0.0,11.1,0.6,2.02,FEMME,OUI,OUI,NON,OUI,NON,0
18,176.0,169.0,0,0.0,0,0.0,12.4,0.5,1.79,FEMME,OUI,OUI,NON,OUI,NON,0
18,133.0,149.0,7,14.0,7,14.0,12.7,3.7,-1.7,FEMME,OUI,OUI,NON,OUI,NON,0
18,139.8,137.0,6,12.571428571428571,6,12.571428571428571,10.8,1.4,1.74,FEMME,NON,OUI,NON,OUI,NON,0
19,119.6,122.0,4,12.0,3,11.333333333333334,11.1,0.6,2.02,FEMME,NON,OUI,NON,OUI,NON,1
35,134.0,130.0,8,13.625,7,14.0,8.9,1.4,3.51,FEMME,OUI,OUI,NON,NON,NON,0
19,132.0,145.0,4,12.5,4,10.0,7.6,2.6,0.32,FEMME,NON,OUI,NON,OUI,NON,0
28,130.0,130.0,14,12.428571428571429,11,11.909090909090908,7.6,2.6,0.32,FEMME,NON,OUI,NON,NON,NON,1
21,141.4,157.0,7,13.3875,8,15.9,13.9,-0.3,0.79,FEMME,NON,OUI,NON,NON,NON,0
19,128.9,135.0,6,12.648333333333332,8,12.205555555555556,11.1,0.6,2.02,FEMME,OUI,OUI,NON,OUI,NON,0
19,118.1,123.0,6,14.0,6,13.333333333333334,8.9,1.4,3.51,FEMME,NON,OUI,NON,OUI,NON,0
18,130.6,139.0,5,12.8,5,11.857142857142858,9.4,-0.8,-3.12,FEMME,NON,OUI,NON,NON,NON,0
18,122.0,136.0,6,11.333333333333334,6,10.833333333333334,7.6,2.6,0.32,FEMME,NON,OUI,NON,OUI,NON,0
19,123.0,135.0,0,0.0,0,0.0,12.7,3.7,-1.7,FEMME,NON,NON,NON,OUI,NON,1
20,126.7,126.0,6,14.166666666666666,6,13.0,8.9,1.4,3.51,FEMME,OUI,OUI,NON,OUI,NON,0
18,126.6,122.0,6,12.833333333333334,6,13.833333333333334,8.9,1.4,3.51,FEMME,NON,OUI,NON,OUI,NON,0
19,125.4,125.0,4,12.0,6,11.833333333333334,16.2,0.3,-0.92,FEMME,NON,NON,OUI,NON,NON,1
20,136.1,134.0,6,13.0,6,13.142857142857142,12.4,0.5,1.79,FEMME,OUI,OUI,NON,OUI,NON,1
18,128.8,130.0,6,13.39,7,12.757142857142856,11.1,0.6,2.02,FEMME,NON,OUI,NON,OUI,NON,0
18,111.1,110.0,6,12.333333333333334,5,13.6,8.9,1.4,3.51,FEMME,NON,NON,NON,OUI,NON,0
21,135.9,131.0,6,12.571428571428571,6,11.625,13.9,-0.3,0.79,FEMME,OUI,OUI,NON,NON,NON,0
19,119.6,122.0,6,12.333333333333334,6,12.833333333333334,12.4,0.5,1.79,FEMME,OUI,OUI,NON,OUI,NON,0
19,116.7,123.0,5,13.0,4,10.75,9.4,-0.8,-3.12,FEMME,NON,OUI,NON,OUI,NON,0
19,126.0,146.0,3,12.333333333333334,4,10.25,7.6,2.6,0.32,FEMME,NON,OUI,NON,NON,NON,0
18,134.2,137.0,6,13.166666666666666,5,14.2,10.8,1.4,1.74,FEMME,NON,OUI,NON,OUI,NON,1
18,123.0,130.0,5,13.333333333333334,5,13.6,12.7,3.7,-1.7,FEMME,OUI,OUI,NON,NON,NON,0
18,123.9,127.0,4,13.0,5,13.142857142857142,10.8,1.4,1.74,FEMME,NON,OUI,NON,OUI,NON,0
31,120.0,160.0,5,10.9,3,11.7,12.7,3.7,-1.7,FEMME,NON,OUI,NON,NON,NON,1
19,112.3,139.0,2,11.5,3,10.857142857142858,10.8,1.4,1.74,FEMME,NON,OUI,NON,OUI,NON,0
20,123.0,138.0,6,15.857142857142858,6,16.0,13.9,-0.3,0.79,FEMME,OUI,OUI,NON,OUI,NON,0
19,122.3,137.0,5,12.6,3,13.0,7.6,2.6,0.32,FEMME,OUI,OUI,NON,NON,NON,1
19,122.8,127.0,6,14.0,6,14.571428571428571,16.2,0.3,-0.92,FEMME,OUI,OUI,NON,NON,NON,0
27,160.0,160.0,3,14.666666666666666,2,13.0,10.8,1.4,1.74,FEMME,NON,NON,NON,NON,NON,1
18,120.1,132.0,6,13.666666666666666,6,14.0,8.9,1.4,3.51,FEMME,OUI,OUI,NON,OUI,NON,0
32,142.4,126.0,0,0.0,0,0.0,7.6,2.6,0.32,FEMME,NON,OUI,NON,NON,NON,1
18,127.3,133.0,7,12.628571428571428,7,12.628571428571428,12.7,3.7,-1.7,FEMME,NON,OUI,NON,OUI,NON,0
19,125.5,140.0,7,14.232857142857142,7,14.232857142857142,10.8,1.4,1.74,FEMME,OUI,OUI,NON,OUI,NON,0
19,137.4,130.0,6,15.0,6,14.0,15.5,2.8,-4.06,FEMME,NON,OUI,NON,NON,NON,0
18,122.0,129.0,2,10.0,0,0.0,10.8,1.4,1.74,FEMME,NON,OUI,NON,OUI,NON,1
18,107.5,110.0,4,12.25,4,11.0,12.7,3.7,-1.7,FEMME,OUI,OUI,NON,OUI,NON,1
24,104.0,133.1,6,13.5,6,13.0,11.1,0.6,2.02,FEMME,OUI,NON,OUI,NON,NON,0
19,133.1,132.0,5,12.2,6,11.5,9.4,-0.8,-3.12,FEMME,OUI,OUI,NON,OUI,NON,0
21,113.3,115.0,0,0.0,0,0.0,11.1,0.6,2.02,FEMME,NON,OUI,OUI,OUI,NON,1
19,130.0,130.0,6,12.0,8,12.75,16.2,0.3,-0.92,FEMME,NON,OUI,NON,OUI,NON,0
19,124.3,140.0,5,12.32,5,11.9,12.4,0.5,1.79,FEMME,NON,OUI,NON,OUI,OUI,0
36,105.0,140.0,6,12.35,5,12.5,8.9,1.4,3.51,FEMME,OUI,OUI,NON,OUI,NON,0
51,144.0,133.1,0,0.0,0,0.0,12.4,0.5,1.79,HOMME,NON,OUI,NON,NON,NON,1
20,111.9,121.0,6,11.333333333333334,4,10.571428571428571,10.8,1.4,1.74,HOMME,OUI,OUI,NON,OUI,NON,0
29,107.5,133.1,0,0.0,0,0.0,8.9,1.4,3.51,HOMME,NON,NON,OUI,NON,NON,1
27,127.4,130.0,5,11.6,5,12.0,13.9,-0.3,0.79,HOMME,NON,NON,OUI,NON,NON,1
33,149.0,130.0,4,12.0,3,13.666666666666666,7.6,2.6,0.32,HOMME,NON,OUI,NON,OUI,NON,0
57,120.0,120.0,12,11.75,9,12.22222222222222,9.4,-0.8,-3.12,HOMME,NON,NON,NON,NON,NON,1
20,143.6,132.0,5,12.8,5,11.6,13.9,-0.3,0.79,HOMME,NON,OUI,NON,OUI,NON,0
26,120.0,100.0,3,11.333333333333334,3,13.666666666666666,9.4,-0.8,-3.12,HOMME,NON,OUI,NON,NON,NON,1
27,128.0,130.0,0,0.0,0,0.0,13.9,-0.3,0.79,HOMME,NON,NON,OUI,NON,NON,0
19,118.2,129.0,5,10.8,4,12.25,9.4,-0.8,-3.12,HOMME,NON,OUI,NON,NON,NON,0
23,160.0,160.0,5,12.5,2,13.5,12.4,0.5,1.79,HOMME,NON,OUI,NON,OUI,NON,1
27,152.4,120.0,5,15.2,5,14.166666666666666,10.8,1.4,1.74,HOMME,NON,OUI,NON,NON,NON,0
20,116.6,122.0,7,13.314285714285717,8,12.575,12.4,0.5,1.79,HOMME,OUI,OUI,OUI,OUI,NON,0
19,141.6,143.0,11,13.090909090909092,11,12.083333333333334,10.8,1.4,1.74,FEMME,OUI,OUI,NON,NON,NON,0
19,105.5,110.0,0,0.0,0,0.0,11.1,0.6,2.02,FEMME,NON,NON,OUI,OUI,NON,1
20,116.3,124.0,5,12.2,6,11.5,16.2,0.3,-0.92,FEMME,NON,OUI,NON,OUI,NON,0
33,110.0,110.0,6,12.833333333333334,4,12.0,11.1,0.6,2.02,FEMME,NON,OUI,NON,NON,NON,0
22,119.5,130.0,15,11.2,14,12.428571428571429,7.6,2.6,0.32,FEMME,NON,OUI,NON,OUI,NON,0
18,125.0,139.0,3,12.333333333333334,4,12.0,7.6,2.6,0.32,FEMME,NON,OUI,NON,OUI,NON,0
27,160.0,140.0,7,15.94285714285714,7,15.94285714285714,12.7,3.7,-1.7,FEMME,NON,OUI,NON,NON,NON,0
27,150.0,150.0,0,0.0,0,0.0,15.5,2.8,-4.06,FEMME,NON,OUI,NON,NON,NON,1
19,115.0,123.0,4,10.25,6,10.714285714285714,11.1,0.6,2.02,FEMME,NON,OUI,NON,OUI,NON,0
20,128.4,128.0,5,13.2,5,12.833333333333334,9.4,-0.8,-3.12,FEMME,OUI,OUI,NON,OUI,NON,0
23,112.8,100.0,6,14.166666666666666,6,12.5,12.7,3.7,-1.7,FEMME,OUI,OUI,NON,NON,NON,0
22,131.0,148.0,20,14.575,20,14.575,7.6,2.6,0.32,FEMME,OUI,OUI,NON,OUI,NON,0
18,121.6,130.0,1,10.0,0,0.0,12.7,3.7,-1.7,FEMME,OUI,OUI,NON,OUI,NON,1
18,110.0,118.0,6,12.285714285714286,6,11.428571428571429,12.4,0.5,1.79,FEMME,OUI,OUI,NON,NON,NON,0
31,148.5,120.0,6,14.0,6,12.333333333333334,10.8,1.4,1.74,FEMME,OUI,OUI,NON,NON,NON,0
19,118.3,119.0,4,11.25,0,0.0,15.5,2.8,-4.06,FEMME,NON,OUI,NON,NON,NON,1
19,135.9,138.0,5,11.6,6,11.666666666666666,7.6,2.6,0.32,FEMME,NON,OUI,NON,OUI,NON,0
24,115.8,127.0,1,12.0,0,0.0,10.8,1.4,1.74,FEMME,NON,OUI,NON,NON,NON,1
19,121.2,134.0,7,13.47,8,13.32625,15.5,2.8,-4.06,FEMME,NON,OUI,NON,NON,NON,0
19,136.2,133.0,5,12.4,5,12.8,7.6,2.6,0.32,FEMME,NON,OUI,NON,OUI,NON,0
26,100.2,133.1,3,11.75,4,11.5,16.2,0.3,-0.92,FEMME,NON,NON,NON,OUI,NON,1
27,152.7,180.0,0,0.0,0,0.0,7.6,2.6,0.32,HOMME,NON,NON,OUI,OUI,OUI,1
19,123.1,129.0,6,12.0,6,12.428571428571429,11.1,0.6,2.02,FEMME,NON,OUI,NON,OUI,NON,0
29,130.0,120.0,5,15.333333333333334,5,15.4,9.4,-0.8,-3.12,FEMME,NON,OUI,NON,NON,NON,1
18,125.0,141.0,8,12.32,8,12.32,9.4,-0.8,-3.12,FEMME,OUI,OUI,NON,OUI,NON,0
19,113.1,118.0,7,13.79857142857143,8,14.75625,11.1,0.6,2.02,FEMME,NON,OUI,NON,OUI,NON,0
18,121.1,127.0,6,13.166666666666666,6,12.5,15.5,2.8,-4.06,FEMME,NON,OUI,NON,OUI,NON,0
18,162.3,177.0,5,16.333333333333332,5,15.4,15.5,2.8,-4.06,FEMME,OUI,OUI,NON,NON,NON,0
19,132.0,132.0,0,0.0,0,0.0,12.7,3.7,-1.7,FEMME,NON,OUI,NON,OUI,NON,1
19,130.7,133.0,7,14.757142857142856,8,15.366666666666667,12.4,0.5,1.79,FEMME,NON,OUI,NON,OUI,NON,0
19,122.3,124.0,6,11.666666666666666,6,12.333333333333334,13.9,-0.3,0.79,FEMME,NON,OUI,NON,OUI,NON,1
19,144.1,143.0,5,12.6,5,12.375,10.8,1.4,1.74,FEMME,NON,OUI,NON,OUI,NON,0
19,118.2,128.0,6,11.666666666666666,6,11.5,12.7,3.7,-1.7,FEMME,NON,OUI,NON,NON,NON,0
19,133.5,138.0,6,15.0,6,13.333333333333334,8.9,1.4,3.51,FEMME,OUI,OUI,NON,NON,NON,0
18,126.8,144.0,0,0.0,0,0.0,9.4,-0.8,-3.12,FEMME,NON,NON,OUI,OUI,NON,1
20,121.0,122.0,6,13.571428571428571,6,13.333333333333334,13.9,-0.3,0.79,FEMME,NON,OUI,NON,OUI,NON,0
20,117.7,111.0,5,10.8,4,11.5,9.4,-0.8,-3.12,FEMME,NON,OUI,NON,NON,NON,0
21,115.0,133.1,3,11.333333333333334,3,13.333333333333334,12.7,3.7,-1.7,FEMME,NON,OUI,NON,OUI,NON,0
31,129.2,120.0,5,11.4,6,12.833333333333334,9.4,-0.8,-3.12,FEMME,NON,OUI,NON,NON,NON,1
20,125.8,135.0,7,10.642857142857142,8,11.55,12.7,3.7,-1.7,FEMME,OUI,OUI,NON,NON,NON,0
19,118.4,125.0,3,10.5,4,11.75,7.6,2.6,0.32,FEMME,OUI,OUI,NON,OUI,NON,0
18,142.0,147.0,6,14.65,6,14.65,7.6,2.6,0.32,FEMME,NON,OUI,NON,OUI,NON,0
19,126.7,137.0,7,13.714285714285714,8,14.863636363636363,16.2,0.3,-0.92,FEMME,OUI,OUI,NON,OUI,NON,0
30,109.3,117.0,15,12.266666666666667,13,12.071428571428571,9.4,-0.8,-3.12,FEMME,NON,OUI,NON,NON,NON,0
21,116.9,126.0,6,10.375,3,11.666666666666666,12.7,3.7,-1.7,FEMME,NON,OUI,NON,OUI,NON,0
19,121.7,128.0,5,11.0,5,15.4,12.4,0.5,1.79,FEMME,NON,OUI,NON,OUI,NON,0
22,117.1,115.0,5,13.8,5,13.0,7.6,2.6,0.32,FEMME,NON,OUI,OUI,OUI,NON,0
18,114.4,121.0,6,12.666666666666666,6,12.833333333333334,11.1,0.6,2.02,FEMME,OUI,OUI,NON,NON,NON,0
18,133.0,134.0,6,11.75,5,12.0,12.7,3.7,-1.7,FEMME,NON,OUI,NON,OUI,NON,0
19,118.8,126.0,7,12.785714285714286,7,12.785714285714286,12.7,3.7,-1.7,FEMME,OUI,OUI,NON,OUI,NON,0
18,151.0,151.0,6,14.444444444444445,6,13.333333333333334,16.2,0.3,-0.92,FEMME,NON,OUI,NON,OUI,NON,0
21,119.6,122.0,6,13.25,8,13.8375,13.9,-0.3,0.79,FEMME,NON,OUI,NON,OUI,NON,0
18,135.4,141.0,7,12.50625,5,13.2,13.9,-0.3,0.79,FEMME,NON,OUI,NON,OUI,NON,0
20,149.9,138.0,0,0.0,0,0.0,11.1,0.6,2.02,FEMME,NON,OUI,NON,OUI,NON,0
18,120.1,133.0,4,12.75,4,11.75,12.7,3.7,-1.7,FEMME,NON,OUI,NON,OUI,NON,0
25,173.3,150.0,6,16.857142857142858,6,16.5,13.9,-0.3,0.79,FEMME,NON,OUI,NON,OUI,NON,0
19,126.2,136.0,6,13.166666666666666,6,15.0,16.2,0.3,-0.92,FEMME,NON,OUI,NON,NON,NON,0
19,126.9,129.0,5,12.2,4,11.5,7.6,2.6,0.32,FEMME,OUI,OUI,NON,OUI,NON,0
26,157.4,128.0,6,16.5,6,14.285714285714286,8.9,1.4,3.51,FEMME,NON,OUI,NON,OUI,NON,0
21,120.2,131.0,4,11.75,5,11.6,12.4,0.5,1.79,FEMME,NON,OUI,NON,OUI,NON,0
19,124.8,130.0,1,11.0,0,0.0,13.9,-0.3,0.79,FEMME,NON,OUI,NON,NON,NON,1
19,130.3,150.0,7,15.114285714285714,7,15.114285714285714,12.7,3.7,-1.7,FEMME,OUI,OUI,NON,NON,NON,0
18,152.4,165.0,6,15.5,6,14.285714285714286,16.2,0.3,-0.92,FEMME,OUI,OUI,NON,OUI,NON,0
32,113.5,133.1,7,11.142857142857142,8,12.0,10.8,1.4,1.74,FEMME,OUI,OUI,NON,NON,NON,0
18,125.7,126.0,6,11.333333333333334,6,11.333333333333334,15.5,2.8,-4.06,FEMME,OUI,OUI,NON,NON,NON,0
20,102.4,101.0,5,12.04,6,11.77142857142857,12.4,0.5,1.79,FEMME,NON,OUI,NON,NON,NON,0
20,125.7,125.0,5,11.166666666666666,4,10.75,15.5,2.8,-4.06,FEMME,NON,OUI,NON,NON,NON,0
39,120.0,100.0,5,10.6,4,10.75,9.4,-0.8,-3.12,FEMME,OUI,OUI,OUI,NON,NON,0
20,109.3,117.0,4,12.5,2,13.0,12.7,3.7,-1.7,FEMME,NON,OUI,NON,OUI,NON,0
18,162.2,159.0,0,0.0,0,0.0,12.4,0.5,1.79,FEMME,NON,NON,OUI,OUI,NON,1
18,155.7,177.0,6,15.666666666666666,6,13.833333333333334,8.9,1.4,3.51,FEMME,OUI,OUI,OUI,NON,NON,0
21,147.7,156.0,12,15.333333333333334,11,15.0,8.9,1.4,3.51,FEMME,NON,OUI,NON,OUI,NON,0
18,115.6,125.0,6,12.183333333333332,6,11.783333333333331,16.2,0.3,-0.92,FEMME,NON,OUI,NON,OUI,NON,0
18,117.8,130.0,2,10.0,3,11.333333333333334,7.6,2.6,0.32,FEMME,NON,OUI,NON,NON,NON,0
21,125.0,125.0,9,12.0,8,11.25,15.5,2.8,-4.06,FEMME,NON,OUI,NON,OUI,NON,0
22,129.8,127.0,3,10.333333333333334,2,10.0,7.6,2.6,0.32,FEMME,NON,OUI,NON,OUI,NON,1
21,123.1,121.0,6,11.166666666666666,3,14.666666666666666,7.6,2.6,0.32,HOMME,NON,OUI,NON,OUI,NON,0
20,122.8,135.0,3,11.0,2,11.333333333333334,10.8,1.4,1.74,HOMME,OUI,OUI,NON,OUI,NON,0
21,117.3,125.0,0,0.0,0,0.0,10.8,1.4,1.74,HOMME,OUI,OUI,NON,OUI,NON,0
20,126.5,138.0,6,12.857142857142858,5,11.8,8.9,1.4,3.51,FEMME,OUI,OUI,NON,OUI,OUI,0
19,123.0,136.0,7,14.328571428571427,7,14.328571428571427,10.8,1.4,1.74,FEMME,NON,OUI,NON,OUI,NON,0
20,127.7,142.0,6,15.0,6,16.333333333333332,13.9,-0.3,0.79,FEMME,OUI,OUI,NON,NON,NON,0
19,117.5,129.0,5,13.6,5,12.4,12.7,3.7,-1.7,FEMME,NON,OUI,NON,OUI,NON,0
18,128.4,134.0,5,12.857142857142858,4,13.25,9.4,-0.8,-3.12,FEMME,OUI,OUI,NON,OUI,NON,0
18,124.1,123.0,2,14.5,1,10.0,15.5,2.8,-4.06,FEMME,NON,OUI,NON,OUI,NON,1
24,140.9,150.0,3,10.666666666666666,3,10.5,10.8,1.4,1.74,FEMME,NON,OUI,NON,NON,NON,1
21,126.2,129.0,6,13.428571428571429,6,11.333333333333334,8.9,1.4,3.51,FEMME,OUI,NON,OUI,NON,NON,1
18,120.5,134.0,7,11.716666666666663,4,10.868,15.5,2.8,-4.06,HOMME,OUI,OUI,NON,OUI,NON,0
20,121.1,127.0,4,12.0,5,12.8,11.1,0.6,2.02,HOMME,OUI,OUI,NON,OUI,NON,0
20,123.7,123.0,5,13.2,4,10.75,10.8,1.4,1.74,FEMME,NON,NON,OUI,OUI,NON,1
18,116.9,127.0,5,12.2,4,12.25,12.4,0.5,1.79,FEMME,NON,OUI,OUI,OUI,NON,1
25,100.0,133.1,5,12.58,6,12.157142857142857,8.9,1.4,3.51,FEMME,OUI,OUI,NON,OUI,NON,0
19,120.2,131.0,5,11.333333333333334,6,10.833333333333334,13.9,-0.3,0.79,FEMME,OUI,OUI,NON,OUI,NON,0
35,153.8,120.0,0,0.0,0,0.0,11.1,0.6,2.02,HOMME,NON,OUI,OUI,NON,NON,1
19,120.1,133.0,6,12.428571428571429,8,14.0,13.9,-0.3,0.79,FEMME,OUI,OUI,NON,OUI,NON,0
18,128.1,133.0,6,13.0,6,13.0,13.9,-0.3,0.79,HOMME,OUI,OUI,NON,OUI,NON,1
19,126.8,143.0,7,14.535714285714286,7,14.535714285714286,10.8,1.4,1.74,HOMME,NON,OUI,NON,NON,NON,0
19,125.7,140.0,5,11.2,5,11.2,7.6,2.6,0.32,HOMME,OUI,OUI,NON,OUI,NON,0
18,146.2,157.0,6,16.0,6,13.666666666666666,12.4,0.5,1.79,HOMME,NON,OUI,NON,NON,NON,0
24,140.0,133.1,5,13.142857142857142,3,12.666666666666666,16.2,0.3,-0.92,HOMME,NON,OUI,OUI,OUI,NON,1
25,134.5,145.0,11,11.6875,8,11.142857142857142,9.4,-0.8,-3.12,HOMME,NON,OUI,NON,OUI,OUI,0
28,137.0,130.0,4,10.5,4,11.0,7.6,2.6,0.32,HOMME,NON,OUI,NON,OUI,NON,0
19,107.5,111.0,6,13.833333333333334,5,13.666666666666666,11.1,0.6,2.02,HOMME,OUI,OUI,NON,NON,NON,0
19,112.2,116.0,0,0.0,0,0.0,16.2,0.3,-0.92,HOMME,NON,OUI,NON,NON,NON,1
30,128.2,133.1,0,0.0,0,0.0,9.4,-0.8,-3.12,HOMME,OUI,NON,NON,NON,NON,1
19,126.8,135.0,0,0.0,0,0.0,15.5,2.8,-4.06,HOMME,NON,OUI,NON,OUI,NON,1
21,132.1,145.0,1,10.0,0,0.0,11.1,0.6,2.02,HOMME,NON,OUI,NON,OUI,NON,1
19,110.0,118.0,0,0.0,0,0.0,13.9,-0.3,0.79,HOMME,NON,OUI,NON,NON,NON,1
29,100.0,130.0,0,0.0,0,0.0,13.9,-0.3,0.79,HOMME,NON,NON,NON,NON,NON,1
18,114.3,115.0,4,12.6,4,13.0,12.4,0.5,1.79,HOMME,NON,OUI,NON,NON,NON,1
21,116.4,122.0,3,11.25,3,11.0,15.5,2.8,-4.06,HOMME,NON,OUI,NON,NON,NON,0
20,116.9,120.0,7,12.375,4,11.25,13.9,-0.3,0.79,HOMME,NON,OUI,NON,NON,NON,1
24,128.2,120.0,7,10.714285714285714,9,12.555555555555555,12.4,0.5,1.79,HOMME,NON,OUI,OUI,NON,NON,0
18,127.0,120.0,0,0.0,0,0.0,8.9,1.4,3.51,HOMME,NON,NON,NON,OUI,NON,1
23,140.0,140.0,5,12.0,5,12.142857142857142,15.5,2.8,-4.06,HOMME,NON,OUI,NON,OUI,NON,0
19,120.0,127.0,5,12.6,3,12.666666666666666,8.9,1.4,3.51,HOMME,NON,OUI,NON,OUI,NON,0
35,110.0,110.0,0,0.0,0,0.0,16.2,0.3,-0.92,HOMME,NON,OUI,NON,NON,NON,1
20,127.0,148.0,7,12.84142857142857,7,12.84142857142857,10.8,1.4,1.74,HOMME,NON,OUI,NON,OUI,NON,0
33,159.5,170.0,0,0.0,0,0.0,8.9,1.4,3.51,HOMME,NON,OUI,NON,NON,NON,1
18,135.2,146.0,6,14.166666666666666,6,12.833333333333334,9.4,-0.8,-3.12,HOMME,NON,OUI,NON,OUI,NON,0
20,122.8,127.0,6,12.166666666666666,3,12.0,12.4,0.5,1.79,HOMME,NON,OUI,NON,OUI,NON,0
19,118.0,125.0,4,10.8,3,11.0,13.9,-0.3,0.79,HOMME,NON,OUI,NON,OUI,NON,1
18,123.6,139.0,6,13.0,0,0.0,7.6,2.6,0.32,HOMME,NON,OUI,NON,OUI,NON,1
28,111.0,133.1,0,0.0,0,0.0,8.9,1.4,3.51,HOMME,NON,NON,NON,NON,NON,1
18,144.6,146.0,5,13.0,5,13.333333333333334,16.2,0.3,-0.92,HOMME,NON,OUI,NON,NON,NON,0
25,111.8,109.0,6,11.571428571428571,6,11.571428571428571,15.5,2.8,-4.06,HOMME,NON,OUI,OUI,OUI,NON,1
19,122.1,135.0,4,11.5,5,11.0,8.9,1.4,3.51,HOMME,NON,NON,OUI,NON,NON,1
18,119.9,122.0,5,11.0,4,10.75,9.4,-0.8,-3.12,HOMME,NON,OUI,NON,NON,NON,0
29,130.0,130.0,6,17.11111111111111,6,15.571428571428571,13.9,-0.3,0.79,HOMME,NON,OUI,NON,OUI,NON,0
18,118.4,124.0,0,0.0,0,0.0,7.6,2.6,0.32,HOMME,NON,OUI,NON,OUI,NON,0
20,112.6,115.0,6,12.571428571428571,6,12.166666666666666,8.9,1.4,3.51,HOMME,OUI,OUI,NON,NON,NON,0
20,150.0,150.0,0,0.0,0,0.0,15.5,2.8,-4.06,HOMME,NON,OUI,NON,NON,NON,1
18,165.8,170.0,6,14.5,6,15.166666666666666,9.4,-0.8,-3.12,HOMME,NON,OUI,NON,OUI,NON,0
21,101.7,102.0,6,13.5,6,12.333333333333334,12.4,0.5,1.79,HOMME,OUI,OUI,NON,OUI,NON,0
18,124.3,140.0,5,11.2,2,10.0,9.4,-0.8,-3.12,HOMME,NON,NON,NON,NON,NON,1
20,122.1,135.0,3,10.666666666666666,4,12.25,7.6,2.6,0.32,HOMME,NON,OUI,NON,OUI,NON,0
23,134.7,148.0,9,11.0,7,11.571428571428571,15.5,2.8,-4.06,FEMME,NON,OUI,NON,NON,NON,0
26,154.5,140.0,0,0.0,0,0.0,16.2,0.3,-0.92,FEMME,NON,OUI,NON,NON,NON,1
19,128.8,147.0,1,10.0,0,0.0,9.4,-0.8,-3.12,FEMME,NON,OUI,OUI,NON,NON,1
24,106.0,140.0,5,12.36,5,12.0,8.9,1.4,3.51,FEMME,OUI,NON,OUI,OUI,NON,1
20,146.2,157.0,6,15.25,6,14.714285714285714,11.1,0.6,2.02,FEMME,OUI,OUI,NON,OUI,NON,0
26,116.9,120.0,0,0.0,0,0.0,10.8,1.4,1.74,FEMME,NON,NON,OUI,OUI,NON,1
31,118.2,133.1,1,13.0,4,12.25,10.8,1.4,1.74,FEMME,NON,OUI,NON,NON,NON,1
27,105.7,140.0,8,13.81375,8,13.81375,9.4,-0.8,-3.12,FEMME,NON,OUI,NON,OUI,NON,0
24,126.9,130.0,6,13.285714285714286,6,12.875,11.1,0.6,2.02,FEMME,NON,OUI,OUI,NON,NON,0
23,150.0,150.0,4,11.5,4,12.2,8.9,1.4,3.51,FEMME,NON,OUI,NON,OUI,NON,0
20,108.4,115.0,7,11.9625,8,13.044444444444444,13.9,-0.3,0.79,FEMME,OUI,OUI,NON,OUI,NON,0
20,114.2,118.0,6,13.683333333333332,6,13.116666666666667,11.1,0.6,2.02,FEMME,NON,OUI,NON,OUI,NON,0
24,140.0,130.0,7,14.985714285714286,7,14.985714285714286,12.7,3.7,-1.7,FEMME,NON,OUI,NON,OUI,NON,0
39,142.5,130.0,4,11.25,4,11.5,11.1,0.6,2.02,FEMME,NON,OUI,NON,NON,NON,0
18,126.5,130.0,4,12.5,5,12.6,12.7,3.7,-1.7,FEMME,NON,OUI,NON,OUI,NON,0
20,111.3,120.0,0,0.0,0,0.0,11.1,0.6,2.02,FEMME,NON,OUI,NON,NON,NON,1
18,125.1,130.0,7,13.78,8,13.661,15.5,2.8,-4.06,FEMME,NON,OUI,NON,OUI,NON,0
19,126.3,141.0,7,13.805,8,14.2725,15.5,2.8,-4.06,FEMME,NON,OUI,NON,OUI,NON,0
18,142.2,138.0,5,13.8,5,12.6,10.8,1.4,1.74,FEMME,NON,OUI,NON,OUI,NON,0
22,110.2,113.0,3,12.666666666666666,4,12.0,7.6,2.6,0.32,FEMME,NON,OUI,NON,OUI,NON,0
18,127.0,135.0,7,14.424285714285714,8,13.9375,11.1,0.6,2.02,FEMME,NON,OUI,NON,OUI,NON,0
18,128.6,137.0,6,13.166666666666666,6,12.5,12.4,0.5,1.79,FEMME,OUI,OUI,NON,NON,NON,0
30,130.4,133.1,3,10.666666666666666,5,10.4,12.7,3.7,-1.7,FEMME,NON,OUI,NON,NON,NON,0
34,134.4,100.0,14,12.071428571428571,11,12.272727272727272,7.6,2.6,0.32,FEMME,NON,OUI,NON,NON,NON,0
38,100.0,133.1,3,10.25,1,12.0,13.9,-0.3,0.79,FEMME,NON,OUI,NON,NON,NON,1
19,133.0,142.0,8,14.11,8,14.11,9.4,-0.8,-3.12,FEMME,OUI,OUI,NON,OUI,NON,0
19,126.7,140.0,5,12.4,3,10.666666666666666,10.8,1.4,1.74,FEMME,NON,OUI,NON,OUI,NON,1
21,129.0,129.0,6,12.0,6,12.0,10.8,1.4,1.74,FEMME,NON,NON,NON,NON,NON,1
18,133.7,141.0,6,14.833333333333334,6,13.5,11.1,0.6,2.02,FEMME,OUI,OUI,NON,OUI,NON,0
20,122.2,118.0,6,15.428571428571429,6,13.5,13.9,-0.3,0.79,FEMME,OUI,OUI,NON,OUI,NON,0
18,128.9,131.0,5,11.6,5,11.4,16.2,0.3,-0.92,FEMME,OUI,OUI,NON,NON,NON,0
18,154.4,161.0,6,14.166666666666666,6,14.0,16.2,0.3,-0.92,FEMME,NON,OUI,NON,OUI,NON,0
36,130.0,130.0,1,9.8,0,0.0,12.7,3.7,-1.7,FEMME,OUI,OUI,NON,OUI,NON,1
18,113.0,121.0,4,10.714285714285714,4,11.0,13.9,-0.3,0.79,FEMME,OUI,OUI,NON,OUI,NON,0
21,123.3,133.1,0,0.0,0,0.0,7.6,2.6,0.32,FEMME,OUI,OUI,NON,OUI,NON,1
21,130.0,130.0,3,12.333333333333334,1,13.0,13.9,-0.3,0.79,FEMME,OUI,OUI,OUI,OUI,NON,1
18,101.3,133.1,6,13.0,6,12.25,11.1,0.6,2.02,FEMME,NON,OUI,NON,NON,OUI,0
18,113.7,120.0,4,11.4,4,11.25,9.4,-0.8,-3.12,FEMME,NON,OUI,NON,OUI,NON,0
19,138.8,140.0,6,12.766666666666666,6,12.766666666666666,7.6,2.6,0.32,FEMME,NON,OUI,NON,OUI,NON,0
29,140.0,133.1,5,12.6,6,12.666666666666666,11.1,0.6,2.02,FEMME,NON,OUI,OUI,NON,NON,0
20,130.0,130.0,7,13.0,5,13.4,11.1,0.6,2.02,FEMME,OUI,OUI,NON,NON,NON,0
18,132.5,140.0,6,14.316666666666668,6,14.316666666666668,7.6,2.6,0.32,FEMME,NON,OUI,NON,OUI,NON,0
19,117.4,124.0,4,12.75,5,12.0,10.8,1.4,1.74,FEMME,NON,OUI,NON,OUI,NON,0
19,109.8,115.0,5,13.4,5,12.6,8.9,1.4,3.51,FEMME,OUI,OUI,NON,OUI,NON,0
37,116.5,100.0,0,0.0,0,0.0,8.9,1.4,3.51,FEMME,NON,NON,OUI,NON,NON,1
18,165.2,162.0,4,15.75,5,13.8,10.8,1.4,1.74,FEMME,OUI,OUI,NON,OUI,NON,0
21,113.0,121.0,5,12.4,1,11.0,12.7,3.7,-1.7,FEMME,NON,OUI,NON,OUI,NON,1
19,123.3,125.0,6,11.5,6,12.333333333333334,12.4,0.5,1.79,FEMME,OUI,OUI,NON,NON,NON,0
19,116.7,123.0,5,13.4,5,14.0,9.4,-0.8,-3.12,FEMME,NON,OUI,NON,NON,NON,0
35,110.0,140.0,3,11.666666666666666,5,11.8,12.7,3.7,-1.7,FEMME,OUI,OUI,NON,NON,NON,0
30,118.9,133.1,0,0.0,0,0.0,13.9,-0.3,0.79,FEMME,NON,OUI,NON,NON,NON,1
27,103.6,120.0,7,13.285714285714286,5,11.6,9.4,-0.8,-3.12,FEMME,NON,OUI,NON,OUI,NON,1
45,122.7,136.0,4,11.5,2,10.5,7.6,2.6,0.32,FEMME,OUI,OUI,NON,NON,NON,1
50,113.5,133.1,8,13.25,7,11.714285714285714,12.7,3.7,-1.7,FEMME,OUI,OUI,NON,NON,NON,0
41,128.2,110.0,11,12.25,10,13.4,9.4,-0.8,-3.12,FEMME,NON,OUI,NON,NON,NON,0
26,120.0,120.0,6,12.0,6,12.0,7.6,2.6,0.32,FEMME,NON,OUI,NON,OUI,NON,0
44,130.0,133.1,1,12.0,0,0.0,11.1,0.6,2.02,FEMME,NON,OUI,NON,NON,NON,1
23,110.0,110.0,13,10.923076923076923,7,11.142857142857142,15.5,2.8,-4.06,FEMME,NON,OUI,NON,NON,NON,0
34,117.7,130.0,10,12.0,5,11.0,11.1,0.6,2.02,FEMME,NON,OUI,NON,NON,NON,1
21,99.6,102.0,5,13.714285714285714,5,14.4,11.1,0.6,2.02,FEMME,OUI,OUI,NON,OUI,NON,0
22,117.9,127.0,1,10.0,2,13.0,7.6,2.6,0.32,FEMME,NON,OUI,NON,OUI,OUI,1
32,113.0,133.1,2,10.333333333333334,6,11.5,16.2,0.3,-0.92,FEMME,OUI,OUI,NON,NON,NON,0
20,124.4,137.0,7,12.728571428571428,8,14.625,15.5,2.8,-4.06,FEMME,NON,OUI,NON,OUI,OUI,0
59,140.0,130.0,12,13.333333333333334,8,12.875,10.8,1.4,1.74,FEMME,NON,NON,NON,NON,NON,1
30,132.4,130.0,9,12.22222222222222,9,11.6,8.9,1.4,3.51,FEMME,NON,OUI,NON,NON,NON,0
18,124.0,131.0,6,11.333333333333334,6,10.833333333333334,9.4,-0.8,-3.12,FEMME,OUI,OUI,NON,OUI,NON,0
25,132.0,162.0,4,11.0,4,12.0,7.6,2.6,0.32,HOMME,NON,OUI,OUI,NON,NON,0
36,149.8,140.0,5,13.8,5,13.8,12.7,3.7,-1.7,HOMME,NON,OUI,NON,NON,NON,0
36,160.0,160.0,1,12.0,0,0.0,11.1,0.6,2.02,HOMME,NON,OUI,NON,NON,NON,1
19,114.6,117.0,4,11.25,3,10.166666666666666,10.8,1.4,1.74,HOMME,NON,NON,NON,NON,NON,1
25,120.0,150.0,4,10.5,5,12.0,9.4,-0.8,-3.12,HOMME,NON,OUI,NON,NON,NON,0
35,100.0,133.1,18,11.555555555555555,13,11.615384615384617,15.5,2.8,-4.06,HOMME,NON,OUI,NON,NON,NON,0
20,128.5,125.0,1,14.0,0,0.0,16.2,0.3,-0.92,HOMME,NON,OUI,NON,NON,NON,1
35,113.0,130.0,1,13.0,0,0.0,15.5,2.8,-4.06,HOMME,NON,NON,NON,OUI,NON,1
27,150.8,170.0,2,11.0,1,11.0,7.6,2.6,0.32,FEMME,NON,OUI,NON,OUI,NON,1
18,130.8,132.0,7,13.68142857142857,7,13.68142857142857,10.8,1.4,1.74,FEMME,NON,OUI,NON,OUI,NON,0
23,114.5,133.1,6,12.1,6,12.616666666666667,16.2,0.3,-0.92,FEMME,NON,OUI,NON,NON,NON,0
19,114.8,120.0,4,10.5,4,11.25,10.8,1.4,1.74,FEMME,NON,OUI,NON,OUI,NON,0
18,126.2,126.0,5,11.94,6,12.8,11.1,0.6,2.02,FEMME,OUI,OUI,NON,OUI,NON,0
26,129.0,130.0,4,12.86,5,11.566666666666668,12.4,0.5,1.79,FEMME,NON,NON,OUI,NON,NON,1
19,110.5,133.1,6,14.25,6,14.0,16.2,0.3,-0.92,FEMME,NON,OUI,NON,NON,NON,0
19,132.5,141.0,0,0.0,0,0.0,12.7,3.7,-1.7,FEMME,NON,NON,NON,OUI,NON,1
18,130.7,138.0,0,0.0,0,0.0,13.9,-0.3,0.79,FEMME,NON,OUI,NON,OUI,NON,1
19,130.4,130.0,7,13.894285714285711,8,14.3625,11.1,0.6,2.02,FEMME,OUI,OUI,NON,OUI,NON,0
19,124.3,128.0,7,13.46875,8,13.31375,15.5,2.8,-4.06,FEMME,OUI,OUI,NON,OUI,NON,0
19,132.6,135.0,5,13.6,5,14.6,10.8,1.4,1.74,FEMME,OUI,OUI,NON,OUI,NON,0
21,146.7,150.0,6,14.666666666666666,6,13.833333333333334,12.4,0.5,1.79,FEMME,OUI,OUI,NON,NON,NON,0
18,130.1,135.0,6,13.666666666666666,6,13.0,15.5,2.8,-4.06,FEMME,NON,OUI,NON,OUI,NON,0
33,120.0,120.0,10,13.3,11,13.727272727272728,9.4,-0.8,-3.12,FEMME,NON,OUI,NON,OUI,NON,0
32,121.3,120.0,11,13.454545454545457,7,12.428571428571429,12.7,3.7,-1.7,FEMME,NON,OUI,NON,NON,NON,0
17,133.3,140.0,8,13.41625,8,13.41625,9.4,-0.8,-3.12,FEMME,OUI,OUI,NON,OUI,NON,0
31,110.5,140.0,0,0.0,0,0.0,12.7,3.7,-1.7,FEMME,NON,OUI,NON,NON,NON,1
32,102.5,140.0,6,11.333333333333334,5,13.0,15.5,2.8,-4.06,FEMME,OUI,OUI,NON,NON,NON,0
18,150.9,156.0,6,16.0,6,14.625,11.1,0.6,2.02,FEMME,NON,OUI,NON,OUI,NON,1
31,106.6,133.1,5,11.0,6,10.166666666666666,8.9,1.4,3.51,FEMME,NON,OUI,OUI,NON,NON,0
20,118.3,120.0,6,12.857142857142858,5,12.4,8.9,1.4,3.51,HOMME,NON,OUI,NON,NON,NON,0
40,117.9,100.0,0,0.0,0,0.0,10.8,1.4,1.74,HOMME,NON,NON,NON,NON,NON,1
32,135.0,120.0,5,14.8,5,14.2,7.6,2.6,0.32,HOMME,NON,OUI,NON,OUI,NON,0
40,120.0,120.0,1,13.0,2,14.0,12.7,3.7,-1.7,HOMME,NON,NON,NON,NON,NON,1
18,167.1,172.0,0,0.0,0,0.0,16.2,0.3,-0.92,HOMME,OUI,OUI,NON,NON,NON,0
28,115.8,120.0,4,10.0,1,10.0,12.7,3.7,-1.7,HOMME,NON,NON,OUI,NON,NON,1
19,141.2,137.0,5,11.2,6,12.0,9.4,-0.8,-3.12,HOMME,NON,OUI,OUI,OUI,NON,0
19,118.4,117.0,6,11.833333333333334,3,13.0,15.5,2.8,-4.06,HOMME,OUI,OUI,NON,NON,NON,0
21,134.3,142.0,0,0.0,0,0.0,10.8,1.4,1.74,HOMME,NON,OUI,NON,NON,NON,1
22,128.7,135.0,2,10.5,0,0.0,7.6,2.6,0.32,HOMME,NON,OUI,NON,OUI,NON,1
18,116.1,115.0,5,12.5,5,13.571428571428571,12.4,0.5,1.79,HOMME,NON,NON,NON,OUI,NON,1
27,100.0,110.0,0,0.0,0,0.0,9.4,-0.8,-3.12,HOMME,NON,OUI,NON,OUI,NON,1
19,118.8,123.0,5,11.0,2,10.0,8.9,1.4,3.51,HOMME,NON,OUI,NON,NON,NON,0
30,130.0,140.0,9,12.333333333333334,8,12.0,9.4,-0.8,-3.12,HOMME,NON,OUI,NON,OUI,NON,0
28,150.0,150.0,0,0.0,1,10.0,16.2,0.3,-0.92,HOMME,NON,OUI,NON,NON,NON,1
34,116.0,120.0,1,17.0,2,11.0,9.4,-0.8,-3.12,HOMME,OUI,OUI,OUI,NON,NON,0
21,99.0,110.0,5,11.0,3,11.428571428571429,10.8,1.4,1.74,HOMME,NON,OUI,NON,NON,NON,0
20,132.0,133.0,5,11.142857142857142,6,11.571428571428571,16.2,0.3,-0.92,HOMME,OUI,OUI,NON,NON,NON,0
31,125.0,110.0,5,12.166666666666666,5,12.0,7.6,2.6,0.32,HOMME,NON,NON,NON,NON,NON,1
21,116.2,126.0,2,11.0,2,11.5,7.6,2.6,0.32,HOMME,NON,NON,OUI,NON,NON,1
27,100.0,133.1,1,11.0,3,10.666666666666666,7.6,2.6,0.32,HOMME,NON,NON,NON,OUI,NON,1
19,132.9,136.0,4,13.25,5,11.8,7.6,2.6,0.32,HOMME,NON,OUI,NON,OUI,NON,0
21,132.5,129.0,0,0.0,1,10.0,10.8,1.4,1.74,HOMME,NON,OUI,NON,OUI,NON,0
21,140.0,140.0,2,12.5,0,0.0,16.2,0.3,-0.92,HOMME,NON,NON,NON,OUI,NON,1
35,100.1,160.0,7,12.142857142857142,4,12.25,7.6,2.6,0.32,HOMME,NON,NON,NON,NON,NON,1
28,128.2,133.1,3,12.0,3,11.333333333333334,7.6,2.6,0.32,HOMME,NON,OUI,NON,NON,NON,1
24,133.4,140.0,4,11.25,4,10.428571428571429,10.8,1.4,1.74,HOMME,NON,OUI,NON,NON,NON,0
19,136.1,142.0,0,0.0,0,0.0,9.4,-0.8,-3.12,HOMME,NON,NON,NON,OUI,NON,1
20,123.0,138.0,5,12.4,4,13.0,13.9,-0.3,0.79,HOMME,NON,NON,OUI,NON,NON,0
20,130.3,131.0,6,12.833333333333334,6,12.666666666666666,16.2,0.3,-0.92,HOMME,OUI,OUI,NON,OUI,NON,0
19,153.7,160.0,1,13.0,2,10.0,9.4,-0.8,-3.12,HOMME,NON,OUI,NON,NON,NON,0
37,142.5,110.0,5,12.0,3,11.666666666666666,8.9,1.4,3.51,HOMME,NON,NON,OUI,NON,NON,1
19,114.6,124.0,2,12.0,1,13.0,7.6,2.6,0.32,HOMME,NON,OUI,NON,OUI,NON,1
36,108.5,120.0,0,0.0,0,0.0,13.9,-0.3,0.79,HOMME,NON,OUI,NON,NON,NON,1
29,140.0,133.1,0,0.0,0,0.0,9.4,-0.8,-3.12,HOMME,NON,OUI,NON,NON,NON,1
30,120.0,133.1,6,11.375,5,11.6,13.9,-0.3,0.79,HOMME,NON,OUI,NON,NON,NON,0
32,120.0,133.1,2,12.0,0,0.0,11.1,0.6,2.02,HOMME,NON,OUI,OUI,NON,NON,1
26,127.6,123.0,6,11.833333333333334,6,11.666666666666666,10.8,1.4,1.74,HOMME,NON,OUI,NON,OUI,NON,0
37,140.0,140.0,1,12.0,2,10.5,16.2,0.3,-0.92,HOMME,NON,OUI,NON,NON,NON,1
27,111.3,138.7,3,12.0,2,11.0,13.9,-0.3,0.79,HOMME,NON,OUI,NON,NON,NON,1
18,131.0,131.0,6,12.714285714285714,5,11.833333333333334,13.9,-0.3,0.79,HOMME,OUI,OUI,NON,OUI,NON,0
18,139.5,149.0,8,15.3,8,15.3,9.4,-0.8,-3.12,HOMME,OUI,OUI,NON,NON,NON,0
32,110.0,133.1,2,11.5,0,0.0,15.5,2.8,-4.06,HOMME,NON,NON,NON,NON,NON,1
20,130.0,130.0,1,13.0,3,12.6,12.4,0.5,1.79,HOMME,NON,OUI,NON,NON,NON,0
22,115.0,120.0,0,0.0,0,0.0,16.2,0.3,-0.92,HOMME,NON,OUI,NON,NON,NON,1
32,154.3,133.1,0,0.0,0,0.0,12.4,0.5,1.79,FEMME,NON,OUI,NON,NON,NON,1
21,135.0,143.0,4,11.0,5,12.0,7.6,2.6,0.32,FEMME,NON,OUI,NON,OUI,NON,0
19,115.2,126.0,3,12.666666666666666,5,13.125,10.8,1.4,1.74,FEMME,NON,NON,NON,NON,NON,1
18,130.6,125.0,6,13.5,6,14.0,8.9,1.4,3.51,FEMME,OUI,OUI,NON,OUI,NON,0
18,117.4,123.0,5,12.0,5,11.4,8.9,1.4,3.51,FEMME,OUI,OUI,NON,OUI,NON,0
38,150.0,150.0,0,0.0,0,0.0,15.5,2.8,-4.06,FEMME,NON,NON,OUI,OUI,NON,1
21,131.3,132.0,5,11.8,4,10.5,7.6,2.6,0.32,FEMME,NON,OUI,NON,OUI,NON,1
21,120.4,133.0,2,11.5,1,13.0,9.4,-0.8,-3.12,FEMME,NON,NON,NON,NON,NON,1
26,113.6,122.0,2,11.5,3,12.0,7.6,2.6,0.32,HOMME,NON,OUI,NON,NON,NON,0
19,125.0,137.0,6,14.616666666666667,6,14.616666666666667,7.6,2.6,0.32,FEMME,NON,OUI,NON,OUI,NON,0
19,132.3,145.0,7,14.06,7,14.06,10.8,1.4,1.74,FEMME,OUI,OUI,NON,OUI,NON,0
18,142.7,150.0,4,11.0,3,11.333333333333334,7.6,2.6,0.32,FEMME,NON,OUI,OUI,NON,NON,1
25,130.0,130.0,0,0.0,0,0.0,12.7,3.7,-1.7,FEMME,NON,OUI,NON,NON,NON,1
19,120.8,136.0,7,12.192307692307692,7,12.192307692307692,7.6,2.6,0.32,FEMME,NON,OUI,NON,OUI,NON,0
18,130.3,131.0,6,12.833333333333334,6,12.333333333333334,13.9,-0.3,0.79,FEMME,OUI,OUI,NON,OUI,NON,0
19,119.9,130.0,5,12.875,5,11.833333333333334,13.9,-0.3,0.79,FEMME,OUI,OUI,NON,NON,NON,0
22,110.5,108.0,6,12.166666666666666,6,12.5,12.4,0.5,1.79,FEMME,OUI,OUI,NON,OUI,NON,0
21,160.0,160.0,6,13.428571428571429,6,12.857142857142858,15.5,2.8,-4.06,FEMME,NON,OUI,NON,OUI,NON,0
21,118.6,113.0,6,14.5,6,14.666666666666666,8.9,1.4,3.51,FEMME,OUI,OUI,NON,OUI,NON,0
20,112.3,113.0,7,12.142857142857142,7,12.857142857142858,11.1,0.6,2.02,FEMME,OUI,OUI,NON,NON,NON,0
19,124.4,137.0,4,11.25,3,11.714285714285714,10.8,1.4,1.74,FEMME,NON,OUI,NON,NON,NON,0
18,125.0,148.0,6,13.9,6,13.9,7.6,2.6,0.32,FEMME,NON,OUI,NON,OUI,NON,0
26,105.8,130.0,3,13.766666666666666,3,12.066666666666668,13.9,-0.3,0.79,FEMME,NON,OUI,NON,NON,NON,1
31,121.5,133.1,13,11.615384615384617,11,12.545454545454543,7.6,2.6,0.32,FEMME,NON,OUI,NON,OUI,NON,1
18,134.2,138.0,6,15.166666666666666,6,14.142857142857142,11.1,0.6,2.02,FEMME,OUI,OUI,NON,OUI,NON,0
35,130.0,130.0,0,0.0,0,0.0,11.1,0.6,2.02,FEMME,NON,OUI,NON,NON,NON,1
19,122.8,127.0,2,14.5,3,11.333333333333334,12.7,3.7,-1.7,FEMME,NON,OUI,NON,OUI,NON,0
19,108.7,115.0,5,10.8,6,10.714285714285714,15.5,2.8,-4.06,FEMME,OUI,OUI,NON,NON,NON,0
18,136.7,147.0,7,13.995714285714287,8,14.955555555555556,11.1,0.6,2.02,FEMME,NON,OUI,NON,NON,NON,0
20,119.1,132.0,6,13.285714285714286,6,11.8,12.4,0.5,1.79,FEMME,NON,OUI,NON,NON,NON,0
19,151.3,146.0,12,12.75,11,13.25,8.9,1.4,3.51,FEMME,OUI,OUI,NON,OUI,NON,0
21,108.3,109.0,2,10.5,5,12.4,10.8,1.4,1.74,FEMME,OUI,OUI,NON,NON,NON,0
18,127.4,133.0,7,12.714285714285714,7,12.285714285714286,16.2,0.3,-0.92,FEMME,OUI,OUI,OUI,NON,NON,0
23,124.0,124.0,8,12.88625,8,12.88625,9.4,-0.8,-3.12,FEMME,NON,OUI,NON,NON,NON,0
21,155.0,133.1,5,13.0,6,12.666666666666666,16.2,0.3,-0.92,FEMME,OUI,OUI,NON,NON,NON,0
19,114.0,121.0,5,12.2,5,11.2,11.1,0.6,2.02,FEMME,OUI,OUI,NON,NON,NON,0
19,118.9,129.0,4,12.8,3,14.5,10.8,1.4,1.74,FEMME,NON,OUI,NON,OUI,NON,0
20,160.0,160.0,11,13.785714285714286,9,13.88888888888889,8.9,1.4,3.51,FEMME,NON,OUI,NON,OUI,NON,0
18,126.1,131.0,0,0.0,4,13.25,16.2,0.3,-0.92,FEMME,NON,OUI,NON,NON,NON,0
18,136.5,150.0,8,14.50125,8,14.50125,9.4,-0.8,-3.12,FEMME,OUI,OUI,NON,OUI,NON,0
19,122.3,130.0,6,14.35,6,14.35,7.6,2.6,0.32,FEMME,NON,OUI,NON,NON,NON,0
21,128.0,133.1,6,11.5,6,12.333333333333334,9.4,-0.8,-3.12,FEMME,OUI,OUI,NON,NON,NON,0
18,156.5,154.0,6,11.714285714285714,6,14.666666666666666,12.7,3.7,-1.7,FEMME,OUI,OUI,NON,OUI,NON,0
20,125.7,126.0,6,13.571428571428571,5,13.6,15.5,2.8,-4.06,FEMME,NON,OUI,NON,NON,NON,0
18,143.0,150.0,5,13.0,6,13.666666666666666,12.7,3.7,-1.7,FEMME,NON,OUI,NON,NON,NON,0
18,131.9,141.0,7,13.56875,8,14.02625,15.5,2.8,-4.06,FEMME,OUI,OUI,NON,OUI,NON,0
32,113.7,134.0,5,10.2,4,11.25,9.4,-0.8,-3.12,FEMME,NON,OUI,NON,NON,NON,0
18,155.1,146.0,0,0.0,0,0.0,13.9,-0.3,0.79,FEMME,NON,OUI,NON,OUI,NON,0
19,121.1,134.0,5,12.2,5,11.8,10.8,1.4,1.74,FEMME,NON,OUI,NON,OUI,NON,0
18,130.3,139.0,8,14.15375,8,14.15375,9.4,-0.8,-3.12,FEMME,OUI,OUI,NON,OUI,NON,0
18,123.3,136.0,0,0.0,0,0.0,9.4,-0.8,-3.12,FEMME,NON,NON,NON,NON,NON,1
20,117.4,110.0,6,13.833333333333334,6,12.833333333333334,11.1,0.6,2.02,FEMME,NON,OUI,NON,OUI,NON,0
19,140.3,135.0,6,13.428571428571429,4,14.0,12.4,0.5,1.79,FEMME,NON,OUI,NON,OUI,NON,0
19,120.0,129.0,7,12.454285714285716,7,12.454285714285716,10.8,1.4,1.74,FEMME,NON,OUI,NON,OUI,NON,0
18,133.4,139.0,1,11.0,0,0.0,9.4,-0.8,-3.12,FEMME,NON,OUI,NON,NON,NON,0
18,126.7,137.0,0,0.0,0,0.0,15.5,2.8,-4.06,FEMME,NON,OUI,NON,OUI,NON,1
18,129.3,138.0,6,13.271666666666668,7,12.94375,12.4,0.5,1.79,FEMME,OUI,OUI,NON,OUI,NON,0
20,125.7,136.0,6,13.548333333333334,6,14.775,11.1,0.6,2.02,FEMME,NON,OUI,NON,OUI,NON,0
19,144.8,143.0,6,12.166666666666666,6,12.5,16.2,0.3,-0.92,FEMME,NON,OUI,NON,NON,NON,0
21,98.6,133.1,2,11.0,0,0.0,12.7,3.7,-1.7,FEMME,NON,OUI,NON,NON,NON,1
19,126.9,136.0,7,13.285714285714286,7,14.428571428571429,11.1,0.6,2.02,FEMME,OUI,OUI,NON,OUI,NON,0
20,146.7,139.0,6,13.333333333333334,6,14.0,15.5,2.8,-4.06,FEMME,OUI,OUI,NON,OUI,NON,0
21,117.0,125.0,8,13.2575,8,13.2575,9.4,-0.8,-3.12,FEMME,OUI,OUI,NON,NON,NON,0
23,130.0,130.0,0,0.0,0,0.0,11.1,0.6,2.02,FEMME,NON,OUI,NON,OUI,NON,1
18,125.8,137.0,6,12.666666666666666,2,11.5,12.7,3.7,-1.7,FEMME,OUI,NON,NON,NON,NON,1
30,160.0,130.0,5,14.6,5,15.4,12.7,3.7,-1.7,FEMME,NON,OUI,NON,NON,NON,1
20,134.2,130.0,0,0.0,0,0.0,9.4,-0.8,-3.12,FEMME,NON,OUI,NON,OUI,NON,1
29,96.0,160.0,3,12.333333333333334,0,0.0,10.8,1.4,1.74,FEMME,NON,NON,NON,NON,NON,1
24,101.8,100.0,5,10.8,2,11.0,10.8,1.4,1.74,FEMME,NON,OUI,NON,OUI,NON,0
20,125.2,136.0,6,11.666666666666666,6,11.333333333333334,7.6,2.6,0.32,FEMME,NON,OUI,NON,OUI,NON,0
27,100.0,117.0,4,12.5,6,14.333333333333334,13.9,-0.3,0.79,FEMME,NON,OUI,NON,NON,NON,1
23,140.0,140.0,0,0.0,0,0.0,7.6,2.6,0.32,FEMME,NON,OUI,NON,NON,NON,1
23,120.0,132.0,6,15.333333333333334,6,14.166666666666666,11.1,0.6,2.02,FEMME,OUI,OUI,NON,NON,NON,0
18,134.3,147.0,7,14.2,7,14.2,12.7,3.7,-1.7,FEMME,NON,OUI,NON,OUI,NON,0
19,144.7,158.0,6,14.833333333333334,6,14.666666666666666,12.7,3.7,-1.7,FEMME,OUI,OUI,NON,OUI,NON,0
19,131.9,142.0,7,13.642857142857142,8,14.3875,13.9,-0.3,0.79,FEMME,NON,OUI,NON,OUI,NON,1
18,136.7,143.0,6,13.833333333333334,6,14.0,11.1,0.6,2.02,FEMME,OUI,OUI,NON,OUI,NON,1
19,129.8,135.0,6,11.833333333333334,6,13.0,9.4,-0.8,-3.12,FEMME,NON,OUI,NON,OUI,NON,0
18,146.5,160.0,6,13.428571428571429,6,13.5,13.9,-0.3,0.79,FEMME,OUI,OUI,NON,NON,NON,0
29,122.5,120.0,8,10.5,9,10.333333333333334,9.4,-0.8,-3.12,FEMME,NON,OUI,NON,OUI,NON,0
24,117.8,133.1,6,11.416666666666666,8,11.9625,13.9,-0.3,0.79,FEMME,NON,OUI,NON,NON,NON,0
19,106.0,133.1,2,12.75,2,11.0,8.9,1.4,3.51,FEMME,NON,OUI,NON,OUI,NON,1
19,119.0,133.0,6,11.15,7,12.814285714285717,12.7,3.7,-1.7,FEMME,NON,OUI,NON,NON,NON,0
19,115.1,120.0,3,11.666666666666666,5,13.625,10.8,1.4,1.74,FEMME,NON,OUI,NON,NON,NON,0
20,116.9,106.0,6,11.5,5,12.4,11.1,0.6,2.02,FEMME,NON,OUI,NON,OUI,NON,0
18,141.7,148.0,6,13.833333333333334,6,12.666666666666666,10.8,1.4,1.74,FEMME,NON,OUI,NON,NON,NON,0
18,127.7,134.0,6,11.714285714285714,4,11.333333333333334,13.9,-0.3,0.79,FEMME,NON,NON,NON,OUI,NON,1
19,122.1,130.0,7,11.678571428571429,7,13.0375,12.4,0.5,1.79,FEMME,OUI,OUI,NON,OUI,NON,0
19,153.5,150.0,6,15.714285714285714,6,14.666666666666666,13.9,-0.3,0.79,FEMME,NON,OUI,NON,OUI,NON,1
18,141.4,141.0,0,0.0,0,0.0,13.9,-0.3,0.79,FEMME,OUI,OUI,NON,OUI,NON,0
19,135.8,140.0,6,13.0,6,13.0,10.8,1.4,1.74,FEMME,OUI,OUI,NON,OUI,NON,0
18,127.5,138.0,7,14.485714285714286,8,14.58888888888889,16.2,0.3,-0.92,FEMME,OUI,OUI,NON,OUI,NON,0
24,151.6,130.0,5,12.285714285714286,5,12.125,16.2,0.3,-0.92,FEMME,NON,OUI,NON,NON,NON,0
28,121.4,133.1,4,13.375,5,13.5,13.9,-0.3,0.79,FEMME,NON,OUI,OUI,NON,NON,0
20,100.0,133.0,7,11.571428571428571,7,11.571428571428571,12.7,3.7,-1.7,FEMME,NON,OUI,NON,NON,NON,0
19,131.5,150.0,7,12.657142857142857,7,12.657142857142857,12.7,3.7,-1.7,FEMME,OUI,OUI,NON,OUI,NON,0
22,109.3,117.0,2,10.0,1,10.0,9.4,-0.8,-3.12,FEMME,NON,NON,NON,NON,NON,1
19,127.9,145.0,6,13.714285714285714,6,13.166666666666666,12.7,3.7,-1.7,FEMME,NON,OUI,NON,OUI,NON,0
36,140.0,140.0,13,13.071428571428571,11,13.0,16.2,0.3,-0.92,FEMME,NON,OUI,NON,OUI,NON,0
19,160.0,160.0,6,15.333333333333334,6,14.0,15.5,2.8,-4.06,FEMME,OUI,OUI,NON,NON,NON,0
18,119.8,125.0,5,11.571428571428571,6,12.142857142857142,16.2,0.3,-0.92,FEMME,NON,OUI,NON,NON,NON,0
40,153.0,133.1,0,0.0,0,0.0,7.6,2.6,0.32,FEMME,NON,NON,NON,NON,NON,1
19,125.0,139.0,6,12.9,6,12.9,7.6,2.6,0.32,FEMME,OUI,OUI,NON,OUI,NON,0
38,103.7,130.0,5,13.126,5,13.126,10.8,1.4,1.74,FEMME,NON,OUI,NON,NON,NON,0
32,120.0,120.0,4,11.5,3,11.666666666666666,15.5,2.8,-4.06,FEMME,NON,OUI,NON,NON,NON,1
19,146.0,160.0,3,10.333333333333334,5,11.8,9.4,-0.8,-3.12,FEMME,NON,OUI,NON,OUI,NON,0
19,116.9,120.0,6,13.5,6,13.428571428571429,8.9,1.4,3.51,FEMME,NON,OUI,NON,OUI,NON,0
35,117.9,130.0,0,0.0,0,0.0,10.8,1.4,1.74,FEMME,NON,OUI,NON,NON,NON,1
20,128.6,124.0,4,12.0,2,11.5,7.6,2.6,0.32,FEMME,NON,OUI,NON,OUI,NON,0
29,135.0,150.0,7,11.142857142857142,8,11.375,12.7,3.7,-1.7,FEMME,NON,OUI,NON,NON,NON,0
29,124.6,140.0,5,11.4,4,10.25,15.5,2.8,-4.06,FEMME,NON,OUI,NON,NON,NON,0
19,124.0,135.0,7,12.771428571428572,7,12.771428571428572,9.4,-0.8,-3.12,FEMME,OUI,OUI,NON,OUI,NON,0
18,129.5,143.0,7,13.79857142857143,7,13.79857142857143,10.8,1.4,1.74,FEMME,OUI,OUI,NON,OUI,NON,0
25,111.3,100.0,6,13.333333333333334,6,13.5,7.6,2.6,0.32,FEMME,NON,NON,OUI,NON,NON,0
50,95.0,133.1,0,0.0,0,0.0,8.9,1.4,3.51,FEMME,NON,NON,OUI,NON,NON,1
24,131.8,133.1,14,11.357142857142858,13,12.846153846153848,7.6,2.6,0.32,FEMME,NON,OUI,NON,NON,NON,1
18,119.1,132.0,0,0.0,0,0.0,9.4,-0.8,-3.12,FEMME,NON,OUI,NON,NON,NON,1
20,125.4,131.0,6,15.692307692307692,5,14.428571428571429,15.5,2.8,-4.06,FEMME,NON,OUI,NON,OUI,NON,0
20,140.7,147.0,18,15.052631578947368,13,14.538461538461538,15.5,2.8,-4.06,FEMME,OUI,OUI,OUI,OUI,NON,0
21,131.9,141.0,6,11.5,5,12.4,9.4,-0.8,-3.12,FEMME,NON,OUI,NON,NON,NON,1
28,124.0,160.0,7,11.0,1,10.0,10.8,1.4,1.74,HOMME,NON,OUI,OUI,NON,NON,0
19,139.2,135.0,6,13.0,6,13.166666666666666,12.4,0.5,1.79,HOMME,OUI,OUI,NON,NON,NON,0
18,121.8,133.0,8,12.93875,8,12.93875,9.4,-0.8,-3.12,HOMME,OUI,OUI,NON,NON,NON,0
22,132.9,142.0,0,0.0,0,0.0,12.7,3.7,-1.7,HOMME,NON,OUI,NON,NON,NON,0
25,130.0,130.0,0,0.0,0,0.0,15.5,2.8,-4.06,HOMME,NON,OUI,NON,NON,NON,1
37,130.1,133.1,5,13.0,5,12.88,11.1,0.6,2.02,HOMME,NON,NON,NON,NON,NON,1
38,124.5,133.1,5,12.18,4,11.8125,11.1,0.6,2.02,HOMME,NON,NON,NON,NON,NON,1
36,162.3,130.0,3,11.333333333333334,5,11.4,13.9,-0.3,0.79,HOMME,NON,OUI,NON,NON,NON,1
18,137.8,149.0,7,13.0,7,13.0,12.7,3.7,-1.7,HOMME,NON,OUI,NON,OUI,NON,0
19,119.5,130.0,0,0.0,0,0.0,9.4,-0.8,-3.12,HOMME,NON,NON,NON,NON,NON,1
24,110.0,150.0,2,12.5,3,12.333333333333334,9.4,-0.8,-3.12,HOMME,NON,OUI,OUI,NON,NON,1
20,105.0,106.0,5,11.0,5,12.166666666666666,11.1,0.6,2.02,HOMME,NON,OUI,NON,NON,NON,0
21,142.8,162.0,0,0.0,0,0.0,12.7,3.7,-1.7,HOMME,NON,OUI,NON,OUI,NON,1
32,128.2,120.0,0,0.0,0,0.0,7.6,2.6,0.32,HOMME,NON,OUI,NON,OUI,NON,1
39,120.0,133.1,0,0.0,1,10.0,12.7,3.7,-1.7,HOMME,NON,OUI,NON,NON,NON,1
33,130.0,130.0,0,0.0,0,0.0,12.7,3.7,-1.7,HOMME,NON,NON,NON,NON,NON,1
20,121.7,128.0,5,12.4,4,10.75,9.4,-0.8,-3.12,HOMME,OUI,OUI,NON,NON,NON,0
19,116.0,124.0,6,15.5,6,14.1,16.2,0.3,-0.92,HOMME,NON,OUI,NON,NON,NON,0
43,133.2,133.1,2,11.5,3,10.8,13.9,-0.3,0.79,HOMME,NON,NON,NON,NON,NON,1
49,116.7,114.0,4,13.333333333333334,4,11.6,16.2,0.3,-0.92,HOMME,NON,OUI,NON,NON,NON,1
18,126.4,140.0,6,12.666666666666666,6,13.5,12.7,3.7,-1.7,HOMME,OUI,OUI,NON,OUI,NON,0
27,140.0,160.0,0,0.0,0,0.0,11.1,0.6,2.02,HOMME,NON,OUI,NON,NON,NON,0
19,120.3,122.0,5,12.6,5,13.6,8.9,1.4,3.51,HOMME,OUI,OUI,NON,OUI,NON,1
45,118.0,140.0,6,13.5,0,0.0,16.2,0.3,-0.92,HOMME,OUI,OUI,OUI,NON,NON,1
19,149.5,160.0,6,13.0,6,13.0,13.9,-0.3,0.79,HOMME,NON,NON,NON,OUI,NON,0
21,130.0,130.0,6,11.714285714285714,4,11.75,13.9,-0.3,0.79,HOMME,OUI,OUI,NON,NON,NON,0
18,126.3,141.0,6,12.166666666666666,5,13.0,13.9,-0.3,0.79,HOMME,OUI,OUI,NON,NON,NON,0
18,116.2,127.0,0,0.0,0,0.0,9.4,-0.8,-3.12,HOMME,NON,OUI,NON,NON,NON,1
29,126.0,126.0,0,0.0,0,0.0,9.4,-0.8,-3.12,HOMME,NON,NON,NON,NON,NON,1
19,122.3,131.0,5,11.5,5,11.6,9.4,-0.8,-3.12,HOMME,NON,OUI,NON,NON,NON,0
18,119.5,130.0,4,11.25,4,12.25,12.4,0.5,1.79,HOMME,OUI,OUI,NON,OUI,NON,0
22,131.8,130.0,7,12.285714285714286,8,12.375,12.4,0.5,1.79,HOMME,OUI,OUI,NON,NON,NON,0
18,130.7,140.0,7,12.718571428571428,8,12.805555555555555,11.1,0.6,2.02,HOMME,OUI,OUI,NON,OUI,NON,1
20,140.0,140.0,5,12.4,2,15.0,13.9,-0.3,0.79,HOMME,NON,OUI,NON,NON,NON,0
20,129.5,140.0,0,0.0,0,0.0,10.8,1.4,1.74,HOMME,NON,OUI,NON,OUI,NON,1
29,130.0,133.1,1,14.0,0,0.0,11.1,0.6,2.02,HOMME,OUI,OUI,OUI,NON,NON,1
29,114.0,120.0,3,11.666666666666666,4,11.25,7.6,2.6,0.32,HOMME,NON,OUI,NON,OUI,NON,1
23,121.0,121.0,1,13.0,4,11.25,9.4,-0.8,-3.12,HOMME,NON,OUI,NON,OUI,NON,0
19,116.4,123.0,0,0.0,0,0.0,10.8,1.4,1.74,HOMME,NON,OUI,OUI,OUI,NON,1
18,121.7,136.0,0,0.0,1,12.0,7.6,2.6,0.32,HOMME,NON,OUI,NON,OUI,NON,1
22,130.0,136.0,4,11.5,2,12.5,7.6,2.6,0.32,HOMME,NON,OUI,NON,OUI,NON,1
34,120.0,120.0,7,11.714285714285714,6,11.5,10.8,1.4,1.74,HOMME,NON,OUI,OUI,OUI,NON,1
26,125.0,160.0,5,12.6,5,13.714285714285714,13.9,-0.3,0.79,HOMME,NON,OUI,NON,NON,NON,0
24,134.1,125.0,13,11.642857142857142,12,11.25,11.1,0.6,2.02,HOMME,NON,OUI,NON,OUI,NON,1
17,149.5,146.0,6,14.875,6,13.428571428571429,11.1,0.6,2.02,HOMME,OUI,OUI,NON,OUI,NON,0
21,113.2,117.0,2,10.0,3,10.333333333333334,9.4,-0.8,-3.12,HOMME,NON,OUI,NON,NON,NON,0
34,146.0,150.0,5,14.2,5,14.6,12.7,3.7,-1.7,HOMME,NON,OUI,NON,NON,NON,0
19,140.0,140.0,6,12.714285714285714,6,13.5,12.4,0.5,1.79,HOMME,NON,OUI,NON,OUI,NON,0
49,162.4,111.0,5,11.6,5,11.2,8.9,1.4,3.51,HOMME,NON,NON,OUI,NON,NON,1
23,136.6,120.0,5,11.94,6,12.2,13.9,-0.3,0.79,HOMME,NON,OUI,NON,NON,NON,1
18,111.0,111.0,4,11.6,3,14.2,12.4,0.5,1.79,HOMME,NON,OUI,NON,OUI,NON,1
20,115.7,118.0,5,12.7,7,13.475,13.9,-0.3,0.79,HOMME,NON,OUI,NON,NON,NON,0
19,105.7,106.0,6,13.333333333333334,5,13.8,8.9,1.4,3.51,HOMME,NON,OUI,NON,OUI,NON,0
24,128.2,120.0,8,13.333333333333334,9,13.11111111111111,16.2,0.3,-0.92,HOMME,NON,OUI,NON,OUI,NON,0
18,137.0,151.0,5,13.4,5,15.0,8.9,1.4,3.51,HOMME,NON,OUI,NON,OUI,NON,0
45,120.0,133.1,0,0.0,0,0.0,9.4,-0.8,-3.12,HOMME,NON,NON,OUI,NON,NON,1
30,120.5,120.0,2,11.0,0,0.0,7.6,2.6,0.32,HOMME,NON,OUI,NON,OUI,NON,1
28,118.1,120.0,13,12.0,9,11.333333333333334,8.9,1.4,3.51,HOMME,NON,OUI,NON,NON,NON,1
40,139.0,110.0,0,0.0,0,0.0,12.7,3.7,-1.7,HOMME,NON,OUI,NON,NON,NON,1
32,116.3,133.1,0,0.0,0,0.0,10.8,1.4,1.74,HOMME,NON,NON,NON,NON,NON,1
19,120.5,118.0,4,12.5,4,10.25,7.6,2.6,0.32,HOMME,NON,OUI,NON,OUI,NON,1
20,134.9,139.0,6,13.666666666666666,6,12.166666666666666,16.2,0.3,-0.92,HOMME,NON,OUI,NON,OUI,NON,0
18,123.0,130.0,1,10.0,0,0.0,9.4,-0.8,-3.12,HOMME,NON,OUI,NON,NON,NON,1
20,122.9,132.0,6,11.5,2,13.0,10.8,1.4,1.74,HOMME,NON,NON,NON,NON,NON,1
39,140.0,100.0,4,12.25,4,12.75,15.5,2.8,-4.06,HOMME,NON,OUI,NON,NON,NON,0
19,122.5,120.0,5,13.6,5,13.666666666666666,11.1,0.6,2.02,HOMME,NON,NON,NON,NON,NON,0
38,121.5,133.1,2,10.5,3,11.333333333333334,7.6,2.6,0.32,HOMME,NON,OUI,NON,NON,NON,0
18,132.3,156.0,6,13.266666666666666,6,13.266666666666666,7.6,2.6,0.32,HOMME,OUI,OUI,NON,OUI,NON,0
18,131.5,143.0,7,12.5125,8,14.1875,13.9,-0.3,0.79,HOMME,OUI,OUI,NON,OUI,NON,0
28,128.2,133.1,0,0.0,0,0.0,7.6,2.6,0.32,HOMME,NON,OUI,NON,NON,NON,1
31,148.0,140.0,0,0.0,0,0.0,12.7,3.7,-1.7,HOMME,NON,NON,NON,OUI,NON,1
23,121.5,127.0,6,13.483333333333334,6,13.483333333333334,7.6,2.6,0.32,HOMME,NON,OUI,NON,NON,NON,0
21,135.4,135.0,6,12.565,5,12.16,11.1,0.6,2.02,HOMME,NON,OUI,NON,OUI,NON,0
33,139.0,133.1,0,0.0,0,0.0,16.2,0.3,-0.92,HOMME,NON,NON,OUI,NON,NON,1
22,113.4,120.0,3,13.0,3,11.666666666666666,12.7,3.7,-1.7,HOMME,NON,OUI,NON,NON,NON,1
20,150.0,150.0,5,16.5,5,17.714285714285715,12.4,0.5,1.79,HOMME,NON,OUI,OUI,OUI,NON,1
19,122.0,123.0,6,13.166666666666666,5,13.2,8.9,1.4,3.51,HOMME,NON,OUI,OUI,NON,NON,0
20,150.0,150.0,6,13.8,6,13.142857142857142,16.2,0.3,-0.92,HOMME,NON,OUI,NON,OUI,NON,0
25,119.3,133.1,6,11.166666666666666,4,11.8,9.4,-0.8,-3.12,HOMME,NON,OUI,NON,OUI,NON,0
25,140.0,130.0,0,0.0,0,0.0,13.9,-0.3,0.79,HOMME,NON,NON,NON,NON,NON,1
19,125.0,140.0,6,12.666666666666666,6,12.142857142857142,9.4,-0.8,-3.12,HOMME,NON,OUI,NON,OUI,NON,0
20,140.7,141.0,5,12.6,4,14.5,7.6,2.6,0.32,HOMME,NON,OUI,NON,OUI,NON,0
33,100.0,133.1,5,13.06,0,0.0,16.2,0.3,-0.92,HOMME,NON,OUI,NON,NON,NON,0
19,146.7,146.0,6,13.833333333333334,6,13.625,7.6,2.6,0.32,HOMME,NON,OUI,NON,OUI,NON,0
31,96.0,133.1,0,0.0,0,0.0,7.6,2.6,0.32,HOMME,NON,OUI,NON,NON,NON,1
24,160.0,160.0,2,16.0,2,16.0,8.9,1.4,3.51,HOMME,NON,NON,OUI,NON,NON,1
23,130.0,130.0,0,0.0,0,0.0,15.5,2.8,-4.06,HOMME,NON,NON,OUI,NON,NON,1
26,130.0,160.0,3,10.666666666666666,3,10.666666666666666,9.4,-0.8,-3.12,HOMME,OUI,NON,NON,NON,NON,1
38,140.0,140.0,18,14.5,18,14.5,16.2,0.3,-0.92,HOMME,NON,OUI,NON,OUI,NON,0
20,116.6,126.0,5,14.0,5,13.8,8.9,1.4,3.51,HOMME,OUI,OUI,NON,OUI,NON,0
20,120.5,118.0,3,13.333333333333334,5,13.571428571428571,12.4,0.5,1.79,HOMME,NON,OUI,NON,OUI,NON,0
25,103.0,133.1,0,0.0,0,0.0,10.8,1.4,1.74,HOMME,NON,OUI,NON,NON,NON,1
19,111.9,121.0,5,12.0,4,11.2,8.9,1.4,3.51,HOMME,NON,OUI,NON,OUI,NON,0
18,148.7,148.0,5,16.2,5,16.0,8.9,1.4,3.51,HOMME,NON,OUI,NON,NON,NON,0
28,120.0,133.1,7,10.285714285714286,5,10.6,10.8,1.4,1.74,HOMME,NON,OUI,NON,NON,NON,1
18,125.7,140.0,0,0.0,0,0.0,9.4,-0.8,-3.12,HOMME,NON,OUI,NON,OUI,NON,0
20,120.1,132.0,6,13.571428571428571,6,13.166666666666666,8.9,1.4,3.51,HOMME,OUI,OUI,NON,OUI,NON,0
18,127.8,140.0,6,14.285714285714286,6,14.857142857142858,11.1,0.6,2.02,HOMME,NON,OUI,NON,NON,NON,0
19,106.4,112.0,5,10.2,4,10.5,12.4,0.5,1.79,HOMME,NON,OUI,NON,OUI,NON,0
24,100.0,100.0,2,10.25,2,10.25,12.7,3.7,-1.7,HOMME,NON,OUI,OUI,NON,NON,1
21,123.9,126.0,0,0.0,0,0.0,10.8,1.4,1.74,HOMME,NON,OUI,NON,OUI,NON,1
20,139.5,150.0,6,14.833333333333334,6,14.833333333333334,12.7,3.7,-1.7,HOMME,OUI,OUI,NON,NON,NON,0
21,150.0,150.0,5,13.625,5,12.6,13.9,-0.3,0.79,HOMME,NON,OUI,NON,OUI,NON,0
24,139.8,144.0,7,12.271428571428572,7,13.657142857142857,10.8,1.4,1.74,HOMME,NON,OUI,OUI,NON,NON,0
27,154.4,133.1,0,0.0,0,0.0,10.8,1.4,1.74,HOMME,NON,OUI,NON,NON,NON,1
19,115.5,120.0,4,12.5,5,10.5,8.9,1.4,3.51,HOMME,NON,NON,OUI,OUI,NON,0
39,119.0,133.1,9,13.22222222222222,7,13.142857142857142,8.9,1.4,3.51,HOMME,NON,OUI,NON,NON,NON,0
25,96.1,133.1,2,15.0,2,11.5,12.4,0.5,1.79,HOMME,NON,OUI,NON,NON,NON,1
18,130.0,130.0,0,0.0,0,0.0,9.4,-0.8,-3.12,HOMME,NON,NON,NON,NON,NON,1
19,128.8,133.0,12,13.166666666666666,12,13.0,10.8,1.4,1.74,HOMME,NON,OUI,NON,NON,NON,0
21,126.8,124.0,5,13.833333333333334,4,14.0,13.9,-0.3,0.79,HOMME,OUI,OUI,NON,NON,NON,0
27,130.0,130.0,0,0.0,0,0.0,8.9,1.4,3.51,HOMME,NON,OUI,NON,NON,NON,1
19,116.7,124.0,0,0.0,0,0.0,7.6,2.6,0.32,HOMME,NON,OUI,NON,OUI,NON,0
18,125.5,132.0,7,13.154285714285717,7,13.154285714285717,10.8,1.4,1.74,HOMME,NON,OUI,NON,OUI,NON,0
27,110.0,110.0,9,12.333333333333334,6,13.166666666666666,9.4,-0.8,-3.12,HOMME,NON,OUI,NON,OUI,NON,1
18,133.7,127.0,6,13.0,5,11.8,12.7,3.7,-1.7,HOMME,NON,OUI,OUI,OUI,NON,1
19,117.6,130.0,2,11.5,5,11.4,9.4,-0.8,-3.12,HOMME,NON,OUI,NON,NON,NON,0
19,140.0,140.0,3,13.25,1,12.0,13.9,-0.3,0.79,HOMME,NON,OUI,NON,NON,NON,1
22,150.0,150.0,3,13.333333333333334,3,12.75,15.5,2.8,-4.06,HOMME,NON,OUI,NON,NON,NON,0
18,133.7,133.0,6,13.5,6,12.166666666666666,10.8,1.4,1.74,FEMME,NON,OUI,NON,OUI,NON,0
18,137.0,109.0,6,12.666666666666666,5,12.8,10.8,1.4,1.74,FEMME,OUI,OUI,NON,OUI,NON,0
23,128.2,133.1,11,15.090909090909092,6,14.5,9.4,-0.8,-3.12,FEMME,NON,OUI,NON,NON,NON,1
20,129.2,133.0,0,0.0,0,0.0,9.4,-0.8,-3.12,HOMME,NON,NON,OUI,OUI,NON,1
18,129.5,134.0,6,13.166666666666666,6,12.666666666666666,16.2,0.3,-0.92,HOMME,NON,OUI,NON,OUI,NON,0
18,129.6,125.0,6,12.833333333333334,6,12.833333333333334,12.4,0.5,1.79,HOMME,NON,OUI,NON,OUI,NON,0
18,121.7,135.0,5,11.8,3,12.0,8.9,1.4,3.51,HOMME,NON,OUI,NON,OUI,NON,0
20,141.8,132.0,6,11.833333333333334,6,12.166666666666666,12.7,3.7,-1.7,HOMME,NON,OUI,NON,OUI,NON,0
20,129.8,135.0,5,12.8,3,12.75,15.5,2.8,-4.06,HOMME,NON,OUI,NON,OUI,NON,0
21,106.0,100.0,5,11.8,5,11.0,12.4,0.5,1.79,HOMME,NON,OUI,NON,NON,NON,1
22,121.6,144.0,0,0.0,0,0.0,13.9,-0.3,0.79,HOMME,NON,OUI,NON,NON,NON,0
20,121.5,125.0,5,15.8,5,14.571428571428571,11.1,0.6,2.02,HOMME,NON,OUI,NON,OUI,NON,1
19,117.0,133.1,0,0.0,0,0.0,15.5,2.8,-4.06,HOMME,NON,OUI,OUI,NON,NON,0
19,130.0,130.0,2,12.5,3,11.6,12.4,0.5,1.79,HOMME,NON,OUI,NON,OUI,NON,0
20,117.7,117.0,6,14.666666666666666,6,13.857142857142858,8.9,1.4,3.51,HOMME,NON,OUI,NON,OUI,NON,0
19,140.0,140.0,4,12.5,2,12.0,12.4,0.5,1.79,HOMME,NON,OUI,NON,OUI,NON,1
19,133.1,132.0,3,12.0,2,10.5,11.1,0.6,2.02,HOMME,NON,OUI,NON,OUI,NON,1
24,100.0,133.1,7,13.142857142857142,6,11.833333333333334,8.9,1.4,3.51,HOMME,NON,OUI,OUI,NON,OUI,0
18,119.1,132.0,3,12.666666666666666,4,11.142857142857142,10.8,1.4,1.74,HOMME,NON,OUI,OUI,NON,NON,1
18,129.8,148.0,5,15.0,5,14.2,8.9,1.4,3.51,HOMME,OUI,NON,NON,NON,NON,0
18,131.3,133.0,5,13.6,5,11.8,8.9,1.4,3.51,FEMME,NON,OUI,OUI,OUI,NON,1
18,136.7,143.0,6,12.5,6,13.833333333333334,8.9,1.4,3.51,FEMME,NON,OUI,NON,OUI,NON,0
21,126.2,143.0,6,13.333333333333334,6,13.5,12.4,0.5,1.79,FEMME,OUI,OUI,NON,OUI,NON,0
18,109.6,133.1,4,12.25,5,11.0,11.1,0.6,2.02,FEMME,NON,OUI,NON,NON,OUI,1
18,131.9,141.0,7,15.101428571428572,8,16.09375,11.1,0.6,2.02,FEMME,OUI,OUI,NON,OUI,NON,0
18,140.7,140.0,6,13.166666666666666,6,16.0,10.8,1.4,1.74,FEMME,OUI,OUI,NON,OUI,NON,0
23,120.7,134.0,4,11.0,0,0.0,13.9,-0.3,0.79,FEMME,NON,OUI,NON,OUI,NON,1
21,113.8,118.0,3,11.666666666666666,4,11.75,8.9,1.4,3.51,FEMME,NON,OUI,NON,OUI,NON,0
20,121.0,135.0,1,10.0,1,13.0,9.4,-0.8,-3.12,FEMME,NON,OUI,NON,NON,NON,0
26,112.4,119.0,7,11.571428571428571,2,11.0,7.6,2.6,0.32,FEMME,NON,OUI,NON,OUI,NON,1
18,131.0,145.0,6,12.166666666666666,5,11.2,7.6,2.6,0.32,FEMME,OUI,OUI,NON,OUI,NON,0
18,142.7,143.0,0,0.0,0,0.0,16.2,0.3,-0.92,FEMME,NON,OUI,NON,OUI,NON,1
19,125.5,123.0,6,13.833333333333334,6,14.285714285714286,8.9,1.4,3.51,FEMME,OUI,NON,NON,NON,NON,0
20,107.8,108.0,6,12.357142857142858,7,13.0,13.9,-0.3,0.79,FEMME,OUI,OUI,NON,OUI,NON,0
19,110.4,117.0,6,12.166666666666666,2,10.333333333333334,16.2,0.3,-0.92,FEMME,NON,NON,OUI,OUI,NON,1
21,136.1,140.0,3,12.0,2,12.5,12.4,0.5,1.79,FEMME,NON,OUI,OUI,OUI,NON,0
33,138.3,170.0,9,12.416666666666666,7,13.0,10.8,1.4,1.74,FEMME,NON,OUI,NON,NON,NON,0
18,142.3,157.0,4,12.75,4,12.75,7.6,2.6,0.32,FEMME,NON,OUI,NON,NON,NON,0
21,145.0,141.0,18,14.933333333333334,18,14.933333333333334,7.6,2.6,0.32,FEMME,NON,OUI,NON,NON,NON,0
19,125.7,125.0,6,13.0,6,11.666666666666666,8.9,1.4,3.51,FEMME,NON,OUI,NON,OUI,NON,0
33,108.0,133.1,7,12.857142857142858,6,12.666666666666666,8.9,1.4,3.51,FEMME,NON,NON,OUI,NON,NON,0
18,128.7,143.0,7,14.455000000000002,8,13.91,15.5,2.8,-4.06,FEMME,NON,OUI,NON,OUI,NON,0
18,128.0,142.0,6,14.0,6,13.285714285714286,11.1,0.6,2.02,FEMME,OUI,OUI,NON,NON,NON,0
20,146.5,150.0,6,13.5,6,12.666666666666666,11.1,0.6,2.02,FEMME,OUI,OUI,NON,OUI,NON,0
20,106.1,112.0,0,0.0,0,0.0,11.1,0.6,2.02,FEMME,NON,NON,NON,OUI,NON,1
20,118.0,133.1,6,11.666666666666666,5,14.0,10.8,1.4,1.74,FEMME,OUI,OUI,NON,NON,NON,0
19,117.0,125.0,4,12.0,5,13.333333333333334,10.8,1.4,1.74,FEMME,OUI,OUI,NON,OUI,NON,0
19,115.4,121.0,6,11.714285714285714,6,11.833333333333334,13.9,-0.3,0.79,FEMME,OUI,OUI,NON,OUI,NON,0
21,117.0,133.1,6,12.666666666666666,6,12.428571428571429,11.1,0.6,2.02,FEMME,NON,OUI,NON,OUI,NON,0
26,144.9,133.1,3,11.75,4,12.8,12.4,0.5,1.79,FEMME,NON,OUI,NON,OUI,NON,0
21,127.0,135.0,0,0.0,0,0.0,16.2,0.3,-0.92,FEMME,NON,OUI,NON,NON,NON,1
18,118.0,132.0,7,12.328571428571427,7,12.328571428571427,12.7,3.7,-1.7,FEMME,NON,OUI,NON,OUI,NON,0
27,118.0,133.1,6,11.666666666666666,1,10.0,12.4,0.5,1.79,FEMME,NON,OUI,NON,NON,NON,1
20,126.4,135.0,12,13.25,11,12.727272727272728,15.5,2.8,-4.06,FEMME,OUI,OUI,NON,OUI,NON,0
21,110.0,110.0,5,11.833333333333334,4,13.25,16.2,0.3,-0.92,FEMME,NON,OUI,NON,NON,NON,0
18,124.4,133.0,7,13.3,8,15.125,15.5,2.8,-4.06,FEMME,OUI,OUI,NON,OUI,NON,0
20,140.0,140.0,6,12.555555555555555,5,11.8,16.2,0.3,-0.92,FEMME,NON,OUI,NON,OUI,NON,0
18,129.4,135.0,6,12.833333333333334,6,12.166666666666666,11.1,0.6,2.02,FEMME,NON,OUI,NON,OUI,NON,0
20,141.7,140.0,6,12.833333333333334,6,12.833333333333334,13.9,-0.3,0.79,FEMME,OUI,OUI,NON,NON,NON,0
19,132.1,144.0,3,12.666666666666666,3,13.0,12.7,3.7,-1.7,FEMME,OUI,OUI,NON,OUI,NON,0
20,116.8,122.0,6,13.271428571428572,7,14.471428571428572,13.9,-0.3,0.79,FEMME,NON,OUI,NON,OUI,NON,0
20,135.0,143.0,5,12.4,5,12.833333333333334,10.8,1.4,1.74,FEMME,OUI,OUI,NON,NON,NON,0
20,150.0,150.0,2,14.5,4,11.25,12.7,3.7,-1.7,FEMME,NON,OUI,NON,NON,NON,0
19,116.0,124.0,0,0.0,0,0.0,13.9,-0.3,0.79,FEMME,NON,OUI,OUI,OUI,NON,1
18,155.0,156.0,6,14.285714285714286,6,13.25,8.9,1.4,3.51,FEMME,NON,OUI,NON,NON,NON,0
18,127.0,142.0,3,12.333333333333334,5,12.6,10.8,1.4,1.74,FEMME,NON,OUI,NON,OUI,NON,0
19,130.8,142.0,6,12.583333333333334,7,12.671428571428573,13.9,-0.3,0.79,FEMME,OUI,OUI,NON,OUI,NON,0
19,121.8,126.0,6,13.731666666666667,7,13.771428571428572,12.4,0.5,1.79,FEMME,NON,OUI,NON,OUI,NON,1
43,140.0,133.1,6,12.875,5,12.142857142857142,16.2,0.3,-0.92,HOMME,NON,OUI,NON,NON,NON,0
47,148.5,170.0,8,14.625,5,13.4,9.4,-0.8,-3.12,HOMME,NON,OUI,NON,NON,NON,1
23,109.8,130.0,0,0.0,0,0.0,7.6,2.6,0.32,HOMME,NON,NON,NON,OUI,NON,1
19,119.7,133.0,6,12.666666666666666,6,12.666666666666666,8.9,1.4,3.51,FEMME,OUI,OUI,OUI,OUI,OUI,0
20,122.0,122.0,6,12.491666666666667,6,12.491666666666667,12.7,3.7,-1.7,FEMME,NON,OUI,NON,OUI,NON,0
19,147.5,138.0,12,13.666666666666666,11,14.166666666666666,8.9,1.4,3.51,FEMME,OUI,OUI,NON,OUI,NON,0
19,150.8,163.0,6,16.0,6,14.5,15.5,2.8,-4.06,FEMME,NON,OUI,NON,OUI,OUI,0
19,150.0,150.0,6,14.142857142857142,6,13.0,13.9,-0.3,0.79,FEMME,NON,OUI,NON,OUI,NON,0
39,131.5,133.1,6,11.833333333333334,4,13.75,11.1,0.6,2.02,FEMME,OUI,OUI,OUI,NON,NON,0
20,127.2,144.0,6,12.666666666666666,6,13.0,10.8,1.4,1.74,FEMME,OUI,OUI,NON,OUI,NON,0
21,111.0,118.0,6,12.5,6,12.666666666666666,7.6,2.6,0.32,FEMME,NON,OUI,NON,OUI,NON,0
22,119.9,101.0,9,10.88888888888889,4,11.25,9.4,-0.8,-3.12,FEMME,NON,NON,OUI,OUI,OUI,0
19,133.7,133.0,1,13.0,0,0.0,7.6,2.6,0.32,FEMME,NON,OUI,NON,OUI,NON,1
22,140.0,133.1,6,15.166666666666666,6,16.0,13.9,-0.3,0.79,FEMME,NON,OUI,NON,OUI,NON,0
19,113.9,124.0,6,12.666666666666666,6,12.0,12.7,3.7,-1.7,FEMME,OUI,OUI,NON,OUI,NON,0
18,120.7,127.0,0,0.0,0,0.0,7.6,2.6,0.32,HOMME,NON,OUI,OUI,OUI,NON,1
26,119.8,133.1,5,12.0,5,10.2,11.1,0.6,2.02,HOMME,NON,OUI,NON,NON,NON,0
36,121.8,110.0,0,0.0,0,0.0,12.7,3.7,-1.7,HOMME,NON,NON,NON,NON,NON,1
20,117.7,110.0,0,0.0,0,0.0,12.4,0.5,1.79,HOMME,OUI,OUI,OUI,OUI,NON,0
30,110.0,160.0,2,11.0,4,11.5,15.5,2.8,-4.06,HOMME,NON,OUI,NON,NON,NON,1
24,134.4,120.0,6,15.714285714285714,6,15.9,15.5,2.8,-4.06,HOMME,NON,OUI,NON,NON,NON,1
26,125.3,133.1,11,10.818181818181818,11,11.636363636363637,7.6,2.6,0.32,HOMME,NON,OUI,NON,NON,NON,1
19,119.1,132.0,1,12.0,0,0.0,13.9,-0.3,0.79,HOMME,NON,NON,NON,NON,NON,1
34,146.0,130.0,5,12.6,4,11.25,12.4,0.5,1.79,HOMME,NON,OUI,NON,NON,NON,0
33,130.0,130.0,1,13.0,3,14.0,9.4,-0.8,-3.12,HOMME,NON,OUI,NON,OUI,NON,0
19,122.0,129.0,5,11.6,4,10.75,9.4,-0.8,-3.12,HOMME,NON,OUI,NON,OUI,NON,0
26,118.1,130.0,1,10.0,1,11.0,8.9,1.4,3.51,HOMME,NON,NON,OUI,OUI,NON,1
29,105.2,140.0,1,14.0,0,0.0,16.2,0.3,-0.92,HOMME,NON,OUI,NON,NON,NON,1
19,123.3,131.0,5,12.6,2,12.5,8.9,1.4,3.51,HOMME,OUI,OUI,NON,OUI,NON,1
18,124.8,129.0,0,0.0,0,0.0,12.7,3.7,-1.7,HOMME,NON,OUI,NON,OUI,NON,1
29,149.4,133.1,2,11.333333333333334,1,12.0,11.1,0.6,2.02,HOMME,NON,NON,NON,NON,NON,1
21,108.5,112.0,6,12.666666666666666,5,11.4,9.4,-0.8,-3.12,HOMME,NON,OUI,NON,NON,NON,0
19,125.0,119.0,5,10.8,2,10.5,10.8,1.4,1.74,HOMME,NON,OUI,NON,NON,NON,0
20,101.0,133.1,5,12.87857142857143,7,11.85625,15.5,2.8,-4.06,HOMME,NON,OUI,NON,NON,NON,0
18,112.9,123.0,0,0.0,0,0.0,7.6,2.6,0.32,HOMME,NON,OUI,NON,NON,NON,1
18,120.2,131.0,6,12.833333333333334,5,11.4,15.5,2.8,-4.06,HOMME,NON,OUI,NON,OUI,NON,0
21,111.6,120.0,5,12.6,3,12.833333333333334,10.8,1.4,1.74,HOMME,OUI,OUI,OUI,NON,NON,0
20,134.1,125.0,0,0.0,0,0.0,8.9,1.4,3.51,HOMME,NON,OUI,NON,OUI,NON,1
30,101.6,133.1,0,0.0,0,0.0,12.7,3.7,-1.7,HOMME,OUI,OUI,NON,NON,NON,1
19,111.9,121.0,6,14.166666666666666,6,14.0,13.9,-0.3,0.79,HOMME,NON,OUI,NON,OUI,NON,0
30,118.4,148.0,5,13.4,4,13.25,8.9,1.4,3.51,HOMME,NON,OUI,NON,OUI,NON,1
22,127.1,139.0,5,11.2,4,11.25,12.7,3.7,-1.7,HOMME,OUI,OUI,NON,OUI,NON,0
22,120.5,125.0,0,0.0,0,0.0,12.4,0.5,1.79,HOMME,NON,OUI,NON,OUI,NON,0
19,136.1,128.0,6,12.666666666666666,5,11.8,11.1,0.6,2.02,HOMME,NON,NON,OUI,OUI,NON,1
21,124.0,132.0,3,12.333333333333334,4,11.25,7.6,2.6,0.32,HOMME,NON,OUI,NON,OUI,NON,1
21,141.6,137.0,4,12.25,5,12.0,7.6,2.6,0.32,HOMME,NON,OUI,NON,NON,NON,0
21,160.0,160.0,0,0.0,0,0.0,15.5,2.8,-4.06,HOMME,OUI,OUI,OUI,OUI,NON,1
27,110.0,120.0,3,10.75,3,10.333333333333334,15.5,2.8,-4.06,HOMME,NON,OUI,NON,NON,NON,1
32,100.0,134.0,0,0.0,0,0.0,13.9,-0.3,0.79,HOMME,NON,OUI,NON,OUI,NON,1
40,120.0,133.1,0,0.0,0,0.0,15.5,2.8,-4.06,HOMME,NON,NON,OUI,NON,NON,1
20,124.8,116.0,2,14.333333333333334,2,12.5,7.6,2.6,0.32,HOMME,NON,OUI,NON,OUI,NON,0
20,140.0,140.0,2,11.5,2,11.5,12.7,3.7,-1.7,HOMME,NON,OUI,NON,OUI,NON,1
18,124.3,140.0,0,0.0,0,0.0,7.6,2.6,0.32,HOMME,NON,OUI,NON,OUI,NON,0
21,118.9,122.0,2,10.5,0,0.0,12.7,3.7,-1.7,HOMME,NON,OUI,NON,NON,NON,1
18,130.2,141.0,6,13.5,0,0.0,12.7,3.7,-1.7,HOMME,NON,OUI,NON,NON,NON,1
19,120.0,120.0,1,11.0,0,0.0,16.2,0.3,-0.92,HOMME,NON,OUI,NON,NON,NON,0
30,140.0,140.0,1,10.0,0,0.0,15.5,2.8,-4.06,HOMME,NON,NON,NON,NON,NON,1
29,130.0,133.1,0,0.0,0,0.0,15.5,2.8,-4.06,HOMME,NON,OUI,NON,NON,NON,1
18,130.4,137.0,1,12.0,3,10.666666666666666,7.6,2.6,0.32,HOMME,NON,OUI,OUI,OUI,NON,1
18,116.1,122.0,4,12.25,5,12.2,9.4,-0.8,-3.12,HOMME,OUI,OUI,NON,OUI,NON,1
22,130.0,130.0,5,11.4,6,11.666666666666666,15.5,2.8,-4.06,HOMME,NON,OUI,NON,NON,NON,1
27,124.3,140.0,0,0.0,0,0.0,12.7,3.7,-1.7,HOMME,NON,NON,NON,OUI,NON,1
20,125.0,125.0,4,14.25,5,14.0,10.8,1.4,1.74,HOMME,NON,OUI,NON,OUI,NON,0
42,110.0,110.0,11,14.454545454545457,10,14.2,11.1,0.6,2.02,HOMME,NON,OUI,NON,NON,NON,0
21,115.0,133.1,12,14.538461538461538,12,14.461538461538462,15.5,2.8,-4.06,HOMME,NON,OUI,OUI,NON,NON,0
23,129.6,132.0,6,12.733333333333334,7,11.95,16.2,0.3,-0.92,HOMME,NON,OUI,NON,NON,NON,0
21,128.8,122.0,5,13.2,4,13.5,8.9,1.4,3.51,HOMME,NON,OUI,NON,OUI,NON,1
19,144.2,155.0,0,0.0,0,0.0,12.7,3.7,-1.7,HOMME,NON,OUI,NON,OUI,NON,0
40,134.0,120.0,6,12.333333333333334,4,12.75,8.9,1.4,3.51,HOMME,OUI,OUI,NON,NON,NON,1
22,112.0,129.0,5,11.2,7,11.25,12.7,3.7,-1.7,HOMME,NON,OUI,NON,NON,NON,1
19,128.8,144.0,6,13.2,6,13.2,7.6,2.6,0.32,HOMME,NON,OUI,NON,OUI,NON,0
24,134.0,130.0,5,11.833333333333334,4,14.0,12.7,3.7,-1.7,HOMME,OUI,OUI,NON,NON,NON,0
21,125.0,133.1,5,11.333333333333334,2,11.5,12.7,3.7,-1.7,HOMME,NON,OUI,NON,NON,NON,0
18,123.2,133.0,5,13.6,5,14.6,8.9,1.4,3.51,HOMME,NON,OUI,NON,OUI,NON,0
18,118.4,131.0,0,0.0,2,11.5,7.6,2.6,0.32,HOMME,NON,OUI,NON,NON,NON,1
24,116.2,133.1,5,12.857142857142858,5,13.666666666666666,11.1,0.6,2.02,HOMME,NON,OUI,NON,NON,NON,1
28,123.0,133.1,3,14.333333333333334,5,12.428571428571429,9.4,-0.8,-3.12,HOMME,OUI,OUI,NON,NON,NON,0
19,113.5,118.0,5,13.5,6,14.0,12.4,0.5,1.79,FEMME,OUI,OUI,NON,OUI,NON,0
28,125.0,120.0,6,14.428571428571429,4,15.6,11.1,0.6,2.02,FEMME,NON,OUI,NON,NON,NON,0
18,134.8,133.1,0,0.0,0,0.0,7.6,2.6,0.32,FEMME,NON,OUI,NON,OUI,NON,1
19,149.9,145.0,0,0.0,0,0.0,16.2,0.3,-0.92,FEMME,NON,NON,NON,OUI,NON,0
19,119.8,125.0,8,12.82875,8,12.82875,9.4,-0.8,-3.12,FEMME,OUI,OUI,NON,OUI,NON,0
21,125.0,125.0,0,0.0,4,13.75,10.8,1.4,1.74,FEMME,NON,OUI,NON,OUI,NON,0
18,135.1,148.0,0,0.0,0,0.0,13.9,-0.3,0.79,FEMME,NON,OUI,OUI,OUI,NON,1
19,138.3,139.0,6,14.666666666666666,6,13.166666666666666,9.4,-0.8,-3.12,FEMME,NON,OUI,NON,OUI,NON,0
19,122.5,130.0,7,13.937142857142858,7,13.937142857142858,10.8,1.4,1.74,FEMME,NON,OUI,NON,OUI,NON,0
20,148.0,148.0,10,14.7,12,14.583333333333334,15.5,2.8,-4.06,FEMME,NON,OUI,NON,OUI,NON,0
18,126.2,130.0,6,11.666666666666666,5,12.2,12.7,3.7,-1.7,FEMME,NON,OUI,NON,OUI,NON,0
20,129.8,134.0,6,14.85,6,14.85,7.6,2.6,0.32,FEMME,NON,OUI,NON,OUI,NON,0
26,104.0,133.1,1,12.0,0,0.0,10.8,1.4,1.74,FEMME,NON,OUI,NON,NON,NON,1
18,126.7,137.0,7,13.6875,8,15.622222222222222,13.9,-0.3,0.79,FEMME,NON,OUI,NON,OUI,NON,1
58,120.0,130.0,5,12.4,5,11.6,9.4,-0.8,-3.12,FEMME,NON,OUI,NON,NON,NON,0
18,124.6,137.0,7,13.398,8,13.5425,15.5,2.8,-4.06,FEMME,NON,OUI,NON,NON,NON,0
20,130.0,130.0,5,11.8,4,12.0,12.4,0.5,1.79,FEMME,NON,OUI,NON,OUI,NON,0
20,127.3,140.0,0,0.0,0,0.0,11.1,0.6,2.02,FEMME,NON,OUI,NON,NON,NON,1
29,122.0,150.0,13,11.76923076923077,14,11.928571428571429,9.4,-0.8,-3.12,FEMME,NON,OUI,NON,OUI,NON,0
27,125.1,130.0,0,0.0,0,0.0,16.2,0.3,-0.92,FEMME,NON,NON,OUI,NON,NON,1
21,110.0,133.1,6,13.285714285714286,6,13.0,11.1,0.6,2.02,FEMME,OUI,OUI,NON,OUI,NON,0
20,129.8,134.0,6,11.666666666666666,6,11.166666666666666,15.5,2.8,-4.06,FEMME,OUI,OUI,NON,NON,NON,0
19,114.9,125.0,6,11.5,5,12.2,11.1,0.6,2.02,FEMME,OUI,OUI,NON,NON,NON,0
22,125.6,141.0,6,13.081666666666669,6,13.15,11.1,0.6,2.02,FEMME,OUI,OUI,NON,OUI,NON,0
19,125.1,138.0,6,12.666666666666666,6,13.0,15.5,2.8,-4.06,FEMME,OUI,OUI,NON,OUI,NON,0
19,115.7,116.0,3,11.333333333333334,0,0.0,12.4,0.5,1.79,FEMME,NON,NON,OUI,OUI,NON,1
23,112.6,122.0,5,13.6,5,11.6,7.6,2.6,0.32,FEMME,NON,OUI,NON,OUI,NON,0
18,127.2,131.0,6,13.166666666666666,5,13.2,12.4,0.5,1.79,FEMME,OUI,OUI,NON,OUI,NON,1
19,140.0,140.0,0,0.0,0,0.0,12.7,3.7,-1.7,FEMME,NON,OUI,NON,NON,NON,1
20,140.0,140.0,5,11.666666666666666,5,12.6,12.4,0.5,1.79,FEMME,NON,OUI,NON,OUI,NON,0
19,120.4,127.0,6,13.5,6,13.428571428571429,11.1,0.6,2.02,FEMME,OUI,OUI,NON,OUI,NON,0
26,100.0,133.1,0,0.0,0,0.0,13.9,-0.3,0.79,FEMME,OUI,NON,OUI,OUI,NON,1
18,113.5,117.0,6,13.166666666666666,6,14.142857142857142,11.1,0.6,2.02,FEMME,OUI,OUI,NON,OUI,NON,0
29,132.1,150.0,4,12.5,2,12.5,12.7,3.7,-1.7,FEMME,NON,OUI,OUI,OUI,NON,1
20,160.0,160.0,6,13.375,6,13.0,16.2,0.3,-0.92,FEMME,NON,NON,NON,OUI,NON,0
19,126.3,128.0,6,13.166666666666666,6,12.666666666666666,15.5,2.8,-4.06,FEMME,NON,OUI,NON,OUI,NON,0
23,160.0,160.0,4,13.4,2,13.5,12.4,0.5,1.79,FEMME,NON,OUI,NON,OUI,NON,0
25,100.0,126.0,3,13.0,3,11.666666666666666,10.8,1.4,1.74,FEMME,NON,OUI,NON,NON,NON,0
18,125.8,135.0,7,13.154285714285717,7,13.154285714285717,10.8,1.4,1.74,FEMME,NON,OUI,NON,OUI,NON,0
19,142.2,139.0,6,12.833333333333334,6,12.833333333333334,9.4,-0.8,-3.12,FEMME,OUI,OUI,NON,OUI,NON,0
18,119.4,125.0,7,12.142857142857142,7,13.142857142857142,12.4,0.5,1.79,FEMME,NON,OUI,NON,OUI,NON,0
19,106.4,106.0,5,13.34,6,12.385714285714286,12.4,0.5,1.79,FEMME,OUI,OUI,NON,OUI,NON,0
36,120.0,120.0,4,13.0,4,13.75,8.9,1.4,3.51,FEMME,NON,OUI,NON,NON,NON,1
20,150.0,150.0,3,12.0,3,11.666666666666666,15.5,2.8,-4.06,HOMME,OUI,OUI,NON,NON,NON,0
20,148.6,130.0,0,0.0,0,0.0,11.1,0.6,2.02,HOMME,NON,OUI,NON,OUI,OUI,1
18,108.7,116.0,5,11.0,0,0.0,11.1,0.6,2.02,HOMME,NON,OUI,NON,OUI,NON,1
19,130.0,130.0,5,11.5,6,11.333333333333334,12.4,0.5,1.79,HOMME,NON,OUI,NON,NON,NON,0
20,124.6,140.0,3,13.333333333333334,2,12.5,8.9,1.4,3.51,HOMME,NON,NON,OUI,OUI,NON,1
18,131.0,134.0,7,14.594444444444443,8,13.472,15.5,2.8,-4.06,HOMME,NON,OUI,NON,OUI,NON,0
20,130.0,130.0,4,11.0,3,10.666666666666666,12.4,0.5,1.79,HOMME,NON,OUI,OUI,OUI,NON,1
24,116.1,122.0,0,0.0,0,0.0,9.4,-0.8,-3.12,HOMME,NON,NON,OUI,OUI,NON,1
19,125.6,128.0,0,0.0,0,0.0,8.9,1.4,3.51,HOMME,NON,OUI,NON,OUI,NON,1
18,121.3,130.0,1,12.0,2,12.0,7.6,2.6,0.32,HOMME,NON,OUI,NON,OUI,NON,1
18,107.4,113.0,5,14.0,5,13.2,8.9,1.4,3.51,HOMME,NON,OUI,NON,OUI,NON,0
18,116.9,126.0,6,13.571428571428571,5,11.8,8.9,1.4,3.51,HOMME,NON,OUI,NON,NON,NON,0
22,123.5,135.0,0,0.0,0,0.0,16.2,0.3,-0.92,HOMME,NON,OUI,NON,OUI,NON,1
19,130.5,141.0,6,14.25,6,13.857142857142858,11.1,0.6,2.02,HOMME,NON,OUI,NON,NON,NON,0
32,140.0,133.1,0,0.0,0,0.0,13.9,-0.3,0.79,FEMME,NON,NON,OUI,OUI,NON,1
21,117.1,133.1,0,0.0,0,0.0,7.6,2.6,0.32,FEMME,OUI,OUI,NON,OUI,NON,1
19,127.5,144.0,7,13.542857142857144,7,13.542857142857144,12.7,3.7,-1.7,FEMME,OUI,OUI,NON,OUI,NON,0
39,126.0,140.0,9,13.11111111111111,7,11.714285714285714,12.7,3.7,-1.7,FEMME,OUI,OUI,NON,NON,NON,0
30,113.0,100.0,9,12.666666666666666,7,12.142857142857142,7.6,2.6,0.32,FEMME,NON,OUI,NON,OUI,NON,0
18,130.1,135.0,4,10.75,2,10.0,9.4,-0.8,-3.12,FEMME,NON,OUI,NON,OUI,NON,1
38,110.0,130.0,4,10.75,2,10.0,7.6,2.6,0.32,FEMME,NON,OUI,NON,OUI,NON,1
20,135.8,147.0,6,13.666666666666666,6,13.333333333333334,9.4,-0.8,-3.12,FEMME,NON,OUI,NON,OUI,NON,0
55,126.3,149.0,6,13.833333333333334,6,12.833333333333334,7.6,2.6,0.32,FEMME,NON,OUI,NON,NON,NON,0
53,130.0,130.0,17,13.176470588235292,16,13.0,7.6,2.6,0.32,FEMME,NON,OUI,NON,NON,NON,1
54,104.0,120.0,4,12.75,5,12.6,7.6,2.6,0.32,FEMME,NON,OUI,NON,NON,NON,1
18,123.6,125.0,5,12.86,5,12.86,7.6,2.6,0.32,FEMME,OUI,OUI,NON,OUI,NON,0
44,121.0,133.1,4,12.0,4,12.0,8.9,1.4,3.51,FEMME,NON,NON,OUI,NON,NON,1
28,130.5,149.0,9,11.666666666666666,9,12.555555555555555,10.8,1.4,1.74,FEMME,NON,OUI,NON,OUI,NON,0
37,180.0,180.0,14,16.5,11,16.90909090909091,8.9,1.4,3.51,FEMME,NON,OUI,NON,NON,NON,0
20,112.5,110.0,9,12.333333333333334,7,11.77777777777778,7.6,2.6,0.32,FEMME,NON,OUI,NON,OUI,NON,0
18,126.1,131.0,7,12.59125,7,12.820000000000002,15.5,2.8,-4.06,FEMME,NON,OUI,NON,OUI,NON,0
19,111.8,117.0,4,11.5,3,11.0,8.9,1.4,3.51,HOMME,NON,OUI,NON,OUI,NON,1
23,131.4,120.0,18,11.894736842105264,13,12.923076923076923,15.5,2.8,-4.06,HOMME,OUI,OUI,NON,OUI,NON,0
22,144.3,160.0,0,0.0,0,0.0,13.9,-0.3,0.79,HOMME,NON,OUI,NON,NON,NON,1
24,115.0,100.0,0,0.0,0,0.0,11.1,0.6,2.02,HOMME,NON,NON,NON,NON,NON,1
22,120.0,140.0,5,13.0,2,11.5,12.4,0.5,1.79,HOMME,NON,OUI,NON,OUI,NON,0
26,168.6,160.0,0,0.0,0,0.0,13.9,-0.3,0.79,HOMME,NON,OUI,NON,NON,NON,1
18,127.7,141.0,6,15.166666666666666,6,14.833333333333334,9.4,-0.8,-3.12,HOMME,NON,OUI,NON,OUI,NON,0
24,150.0,130.0,4,11.75,2,13.5,11.1,0.6,2.02,HOMME,NON,OUI,NON,NON,NON,1
18,129.8,142.0,0,0.0,1,15.0,10.8,1.4,1.74,HOMME,NON,OUI,NON,OUI,NON,0
26,135.6,130.0,0,0.0,0,0.0,11.1,0.6,2.02,HOMME,NON,OUI,NON,OUI,NON,1
27,100.0,133.1,3,11.333333333333334,3,14.75,16.2,0.3,-0.92,HOMME,NON,OUI,NON,NON,NON,1
20,140.0,140.0,5,12.6,5,13.2,12.4,0.5,1.79,HOMME,OUI,OUI,NON,OUI,NON,0
19,124.1,129.0,0,0.0,1,14.0,7.6,2.6,0.32,HOMME,NON,OUI,NON,OUI,NON,1
18,131.6,148.0,6,15.5,4,15.5,11.1,0.6,2.02,HOMME,OUI,OUI,NON,NON,NON,1
18,129.0,143.0,7,12.365714285714288,7,12.365714285714288,10.8,1.4,1.74,HOMME,NON,OUI,NON,OUI,NON,0
19,135.7,128.0,5,13.2,5,13.25,10.8,1.4,1.74,HOMME,NON,OUI,NON,OUI,NON,0
34,108.0,100.0,7,11.428571428571429,7,11.857142857142858,7.6,2.6,0.32,HOMME,NON,OUI,NON,OUI,NON,0
19,110.8,116.0,0,0.0,0,0.0,16.2,0.3,-0.92,HOMME,NON,OUI,NON,OUI,NON,1
19,124.5,128.0,4,14.0,6,12.333333333333334,9.4,-0.8,-3.12,HOMME,OUI,OUI,NON,NON,NON,0
30,100.0,120.0,3,12.0,5,11.8,15.5,2.8,-4.06,HOMME,NON,OUI,NON,NON,NON,1
22,123.8,121.0,0,0.0,3,12.0,10.8,1.4,1.74,HOMME,NON,NON,NON,NON,NON,1
19,131.4,137.0,4,10.0,3,11.333333333333334,15.5,2.8,-4.06,HOMME,NON,NON,NON,NON,NON,1
21,118.5,115.0,1,10.0,1,10.0,7.6,2.6,0.32,HOMME,NON,OUI,NON,NON,NON,1
22,122.0,129.0,0,0.0,0,0.0,7.6,2.6,0.32,HOMME,NON,NON,NON,OUI,NON,1
19,122.9,125.0,6,11.166666666666666,3,11.666666666666666,10.8,1.4,1.74,HOMME,OUI,OUI,NON,NON,NON,0
20,118.7,125.0,4,11.75,3,11.333333333333334,15.5,2.8,-4.06,HOMME,NON,OUI,NON,NON,NON,0
35,100.0,133.1,3,11.75,0,0.0,13.9,-0.3,0.79,HOMME,NON,OUI,NON,OUI,NON,1
20,135.9,131.0,1,10.0,1,11.0,7.6,2.6,0.32,HOMME,NON,OUI,NON,OUI,NON,1
21,138.4,133.1,3,14.0,5,12.8,7.6,2.6,0.32,HOMME,NON,OUI,NON,NON,NON,0
27,128.2,133.1,0,0.0,0,0.0,7.6,2.6,0.32,HOMME,NON,NON,OUI,NON,NON,1
26,107.4,114.0,3,12.0,0,0.0,9.4,-0.8,-3.12,HOMME,NON,NON,NON,OUI,NON,1
20,129.8,127.0,0,0.0,0,0.0,10.8,1.4,1.74,HOMME,NON,NON,NON,NON,NON,1
28,100.0,130.0,8,11.88888888888889,5,11.6,15.5,2.8,-4.06,HOMME,NON,NON,OUI,NON,NON,1
19,113.0,121.0,6,13.833333333333334,6,13.666666666666666,11.1,0.6,2.02,HOMME,NON,OUI,NON,OUI,NON,0
47,107.0,120.0,0,0.0,0,0.0,12.7,3.7,-1.7,HOMME,NON,NON,NON,NON,NON,1
55,130.0,120.0,5,11.4,5,12.4,10.8,1.4,1.74,HOMME,NON,NON,NON,NON,NON,1
39,120.0,120.0,0,0.0,2,11.0,16.2,0.3,-0.92,HOMME,NON,OUI,NON,OUI,NON,1
35,120.5,120.0,14,10.642857142857142,12,10.666666666666666,15.5,2.8,-4.06,HOMME,NON,OUI,OUI,OUI,NON,1
32,120.5,133.1,2,11.0,0,0.0,7.6,2.6,0.32,HOMME,NON,NON,NON,NON,NON,1
20,137.0,124.0,6,16.833333333333332,6,16.666666666666668,8.9,1.4,3.51,HOMME,NON,OUI,NON,OUI,NON,0
36,115.0,150.0,6,13.571428571428571,5,13.2,12.7,3.7,-1.7,HOMME,NON,OUI,NON,NON,NON,0
34,142.7,133.1,5,14.714285714285714,5,14.375,16.2,0.3,-0.92,HOMME,OUI,OUI,OUI,NON,NON,0
21,116.7,116.0,0,0.0,0,0.0,9.4,-0.8,-3.12,HOMME,NON,OUI,NON,OUI,NON,1
42,136.1,133.1,1,10.0,1,11.0,13.9,-0.3,0.79,HOMME,OUI,OUI,NON,NON,NON,1
25,134.3,133.1,1,11.0,4,11.75,12.4,0.5,1.79,HOMME,NON,OUI,NON,NON,NON,1
18,153.0,167.0,1,11.0,0,0.0,8.9,1.4,3.51,HOMME,OUI,OUI,NON,OUI,NON,1
18,132.0,140.0,5,12.0,6,12.833333333333334,12.7,3.7,-1.7,HOMME,OUI,OUI,NON,NON,NON,0
19,129.6,124.0,6,11.125,6,11.857142857142858,7.6,2.6,0.32,HOMME,NON,OUI,NON,OUI,NON,0
34,105.0,110.0,3,11.333333333333334,2,11.5,13.9,-0.3,0.79,HOMME,NON,NON,OUI,NON,NON,1
20,130.8,150.0,2,12.0,0,0.0,10.8,1.4,1.74,HOMME,NON,OUI,NON,NON,NON,1
20,119.7,123.0,0,0.0,0,0.0,13.9,-0.3,0.79,HOMME,NON,OUI,NON,NON,NON,1
21,132.5,152.0,7,14.54,7,14.54,10.8,1.4,1.74,HOMME,NON,OUI,NON,NON,NON,0
19,130.0,130.0,6,12.166666666666666,4,13.0,12.4,0.5,1.79,HOMME,NON,OUI,NON,OUI,NON,0
31,120.0,133.1,4,13.5,3,11.666666666666666,9.4,-0.8,-3.12,HOMME,NON,NON,OUI,NON,NON,1
21,150.0,133.1,6,14.75,5,14.333333333333334,11.1,0.6,2.02,HOMME,NON,OUI,NON,NON,NON,0
20,115.6,124.0,5,12.375,5,11.666666666666666,13.9,-0.3,0.79,HOMME,OUI,OUI,NON,NON,NON,0
22,119.1,119.1,6,12.733333333333334,6,12.733333333333334,7.6,2.6,0.32,HOMME,NON,OUI,NON,NON,NON,0
19,123.5,128.0,4,12.5,0,0.0,9.4,-0.8,-3.12,HOMME,NON,NON,NON,OUI,NON,1
41,120.0,133.1,0,0.0,0,0.0,12.7,3.7,-1.7,HOMME,NON,NON,OUI,OUI,NON,1
27,110.0,133.1,0,0.0,0,0.0,7.6,2.6,0.32,HOMME,NON,OUI,NON,OUI,NON,1
19,131.4,145.0,7,13.44285714285714,7,13.771428571428572,13.9,-0.3,0.79,FEMME,NON,OUI,NON,NON,NON,1
20,126.8,141.0,8,14.2,8,14.2,9.4,-0.8,-3.12,FEMME,OUI,OUI,NON,OUI,OUI,0
19,118.9,118.9,6,13.55,6,13.55,7.6,2.6,0.32,FEMME,OUI,OUI,NON,OUI,NON,0
35,160.0,160.0,5,11.6,5,11.166666666666666,15.5,2.8,-4.06,FEMME,NON,OUI,NON,NON,NON,0
22,115.9,111.0,6,13.571428571428571,6,15.285714285714286,13.9,-0.3,0.79,FEMME,NON,OUI,NON,OUI,NON,0
20,109.3,111.0,6,13.833333333333334,6,15.0,11.1,0.6,2.02,FEMME,OUI,OUI,NON,OUI,NON,0
18,113.9,123.0,4,11.25,4,10.857142857142858,10.8,1.4,1.74,FEMME,NON,NON,OUI,OUI,NON,1
18,121.8,133.0,5,10.2,4,11.25,12.4,0.5,1.79,FEMME,OUI,OUI,NON,OUI,NON,0
30,140.0,140.0,7,15.675714285714283,7,15.675714285714283,10.8,1.4,1.74,FEMME,NON,OUI,NON,NON,NON,0
18,114.7,122.0,6,10.833333333333334,6,12.0,11.1,0.6,2.02,FEMME,OUI,OUI,OUI,NON,NON,0
20,120.0,128.0,6,14.5,5,15.0,12.4,0.5,1.79,FEMME,OUI,OUI,NON,OUI,NON,0
19,107.3,108.0,4,10.4,4,10.75,12.4,0.5,1.79,FEMME,OUI,OUI,NON,NON,NON,0
19,136.2,139.0,5,13.0,5,13.333333333333334,7.6,2.6,0.32,FEMME,NON,OUI,NON,NON,NON,0
21,119.5,130.0,7,12.242857142857144,8,14.125,15.5,2.8,-4.06,FEMME,OUI,OUI,NON,OUI,NON,0
21,106.0,133.1,7,13.0,6,12.5,8.9,1.4,3.51,FEMME,NON,OUI,OUI,OUI,NON,0
18,124.1,130.0,6,14.166666666666666,6,13.428571428571429,8.9,1.4,3.51,FEMME,NON,OUI,NON,OUI,NON,0
18,133.2,143.0,4,14.25,4,12.5,12.7,3.7,-1.7,FEMME,OUI,OUI,NON,OUI,NON,0
35,110.0,110.0,1,12.0,2,10.5,9.4,-0.8,-3.12,FEMME,NON,NON,NON,NON,NON,1
21,114.8,120.0,4,13.25,5,13.82,11.1,0.6,2.02,FEMME,NON,OUI,NON,OUI,OUI,0
18,130.0,140.0,6,13.183333333333332,6,13.183333333333332,7.6,2.6,0.32,HOMME,OUI,OUI,NON,OUI,NON,0
22,122.6,125.0,1,11.0,0,0.0,9.4,-0.8,-3.12,HOMME,NON,OUI,NON,OUI,NON,0
20,133.5,134.0,7,11.9725,8,12.65125,15.5,2.8,-4.06,HOMME,OUI,OUI,NON,OUI,NON,0
34,120.0,130.0,5,12.4,5,12.8,9.4,-0.8,-3.12,FEMME,NON,OUI,NON,OUI,NON,0
33,120.0,120.0,5,12.6,5,11.25,10.8,1.4,1.74,FEMME,NON,OUI,NON,NON,NON,0
22,137.3,142.0,6,13.9,6,13.9,7.6,2.6,0.32,FEMME,OUI,OUI,NON,OUI,NON,0
20,123.5,127.0,4,11.5,3,11.0,7.6,2.6,0.32,FEMME,OUI,OUI,NON,OUI,NON,0
35,131.8,140.0,4,14.2,4,11.857142857142858,10.8,1.4,1.74,FEMME,NON,OUI,NON,NON,NON,0
39,130.0,140.0,3,10.666666666666666,3,10.666666666666666,9.4,-0.8,-3.12,FEMME,NON,NON,NON,OUI,NON,1
19,128.0,142.0,0,0.0,0,0.0,11.1,0.6,2.02,FEMME,NON,NON,NON,OUI,NON,1
36,95.0,120.0,6,11.0,3,11.333333333333334,10.8,1.4,1.74,FEMME,OUI,OUI,NON,NON,NON,0
21,116.0,124.0,7,13.957142857142856,7,13.957142857142856,12.7,3.7,-1.7,FEMME,OUI,OUI,NON,OUI,NON,0
22,136.7,157.0,4,12.5,3,13.666666666666666,9.4,-0.8,-3.12,FEMME,NON,OUI,NON,OUI,NON,0
42,107.5,126.6,6,13.333333333333334,6,15.285714285714286,11.1,0.6,2.02,FEMME,OUI,OUI,OUI,NON,NON,0
34,108.4,110.0,0,0.0,0,0.0,10.8,1.4,1.74,FEMME,NON,OUI,NON,OUI,NON,1
20,130.7,144.0,6,11.666666666666666,5,11.6,7.6,2.6,0.32,FEMME,NON,OUI,NON,OUI,NON,0
33,155.9,160.0,6,15.714285714285714,6,15.5,13.9,-0.3,0.79,FEMME,NON,OUI,NON,NON,NON,0
20,106.1,105.0,5,11.0,5,11.4,13.9,-0.3,0.79,FEMME,NON,OUI,NON,OUI,NON,0
19,128.6,130.0,4,12.25,4,12.75,7.6,2.6,0.32,FEMME,NON,OUI,OUI,OUI,NON,0
34,140.0,140.0,5,12.2,8,12.22222222222222,16.2,0.3,-0.92,FEMME,NON,OUI,OUI,NON,NON,1
18,145.0,138.0,5,13.0,5,14.0,7.6,2.6,0.32,FEMME,NON,OUI,NON,OUI,NON,0
24,113.0,120.0,4,12.0,6,13.0,10.8,1.4,1.74,FEMME,OUI,OUI,NON,NON,NON,0
18,137.1,135.0,6,13.333333333333334,6,12.333333333333334,7.6,2.6,0.32,FEMME,NON,OUI,NON,OUI,NON,0
20,119.7,119.0,3,13.0,3,13.0,7.6,2.6,0.32,FEMME,NON,OUI,NON,OUI,NON,0
21,120.5,121.0,7,12.91,7,12.91,10.8,1.4,1.74,FEMME,NON,OUI,NON,OUI,NON,0
19,125.7,126.0,6,11.0,3,11.0,9.4,-0.8,-3.12,FEMME,OUI,OUI,NON,OUI,NON,0
19,125.5,132.0,6,13.579999999999998,8,12.93625,15.5,2.8,-4.06,FEMME,OUI,OUI,NON,NON,NON,0
18,124.5,128.0,4,12.4,6,12.5,12.4,0.5,1.79,FEMME,OUI,OUI,NON,OUI,NON,0
38,126.0,160.0,8,12.88888888888889,7,13.0,13.9,-0.3,0.79,FEMME,OUI,OUI,NON,NON,NON,0
21,136.2,125.0,11,11.545454545454543,9,11.7,8.9,1.4,3.51,HOMME,NON,OUI,OUI,OUI,NON,0
23,124.2,127.0,1,10.0,0,0.0,15.5,2.8,-4.06,HOMME,NON,OUI,NON,OUI,OUI,0
19,138.5,147.0,8,14.34125,8,14.34125,9.4,-0.8,-3.12,FEMME,NON,OUI,NON,OUI,NON,0
18,122.3,130.0,6,14.142857142857142,5,12.0,13.9,-0.3,0.79,FEMME,NON,NON,OUI,OUI,NON,1
18,126.0,134.0,0,0.0,0,0.0,9.4,-0.8,-3.12,FEMME,OUI,OUI,NON,OUI,NON,0
24,135.4,140.0,5,11.8,4,11.25,12.4,0.5,1.79,FEMME,NON,OUI,NON,OUI,NON,0
18,146.5,151.0,6,13.333333333333334,6,14.166666666666666,12.7,3.7,-1.7,FEMME,OUI,OUI,NON,NON,OUI,0
18,121.9,132.0,6,14.5,6,12.857142857142858,13.9,-0.3,0.79,FEMME,NON,OUI,NON,OUI,NON,0
26,130.0,130.0,8,12.666666666666666,10,13.4,11.1,0.6,2.02,FEMME,NON,OUI,NON,NON,NON,0
19,115.2,126.0,1,10.0,2,10.0,12.4,0.5,1.79,FEMME,NON,OUI,OUI,NON,NON,0
19,115.2,119.0,0,0.0,0,0.0,12.7,3.7,-1.7,FEMME,OUI,OUI,NON,OUI,NON,1
19,125.1,123.0,4,11.0,4,12.5,16.2,0.3,-0.92,FEMME,NON,OUI,NON,NON,NON,0
20,108.0,106.0,2,12.0,4,11.0,9.4,-0.8,-3.12,FEMME,NON,OUI,OUI,OUI,NON,1
22,125.9,121.0,4,10.0,2,13.5,9.4,-0.8,-3.12,FEMME,NON,OUI,NON,OUI,NON,0
19,128.0,138.0,7,14.20857142857143,8,15.127777777777778,11.1,0.6,2.02,FEMME,NON,OUI,NON,OUI,NON,0
20,113.5,118.0,7,14.30714285714286,8,15.0125,12.4,0.5,1.79,FEMME,NON,OUI,NON,OUI,NON,0
36,124.6,120.0,3,11.0,4,13.375,10.8,1.4,1.74,FEMME,NON,OUI,NON,NON,NON,0
29,116.0,133.1,0,0.0,0,0.0,11.1,0.6,2.02,FEMME,NON,OUI,NON,OUI,NON,1
19,124.9,141.0,6,12.0,4,11.0,12.7,3.7,-1.7,FEMME,NON,OUI,NON,OUI,NON,0
24,140.5,180.0,0,0.0,0,0.0,13.9,-0.3,0.79,FEMME,NON,NON,OUI,NON,NON,1
27,179.6,180.0,0,0.0,0,0.0,8.9,1.4,3.51,FEMME,NON,NON,OUI,NON,NON,1
18,116.1,115.0,6,13.857142857142858,6,14.285714285714286,13.9,-0.3,0.79,FEMME,OUI,OUI,NON,OUI,NON,0
18,139.4,142.0,0,0.0,0,0.0,15.5,2.8,-4.06,FEMME,OUI,OUI,NON,OUI,NON,0
21,129.0,135.0,0,0.0,0,0.0,12.7,3.7,-1.7,FEMME,NON,OUI,NON,OUI,NON,1
43,135.6,150.0,5,11.0,5,13.0,12.4,0.5,1.79,FEMME,OUI,OUI,NON,NON,NON,0
18,147.8,153.0,5,13.2,5,14.4,16.2,0.3,-0.92,FEMME,OUI,OUI,NON,NON,NON,0
21,138.0,153.0,6,13.5,3,15.333333333333334,8.9,1.4,3.51,FEMME,OUI,OUI,NON,OUI,NON,1
26,150.0,150.0,0,0.0,0,0.0,9.4,-0.8,-3.12,FEMME,NON,OUI,NON,NON,NON,1
19,130.8,144.0,7,14.214285714285714,7,14.214285714285714,12.7,3.7,-1.7,FEMME,OUI,OUI,NON,OUI,NON,0
18,122.6,130.0,5,13.0,5,12.4,7.6,2.6,0.32,FEMME,NON,OUI,NON,NON,NON,0
22,119.1,125.0,2,12.0,1,10.0,9.4,-0.8,-3.12,FEMME,NON,OUI,NON,OUI,NON,1
27,111.8,133.1,0,0.0,0,0.0,11.1,0.6,2.02,FEMME,NON,OUI,NON,OUI,NON,1
18,125.0,133.0,5,12.8,5,12.6,9.4,-0.8,-3.12,FEMME,NON,OUI,NON,OUI,NON,0
19,129.9,140.0,4,13.6,4,12.2,9.4,-0.8,-3.12,FEMME,NON,OUI,NON,NON,NON,0
18,131.1,133.0,7,13.971428571428572,8,15.75,13.9,-0.3,0.79,FEMME,NON,OUI,NON,OUI,NON,0
19,141.4,154.0,6,15.0,6,14.857142857142858,11.1,0.6,2.02,FEMME,OUI,OUI,NON,NON,NON,0
32,120.0,133.1,0,0.0,0,0.0,11.1,0.6,2.02,FEMME,NON,NON,NON,NON,NON,1
23,133.4,168.0,26,15.07777777777778,17,15.023529411764704,15.5,2.8,-4.06,FEMME,NON,OUI,NON,OUI,NON,0
20,127.3,132.0,6,13.383333333333333,6,13.383333333333333,7.6,2.6,0.32,FEMME,NON,OUI,NON,OUI,NON,0
20,131.8,133.1,12,13.25,10,13.090909090909092,8.9,1.4,3.51,FEMME,NON,OUI,OUI,OUI,NON,0
19,114.8,120.0,5,11.714285714285714,2,10.666666666666666,16.2,0.3,-0.92,FEMME,NON,NON,OUI,OUI,NON,1
18,132.8,150.0,8,13.01125,8,13.01125,9.4,-0.8,-3.12,FEMME,OUI,OUI,NON,OUI,NON,0
21,140.0,140.0,3,10.666666666666666,4,12.0,15.5,2.8,-4.06,FEMME,NON,OUI,NON,NON,NON,1
20,108.3,103.0,0,0.0,0,0.0,11.1,0.6,2.02,FEMME,OUI,OUI,NON,NON,NON,0
22,150.0,150.0,6,13.0,3,12.666666666666666,12.4,0.5,1.79,FEMME,NON,OUI,NON,OUI,NON,0
26,160.0,160.0,5,12.0,5,11.4,12.7,3.7,-1.7,FEMME,NON,OUI,NON,NON,NON,0
20,131.7,131.0,6,12.166666666666666,5,13.8,12.7,3.7,-1.7,FEMME,NON,OUI,NON,OUI,NON,0
19,112.6,114.0,6,11.85,7,13.65,16.2,0.3,-0.92,FEMME,NON,OUI,NON,OUI,NON,0
31,111.1,120.0,4,11.0,5,11.2,7.6,2.6,0.32,FEMME,NON,OUI,NON,NON,NON,0
20,127.5,140.0,7,12.327777777777778,8,11.736,15.5,2.8,-4.06,FEMME,OUI,OUI,OUI,OUI,NON,0
20,120.2,130.0,4,12.0,5,13.428571428571429,10.8,1.4,1.74,FEMME,NON,OUI,NON,OUI,NON,0
21,118.9,121.0,7,14.428571428571429,8,14.511111111111113,16.2,0.3,-0.92,FEMME,NON,OUI,NON,OUI,NON,0
18,119.9,130.0,7,13.78,8,12.6125,12.4,0.5,1.79,FEMME,NON,OUI,NON,OUI,NON,0
19,127.3,141.0,6,13.8,6,13.8,7.6,2.6,0.32,FEMME,OUI,OUI,NON,OUI,NON,0
18,127.9,131.0,7,14.857142857142858,7,15.142857142857142,13.9,-0.3,0.79,FEMME,OUI,OUI,NON,OUI,NON,0
40,133.0,133.1,5,13.0,5,12.6,16.2,0.3,-0.92,FEMME,NON,OUI,NON,NON,NON,0
18,114.6,117.0,6,12.142857142857142,6,13.333333333333334,13.9,-0.3,0.79,FEMME,OUI,OUI,NON,NON,NON,0
18,144.5,151.0,6,15.666666666666666,6,14.833333333333334,8.9,1.4,3.51,FEMME,NON,OUI,NON,OUI,NON,0
19,125.4,131.0,5,12.5,7,12.166666666666666,15.5,2.8,-4.06,FEMME,NON,OUI,NON,OUI,NON,0
19,145.0,145.0,6,12.833333333333334,6,13.166666666666666,12.4,0.5,1.79,FEMME,OUI,OUI,NON,NON,NON,0
28,138.1,135.0,0,0.0,0,0.0,8.9,1.4,3.51,FEMME,NON,NON,OUI,NON,NON,1
20,124.6,119.0,6,12.5,6,12.666666666666666,7.6,2.6,0.32,FEMME,NON,OUI,NON,OUI,NON,0
18,130.8,122.0,4,11.25,5,13.0,9.4,-0.8,-3.12,FEMME,NON,OUI,NON,OUI,NON,0
18,140.5,155.0,6,15.25,6,15.25,7.6,2.6,0.32,FEMME,NON,OUI,NON,OUI,NON,0
20,124.1,123.0,5,14.0,3,12.0,9.4,-0.8,-3.12,FEMME,OUI,OUI,NON,OUI,NON,0
28,118.4,130.0,13,12.076923076923077,11,12.090909090909092,16.2,0.3,-0.92,FEMME,NON,OUI,OUI,NON,NON,0
23,128.2,133.1,16,14.625,9,14.88888888888889,8.9,1.4,3.51,FEMME,NON,OUI,NON,NON,OUI,0
19,109.5,114.0,4,10.5,2,10.5,16.2,0.3,-0.92,FEMME,NON,OUI,NON,OUI,NON,1
18,131.1,137.0,6,12.833333333333334,6,12.166666666666666,8.9,1.4,3.51,FEMME,OUI,OUI,NON,OUI,NON,0
20,137.9,161.0,6,12.5,5,11.8,10.8,1.4,1.74,FEMME,OUI,NON,OUI,NON,OUI,0
20,128.2,133.1,12,11.23076923076923,9,12.77777777777778,11.1,0.6,2.02,FEMME,NON,OUI,NON,OUI,NON,0
27,126.5,133.1,2,10.5,0,0.0,7.6,2.6,0.32,FEMME,NON,OUI,NON,NON,NON,1
18,120.0,128.0,3,12.0,2,12.0,12.7,3.7,-1.7,FEMME,NON,OUI,NON,OUI,NON,1
37,123.0,133.1,7,10.985714285714286,8,12.3,10.8,1.4,1.74,FEMME,OUI,OUI,NON,NON,NON,0
42,130.0,130.0,5,12.62,3,14.166666666666666,12.4,0.5,1.79,FEMME,NON,NON,NON,NON,NON,1
20,141.1,147.0,6,13.0,8,14.2125,13.9,-0.3,0.79,FEMME,NON,OUI,NON,OUI,NON,1
34,140.0,140.0,0,0.0,0,0.0,15.5,2.8,-4.06,HOMME,NON,NON,NON,NON,NON,1
22,133.6,140.0,0,0.0,0,0.0,10.8,1.4,1.74,HOMME,NON,OUI,NON,OUI,NON,1
39,123.5,133.1,6,13.5,6,13.333333333333334,12.4,0.5,1.79,HOMME,NON,OUI,NON,NON,NON,0
18,136.3,141.0,6,13.516666666666666,6,13.516666666666666,7.6,2.6,0.32,HOMME,OUI,OUI,NON,OUI,NON,0
21,123.5,128.0,6,13.166666666666666,6,13.285714285714286,8.9,1.4,3.51,HOMME,OUI,OUI,NON,OUI,NON,0
34,112.0,150.0,0,0.0,0,0.0,10.8,1.4,1.74,HOMME,NON,OUI,NON,NON,NON,1
22,160.0,160.0,6,13.125,6,13.0,16.2,0.3,-0.92,HOMME,OUI,OUI,NON,NON,NON,0
31,110.0,133.1,3,14.4,0,0.0,16.2,0.3,-0.92,HOMME,NON,OUI,NON,NON,NON,1
19,116.8,128.0,4,12.0,0,0.0,10.8,1.4,1.74,HOMME,NON,NON,NON,OUI,NON,1
19,109.5,114.0,0,0.0,0,0.0,10.8,1.4,1.74,HOMME,NON,OUI,NON,NON,NON,1
31,100.0,133.1,0,0.0,0,0.0,15.5,2.8,-4.06,HOMME,NON,OUI,NON,NON,NON,1
19,117.3,126.0,3,10.8,3,10.5,13.9,-0.3,0.79,FEMME,NON,OUI,NON,OUI,NON,0
30,130.0,133.1,0,0.0,0,0.0,9.4,-0.8,-3.12,FEMME,NON,OUI,NON,NON,OUI,1
20,137.8,129.0,7,16.13142857142857,8,15.52222222222222,11.1,0.6,2.02,FEMME,OUI,OUI,NON,OUI,NON,0
18,136.5,140.0,7,14.838571428571427,8,14.8,12.4,0.5,1.79,FEMME,OUI,OUI,NON,OUI,NON,0
31,138.7,133.1,3,10.333333333333334,3,12.0,10.8,1.4,1.74,FEMME,NON,OUI,NON,NON,NON,1
19,124.9,134.0,3,12.0,4,11.25,7.6,2.6,0.32,FEMME,NON,OUI,NON,OUI,NON,1
43,140.0,133.1,0,0.0,0,0.0,8.9,1.4,3.51,FEMME,OUI,OUI,NON,NON,NON,1
20,122.6,132.0,6,13.166666666666666,6,14.0,13.9,-0.3,0.79,FEMME,OUI,OUI,NON,OUI,NON,0
19,129.5,131.0,8,13.9475,8,13.9475,9.4,-0.8,-3.12,FEMME,OUI,OUI,NON,OUI,NON,0
22,155.0,133.1,3,11.333333333333334,0,0.0,9.4,-0.8,-3.12,FEMME,NON,OUI,NON,NON,NON,1
26,100.0,133.1,7,12.75,7,12.285714285714286,16.2,0.3,-0.92,FEMME,NON,OUI,NON,NON,NON,0
19,137.6,160.0,5,12.6,5,11.25,10.8,1.4,1.74,FEMME,OUI,OUI,NON,OUI,NON,0
29,120.0,120.0,6,12.25,6,12.25,12.7,3.7,-1.7,FEMME,NON,OUI,NON,OUI,NON,1
20,114.0,114.0,0,0.0,2,11.666666666666666,8.9,1.4,3.51,FEMME,NON,OUI,NON,NON,OUI,0
38,139.0,140.0,5,11.0,5,11.4,9.4,-0.8,-3.12,FEMME,OUI,OUI,NON,NON,NON,0
41,110.0,100.0,12,11.833333333333334,9,12.7,15.5,2.8,-4.06,FEMME,NON,OUI,NON,NON,NON,0
19,128.5,139.0,6,13.066666666666668,6,13.066666666666668,12.7,3.7,-1.7,FEMME,NON,OUI,NON,OUI,NON,1
19,132.2,136.0,6,13.833333333333334,6,13.875,10.8,1.4,1.74,FEMME,NON,OUI,OUI,NON,NON,0
43,130.0,130.0,3,13.833333333333334,0,0.0,16.2,0.3,-0.92,FEMME,NON,OUI,NON,NON,NON,1
19,129.3,145.0,5,11.8,5,13.2,10.8,1.4,1.74,FEMME,NON,OUI,NON,OUI,NON,0
19,128.2,133.1,12,13.333333333333334,10,12.818181818181818,8.9,1.4,3.51,HOMME,OUI,OUI,NON,OUI,NON,0
18,130.3,146.0,8,13.74625,8,13.74625,9.4,-0.8,-3.12,HOMME,NON,OUI,NON,OUI,NON,0
19,162.5,159.0,0,0.0,0,0.0,16.2,0.3,-0.92,HOMME,NON,OUI,NON,OUI,NON,1
38,130.0,133.1,0,0.0,0,0.0,9.4,-0.8,-3.12,HOMME,NON,OUI,NON,NON,NON,1
37,110.0,110.0,0,0.0,0,0.0,16.2,0.3,-0.92,HOMME,NON,OUI,NON,OUI,NON,1
26,142.3,120.0,6,13.333333333333334,5,14.5,10.8,1.4,1.74,FEMME,OUI,OUI,NON,OUI,NON,0
21,122.0,130.0,1,10.0,5,11.4,12.7,3.7,-1.7,FEMME,OUI,OUI,NON,OUI,NON,0
18,153.6,158.0,6,15.666666666666666,6,15.285714285714286,8.9,1.4,3.51,FEMME,OUI,OUI,NON,OUI,NON,0
18,112.9,122.0,7,11.857142857142858,7,11.857142857142858,16.2,0.3,-0.92,FEMME,NON,OUI,NON,NON,NON,0
18,124.1,140.0,5,14.5,5,13.6,9.4,-0.8,-3.12,FEMME,NON,OUI,NON,NON,NON,0
19,129.7,136.0,6,12.166666666666666,6,13.714285714285714,15.5,2.8,-4.06,FEMME,NON,OUI,NON,NON,NON,0
18,110.0,111.0,5,12.6,6,12.0,11.1,0.6,2.02,FEMME,NON,OUI,NON,OUI,NON,0
18,136.3,145.0,7,12.285714285714286,7,12.285714285714286,12.7,3.7,-1.7,FEMME,NON,OUI,NON,OUI,NON,0
19,146.0,133.1,6,12.666666666666666,6,13.0,8.9,1.4,3.51,FEMME,OUI,OUI,OUI,NON,NON,0
19,129.9,140.0,0,0.0,0,0.0,16.2,0.3,-0.92,FEMME,NON,OUI,NON,NON,NON,1
18,140.9,140.0,6,12.857142857142858,4,13.0,12.7,3.7,-1.7,FEMME,OUI,OUI,NON,OUI,NON,0
18,135.5,156.0,7,13.9,7,13.9,12.7,3.7,-1.7,FEMME,NON,OUI,NON,NON,NON,0
20,122.0,132.0,7,13.817142857142857,7,13.817142857142857,10.8,1.4,1.74,FEMME,OUI,OUI,NON,OUI,NON,0
22,140.0,140.0,6,13.314285714285717,7,12.875,8.9,1.4,3.51,FEMME,OUI,OUI,NON,NON,NON,0
18,163.0,164.0,0,0.0,0,0.0,7.6,2.6,0.32,FEMME,NON,OUI,NON,NON,NON,1
19,107.4,113.0,6,12.166666666666666,6,12.166666666666666,12.4,0.5,1.79,FEMME,OUI,OUI,NON,OUI,NON,0
20,114.3,122.0,4,11.25,3,11.333333333333334,7.6,2.6,0.32,FEMME,OUI,NON,NON,OUI,NON,1
19,140.8,150.0,5,12.4,6,12.75,10.8,1.4,1.74,FEMME,NON,OUI,NON,NON,NON,0
20,126.3,135.0,6,14.666666666666666,6,14.571428571428571,8.9,1.4,3.51,FEMME,OUI,OUI,NON,OUI,NON,0
28,110.0,133.1,4,12.0,4,12.0,11.1,0.6,2.02,FEMME,NON,OUI,NON,NON,NON,1
19,126.2,122.0,6,14.0,3,12.666666666666666,12.4,0.5,1.79,FEMME,NON,OUI,NON,NON,NON,0
22,140.0,140.0,6,12.571428571428571,4,13.666666666666666,15.5,2.8,-4.06,FEMME,NON,OUI,NON,NON,NON,0
19,123.0,138.0,6,15.538461538461538,6,12.625,15.5,2.8,-4.06,FEMME,NON,OUI,NON,OUI,NON,0
18,157.0,130.0,0,0.0,0,0.0,13.9,-0.3,0.79,FEMME,NON,NON,NON,OUI,NON,1
18,149.7,157.0,6,15.0,6,14.833333333333334,8.9,1.4,3.51,FEMME,NON,OUI,NON,OUI,NON,0
22,140.0,140.0,4,12.25,5,13.285714285714286,12.7,3.7,-1.7,FEMME,NON,OUI,NON,OUI,NON,0
20,170.0,170.0,11,15.692307692307692,9,15.555555555555555,8.9,1.4,3.51,FEMME,NON,OUI,NON,NON,NON,0
24,130.2,150.0,5,12.285714285714286,5,12.75,16.2,0.3,-0.92,FEMME,OUI,OUI,NON,NON,NON,0
22,135.5,146.0,12,11.833333333333334,11,11.25,11.1,0.6,2.02,FEMME,NON,OUI,OUI,OUI,NON,0
20,118.3,120.0,6,12.166666666666666,5,14.0,12.7,3.7,-1.7,FEMME,NON,OUI,NON,NON,NON,0
20,116.3,118.0,7,11.88888888888889,8,11.95625,12.7,3.7,-1.7,FEMME,OUI,OUI,NON,OUI,NON,0
35,120.0,120.0,0,0.0,0,0.0,10.8,1.4,1.74,FEMME,NON,NON,NON,NON,NON,1
18,154.7,154.0,5,11.8,5,12.6,9.4,-0.8,-3.12,FEMME,OUI,OUI,NON,NON,NON,0
19,132.7,139.0,6,11.166666666666666,6,11.666666666666666,9.4,-0.8,-3.12,FEMME,NON,OUI,NON,OUI,NON,0
18,130.8,136.0,7,14.05714285714286,8,14.6,16.2,0.3,-0.92,FEMME,NON,OUI,NON,NON,NON,0
18,122.7,130.0,4,11.75,4,10.0,7.6,2.6,0.32,FEMME,NON,OUI,NON,OUI,NON,1
31,130.0,133.1,6,13.166666666666666,6,13.0,9.4,-0.8,-3.12,FEMME,NON,OUI,NON,NON,NON,0
19,123.6,133.0,6,13.5,6,14.0,15.5,2.8,-4.06,FEMME,OUI,OUI,NON,NON,NON,0
20,116.5,143.0,7,12.625,8,13.0625,15.5,2.8,-4.06,FEMME,OUI,OUI,NON,OUI,NON,0
21,111.1,117.0,0,0.0,0,0.0,15.5,2.8,-4.06,FEMME,NON,OUI,NON,NON,NON,1
18,136.3,145.0,7,13.971428571428572,7,13.971428571428572,12.7,3.7,-1.7,FEMME,OUI,OUI,NON,OUI,NON,0
18,129.8,134.0,2,11.0,0,0.0,9.4,-0.8,-3.12,FEMME,NON,OUI,NON,OUI,NON,1
33,134.7,170.0,5,12.8,5,15.333333333333334,10.8,1.4,1.74,FEMME,NON,OUI,NON,NON,NON,0
18,131.8,143.0,6,13.571428571428571,5,12.8,12.4,0.5,1.79,FEMME,OUI,OUI,NON,OUI,NON,0
18,126.8,140.0,0,0.0,0,0.0,12.7,3.7,-1.7,FEMME,OUI,NON,NON,OUI,NON,1
21,130.7,131.0,2,11.5,4,11.0,10.8,1.4,1.74,FEMME,NON,OUI,OUI,NON,NON,0
19,109.8,115.0,4,11.25,4,12.0,10.8,1.4,1.74,FEMME,NON,OUI,NON,OUI,NON,0
28,133.9,130.0,5,13.714285714285714,5,13.142857142857142,16.2,0.3,-0.92,FEMME,NON,OUI,NON,NON,NON,0
29,109.9,130.0,0,0.0,0,0.0,12.7,3.7,-1.7,FEMME,NON,NON,NON,NON,NON,1
36,160.0,160.0,6,12.0,3,14.666666666666666,12.4,0.5,1.79,FEMME,NON,NON,OUI,OUI,NON,1
32,106.5,133.1,6,12.666666666666666,6,13.333333333333334,12.7,3.7,-1.7,FEMME,OUI,OUI,NON,NON,NON,0
25,120.0,130.0,7,13.29,7,13.29,9.4,-0.8,-3.12,FEMME,OUI,OUI,NON,OUI,NON,0
33,107.8,140.0,8,10.375,9,10.444444444444445,7.6,2.6,0.32,FEMME,NON,OUI,NON,NON,NON,0
34,100.0,133.1,3,12.0,1,13.0,9.4,-0.8,-3.12,FEMME,NON,NON,NON,NON,NON,1
33,112.5,150.0,5,11.4,6,11.166666666666666,7.6,2.6,0.32,FEMME,NON,OUI,NON,NON,NON,0
29,135.5,140.0,2,13.25,3,12.6,16.2,0.3,-0.92,FEMME,NON,NON,OUI,NON,NON,1
18,145.0,145.0,6,13.861666666666666,0,0.0,12.4,0.5,1.79,FEMME,NON,OUI,NON,NON,NON,1
18,119.0,126.0,6,12.166666666666666,6,12.142857142857142,15.5,2.8,-4.06,FEMME,OUI,OUI,NON,NON,NON,0
38,130.0,130.0,4,13.75,6,14.5,16.2,0.3,-0.92,FEMME,NON,OUI,NON,NON,NON,0
19,126.3,135.0,6,15.433333333333332,6,15.433333333333332,7.6,2.6,0.32,FEMME,OUI,OUI,NON,OUI,NON,0
39,113.5,133.1,6,13.833333333333334,6,15.5,11.1,0.6,2.02,FEMME,OUI,OUI,NON,NON,NON,0
37,120.0,120.0,12,11.833333333333334,11,11.363636363636363,12.7,3.7,-1.7,FEMME,NON,OUI,NON,NON,NON,0
32,111.3,120.0,0,0.0,0,0.0,16.2,0.3,-0.92,FEMME,NON,OUI,NON,OUI,NON,1
18,130.2,147.0,0,0.0,0,0.0,10.8,1.4,1.74,FEMME,NON,OUI,NON,NON,NON,1
20,140.2,149.0,7,12.333333333333334,8,12.625,12.7,3.7,-1.7,FEMME,NON,OUI,NON,OUI,NON,0
20,113.9,124.0,6,11.166666666666666,6,12.166666666666666,7.6,2.6,0.32,FEMME,NON,OUI,NON,OUI,NON,0
23,99.0,133.1,6,14.666666666666666,6,12.428571428571429,8.9,1.4,3.51,FEMME,OUI,OUI,NON,OUI,NON,0
19,124.0,125.0,5,11.2,4,11.75,10.8,1.4,1.74,FEMME,NON,OUI,NON,OUI,NON,0
18,138.9,141.0,6,13.714285714285714,6,14.166666666666666,13.9,-0.3,0.79,FEMME,NON,OUI,NON,NON,NON,0
19,130.0,131.0,5,12.8,5,11.444444444444445,10.8,1.4,1.74,HOMME,NON,OUI,NON,OUI,NON,0
20,120.8,118.0,4,13.25,5,11.8,12.4,0.5,1.79,FEMME,NON,OUI,NON,OUI,NON,0
19,127.8,129.0,6,13.78,6,13.78,9.4,-0.8,-3.12,FEMME,NON,OUI,NON,OUI,NON,1
19,126.0,136.0,7,15.11,7,15.11,10.8,1.4,1.74,FEMME,NON,OUI,NON,OUI,NON,0
18,126.0,134.0,4,11.0,5,11.2,10.8,1.4,1.74,FEMME,NON,OUI,NON,NON,NON,0
20,138.5,153.0,7,15.798571428571426,7,15.798571428571426,10.8,1.4,1.74,FEMME,OUI,OUI,NON,OUI,NON,0
20,119.4,119.0,7,13.775714285714288,8,15.599999999999998,12.4,0.5,1.79,FEMME,NON,OUI,NON,OUI,NON,0
24,101.5,140.0,7,12.16,7,12.16,10.8,1.4,1.74,FEMME,NON,OUI,NON,OUI,NON,0
24,101.5,133.1,0,0.0,0,0.0,10.8,1.4,1.74,FEMME,NON,OUI,NON,OUI,NON,1
20,126.2,130.0,6,14.333333333333334,6,15.5,12.4,0.5,1.79,FEMME,NON,OUI,NON,OUI,NON,0
20,129.8,128.0,6,11.833333333333334,3,13.333333333333334,9.4,-0.8,-3.12,FEMME,NON,OUI,NON,OUI,NON,0
18,138.4,145.0,6,14.833333333333334,6,12.5,8.9,1.4,3.51,FEMME,NON,NON,NON,OUI,NON,0
18,129.3,146.0,7,14.2,7,14.2,12.7,3.7,-1.7,FEMME,NON,OUI,NON,NON,NON,0
21,113.1,119.0,5,12.2,5,13.2,10.8,1.4,1.74,FEMME,NON,OUI,NON,OUI,NON,0
18,144.3,160.0,4,13.0,5,13.666666666666666,9.4,-0.8,-3.12,FEMME,NON,OUI,NON,OUI,NON,0
19,141.0,144.0,7,12.485714285714286,7,12.485714285714286,12.7,3.7,-1.7,FEMME,OUI,OUI,NON,OUI,NON,0
22,130.0,130.0,6,17.0,6,16.285714285714285,11.1,0.6,2.02,FEMME,NON,OUI,NON,OUI,NON,0
19,117.5,122.0,5,10.8,6,10.166666666666666,8.9,1.4,3.51,FEMME,NON,OUI,NON,OUI,NON,0
18,131.8,153.0,6,14.716666666666669,6,14.716666666666669,7.6,2.6,0.32,FEMME,NON,OUI,NON,OUI,OUI,0
19,133.7,147.0,2,13.5,5,11.4,10.8,1.4,1.74,FEMME,OUI,OUI,NON,OUI,NON,0
24,115.4,121.0,7,11.971428571428572,7,11.971428571428572,12.7,3.7,-1.7,FEMME,OUI,OUI,NON,OUI,NON,0
19,129.1,134.0,3,12.0,4,13.5,7.6,2.6,0.32,FEMME,NON,OUI,NON,NON,NON,0
34,135.5,133.0,6,12.333333333333334,6,11.666666666666666,10.8,1.4,1.74,FEMME,NON,OUI,NON,NON,NON,0
19,112.4,118.0,6,15.307692307692308,6,13.875,15.5,2.8,-4.06,FEMME,NON,OUI,NON,OUI,NON,0
18,130.8,137.0,6,12.666666666666666,6,12.666666666666666,7.6,2.6,0.32,FEMME,OUI,OUI,NON,OUI,NON,0
19,131.6,143.0,7,14.368,8,14.44875,15.5,2.8,-4.06,FEMME,OUI,OUI,NON,OUI,NON,0
25,140.8,123.0,7,12.084285714285716,7,12.084285714285716,10.8,1.4,1.74,FEMME,NON,OUI,NON,NON,NON,0
21,140.0,140.0,8,12.25,8,12.2,12.4,0.5,1.79,FEMME,NON,OUI,NON,OUI,NON,0
18,114.2,118.0,5,12.2,5,11.6,16.2,0.3,-0.92,FEMME,NON,OUI,NON,NON,NON,0
18,127.3,142.0,4,11.0,6,11.5,9.4,-0.8,-3.12,FEMME,OUI,OUI,NON,NON,NON,0
28,115.0,115.0,5,12.8,5,11.0,9.4,-0.8,-3.12,FEMME,NON,OUI,NON,OUI,NON,0
18,118.8,131.0,7,11.857142857142858,7,11.857142857142858,12.7,3.7,-1.7,FEMME,OUI,OUI,NON,NON,NON,0
41,125.0,130.0,6,12.285714285714286,5,13.0,8.9,1.4,3.51,FEMME,NON,OUI,NON,NON,NON,0
18,111.5,133.1,3,12.333333333333334,4,13.5,7.6,2.6,0.32,FEMME,NON,OUI,NON,NON,NON,1
21,124.2,134.0,4,11.25,4,11.4,15.5,2.8,-4.06,FEMME,OUI,OUI,NON,NON,NON,0
41,130.0,130.0,0,0.0,0,0.0,11.1,0.6,2.02,FEMME,NON,OUI,OUI,NON,NON,1
32,120.0,133.1,2,16.0,1,16.0,7.6,2.6,0.32,FEMME,NON,OUI,NON,OUI,NON,1
29,110.0,114.0,6,11.666666666666666,6,11.0,7.6,2.6,0.32,FEMME,NON,OUI,NON,NON,NON,0
24,113.3,130.0,5,12.4,7,12.15,12.4,0.5,1.79,FEMME,NON,OUI,NON,NON,NON,0
22,123.5,128.0,6,10.744444444444444,8,11.8375,12.7,3.7,-1.7,FEMME,NON,OUI,NON,OUI,NON,0
21,101.0,133.1,0,0.0,0,0.0,15.5,2.8,-4.06,FEMME,NON,OUI,NON,NON,NON,1
39,120.9,133.1,4,12.0,4,12.5625,11.1,0.6,2.02,FEMME,NON,OUI,NON,OUI,NON,1
44,154.6,140.0,4,12.75,2,10.0,8.9,1.4,3.51,FEMME,OUI,NON,NON,NON,NON,0
20,120.2,117.0,2,10.0,2,11.0,7.6,2.6,0.32,FEMME,NON,OUI,NON,OUI,NON,0
21,146.5,139.0,12,13.417391304347827,12,13.417391304347827,7.6,2.6,0.32,FEMME,NON,OUI,NON,NON,NON,0
18,160.1,159.0,6,15.166666666666666,6,14.857142857142858,7.6,2.6,0.32,FEMME,NON,OUI,NON,OUI,NON,0
34,150.0,140.0,5,13.833333333333334,5,12.5,16.2,0.3,-0.92,FEMME,NON,OUI,OUI,NON,NON,0
18,135.8,140.0,5,13.333333333333334,4,14.8,7.6,2.6,0.32,FEMME,NON,OUI,NON,OUI,NON,0
19,143.8,135.0,0,0.0,0,0.0,12.7,3.7,-1.7,FEMME,NON,OUI,OUI,OUI,NON,0
18,116.8,121.0,3,11.666666666666666,3,10.666666666666666,9.4,-0.8,-3.12,FEMME,NON,OUI,NON,OUI,NON,1
19,113.9,124.0,5,15.0,6,13.428571428571429,16.2,0.3,-0.92,FEMME,NON,OUI,NON,OUI,NON,0
18,118.0,131.0,7,13.242857142857144,7,13.242857142857144,12.7,3.7,-1.7,FEMME,OUI,OUI,NON,OUI,NON,0
19,150.2,160.0,1,13.0,2,12.5,12.7,3.7,-1.7,FEMME,NON,OUI,NON,OUI,NON,1
19,115.1,120.0,6,13.075,7,12.05,12.4,0.5,1.79,FEMME,OUI,OUI,NON,OUI,NON,0
18,131.3,140.0,6,13.5,6,13.666666666666666,10.8,1.4,1.74,FEMME,OUI,OUI,NON,OUI,NON,0
23,120.0,120.0,5,11.8,6,12.333333333333334,9.4,-0.8,-3.12,FEMME,OUI,OUI,NON,OUI,NON,0
18,110.3,118.0,5,12.6,5,11.8,11.1,0.6,2.02,FEMME,NON,NON,NON,OUI,OUI,0
33,100.0,133.1,6,12.166666666666666,3,11.0,7.6,2.6,0.32,FEMME,NON,OUI,NON,NON,OUI,1
19,110.7,111.0,6,12.166666666666666,6,11.0,8.9,1.4,3.51,FEMME,NON,OUI,NON,OUI,NON,0
21,143.4,140.0,0,0.0,0,0.0,9.4,-0.8,-3.12,FEMME,NON,OUI,NON,OUI,NON,1
18,115.9,125.0,7,13.557142857142855,8,13.2,12.4,0.5,1.79,FEMME,NON,OUI,NON,NON,NON,0
21,145.0,133.1,4,12.25,4,11.8,10.8,1.4,1.74,FEMME,OUI,OUI,NON,NON,NON,0
19,140.9,136.0,6,14.333333333333334,6,13.5,9.4,-0.8,-3.12,FEMME,NON,OUI,NON,OUI,NON,0
20,108.4,115.0,4,10.5,4,11.75,7.6,2.6,0.32,FEMME,NON,OUI,NON,OUI,NON,0
20,114.3,116.0,0,0.0,0,0.0,7.6,2.6,0.32,FEMME,NON,OUI,NON,OUI,NON,1
20,110.0,110.0,4,12.75,3,11.333333333333334,10.8,1.4,1.74,FEMME,NON,OUI,NON,OUI,NON,0
18,121.7,135.0,0,0.0,4,11.0,7.6,2.6,0.32,FEMME,OUI,OUI,NON,OUI,NON,0
18,123.7,131.0,1,14.0,1,14.0,7.6,2.6,0.32,FEMME,NON,OUI,NON,OUI,NON,0
20,116.5,124.0,7,14.093333333333332,8,15.0,11.1,0.6,2.02,FEMME,OUI,OUI,NON,OUI,NON,0
21,155.0,163.0,6,13.333333333333334,6,13.166666666666666,9.4,-0.8,-3.12,FEMME,OUI,OUI,NON,NON,NON,0
19,129.3,137.0,7,12.071428571428571,7,12.071428571428571,12.7,3.7,-1.7,FEMME,NON,OUI,NON,OUI,NON,0
18,121.7,128.0,6,12.666666666666666,6,12.5,12.4,0.5,1.79,FEMME,OUI,OUI,NON,OUI,NON,0
27,148.2,133.1,6,12.125,5,12.0,12.4,0.5,1.79,FEMME,NON,OUI,OUI,OUI,NON,0
21,125.5,133.1,7,13.2,7,13.2575,15.5,2.8,-4.06,FEMME,OUI,OUI,NON,OUI,NON,0
18,131.9,148.0,7,14.15,8,14.51125,15.5,2.8,-4.06,FEMME,OUI,OUI,NON,OUI,NON,0
18,121.8,127.0,4,13.5,3,10.666666666666666,10.8,1.4,1.74,FEMME,NON,OUI,OUI,OUI,NON,0
28,107.7,110.0,0,0.0,0,0.0,10.8,1.4,1.74,FEMME,NON,NON,OUI,NON,NON,1
36,115.5,133.1,5,12.2,3,11.4,11.1,0.6,2.02,FEMME,NON,OUI,NON,NON,NON,1
20,139.8,145.0,5,14.8,5,14.0,12.7,3.7,-1.7,FEMME,NON,OUI,NON,OUI,NON,0
19,133.2,136.0,5,11.0,5,11.4,7.6,2.6,0.32,FEMME,NON,OUI,NON,OUI,NON,0
20,118.4,131.0,0,0.0,0,0.0,7.6,2.6,0.32,FEMME,NON,OUI,NON,OUI,NON,0
19,123.3,138.0,3,14.0,4,11.75,9.4,-0.8,-3.12,FEMME,NON,OUI,NON,OUI,NON,0
28,134.5,150.0,5,11.833333333333334,6,13.0,16.2,0.3,-0.92,FEMME,NON,OUI,NON,NON,NON,0
20,110.6,112.0,4,11.75,5,11.8,7.6,2.6,0.32,FEMME,NON,OUI,NON,NON,NON,0
28,154.0,154.0,12,12.333333333333334,8,12.0,9.4,-0.8,-3.12,FEMME,NON,OUI,NON,OUI,NON,0
24,160.0,160.0,3,11.666666666666666,6,11.833333333333334,9.4,-0.8,-3.12,FEMME,NON,OUI,NON,NON,NON,1
20,140.0,140.0,6,12.666666666666666,4,11.5,13.9,-0.3,0.79,FEMME,NON,OUI,NON,OUI,NON,0
22,132.5,150.0,4,12.25,5,11.6,10.8,1.4,1.74,FEMME,NON,OUI,NON,OUI,NON,0
18,127.7,141.0,6,11.285714285714286,4,13.5,16.2,0.3,-0.92,FEMME,OUI,OUI,NON,NON,NON,0
22,117.5,122.0,2,11.5,0,0.0,12.7,3.7,-1.7,FEMME,NON,NON,OUI,OUI,NON,1
18,127.0,120.0,6,11.666666666666666,4,12.25,9.4,-0.8,-3.12,FEMME,OUI,OUI,NON,OUI,NON,0
21,125.5,139.0,7,13.514285714285714,7,13.514285714285714,12.7,3.7,-1.7,FEMME,OUI,OUI,NON,NON,NON,0
19,140.5,138.0,6,13.0,6,13.714285714285714,7.6,2.6,0.32,FEMME,NON,OUI,NON,OUI,NON,0
22,118.3,119.0,3,15.0,4,10.25,9.4,-0.8,-3.12,FEMME,NON,OUI,NON,OUI,NON,0
20,120.8,129.0,7,12.744285714285716,7,12.744285714285716,10.8,1.4,1.74,FEMME,OUI,OUI,NON,OUI,NON,0
20,95.0,133.1,4,11.75,5,11.8,11.1,0.6,2.02,FEMME,NON,OUI,NON,NON,NON,0
19,122.2,125.0,6,12.166666666666666,6,11.666666666666666,10.8,1.4,1.74,FEMME,NON,OUI,OUI,OUI,NON,0
20,143.9,125.0,0,0.0,0,0.0,15.5,2.8,-4.06,FEMME,NON,OUI,NON,OUI,NON,0
20,127.2,137.0,5,13.4,6,12.375,13.9,-0.3,0.79,FEMME,OUI,OUI,NON,OUI,NON,0
20,120.2,123.0,5,11.8,4,11.5,7.6,2.6,0.32,FEMME,NON,OUI,NON,OUI,NON,1
19,134.8,154.0,6,13.533333333333331,6,13.533333333333331,7.6,2.6,0.32,FEMME,NON,OUI,NON,OUI,NON,0
18,142.6,144.0,6,14.166666666666666,4,14.0,15.5,2.8,-4.06,FEMME,OUI,OUI,NON,OUI,NON,0
18,147.9,153.0,7,14.652857142857142,8,14.755555555555556,12.4,0.5,1.79,FEMME,OUI,OUI,NON,NON,NON,0
19,160.4,152.0,0,0.0,0,0.0,7.6,2.6,0.32,FEMME,NON,NON,NON,OUI,NON,1
20,134.6,150.0,5,13.6,5,13.0,9.4,-0.8,-3.12,HOMME,NON,OUI,NON,NON,OUI,0
22,121.0,129.0,6,12.833333333333334,4,13.25,16.2,0.3,-0.92,FEMME,OUI,OUI,NON,NON,NON,0
18,142.7,150.0,6,14.666666666666666,6,15.166666666666666,9.4,-0.8,-3.12,FEMME,OUI,OUI,NON,OUI,NON,0
19,115.6,125.0,6,13.333333333333334,6,14.666666666666666,12.4,0.5,1.79,FEMME,NON,OUI,NON,OUI,NON,0
20,130.0,133.1,5,13.4,5,11.4,10.8,1.4,1.74,FEMME,OUI,NON,NON,NON,NON,0
19,124.3,140.0,7,13.3125,8,15.6375,13.9,-0.3,0.79,FEMME,OUI,OUI,NON,OUI,NON,0
18,137.9,140.0,0,0.0,0,0.0,8.9,1.4,3.51,FEMME,NON,NON,OUI,OUI,NON,1
20,100.0,133.1,0,0.0,0,0.0,12.4,0.5,1.79,FEMME,NON,NON,OUI,OUI,NON,1
19,128.2,132.0,6,12.333333333333334,6,13.5,9.4,-0.8,-3.12,FEMME,OUI,OUI,NON,OUI,NON,0
18,135.0,135.0,6,13.5,6,13.333333333333334,12.4,0.5,1.79,FEMME,NON,OUI,NON,NON,NON,0
18,121.0,135.0,5,13.0,6,11.833333333333334,10.8,1.4,1.74,FEMME,NON,OUI,NON,OUI,NON,0
22,147.0,133.1,2,12.5,0,0.0,9.4,-0.8,-3.12,FEMME,NON,OUI,NON,NON,NON,1
18,149.5,168.0,6,17.0,6,16.0,12.4,0.5,1.79,FEMME,NON,OUI,NON,NON,NON,0
20,144.4,143.0,6,13.5,6,13.0,10.8,1.4,1.74,FEMME,NON,OUI,NON,OUI,NON,0
19,116.0,116.0,6,12.714285714285714,6,11.833333333333334,8.9,1.4,3.51,FEMME,NON,OUI,NON,OUI,NON,0
19,120.7,134.0,6,13.0,8,13.927272727272726,16.2,0.3,-0.92,FEMME,OUI,OUI,NON,NON,NON,0
21,141.8,140.0,6,12.571428571428571,6,13.5,12.4,0.5,1.79,FEMME,NON,OUI,NON,NON,NON,0
19,119.7,133.0,4,11.5,6,11.5,9.4,-0.8,-3.12,FEMME,OUI,OUI,NON,OUI,NON,1
19,118.4,125.0,6,13.5,6,13.285714285714286,11.1,0.6,2.02,FEMME,OUI,OUI,NON,OUI,NON,0
45,134.5,133.1,5,13.6,5,13.0,15.5,2.8,-4.06,FEMME,NON,OUI,NON,NON,NON,0
28,128.2,133.1,1,12.0,0,0.0,9.4,-0.8,-3.12,FEMME,OUI,NON,NON,NON,NON,1
28,115.0,137.0,7,14.95,8,14.7375,13.9,-0.3,0.79,FEMME,NON,OUI,NON,NON,NON,0
25,130.0,140.0,4,11.25,4,12.0,12.7,3.7,-1.7,FEMME,NON,OUI,OUI,NON,NON,0
19,120.7,134.0,3,10.666666666666666,4,12.25,15.5,2.8,-4.06,FEMME,NON,NON,OUI,NON,NON,1
19,130.5,139.0,7,14.992857142857142,7,14.992857142857142,10.8,1.4,1.74,FEMME,NON,OUI,NON,OUI,NON,0
20,107.4,113.0,3,10.5,4,11.25,12.4,0.5,1.79,HOMME,NON,OUI,NON,OUI,NON,0
22,100.0,133.1,4,11.25,3,11.0,8.9,1.4,3.51,HOMME,NON,OUI,NON,OUI,NON,0
20,125.0,132.0,6,12.333333333333334,6,14.0,12.4,0.5,1.79,HOMME,OUI,OUI,NON,OUI,NON,0
20,121.5,127.0,6,13.016666666666666,6,13.016666666666666,7.6,2.6,0.32,HOMME,NON,OUI,NON,OUI,NON,0
20,127.2,123.0,3,11.333333333333334,2,11.5,7.6,2.6,0.32,HOMME,NON,NON,OUI,NON,NON,1
27,160.0,130.0,6,16.142857142857142,6,14.666666666666666,13.9,-0.3,0.79,FEMME,NON,OUI,NON,OUI,NON,0
22,120.0,125.0,6,14.833333333333334,5,13.833333333333334,11.1,0.6,2.02,FEMME,NON,OUI,NON,NON,NON,0
19,141.5,140.0,7,13.327142857142857,7,13.327142857142857,10.8,1.4,1.74,FEMME,NON,NON,OUI,OUI,NON,1
19,111.4,111.0,4,11.0,2,11.5,12.7,3.7,-1.7,FEMME,NON,NON,NON,OUI,NON,1
18,136.6,132.0,6,11.714285714285714,6,10.375,13.9,-0.3,0.79,FEMME,NON,OUI,NON,OUI,NON,0
19,154.6,150.0,12,12.333333333333334,10,12.727272727272728,8.9,1.4,3.51,FEMME,NON,OUI,NON,OUI,NON,1
20,111.4,118.0,0,0.0,0,0.0,11.1,0.6,2.02,FEMME,NON,NON,OUI,OUI,NON,1
39,120.1,150.0,12,11.916666666666666,8,11.25,10.8,1.4,1.74,FEMME,NON,NON,NON,NON,NON,1
37,100.0,100.0,6,11.833333333333334,6,11.0,7.6,2.6,0.32,FEMME,NON,OUI,OUI,NON,NON,0
30,140.0,130.0,3,12.333333333333334,3,11.666666666666666,13.9,-0.3,0.79,FEMME,NON,NON,OUI,NON,NON,1
41,130.0,130.0,10,14.3,10,14.2,12.7,3.7,-1.7,FEMME,NON,OUI,NON,NON,NON,0
40,100.0,133.1,5,11.832,5,11.832,9.4,-0.8,-3.12,FEMME,NON,NON,NON,NON,NON,1
20,106.1,112.0,2,10.0,0,0.0,9.4,-0.8,-3.12,FEMME,NON,OUI,NON,NON,NON,1
28,151.4,144.0,5,12.0,5,11.6,7.6,2.6,0.32,FEMME,NON,OUI,NON,NON,NON,0
19,113.7,120.0,5,12.2,0,0.0,12.4,0.5,1.79,FEMME,NON,NON,OUI,OUI,NON,1
23,116.5,121.0,3,11.333333333333334,4,11.25,7.6,2.6,0.32,FEMME,NON,OUI,NON,OUI,NON,1
18,120.0,120.0,13,13.846153846153848,9,12.555555555555555,15.5,2.8,-4.06,FEMME,NON,OUI,NON,NON,NON,1
24,122.0,100.0,7,12.412857142857144,7,12.412857142857144,10.8,1.4,1.74,FEMME,NON,OUI,NON,NON,NON,0
21,117.1,115.0,3,12.666666666666666,4,12.75,7.6,2.6,0.32,FEMME,NON,OUI,NON,NON,NON,0
19,120.8,123.0,7,12.545714285714286,7,12.545714285714286,10.8,1.4,1.74,FEMME,NON,OUI,NON,OUI,NON,0
19,141.4,134.0,3,13.0,2,14.0,9.4,-0.8,-3.12,FEMME,NON,OUI,NON,OUI,NON,1
48,110.0,123.0,0,0.0,0,0.0,11.1,0.6,2.02,FEMME,NON,NON,OUI,NON,NON,1
38,120.0,120.0,9,12.22222222222222,9,13.0,9.4,-0.8,-3.12,FEMME,NON,NON,NON,NON,NON,1
19,120.2,131.0,5,13.285714285714286,5,13.0,12.7,3.7,-1.7,FEMME,NON,OUI,NON,NON,NON,0
30,138.4,133.1,3,11.666666666666666,1,11.0,7.6,2.6,0.32,HOMME,NON,OUI,NON,NON,NON,1
24,150.0,150.0,6,13.555555555555555,6,12.666666666666666,13.9,-0.3,0.79,HOMME,OUI,OUI,NON,NON,NON,0
19,121.8,134.0,6,13.166666666666666,6,12.428571428571429,16.2,0.3,-0.92,HOMME,NON,OUI,NON,OUI,NON,0
21,140.0,140.0,0,0.0,0,0.0,15.5,2.8,-4.06,HOMME,NON,OUI,NON,NON,NON,0
21,116.3,117.0,6,11.666666666666666,5,12.2,10.8,1.4,1.74,HOMME,OUI,OUI,NON,OUI,NON,0
19,131.5,143.0,4,11.0,4,12.25,15.5,2.8,-4.06,HOMME,NON,OUI,NON,NON,NON,1
18,141.0,142.0,6,13.0,1,10.0,10.8,1.4,1.74,HOMME,NON,OUI,NON,OUI,NON,0
18,138.0,132.0,6,13.666666666666666,6,12.0,12.4,0.5,1.79,HOMME,OUI,OUI,NON,NON,NON,0
19,127.5,138.0,5,14.6,5,15.2,8.9,1.4,3.51,HOMME,NON,OUI,NON,OUI,NON,1
19,127.0,131.0,7,12.514285714285714,7,12.514285714285714,12.7,3.7,-1.7,HOMME,OUI,OUI,NON,NON,NON,0
18,118.9,123.0,3,14.0,3,12.666666666666666,7.6,2.6,0.32,HOMME,NON,OUI,NON,NON,NON,0
25,134.5,131.0,6,13.166666666666666,5,12.6,7.6,2.6,0.32,HOMME,NON,OUI,NON,OUI,NON,0
18,133.0,141.0,4,13.0,3,12.333333333333334,7.6,2.6,0.32,HOMME,NON,OUI,NON,OUI,NON,0
29,114.0,133.1,1,13.0,0,0.0,8.9,1.4,3.51,HOMME,NON,NON,NON,NON,NON,1
21,116.7,116.0,1,10.0,3,13.666666666666666,7.6,2.6,0.32,HOMME,NON,OUI,NON,OUI,NON,1
18,125.1,123.0,6,14.333333333333334,6,15.333333333333334,11.1,0.6,2.02,HOMME,OUI,OUI,OUI,OUI,NON,0
20,137.2,133.0,0,0.0,0,0.0,10.8,1.4,1.74,HOMME,OUI,OUI,NON,NON,NON,1
27,111.4,133.1,1,11.0,0,0.0,13.9,-0.3,0.79,HOMME,NON,OUI,NON,NON,NON,1
21,105.0,133.1,3,11.25,0,0.0,12.4,0.5,1.79,HOMME,NON,OUI,NON,OUI,NON,0
20,124.3,140.0,4,10.75,3,10.571428571428571,10.8,1.4,1.74,HOMME,NON,OUI,NON,OUI,NON,1
28,132.0,100.0,1,11.0,0,0.0,10.8,1.4,1.74,HOMME,NON,NON,OUI,NON,NON,1
24,110.0,130.0,6,10.857142857142858,7,11.857142857142858,12.7,3.7,-1.7,HOMME,OUI,OUI,NON,NON,NON,0
22,134.7,134.0,4,11.75,3,11.0,7.6,2.6,0.32,HOMME,NON,OUI,NON,NON,NON,0
20,136.8,134.0,5,12.8,4,13.666666666666666,10.8,1.4,1.74,HOMME,NON,OUI,NON,OUI,NON,0
21,160.0,160.0,3,12.333333333333334,5,11.4,9.4,-0.8,-3.12,HOMME,NON,OUI,NON,NON,NON,0
23,130.0,130.0,2,11.333333333333334,2,13.0,13.9,-0.3,0.79,HOMME,NON,NON,OUI,OUI,NON,1
18,128.8,141.0,5,11.6,6,11.166666666666666,10.8,1.4,1.74,HOMME,NON,OUI,NON,OUI,NON,0
20,148.4,147.0,12,10.923076923076923,11,12.181818181818182,11.1,0.6,2.02,HOMME,OUI,OUI,NON,OUI,NON,0
19,130.4,137.0,0,0.0,0,0.0,15.5,2.8,-4.06,HOMME,NON,OUI,NON,OUI,NON,0
32,126.0,130.0,7,13.62857142857143,8,13.9125,13.9,-0.3,0.79,HOMME,NON,OUI,NON,NON,NON,0
20,118.7,119.0,3,10.333333333333334,1,11.0,10.8,1.4,1.74,HOMME,NON,OUI,NON,OUI,NON,1
32,120.0,130.0,18,13.736842105263158,12,13.75,15.5,2.8,-4.06,HOMME,NON,OUI,NON,NON,NON,0
28,120.0,130.0,8,11.625,6,11.0,15.5,2.8,-4.06,HOMME,NON,OUI,NON,OUI,NON,0
21,116.3,120.0,4,11.5,7,12.142857142857142,12.4,0.5,1.79,HOMME,OUI,OUI,NON,OUI,NON,0
19,133.9,130.0,5,14.0,6,13.0,10.8,1.4,1.74,HOMME,OUI,OUI,NON,NON,NON,0
24,150.3,150.0,3,11.333333333333334,0,0.0,10.8,1.4,1.74,HOMME,NON,OUI,NON,NON,NON,1
18,118.3,120.0,1,10.0,1,10.0,12.7,3.7,-1.7,HOMME,NON,OUI,NON,NON,NON,1
20,130.0,130.0,5,11.714285714285714,5,12.0,16.2,0.3,-0.92,HOMME,NON,OUI,NON,OUI,NON,0
25,140.0,140.0,0,0.0,0,0.0,15.5,2.8,-4.06,HOMME,NON,NON,NON,NON,NON,1
25,110.4,130.0,13,10.76923076923077,12,11.833333333333334,7.6,2.6,0.32,HOMME,NON,OUI,NON,OUI,NON,1
18,139.7,147.0,5,11.6,6,12.0,9.4,-0.8,-3.12,HOMME,NON,OUI,NON,OUI,NON,1
19,138.3,148.0,4,13.75,0,0.0,12.4,0.5,1.79,HOMME,NON,OUI,NON,OUI,NON,1
18,123.2,133.0,4,11.0,5,10.5,13.9,-0.3,0.79,HOMME,NON,OUI,NON,OUI,NON,1
25,120.0,135.0,0,0.0,0,0.0,15.5,2.8,-4.06,HOMME,NON,NON,NON,NON,NON,1
38,127.0,116.0,0,0.0,0,0.0,7.6,2.6,0.32,HOMME,NON,OUI,NON,OUI,NON,1
19,114.2,110.0,0,0.0,0,0.0,12.4,0.5,1.79,HOMME,NON,OUI,NON,NON,NON,1
19,119.7,133.0,6,12.333333333333334,5,13.2,16.2,0.3,-0.92,HOMME,NON,OUI,NON,OUI,NON,0
22,150.0,150.0,6,13.428571428571429,6,13.625,12.4,0.5,1.79,HOMME,OUI,OUI,NON,OUI,NON,0
18,123.5,135.0,0,0.0,1,10.0,7.6,2.6,0.32,HOMME,NON,OUI,NON,OUI,NON,0
32,130.0,130.0,4,14.75,2,15.0,16.2,0.3,-0.92,HOMME,NON,NON,NON,NON,NON,1
37,124.6,130.0,21,12.476190476190476,19,12.210526315789474,12.4,0.5,1.79,HOMME,NON,OUI,NON,NON,NON,0
21,119.4,132.0,0,0.0,0,0.0,7.6,2.6,0.32,HOMME,NON,OUI,NON,OUI,NON,1
18,121.9,125.0,3,11.666666666666666,2,12.5,10.8,1.4,1.74,HOMME,NON,OUI,NON,OUI,NON,1
19,110.0,118.0,6,12.0,6,13.571428571428571,8.9,1.4,3.51,HOMME,NON,OUI,OUI,OUI,NON,0
19,118.7,118.0,6,12.0,6,14.0,12.4,0.5,1.79,HOMME,OUI,OUI,NON,NON,NON,0
19,163.1,161.0,12,15.25,11,15.0,8.9,1.4,3.51,FEMME,NON,NON,NON,OUI,OUI,0
19,121.7,136.0,5,12.4,6,13.166666666666666,12.7,3.7,-1.7,HOMME,OUI,OUI,NON,OUI,NON,0
21,135.0,135.0,3,12.333333333333334,4,11.25,8.9,1.4,3.51,HOMME,NON,OUI,OUI,NON,OUI,0
28,147.9,147.0,4,11.5,4,12.0,10.8,1.4,1.74,FEMME,NON,OUI,NON,NON,NON,0
19,118.1,124.0,5,12.2,4,11.75,16.2,0.3,-0.92,FEMME,NON,NON,OUI,OUI,OUI,1
28,105.3,133.1,2,10.5,0,0.0,12.4,0.5,1.79,FEMME,NON,OUI,OUI,NON,NON,1
19,139.8,141.0,7,14.4,7,14.4,12.7,3.7,-1.7,FEMME,OUI,OUI,NON,NON,NON,0
32,130.0,130.0,13,12.846153846153848,10,12.8,10.8,1.4,1.74,FEMME,NON,OUI,NON,NON,NON,0
26,127.5,110.0,4,12.0,5,13.2,16.2,0.3,-0.92,FEMME,NON,NON,OUI,NON,NON,1
25,120.0,133.1,0,0.0,0,0.0,9.4,-0.8,-3.12,FEMME,NON,OUI,NON,NON,NON,1
31,124.2,130.0,6,13.666666666666666,5,13.5,9.4,-0.8,-3.12,FEMME,NON,OUI,NON,NON,NON,1
20,113.4,120.0,5,11.857142857142858,6,11.666666666666666,12.7,3.7,-1.7,FEMME,OUI,OUI,NON,OUI,NON,0
19,118.0,133.1,0,0.0,0,0.0,12.7,3.7,-1.7,FEMME,NON,OUI,NON,OUI,NON,1
23,130.0,145.0,0,0.0,0,0.0,11.1,0.6,2.02,FEMME,NON,OUI,NON,OUI,NON,1
18,135.9,131.0,5,13.2,6,11.333333333333334,9.4,-0.8,-3.12,FEMME,NON,OUI,NON,OUI,NON,0
19,135.8,147.0,6,12.714285714285714,5,11.0,13.9,-0.3,0.79,FEMME,OUI,OUI,NON,OUI,NON,1
18,133.1,138.0,6,12.5,6,12.666666666666666,15.5,2.8,-4.06,FEMME,NON,OUI,NON,NON,NON,0
21,118.8,123.0,3,10.666666666666666,2,12.5,7.6,2.6,0.32,FEMME,NON,OUI,NON,OUI,NON,0
20,117.1,129.0,1,17.0,1,17.0,9.4,-0.8,-3.12,FEMME,NON,OUI,NON,OUI,NON,0
24,114.5,125.0,5,13.0,4,13.25,12.7,3.7,-1.7,FEMME,NON,OUI,NON,OUI,NON,0
18,127.2,131.0,3,12.666666666666666,4,12.5,9.4,-0.8,-3.12,FEMME,OUI,OUI,NON,NON,NON,0
25,130.0,100.0,12,13.291666666666666,12,13.291666666666666,7.6,2.6,0.32,FEMME,NON,OUI,NON,OUI,NON,0
20,116.1,120.0,3,11.666666666666666,4,11.5,9.4,-0.8,-3.12,FEMME,NON,OUI,NON,NON,NON,0
18,130.5,145.0,7,14.24,7,14.24,10.8,1.4,1.74,FEMME,NON,OUI,NON,OUI,NON,0
24,104.0,120.0,3,13.0,3,11.333333333333334,7.6,2.6,0.32,FEMME,NON,OUI,NON,OUI,NON,1
18,128.5,140.0,5,14.06,6,12.571428571428571,12.4,0.5,1.79,FEMME,NON,OUI,NON,OUI,NON,0
21,126.0,134.0,5,11.833333333333334,5,13.2,13.9,-0.3,0.79,FEMME,NON,NON,OUI,NON,NON,1
18,141.1,140.0,6,12.833333333333334,6,13.333333333333334,9.4,-0.8,-3.12,FEMME,NON,OUI,NON,OUI,NON,0
20,102.8,107.0,1,10.0,0,0.0,10.8,1.4,1.74,FEMME,NON,OUI,NON,OUI,NON,1
19,129.2,133.0,2,11.0,2,10.0,7.6,2.6,0.32,FEMME,NON,OUI,NON,OUI,NON,1
20,119.3,127.0,7,14.105714285714289,8,13.6625,11.1,0.6,2.02,FEMME,NON,OUI,NON,OUI,NON,0
20,126.3,141.0,7,12.471428571428572,7,12.471428571428572,12.7,3.7,-1.7,FEMME,NON,OUI,NON,OUI,NON,0
20,140.0,140.0,6,11.833333333333334,5,11.857142857142858,12.4,0.5,1.79,FEMME,OUI,OUI,NON,OUI,NON,0
20,131.5,150.0,6,12.5,6,12.833333333333334,7.6,2.6,0.32,FEMME,NON,OUI,NON,OUI,NON,0
18,137.6,140.0,6,11.666666666666666,6,12.333333333333334,10.8,1.4,1.74,FEMME,NON,OUI,NON,OUI,NON,1
18,142.8,141.0,0,0.0,0,0.0,12.4,0.5,1.79,FEMME,NON,OUI,NON,OUI,NON,0
30,146.2,150.0,3,10.333333333333334,4,12.8,12.4,0.5,1.79,FEMME,NON,OUI,NON,NON,NON,0
18,162.1,160.0,5,16.166666666666668,5,14.285714285714286,9.4,-0.8,-3.12,FEMME,NON,OUI,NON,OUI,NON,0
35,140.0,133.1,3,12.666666666666666,0,0.0,11.1,0.6,2.02,FEMME,NON,OUI,NON,NON,NON,1
31,120.0,133.1,2,10.5,3,12.333333333333334,11.1,0.6,2.02,FEMME,NON,NON,OUI,NON,NON,1
19,133.3,134.0,2,11.5,1,11.0,7.6,2.6,0.32,FEMME,NON,OUI,OUI,OUI,NON,1
19,124.8,130.0,6,13.0,5,13.4,8.9,1.4,3.51,FEMME,NON,OUI,NON,OUI,NON,0
19,133.3,140.0,6,11.966666666666669,6,11.966666666666669,7.6,2.6,0.32,FEMME,NON,OUI,NON,OUI,NON,0
19,141.8,145.0,8,13.3475,8,13.3475,9.4,-0.8,-3.12,FEMME,NON,OUI,NON,NON,NON,0
21,128.2,133.0,5,12.0,4,12.5,7.6,2.6,0.32,FEMME,NON,OUI,NON,NON,NON,0
18,115.0,133.1,2,10.5,0,0.0,7.6,2.6,0.32,FEMME,NON,OUI,NON,NON,NON,1
18,123.6,132.0,4,11.5,4,10.75,7.6,2.6,0.32,FEMME,NON,OUI,NON,OUI,NON,0
19,120.2,117.0,0,0.0,0,0.0,7.6,2.6,0.32,HOMME,NON,OUI,NON,OUI,NON,0
18,127.0,127.0,6,13.571428571428571,4,14.0,12.4,0.5,1.79,HOMME,NON,OUI,NON,OUI,NON,0
18,120.4,134.0,6,14.7,6,12.0,16.2,0.3,-0.92,HOMME,NON,OUI,NON,OUI,NON,0
25,120.0,120.0,0,0.0,0,0.0,9.4,-0.8,-3.12,HOMME,NON,NON,NON,OUI,NON,1
18,120.0,136.0,6,11.833333333333334,6,11.833333333333334,7.6,2.6,0.32,HOMME,NON,OUI,NON,OUI,NON,0
19,133.9,137.0,0,0.0,0,0.0,12.7,3.7,-1.7,HOMME,NON,OUI,NON,OUI,NON,0
18,113.5,118.0,7,13.175714285714289,8,14.925,12.4,0.5,1.79,HOMME,NON,OUI,NON,OUI,NON,0
24,126.1,130.0,0,0.0,0,0.0,12.4,0.5,1.79,HOMME,NON,OUI,NON,NON,NON,1
19,121.2,124.0,2,13.0,6,10.833333333333334,7.6,2.6,0.32,FEMME,NON,OUI,NON,NON,NON,0
29,150.0,150.0,7,13.742857142857144,7,13.742857142857144,12.7,3.7,-1.7,FEMME,NON,OUI,NON,NON,NON,0
27,100.0,161.0,0,0.0,0,0.0,7.6,2.6,0.32,FEMME,NON,OUI,NON,OUI,NON,1
18,127.3,143.0,7,12.217142857142855,7,12.11875,11.1,0.6,2.02,FEMME,NON,OUI,NON,OUI,NON,0
28,103.8,130.0,14,11.071428571428571,12,11.333333333333334,9.4,-0.8,-3.12,FEMME,NON,OUI,NON,NON,NON,1
32,131.0,133.1,7,13.428571428571429,8,13.25,13.9,-0.3,0.79,FEMME,OUI,OUI,NON,NON,NON,0
30,133.9,110.0,5,11.4,5,13.666666666666666,10.8,1.4,1.74,FEMME,NON,OUI,NON,NON,NON,1
29,140.0,140.0,4,11.325,4,11.325,12.7,3.7,-1.7,FEMME,NON,OUI,NON,NON,NON,1
20,121.4,145.0,0,0.0,0,0.0,9.4,-0.8,-3.12,FEMME,NON,OUI,NON,NON,NON,0
19,122.0,131.0,7,15.0,7,15.0,12.7,3.7,-1.7,FEMME,NON,OUI,NON,NON,NON,0
29,150.5,141.0,6,13.166666666666666,6,15.625,12.4,0.5,1.79,FEMME,NON,OUI,NON,NON,NON,0
27,139.4,145.0,2,11.0,4,10.5,9.4,-0.8,-3.12,FEMME,NON,NON,NON,NON,NON,1
19,112.6,122.0,0,0.0,0,0.0,12.4,0.5,1.79,FEMME,NON,OUI,NON,NON,NON,1
21,115.2,118.0,3,12.333333333333334,2,12.5,7.6,2.6,0.32,FEMME,OUI,OUI,NON,OUI,NON,1
29,131.8,150.0,4,12.25,5,10.166666666666666,10.8,1.4,1.74,FEMME,NON,NON,NON,NON,NON,1
42,122.8,120.0,13,11.923076923076923,12,12.5,15.5,2.8,-4.06,FEMME,NON,NON,OUI,NON,NON,1
18,156.2,167.0,6,14.333333333333334,6,14.142857142857142,15.5,2.8,-4.06,FEMME,OUI,OUI,NON,NON,NON,0
24,132.0,150.0,5,12.0,5,13.0,10.8,1.4,1.74,FEMME,NON,OUI,NON,OUI,NON,0
32,130.0,130.0,7,13.761111111111113,7,12.06375,15.5,2.8,-4.06,FEMME,NON,OUI,NON,NON,NON,0
18,138.4,151.0,4,11.25,5,11.0,10.8,1.4,1.74,FEMME,NON,OUI,NON,NON,NON,0
27,146.2,120.0,3,12.333333333333334,3,10.666666666666666,11.1,0.6,2.02,FEMME,NON,OUI,NON,NON,NON,0
18,166.0,168.0,8,14.88875,8,14.88875,9.4,-0.8,-3.12,FEMME,NON,OUI,NON,OUI,NON,0
19,133.1,153.0,6,12.166666666666666,5,12.4,9.4,-0.8,-3.12,FEMME,OUI,OUI,OUI,OUI,NON,1
18,121.9,131.0,6,12.666666666666666,6,13.333333333333334,11.1,0.6,2.02,FEMME,OUI,OUI,NON,OUI,NON,0
21,110.4,116.0,5,12.6,3,11.666666666666666,9.4,-0.8,-3.12,FEMME,NON,OUI,NON,OUI,NON,0
26,121.4,160.0,4,13.0,4,12.25,16.2,0.3,-0.92,FEMME,OUI,OUI,NON,NON,NON,0
22,137.0,152.0,6,13.875,6,14.333333333333334,9.4,-0.8,-3.12,FEMME,OUI,OUI,NON,OUI,NON,0
37,140.0,133.1,4,10.75,3,13.333333333333334,9.4,-0.8,-3.12,HOMME,NON,OUI,OUI,NON,NON,1
24,140.0,150.0,3,14.666666666666666,0,0.0,7.6,2.6,0.32,HOMME,NON,OUI,NON,NON,NON,1
18,126.8,168.0,5,12.6,6,13.0,10.8,1.4,1.74,HOMME,NON,OUI,NON,OUI,NON,0
19,124.8,137.0,6,12.4125,7,11.2625,15.5,2.8,-4.06,HOMME,OUI,OUI,NON,OUI,NON,0
28,120.0,133.1,1,11.0,2,10.5,16.2,0.3,-0.92,HOMME,NON,NON,OUI,OUI,NON,1
18,133.0,160.0,7,14.314285714285717,7,14.314285714285717,12.7,3.7,-1.7,HOMME,OUI,OUI,NON,OUI,NON,0
20,127.5,145.0,4,12.0,2,11.333333333333334,10.8,1.4,1.74,HOMME,NON,OUI,NON,OUI,NON,0
18,131.7,138.0,6,12.833333333333334,6,13.285714285714286,15.5,2.8,-4.06,HOMME,NON,OUI,NON,OUI,NON,0
47,133.0,100.0,5,11.4,6,11.666666666666666,12.7,3.7,-1.7,HOMME,NON,OUI,NON,NON,NON,1
38,122.7,140.0,5,14.6,5,14.333333333333334,13.9,-0.3,0.79,HOMME,NON,OUI,NON,NON,NON,0
20,121.2,124.0,6,13.5,5,12.5,10.8,1.4,1.74,HOMME,OUI,OUI,NON,NON,NON,0
21,150.0,150.0,6,12.5,3,13.333333333333334,13.9,-0.3,0.79,HOMME,NON,OUI,NON,OUI,NON,1
19,133.4,125.0,4,13.0,5,12.2,13.9,-0.3,0.79,HOMME,OUI,OUI,NON,OUI,NON,0
25,121.2,143.0,5,11.6,2,13.0,12.4,0.5,1.79,HOMME,NON,OUI,NON,OUI,NON,0
18,129.3,137.0,5,11.8,5,11.6,9.4,-0.8,-3.12,FEMME,NON,OUI,NON,OUI,NON,0
46,117.8,133.1,3,12.333333333333334,3,11.083333333333334,11.1,0.6,2.02,FEMME,NON,NON,OUI,NON,NON,1
23,131.3,136.0,12,12.625,12,12.625,7.6,2.6,0.32,FEMME,NON,OUI,NON,NON,NON,0
20,133.8,132.0,6,13.833333333333334,6,13.5,16.2,0.3,-0.92,FEMME,OUI,OUI,NON,OUI,NON,0
20,120.0,120.0,6,12.5,7,13.142857142857142,16.2,0.3,-0.92,HOMME,NON,OUI,NON,NON,NON,0
19,122.2,125.0,5,13.6,5,12.666666666666666,15.5,2.8,-4.06,HOMME,NON,OUI,NON,NON,NON,0
18,119.0,120.0,6,12.0,2,11.0,11.1,0.6,2.02,FEMME,NON,NON,OUI,OUI,OUI,1
30,149.5,154.0,7,14.9125,1,13.5,13.9,-0.3,0.79,FEMME,OUI,OUI,NON,OUI,NON,1
20,153.8,180.0,5,13.8,5,12.0,9.4,-0.8,-3.12,FEMME,OUI,OUI,NON,OUI,NON,0
22,152.0,152.0,6,11.666666666666666,6,13.0,12.7,3.7,-1.7,FEMME,NON,OUI,NON,OUI,OUI,0
