secteur_activite,region,age_demandeur,statut_professionnel,revenu_mensuel_mad,charges_mensuelles_mad,montant_demande_mad,duree_credit_mois,anciennete_professionnelle_annees,credits_existants,incidents_paiement_24_mois,ratio_endettement,type_garantie,type_credit,defaut_paiement
TECH,Casablanca-Settat,32,INDEPENDANT,3449,611,44140,84,10,5,1,0.203,AUCUNE,CONSOMMATION,0
INDUSTRIE,Drâa-Tafilalet,39,RETRAITE,5538,3175,23719,120,20,1,0,0.597,AUCUNE,AUTO,0
TECH,Marrakech-Safi,72,SALARIE_CDI,5180,1725,21304,60,45,1,1,0.334,HYPOTHEQUE,CONSOMMATION,0
COMMERCE,Drâa-Tafilalet,24,SALARIE_CDI,5993,2650,120043,24,3,4,0,0.431,AUCUNE,CONSOMMATION,1
SERVICES,Oriental,24,FONCTIONNAIRE,9274,5691,35485,12,3,5,0,0.573,HYPOTHEQUE,PROFESSIONNEL,0
AGRICULTURE,Marrakech-Safi,37,SALARIE_CDD,10337,1707,39278,84,16,3,2,0.199,NANTISSEMENT,CONSOMMATION,1
TECH,Souss-Massa,55,FONCTIONNAIRE,5151,3266,65576,36,28,5,0,0.515,AUCUNE,CONSOMMATION,1
TECH,Casablanca-Settat,68,FONCTIONNAIRE,5680,2344,67100,60,45,3,0,0.418,CAUTION,CONSOMMATION,1
SERVICES,Drâa-Tafilalet,53,INDEPENDANT,13195,7130,28106,48,34,2,3,0.552,AUCUNE,CONSOMMATION,1
INDUSTRIE,Fès-Meknès,49,SALARIE_CDI,17455,6747,75521,24,28,0,0,0.375,HYPOTHEQUE,IMMOBILIER,0
INDUSTRIE,Tanger-Tétouan-Al Hoceïma,72,SALARIE_CDD,14259,7956,26524,36,45,2,0,0.599,AUCUNE,IMMOBILIER,0
AGRICULTURE,Rabat-Salé-Kénitra,28,INDEPENDANT,3863,2280,73967,120,1,0,0,0.639,CAUTION,CONSOMMATION,1
COMMERCE,Tanger-Tétouan-Al Hoceïma,74,SALARIE_CDD,13839,4717,15311,36,45,1,0,0.351,NANTISSEMENT,PROFESSIONNEL,0
TECH,Tanger-Tétouan-Al Hoceïma,37,FONCTIONNAIRE,18660,9541,29298,84,18,2,0,0.627,HYPOTHEQUE,PROFESSIONNEL,1
INDUSTRIE,Marrakech-Safi,35,SALARIE_CDI,3778,2453,42439,60,10,5,0,0.614,HYPOTHEQUE,PROFESSIONNEL,1
SERVICES,Dakhla-Oued Ed-Dahab,78,SALARIE_CDI,13190,6972,46749,48,45,5,0,0.505,CAUTION,AUTO,1
COMMERCE,Fès-Meknès,58,SALARIE_CDD,8967,5635,20120,84,38,3,0,0.608,AUCUNE,CONSOMMATION,0
SERVICES,Marrakech-Safi,45,SALARIE_CDD,6994,3625,11451,48,25,2,0,0.575,CAUTION,CONSOMMATION,0
TECH,Oriental,38,INDEPENDANT,8500,2677,50122,60,14,2,2,0.333,AUCUNE,PROFESSIONNEL,0
COMMERCE,Fès-Meknès,45,FONCTIONNAIRE,9892,5575,31423,36,23,5,0,0.467,NANTISSEMENT,CONSOMMATION,1
TECH,Souss-Massa,67,INDEPENDANT,13642,6591,27625,120,45,2,0,0.467,NANTISSEMENT,AUTO,0
INDUSTRIE,Drâa-Tafilalet,27,INDEPENDANT,13329,2220,115622,24,7,5,1,0.137,HYPOTHEQUE,CONSOMMATION,0
AGRICULTURE,Casablanca-Settat,28,SALARIE_CDI,4113,972,29581,48,10,2,0,0.321,AUCUNE,CONSOMMATION,0
AGRICULTURE,Oriental,37,SALARIE_CDI,6052,1698,25290,120,19,0,0,0.24,AUCUNE,IMMOBILIER,0
TECH,Casablanca-Settat,48,INDEPENDANT,8452,4410,10300,60,29,2,0,0.521,CAUTION,CONSOMMATION,0
SERVICES,Casablanca-Settat,69,SALARIE_CDI,16440,9018,17018,60,42,5,2,0.47,AUCUNE,PROFESSIONNEL,0
COMMERCE,Rabat-Salé-Kénitra,31,SALARIE_CDI,2500,1409,67042,12,10,2,0,0.571,HYPOTHEQUE,PROFESSIONNEL,0
SERVICES,Rabat-Salé-Kénitra,67,SALARIE_CDI,6156,1130,21855,36,44,4,0,0.278,CAUTION,CONSOMMATION,0
SERVICES,Tanger-Tétouan-Al Hoceïma,75,FONCTIONNAIRE,4074,758,56385,48,45,5,0,0.144,AUCUNE,CONSOMMATION,1
COMMERCE,Dakhla-Oued Ed-Dahab,45,SALARIE_CDI,4376,1312,14695,84,21,0,0,0.346,CAUTION,PROFESSIONNEL,0
TECH,Laâyoune-Sakia El Hamra,78,SALARIE_CDI,12627,6195,19763,84,45,5,0,0.48,HYPOTHEQUE,IMMOBILIER,0
AGRICULTURE,Rabat-Salé-Kénitra,74,FONCTIONNAIRE,6378,3642,19413,48,45,4,1,0.57,NANTISSEMENT,IMMOBILIER,1
INDUSTRIE,Dakhla-Oued Ed-Dahab,68,INDEPENDANT,2835,1658,50703,36,45,3,2,0.616,NANTISSEMENT,IMMOBILIER,1
INDUSTRIE,Béni Mellal-Khénifra,41,SALARIE_CDI,7545,1915,31309,24,22,2,1,0.191,HYPOTHEQUE,PROFESSIONNEL,1
COMMERCE,Oriental,36,INDEPENDANT,20255,10810,16690,48,9,4,0,0.495,HYPOTHEQUE,CONSOMMATION,0
SERVICES,Guelmim-Oued Noun,72,SALARIE_CDD,3594,1691,59882,24,45,0,0,0.425,AUCUNE,IMMOBILIER,0
SERVICES,Souss-Massa,45,SALARIE_CDD,10299,6317,51329,24,21,5,0,0.698,AUCUNE,IMMOBILIER,0
COMMERCE,Fès-Meknès,19,SALARIE_CDD,16407,8801,46088,120,0,1,2,0.589,CAUTION,CONSOMMATION,1
SERVICES,Oriental,63,SALARIE_CDI,7925,3283,44653,48,44,0,0,0.464,CAUTION,CONSOMMATION,0
COMMERCE,Drâa-Tafilalet,39,SALARIE_CDI,19295,10450,19975,36,14,4,2,0.592,AUCUNE,IMMOBILIER,1
INDUSTRIE,Drâa-Tafilalet,76,INDEPENDANT,6021,1831,87641,36,45,0,4,0.345,NANTISSEMENT,CONSOMMATION,1
TECH,Marrakech-Safi,71,SALARIE_CDI,15532,8435,33836,36,44,1,0,0.462,AUCUNE,IMMOBILIER,0
COMMERCE,Dakhla-Oued Ed-Dahab,24,RETRAITE,13967,7550,43809,84,0,1,2,0.511,CAUTION,PROFESSIONNEL,0
INDUSTRIE,Fès-Meknès,74,SALARIE_CDI,7985,4612,47479,48,45,5,2,0.567,HYPOTHEQUE,PROFESSIONNEL,1
TECH,Guelmim-Oued Noun,77,SALARIE_CDD,4150,1125,18743,60,45,1,1,0.278,AUCUNE,CONSOMMATION,1
TECH,Fès-Meknès,65,FONCTIONNAIRE,5163,2966,136964,60,43,4,2,0.524,CAUTION,CONSOMMATION,0
INDUSTRIE,Casablanca-Settat,35,INDEPENDANT,2822,662,35634,48,11,3,0,0.165,CAUTION,CONSOMMATION,0
INDUSTRIE,Dakhla-Oued Ed-Dahab,60,SALARIE_CDI,10587,5674,37174,48,40,3,1,0.483,NANTISSEMENT,CONSOMMATION,0
COMMERCE,Béni Mellal-Khénifra,72,SALARIE_CDI,10031,6169,27207,84,45,4,0,0.577,CAUTION,CONSOMMATION,0
SERVICES,Marrakech-Safi,69,FONCTIONNAIRE,8397,1410,81225,120,45,3,5,0.15,NANTISSEMENT,CONSOMMATION,1
SERVICES,Casablanca-Settat,45,SALARIE_CDI,7668,3550,83660,36,25,1,0,0.484,HYPOTHEQUE,AUTO,0
SERVICES,Rabat-Salé-Kénitra,62,FONCTIONNAIRE,14927,7162,40571,36,44,5,0,0.472,NANTISSEMENT,AUTO,0
TECH,Marrakech-Safi,42,INDEPENDANT,9265,5166,13016,84,15,0,1,0.619,HYPOTHEQUE,CONSOMMATION,0
COMMERCE,Dakhla-Oued Ed-Dahab,34,SALARIE_CDI,6313,1272,32366,12,10,1,2,0.233,AUCUNE,CONSOMMATION,1
COMMERCE,Marrakech-Safi,60,INDEPENDANT,8658,5236,34700,48,40,1,2,0.589,NANTISSEMENT,PROFESSIONNEL,1
TECH,Rabat-Salé-Kénitra,47,SALARIE_CDI,20361,13171,26472,120,20,4,0,0.669,AUCUNE,PROFESSIONNEL,1
INDUSTRIE,Laâyoune-Sakia El Hamra,32,INDEPENDANT,10721,5211,18245,60,7,2,1,0.481,AUCUNE,PROFESSIONNEL,1
COMMERCE,Laâyoune-Sakia El Hamra,59,RETRAITE,6799,2481,12235,24,34,2,0,0.335,AUCUNE,IMMOBILIER,1
SERVICES,Marrakech-Safi,38,FONCTIONNAIRE,7943,3713,101702,36,15,0,1,0.47,HYPOTHEQUE,IMMOBILIER,0
SERVICES,Béni Mellal-Khénifra,55,RETRAITE,9982,1770,61030,120,34,5,0,0.198,AUCUNE,CONSOMMATION,1
COMMERCE,Oriental,40,INDEPENDANT,6704,3530,37202,48,13,2,0,0.577,HYPOTHEQUE,AUTO,0
COMMERCE,Oriental,73,SALARIE_CDI,6443,1192,23044,84,45,0,0,0.295,HYPOTHEQUE,PROFESSIONNEL,0
COMMERCE,Fès-Meknès,71,SALARIE_CDI,8062,2510,46727,84,45,1,0,0.375,CAUTION,CONSOMMATION,1
TECH,Guelmim-Oued Noun,47,SALARIE_CDI,16052,3527,41894,84,27,4,1,0.17,NANTISSEMENT,CONSOMMATION,0
COMMERCE,Laâyoune-Sakia El Hamra,62,SALARIE_CDD,11567,5934,27425,60,37,0,0,0.433,CAUTION,IMMOBILIER,0
COMMERCE,Drâa-Tafilalet,29,FONCTIONNAIRE,6739,3014,47705,12,3,4,3,0.512,AUCUNE,AUTO,1
COMMERCE,Laâyoune-Sakia El Hamra,80,SALARIE_CDD,11981,5986,51983,36,45,2,0,0.493,AUCUNE,IMMOBILIER,0
INDUSTRIE,Rabat-Salé-Kénitra,31,FONCTIONNAIRE,8134,1483,58756,12,11,3,0,0.147,CAUTION,PROFESSIONNEL,0
SERVICES,Béni Mellal-Khénifra,72,SALARIE_CDD,9462,3172,19503,48,45,4,3,0.417,HYPOTHEQUE,IMMOBILIER,1
INDUSTRIE,Dakhla-Oued Ed-Dahab,71,SALARIE_CDI,9083,3207,49113,24,45,1,0,0.344,HYPOTHEQUE,IMMOBILIER,0
SERVICES,Oriental,29,SALARIE_CDI,3135,1415,82810,60,2,3,0,0.446,AUCUNE,PROFESSIONNEL,0
INDUSTRIE,Dakhla-Oued Ed-Dahab,18,RETRAITE,2500,503,44688,36,0,0,0,0.169,HYPOTHEQUE,AUTO,0
TECH,Tanger-Tétouan-Al Hoceïma,64,SALARIE_CDI,8973,4250,170373,120,43,3,0,0.372,HYPOTHEQUE,PROFESSIONNEL,0
SERVICES,Laâyoune-Sakia El Hamra,72,SALARIE_CDI,5520,1917,32007,84,45,4,0,0.301,CAUTION,AUTO,1
SERVICES,Dakhla-Oued Ed-Dahab,63,SALARIE_CDI,3875,2336,10912,24,37,0,2,0.571,CAUTION,CONSOMMATION,0
INDUSTRIE,Béni Mellal-Khénifra,21,RETRAITE,5598,2099,20046,36,1,0,0,0.293,HYPOTHEQUE,CONSOMMATION,1
INDUSTRIE,Drâa-Tafilalet,58,SALARIE_CDI,12284,2470,22731,36,33,0,0,0.205,AUCUNE,CONSOMMATION,0
COMMERCE,Oriental,42,FONCTIONNAIRE,9519,1920,53691,12,15,5,1,0.215,HYPOTHEQUE,CONSOMMATION,0
COMMERCE,Fès-Meknès,75,SALARIE_CDI,11468,3178,65009,84,45,5,4,0.323,CAUTION,PROFESSIONNEL,0
TECH,Oriental,68,SALARIE_CDI,9936,2682,39946,12,45,3,2,0.232,NANTISSEMENT,CONSOMMATION,0
COMMERCE,Dakhla-Oued Ed-Dahab,68,INDEPENDANT,5359,2939,44570,84,42,3,0,0.455,NANTISSEMENT,CONSOMMATION,0
INDUSTRIE,Casablanca-Settat,43,FONCTIONNAIRE,11492,5875,138767,48,17,2,3,0.495,CAUTION,PROFESSIONNEL,1
TECH,Marrakech-Safi,38,FONCTIONNAIRE,10547,1986,20297,48,12,3,0,0.126,CAUTION,PROFESSIONNEL,0
SERVICES,Souss-Massa,69,SALARIE_CDI,7686,4425,34509,12,45,1,0,0.574,HYPOTHEQUE,CONSOMMATION,0
SERVICES,Tanger-Tétouan-Al Hoceïma,25,RETRAITE,8321,1648,26458,60,5,2,0,0.241,AUCUNE,IMMOBILIER,0
SERVICES,Béni Mellal-Khénifra,24,FONCTIONNAIRE,11575,6283,15967,84,6,0,2,0.516,CAUTION,CONSOMMATION,1
TECH,Tanger-Tétouan-Al Hoceïma,21,RETRAITE,5783,1190,8800,36,0,3,0,0.202,AUCUNE,CONSOMMATION,1
COMMERCE,Béni Mellal-Khénifra,50,SALARIE_CDI,13221,4471,89999,24,24,5,1,0.236,CAUTION,IMMOBILIER,0
SERVICES,Rabat-Salé-Kénitra,22,SALARIE_CDD,10449,5491,21270,120,0,4,0,0.506,HYPOTHEQUE,IMMOBILIER,0
COMMERCE,Fès-Meknès,54,SALARIE_CDI,8111,2245,30477,48,32,3,0,0.357,HYPOTHEQUE,PROFESSIONNEL,0
SERVICES,Drâa-Tafilalet,28,INDEPENDANT,16140,3336,49090,60,10,1,4,0.235,HYPOTHEQUE,IMMOBILIER,1
COMMERCE,Souss-Massa,74,INDEPENDANT,4526,2460,15788,84,45,4,0,0.504,HYPOTHEQUE,PROFESSIONNEL,1
INDUSTRIE,Drâa-Tafilalet,45,SALARIE_CDD,6587,3264,20250,60,19,5,1,0.439,CAUTION,CONSOMMATION,1
INDUSTRIE,Béni Mellal-Khénifra,23,SALARIE_CDI,5961,3551,35767,48,2,5,0,0.594,HYPOTHEQUE,CONSOMMATION,1
INDUSTRIE,Fès-Meknès,61,SALARIE_CDI,9520,4482,26721,60,36,5,0,0.496,CAUTION,PROFESSIONNEL,1
COMMERCE,Souss-Massa,39,SALARIE_CDI,13795,2579,14867,120,18,1,0,0.149,AUCUNE,CONSOMMATION,0
INDUSTRIE,Dakhla-Oued Ed-Dahab,34,INDEPENDANT,5206,2443,55550,60,8,1,1,0.46,CAUTION,CONSOMMATION,0
SERVICES,Dakhla-Oued Ed-Dahab,59,SALARIE_CDI,35863,20128,26240,84,36,0,0,0.465,CAUTION,PROFESSIONNEL,0
SERVICES,Casablanca-Settat,78,SALARIE_CDI,6013,1154,39964,24,45,5,1,0.233,NANTISSEMENT,CONSOMMATION,1
AGRICULTURE,Drâa-Tafilalet,79,SALARIE_CDD,9531,2076,37792,24,45,2,0,0.175,HYPOTHEQUE,PROFESSIONNEL,0
AGRICULTURE,Souss-Massa,45,SALARIE_CDI,8113,3966,71591,12,21,3,0,0.521,HYPOTHEQUE,CONSOMMATION,0
COMMERCE,Casablanca-Settat,71,RETRAITE,8273,4514,46497,12,45,2,1,0.563,HYPOTHEQUE,CONSOMMATION,1
SERVICES,Béni Mellal-Khénifra,31,SALARIE_CDI,5673,1853,19854,48,9,4,0,0.35,AUCUNE,AUTO,0
AGRICULTURE,Casablanca-Settat,71,RETRAITE,13100,6781,81924,120,45,0,3,0.505,CAUTION,IMMOBILIER,0
TECH,Fès-Meknès,77,FONCTIONNAIRE,5518,1289,26074,12,45,1,1,0.316,AUCUNE,PROFESSIONNEL,1
TECH,Drâa-Tafilalet,50,FONCTIONNAIRE,3655,1360,20543,60,30,2,0,0.34,AUCUNE,IMMOBILIER,0
INDUSTRIE,Guelmim-Oued Noun,50,SALARIE_CDD,4891,2563,18520,84,27,0,0,0.607,CAUTION,PROFESSIONNEL,0
SERVICES,Tanger-Tétouan-Al Hoceïma,53,FONCTIONNAIRE,15528,3874,7041,120,33,3,1,0.262,AUCUNE,CONSOMMATION,0
SERVICES,Guelmim-Oued Noun,22,FONCTIONNAIRE,14224,4615,23720,84,0,4,0,0.331,CAUTION,CONSOMMATION,0
AGRICULTURE,Laâyoune-Sakia El Hamra,72,SALARIE_CDI,3284,1526,47938,12,45,0,0,0.453,CAUTION,CONSOMMATION,0
INDUSTRIE,Souss-Massa,64,INDEPENDANT,11686,3775,13998,24,44,4,1,0.329,AUCUNE,CONSOMMATION,1
SERVICES,Marrakech-Safi,72,SALARIE_CDD,3321,1950,120093,120,45,4,1,0.588,AUCUNE,IMMOBILIER,1
INDUSTRIE,Béni Mellal-Khénifra,25,SALARIE_CDD,8004,5029,7567,12,5,0,0,0.715,HYPOTHEQUE,CONSOMMATION,1
COMMERCE,Casablanca-Settat,68,SALARIE_CDD,4706,2217,20989,120,45,2,1,0.41,AUCUNE,IMMOBILIER,0
SERVICES,Laâyoune-Sakia El Hamra,40,FONCTIONNAIRE,12099,6548,12819,120,13,4,0,0.531,HYPOTHEQUE,CONSOMMATION,0
TECH,Tanger-Tétouan-Al Hoceïma,69,SALARIE_CDD,10400,6275,69054,24,45,3,1,0.556,CAUTION,CONSOMMATION,0
TECH,Guelmim-Oued Noun,80,SALARIE_CDD,12592,6308,57340,84,45,0,0,0.472,HYPOTHEQUE,IMMOBILIER,0
TECH,Drâa-Tafilalet,73,SALARIE_CDI,7095,3808,30145,12,45,3,1,0.538,AUCUNE,AUTO,1
INDUSTRIE,Souss-Massa,75,SALARIE_CDD,7435,1413,13423,12,45,1,0,0.265,HYPOTHEQUE,PROFESSIONNEL,0
COMMERCE,Dakhla-Oued Ed-Dahab,25,SALARIE_CDI,4127,2319,15695,36,6,2,0,0.586,AUCUNE,CONSOMMATION,1
COMMERCE,Guelmim-Oued Noun,38,INDEPENDANT,5096,1464,43260,24,15,0,0,0.239,AUCUNE,AUTO,1
COMMERCE,Laâyoune-Sakia El Hamra,36,SALARIE_CDI,12417,2302,22623,48,14,4,2,0.171,NANTISSEMENT,CONSOMMATION,0
SERVICES,Rabat-Salé-Kénitra,50,RETRAITE,9559,4251,24503,24,31,1,3,0.502,CAUTION,CONSOMMATION,1
INDUSTRIE,Souss-Massa,79,FONCTIONNAIRE,8493,2237,34488,24,45,3,0,0.234,CAUTION,CONSOMMATION,0
SERVICES,Dakhla-Oued Ed-Dahab,61,INDEPENDANT,14299,2716,27206,36,34,2,1,0.197,CAUTION,CONSOMMATION,0
COMMERCE,Guelmim-Oued Noun,52,RETRAITE,4514,2053,10671,12,26,0,2,0.475,CAUTION,PROFESSIONNEL,1
INDUSTRIE,Souss-Massa,68,SALARIE_CDI,11204,2233,14305,60,42,0,0,0.188,CAUTION,PROFESSIONNEL,0
SERVICES,Casablanca-Settat,29,FONCTIONNAIRE,4767,2830,14550,120,6,0,0,0.548,HYPOTHEQUE,IMMOBILIER,0
SERVICES,Fès-Meknès,59,SALARIE_CDI,15757,10000,21823,36,39,0,0,0.647,AUCUNE,IMMOBILIER,0
COMMERCE,Oriental,49,SALARIE_CDI,10353,5374,38680,24,26,0,0,0.634,AUCUNE,CONSOMMATION,0
SERVICES,Béni Mellal-Khénifra,30,SALARIE_CDD,12507,3675,37580,120,11,0,0,0.271,AUCUNE,CONSOMMATION,0
AGRICULTURE,Dakhla-Oued Ed-Dahab,58,FONCTIONNAIRE,5909,2548,83334,120,37,5,3,0.404,HYPOTHEQUE,IMMOBILIER,0
COMMERCE,Rabat-Salé-Kénitra,70,INDEPENDANT,21632,3584,13563,48,45,5,1,0.203,AUCUNE,CONSOMMATION,0
INDUSTRIE,Tanger-Tétouan-Al Hoceïma,70,SALARIE_CDI,19917,9176,45003,24,45,2,1,0.58,HYPOTHEQUE,IMMOBILIER,1
COMMERCE,Fès-Meknès,71,INDEPENDANT,9835,2773,20939,84,45,0,1,0.239,HYPOTHEQUE,PROFESSIONNEL,0
SERVICES,Dakhla-Oued Ed-Dahab,69,SALARIE_CDI,13751,5191,144764,84,44,3,0,0.318,CAUTION,CONSOMMATION,0
AGRICULTURE,Rabat-Salé-Kénitra,47,SALARIE_CDI,7074,1694,33721,12,23,4,2,0.279,HYPOTHEQUE,IMMOBILIER,1
COMMERCE,Marrakech-Safi,21,SALARIE_CDI,4579,2946,24511,24,0,3,1,0.684,CAUTION,IMMOBILIER,1
TECH,Fès-Meknès,78,FONCTIONNAIRE,11592,2941,44003,120,45,2,0,0.205,HYPOTHEQUE,IMMOBILIER,0
SERVICES,Rabat-Salé-Kénitra,46,SALARIE_CDD,5358,1921,41687,12,20,2,0,0.344,NANTISSEMENT,CONSOMMATION,1
COMMERCE,Béni Mellal-Khénifra,57,SALARIE_CDI,14612,4052,27835,24,38,0,0,0.219,CAUTION,PROFESSIONNEL,0
COMMERCE,Oriental,19,SALARIE_CDI,12985,5464,55037,84,0,2,2,0.402,HYPOTHEQUE,PROFESSIONNEL,0
AGRICULTURE,Oriental,73,FONCTIONNAIRE,9008,5429,104534,84,45,0,1,0.588,AUCUNE,CONSOMMATION,0
COMMERCE,Laâyoune-Sakia El Hamra,73,INDEPENDANT,8784,2035,69059,24,45,2,0,0.279,CAUTION,IMMOBILIER,0
COMMERCE,Souss-Massa,76,SALARIE_CDI,12647,2787,32721,120,45,0,0,0.282,HYPOTHEQUE,PROFESSIONNEL,0
SERVICES,Fès-Meknès,28,INDEPENDANT,9169,1715,125953,36,1,1,2,0.182,AUCUNE,IMMOBILIER,1
INDUSTRIE,Tanger-Tétouan-Al Hoceïma,71,FONCTIONNAIRE,6755,3004,50893,24,45,1,0,0.52,CAUTION,AUTO,0
COMMERCE,Guelmim-Oued Noun,57,SALARIE_CDD,4099,1849,16841,36,31,1,2,0.499,HYPOTHEQUE,AUTO,1
INDUSTRIE,Oriental,27,SALARIE_CDI,12475,6995,37739,60,5,0,1,0.495,CAUTION,AUTO,1
SERVICES,Marrakech-Safi,53,RETRAITE,9556,5428,31203,60,32,3,3,0.625,AUCUNE,CONSOMMATION,1
TECH,Drâa-Tafilalet,48,SALARIE_CDD,28002,5628,24860,24,27,1,0,0.241,HYPOTHEQUE,PROFESSIONNEL,1
AGRICULTURE,Drâa-Tafilalet,57,SALARIE_CDD,7761,4697,45255,60,32,4,1,0.701,HYPOTHEQUE,IMMOBILIER,0
SERVICES,Marrakech-Safi,23,INDEPENDANT,9283,5242,9747,12,0,3,2,0.578,CAUTION,CONSOMMATION,1
COMMERCE,Oriental,53,INDEPENDANT,9381,4443,111545,12,26,1,0,0.562,HYPOTHEQUE,IMMOBILIER,1
SERVICES,Oriental,60,INDEPENDANT,10860,3514,55735,24,42,1,1,0.237,AUCUNE,PROFESSIONNEL,0
COMMERCE,Marrakech-Safi,63,INDEPENDANT,5244,2742,10007,120,40,0,0,0.501,CAUTION,IMMOBILIER,0
INDUSTRIE,Casablanca-Settat,66,SALARIE_CDI,7826,3603,55274,60,45,5,1,0.361,NANTISSEMENT,PROFESSIONNEL,0
COMMERCE,Drâa-Tafilalet,57,INDEPENDANT,11760,3840,49528,12,30,4,1,0.311,HYPOTHEQUE,PROFESSIONNEL,1
TECH,Béni Mellal-Khénifra,62,SALARIE_CDI,6976,1093,101287,12,42,3,3,0.165,CAUTION,IMMOBILIER,0
TECH,Drâa-Tafilalet,23,INDEPENDANT,11563,5160,121398,84,5,0,4,0.445,HYPOTHEQUE,IMMOBILIER,1
SERVICES,Tanger-Tétouan-Al Hoceïma,68,SALARIE_CDD,8464,3709,136595,48,45,3,5,0.485,CAUTION,PROFESSIONNEL,1
AGRICULTURE,Oriental,41,SALARIE_CDI,9709,2207,29898,84,14,3,1,0.351,AUCUNE,CONSOMMATION,0
SERVICES,Dakhla-Oued Ed-Dahab,52,SALARIE_CDD,13603,8205,53028,36,29,5,1,0.585,AUCUNE,PROFESSIONNEL,1
SERVICES,Marrakech-Safi,52,INDEPENDANT,7315,1680,25945,36,28,2,1,0.293,HYPOTHEQUE,CONSOMMATION,0
COMMERCE,Béni Mellal-Khénifra,79,FONCTIONNAIRE,4216,1238,72034,24,45,0,1,0.329,HYPOTHEQUE,PROFESSIONNEL,0
INDUSTRIE,Rabat-Salé-Kénitra,38,INDEPENDANT,7188,2415,7998,60,19,4,2,0.355,AUCUNE,CONSOMMATION,1
TECH,Casablanca-Settat,42,SALARIE_CDI,5589,2747,14872,60,15,2,0,0.534,AUCUNE,AUTO,0
TECH,Dakhla-Oued Ed-Dahab,65,SALARIE_CDI,3113,594,26804,48,45,4,1,0.174,CAUTION,AUTO,0
INDUSTRIE,Rabat-Salé-Kénitra,57,FONCTIONNAIRE,7723,3871,34817,120,36,5,0,0.554,AUCUNE,CONSOMMATION,0
AGRICULTURE,Béni Mellal-Khénifra,38,SALARIE_CDD,8862,3166,40718,60,13,5,0,0.285,AUCUNE,IMMOBILIER,0
INDUSTRIE,Oriental,39,FONCTIONNAIRE,12827,3097,88614,120,12,3,2,0.249,HYPOTHEQUE,CONSOMMATION,1
COMMERCE,Guelmim-Oued Noun,70,RETRAITE,4853,1000,23039,84,45,1,1,0.191,AUCUNE,AUTO,0
SERVICES,Oriental,70,FONCTIONNAIRE,8432,3003,14698,12,43,3,0,0.481,AUCUNE,AUTO,0
AGRICULTURE,Drâa-Tafilalet,27,SALARIE_CDD,13462,5021,27687,48,9,0,0,0.319,CAUTION,IMMOBILIER,0
SERVICES,Laâyoune-Sakia El Hamra,43,FONCTIONNAIRE,6257,1368,23760,120,20,3,0,0.243,AUCUNE,CONSOMMATION,0
SERVICES,Guelmim-Oued Noun,66,INDEPENDANT,10314,4035,53490,84,45,3,1,0.454,HYPOTHEQUE,IMMOBILIER,0
INDUSTRIE,Drâa-Tafilalet,25,FONCTIONNAIRE,16630,6672,105609,12,0,5,0,0.373,AUCUNE,PROFESSIONNEL,0
AGRICULTURE,Rabat-Salé-Kénitra,29,INDEPENDANT,3505,2245,99162,24,10,2,1,0.642,NANTISSEMENT,AUTO,0
AGRICULTURE,Marrakech-Safi,27,SALARIE_CDI,9161,4641,77856,12,4,4,0,0.481,AUCUNE,IMMOBILIER,0
TECH,Souss-Massa,51,INDEPENDANT,13675,2134,24375,60,32,2,1,0.134,HYPOTHEQUE,IMMOBILIER,0
AGRICULTURE,Béni Mellal-Khénifra,46,SALARIE_CDI,6920,2688,32428,48,27,3,0,0.473,CAUTION,IMMOBILIER,0
AGRICULTURE,Drâa-Tafilalet,38,INDEPENDANT,15124,2432,48885,36,15,5,0,0.067,NANTISSEMENT,CONSOMMATION,0
COMMERCE,Guelmim-Oued Noun,26,INDEPENDANT,10779,4372,21175,120,6,2,0,0.42,AUCUNE,CONSOMMATION,0
INDUSTRIE,Rabat-Salé-Kénitra,58,INDEPENDANT,17966,5731,22602,120,35,2,1,0.215,CAUTION,PROFESSIONNEL,1
TECH,Marrakech-Safi,68,SALARIE_CDI,10531,6337,47199,12,45,2,3,0.65,AUCUNE,IMMOBILIER,1
COMMERCE,Rabat-Salé-Kénitra,31,INDEPENDANT,18651,7398,13973,84,9,3,1,0.378,CAUTION,PROFESSIONNEL,0
INDUSTRIE,Oriental,59,SALARIE_CDI,9274,5332,78028,120,39,0,2,0.489,AUCUNE,PROFESSIONNEL,1
SERVICES,Béni Mellal-Khénifra,68,SALARIE_CDD,4379,1935,27417,12,43,0,2,0.435,AUCUNE,CONSOMMATION,0
TECH,Rabat-Salé-Kénitra,53,FONCTIONNAIRE,6100,2124,53018,120,26,3,0,0.288,HYPOTHEQUE,CONSOMMATION,0
SERVICES,Laâyoune-Sakia El Hamra,54,SALARIE_CDD,12814,3394,41973,84,36,4,0,0.315,AUCUNE,AUTO,0
AGRICULTURE,Fès-Meknès,28,SALARIE_CDI,12701,3068,87372,24,6,0,1,0.294,AUCUNE,PROFESSIONNEL,0
SERVICES,Béni Mellal-Khénifra,78,FONCTIONNAIRE,7046,3856,8187,60,45,2,0,0.49,AUCUNE,PROFESSIONNEL,0
SERVICES,Guelmim-Oued Noun,78,FONCTIONNAIRE,18250,10795,87755,12,45,4,4,0.619,NANTISSEMENT,CONSOMMATION,0
TECH,Casablanca-Settat,62,FONCTIONNAIRE,6910,2156,86394,60,35,1,0,0.28,HYPOTHEQUE,CONSOMMATION,0
SERVICES,Laâyoune-Sakia El Hamra,74,FONCTIONNAIRE,9976,3964,44217,36,45,5,0,0.383,HYPOTHEQUE,AUTO,0
SERVICES,Dakhla-Oued Ed-Dahab,56,INDEPENDANT,9852,2894,52309,24,29,2,0,0.394,CAUTION,IMMOBILIER,0
COMMERCE,Dakhla-Oued Ed-Dahab,59,SALARIE_CDD,4453,1682,55131,84,41,4,0,0.359,AUCUNE,CONSOMMATION,0
TECH,Rabat-Salé-Kénitra,70,SALARIE_CDI,7710,4508,19327,84,45,1,0,0.658,AUCUNE,PROFESSIONNEL,0
SERVICES,Tanger-Tétouan-Al Hoceïma,20,FONCTIONNAIRE,23651,5179,37718,36,0,5,0,0.308,AUCUNE,CONSOMMATION,0
INDUSTRIE,Marrakech-Safi,31,INDEPENDANT,5351,1583,67712,12,5,3,1,0.28,CAUTION,CONSOMMATION,0
TECH,Souss-Massa,30,SALARIE_CDI,10736,5343,10391,84,8,2,0,0.512,NANTISSEMENT,CONSOMMATION,0
AGRICULTURE,Dakhla-Oued Ed-Dahab,57,SALARIE_CDI,4820,1472,50500,120,32,1,0,0.282,HYPOTHEQUE,CONSOMMATION,0
COMMERCE,Guelmim-Oued Noun,33,INDEPENDANT,5326,1015,38598,120,10,4,1,0.192,AUCUNE,PROFESSIONNEL,1
SERVICES,Guelmim-Oued Noun,42,INDEPENDANT,4288,1446,56339,48,20,2,2,0.371,CAUTION,CONSOMMATION,0
SERVICES,Souss-Massa,49,FONCTIONNAIRE,12376,6042,14908,48,30,5,0,0.485,HYPOTHEQUE,CONSOMMATION,1
SERVICES,Dakhla-Oued Ed-Dahab,64,INDEPENDANT,5475,3515,21578,12,37,0,0,0.662,AUCUNE,IMMOBILIER,1
SERVICES,Dakhla-Oued Ed-Dahab,50,RETRAITE,14334,8544,13667,36,32,5,0,0.562,AUCUNE,AUTO,1
COMMERCE,Guelmim-Oued Noun,19,FONCTIONNAIRE,6380,2749,13564,60,0,1,3,0.387,CAUTION,CONSOMMATION,0
SERVICES,Guelmim-Oued Noun,61,SALARIE_CDI,8584,4624,64967,84,35,0,0,0.521,CAUTION,PROFESSIONNEL,0
COMMERCE,Béni Mellal-Khénifra,44,FONCTIONNAIRE,9751,4248,24047,36,21,2,1,0.444,CAUTION,AUTO,1
COMMERCE,Rabat-Salé-Kénitra,25,INDEPENDANT,3914,1554,22842,120,4,1,0,0.462,NANTISSEMENT,CONSOMMATION,1
COMMERCE,Fès-Meknès,59,FONCTIONNAIRE,8881,2090,77920,24,39,4,2,0.227,AUCUNE,CONSOMMATION,1
SERVICES,Guelmim-Oued Noun,35,SALARIE_CDI,9485,2808,28554,60,16,5,0,0.317,HYPOTHEQUE,CONSOMMATION,0
TECH,Fès-Meknès,47,INDEPENDANT,13535,5090,71297,60,27,3,4,0.33,CAUTION,IMMOBILIER,0
TECH,Marrakech-Safi,78,INDEPENDANT,5262,3382,17421,60,45,3,0,0.687,NANTISSEMENT,AUTO,1
TECH,Dakhla-Oued Ed-Dahab,32,SALARIE_CDD,5610,2549,28499,36,6,0,1,0.436,NANTISSEMENT,PROFESSIONNEL,0
SERVICES,Souss-Massa,73,RETRAITE,10903,6786,19265,60,45,1,0,0.612,HYPOTHEQUE,IMMOBILIER,0
SERVICES,Laâyoune-Sakia El Hamra,47,INDEPENDANT,15300,4274,53291,24,23,3,0,0.283,CAUTION,AUTO,0
AGRICULTURE,Fès-Meknès,76,INDEPENDANT,6207,1145,31419,84,45,4,0,0.158,HYPOTHEQUE,IMMOBILIER,1
INDUSTRIE,Tanger-Tétouan-Al Hoceïma,71,RETRAITE,4648,2971,60584,60,45,2,0,0.585,AUCUNE,AUTO,0
INDUSTRIE,Tanger-Tétouan-Al Hoceïma,70,SALARIE_CDI,7027,2212,40417,36,43,4,0,0.338,AUCUNE,CONSOMMATION,0
COMMERCE,Tanger-Tétouan-Al Hoceïma,31,INDEPENDANT,5136,2145,9300,36,10,2,0,0.464,NANTISSEMENT,PROFESSIONNEL,1
COMMERCE,Souss-Massa,67,SALARIE_CDD,9691,1798,30186,12,44,5,0,0.12,NANTISSEMENT,CONSOMMATION,0
AGRICULTURE,Fès-Meknès,41,INDEPENDANT,4984,2892,12397,12,14,0,1,0.594,CAUTION,CONSOMMATION,0
INDUSTRIE,Guelmim-Oued Noun,75,INDEPENDANT,12554,1887,46284,36,45,5,0,0.163,CAUTION,IMMOBILIER,0
AGRICULTURE,Fès-Meknès,80,INDEPENDANT,8917,5377,53564,24,45,3,3,0.586,HYPOTHEQUE,PROFESSIONNEL,0
SERVICES,Souss-Massa,56,INDEPENDANT,12732,2963,57598,60,31,5,0,0.215,CAUTION,CONSOMMATION,0
COMMERCE,Laâyoune-Sakia El Hamra,75,INDEPENDANT,2723,658,33323,48,45,1,4,0.296,AUCUNE,PROFESSIONNEL,1
COMMERCE,Souss-Massa,51,SALARIE_CDI,3673,2068,11586,24,33,0,0,0.672,AUCUNE,AUTO,1
SERVICES,Casablanca-Settat,20,SALARIE_CDD,14497,4974,42054,60,1,1,1,0.409,HYPOTHEQUE,CONSOMMATION,0
SERVICES,Casablanca-Settat,73,SALARIE_CDI,5862,1630,48291,60,45,3,1,0.306,AUCUNE,CONSOMMATION,1
INDUSTRIE,Souss-Massa,51,INDEPENDANT,4189,1878,31959,48,31,4,0,0.508,HYPOTHEQUE,PROFESSIONNEL,1
AGRICULTURE,Béni Mellal-Khénifra,20,FONCTIONNAIRE,7397,2050,38555,60,0,4,0,0.302,NANTISSEMENT,CONSOMMATION,1
COMMERCE,Dakhla-Oued Ed-Dahab,22,FONCTIONNAIRE,9037,2650,9686,120,0,0,0,0.26,AUCUNE,CONSOMMATION,0
AGRICULTURE,Rabat-Salé-Kénitra,63,SALARIE_CDI,7547,1304,38039,60,39,2,3,0.192,CAUTION,IMMOBILIER,0
TECH,Oriental,76,FONCTIONNAIRE,10003,4198,33662,36,45,4,3,0.353,CAUTION,IMMOBILIER,0
COMMERCE,Fès-Meknès,61,SALARIE_CDD,9411,2021,15539,60,39,4,0,0.178,HYPOTHEQUE,CONSOMMATION,0
TECH,Souss-Massa,45,RETRAITE,9192,5226,52564,120,24,2,0,0.616,AUCUNE,IMMOBILIER,0
SERVICES,Souss-Massa,37,INDEPENDANT,14865,7812,25694,60,16,2,0,0.517,CAUTION,CONSOMMATION,0
SERVICES,Fès-Meknès,44,FONCTIONNAIRE,8052,2357,42633,48,23,1,0,0.252,CAUTION,CONSOMMATION,0
TECH,Casablanca-Settat,38,INDEPENDANT,7946,3313,51105,12,17,1,0,0.387,AUCUNE,CONSOMMATION,0
TECH,Casablanca-Settat,35,SALARIE_CDI,11629,5102,45714,60,14,3,1,0.378,CAUTION,IMMOBILIER,1
SERVICES,Oriental,26,SALARIE_CDI,10391,5021,14206,84,5,2,2,0.5,CAUTION,CONSOMMATION,1
COMMERCE,Marrakech-Safi,53,FONCTIONNAIRE,5398,1940,27754,48,30,1,0,0.338,CAUTION,IMMOBILIER,1
COMMERCE,Fès-Meknès,31,INDEPENDANT,7774,3702,161236,60,8,0,0,0.464,CAUTION,IMMOBILIER,0
TECH,Rabat-Salé-Kénitra,27,SALARIE_CDI,9869,2316,96459,12,0,5,0,0.256,HYPOTHEQUE,IMMOBILIER,1
COMMERCE,Casablanca-Settat,35,SALARIE_CDI,6223,2399,65132,120,16,4,1,0.403,CAUTION,CONSOMMATION,1
INDUSTRIE,Rabat-Salé-Kénitra,68,FONCTIONNAIRE,6357,1252,44004,36,41,0,0,0.138,AUCUNE,AUTO,0
INDUSTRIE,Tanger-Tétouan-Al Hoceïma,54,SALARIE_CDI,4332,2688,18185,120,28,3,0,0.563,CAUTION,PROFESSIONNEL,1
INDUSTRIE,Rabat-Salé-Kénitra,48,SALARIE_CDD,2500,877,32416,60,21,4,0,0.347,AUCUNE,CONSOMMATION,0
COMMERCE,Marrakech-Safi,55,SALARIE_CDD,6848,3141,27019,84,29,3,0,0.491,AUCUNE,IMMOBILIER,0
TECH,Fès-Meknès,53,RETRAITE,8581,3389,34225,24,29,4,1,0.362,HYPOTHEQUE,IMMOBILIER,0
INDUSTRIE,Fès-Meknès,49,SALARIE_CDI,4950,809,13193,24,27,3,0,0.137,AUCUNE,IMMOBILIER,0
SERVICES,Casablanca-Settat,70,SALARIE_CDI,15064,2732,70838,36,43,1,0,0.188,NANTISSEMENT,IMMOBILIER,1
SERVICES,Rabat-Salé-Kénitra,64,SALARIE_CDI,5059,1428,5538,24,38,2,1,0.288,AUCUNE,IMMOBILIER,0
TECH,Dakhla-Oued Ed-Dahab,29,SALARIE_CDI,12218,5956,66170,60,8,4,1,0.485,NANTISSEMENT,IMMOBILIER,1
TECH,Drâa-Tafilalet,69,INDEPENDANT,9783,4605,67061,24,45,5,0,0.49,CAUTION,IMMOBILIER,1
SERVICES,Rabat-Salé-Kénitra,29,SALARIE_CDD,21576,5264,185125,84,10,2,2,0.199,CAUTION,CONSOMMATION,0
SERVICES,Fès-Meknès,22,SALARIE_CDI,10331,4074,30490,24,0,2,1,0.47,HYPOTHEQUE,IMMOBILIER,0
COMMERCE,Tanger-Tétouan-Al Hoceïma,44,RETRAITE,4227,1410,25236,48,17,5,2,0.319,AUCUNE,CONSOMMATION,1
SERVICES,Laâyoune-Sakia El Hamra,42,INDEPENDANT,13023,5656,39507,36,16,1,3,0.518,HYPOTHEQUE,CONSOMMATION,0
TECH,Laâyoune-Sakia El Hamra,67,SALARIE_CDI,17395,5520,53738,84,41,2,1,0.209,NANTISSEMENT,IMMOBILIER,0
INDUSTRIE,Guelmim-Oued Noun,61,SALARIE_CDI,3650,2183,34093,36,35,4,0,0.513,AUCUNE,IMMOBILIER,1
SERVICES,Rabat-Salé-Kénitra,21,INDEPENDANT,10803,4172,15865,84,0,1,1,0.382,AUCUNE,CONSOMMATION,1
AGRICULTURE,Souss-Massa,49,FONCTIONNAIRE,11934,4335,53689,120,23,3,0,0.413,CAUTION,AUTO,0
SERVICES,Souss-Massa,68,RETRAITE,7363,3694,36299,48,45,5,0,0.513,HYPOTHEQUE,PROFESSIONNEL,0
INDUSTRIE,Béni Mellal-Khénifra,64,SALARIE_CDI,2725,1472,17931,12,41,5,0,0.535,AUCUNE,CONSOMMATION,0
SERVICES,Laâyoune-Sakia El Hamra,49,INDEPENDANT,7093,2616,11645,60,28,3,0,0.383,AUCUNE,AUTO,1
SERVICES,Fès-Meknès,56,SALARIE_CDI,6239,1276,204483,60,36,0,0,0.203,CAUTION,CONSOMMATION,0
SERVICES,Oriental,53,SALARIE_CDI,16129,3106,65019,12,31,4,1,0.291,AUCUNE,PROFESSIONNEL,0
SERVICES,Fès-Meknès,32,INDEPENDANT,7786,2440,53721,48,7,5,4,0.288,AUCUNE,CONSOMMATION,1
SERVICES,Marrakech-Safi,53,INDEPENDANT,6731,3475,33507,12,27,2,1,0.58,NANTISSEMENT,CONSOMMATION,1
SERVICES,Fès-Meknès,60,SALARIE_CDI,6223,2967,58864,24,37,4,0,0.44,CAUTION,PROFESSIONNEL,0
COMMERCE,Drâa-Tafilalet,21,SALARIE_CDI,9382,2757,17386,60,0,2,2,0.279,CAUTION,IMMOBILIER,0
COMMERCE,Souss-Massa,61,INDEPENDANT,8313,1265,41755,48,37,5,5,0.104,HYPOTHEQUE,CONSOMMATION,1
INDUSTRIE,Drâa-Tafilalet,33,SALARIE_CDI,5679,2677,43049,60,11,5,0,0.514,AUCUNE,AUTO,1
INDUSTRIE,Drâa-Tafilalet,18,SALARIE_CDI,9125,3944,17689,36,0,3,3,0.493,HYPOTHEQUE,IMMOBILIER,1
COMMERCE,Tanger-Tétouan-Al Hoceïma,65,SALARIE_CDI,6306,3382,33755,36,45,3,1,0.528,CAUTION,IMMOBILIER,1
TECH,Dakhla-Oued Ed-Dahab,42,SALARIE_CDI,2524,1245,27203,12,20,4,0,0.521,AUCUNE,PROFESSIONNEL,1
TECH,Casablanca-Settat,43,INDEPENDANT,10945,2993,21274,60,18,4,0,0.28,CAUTION,CONSOMMATION,1
SERVICES,Laâyoune-Sakia El Hamra,57,SALARIE_CDI,10487,5416,24905,48,34,1,1,0.546,CAUTION,CONSOMMATION,0
SERVICES,Casablanca-Settat,53,FONCTIONNAIRE,8865,3486,10995,12,29,5,4,0.452,NANTISSEMENT,AUTO,0
SERVICES,Tanger-Tétouan-Al Hoceïma,57,FONCTIONNAIRE,6640,2904,76417,12,32,3,0,0.38,AUCUNE,CONSOMMATION,0
SERVICES,Guelmim-Oued Noun,77,SALARIE_CDI,7845,2577,108405,84,45,4,3,0.276,AUCUNE,IMMOBILIER,1
COMMERCE,Drâa-Tafilalet,59,FONCTIONNAIRE,11716,6389,18988,84,33,0,0,0.518,AUCUNE,CONSOMMATION,0
INDUSTRIE,Fès-Meknès,20,SALARIE_CDI,6098,1513,78984,36,0,4,0,0.226,NANTISSEMENT,CONSOMMATION,0
SERVICES,Laâyoune-Sakia El Hamra,32,INDEPENDANT,11930,3010,35511,120,12,1,1,0.263,CAUTION,CONSOMMATION,0
INDUSTRIE,Rabat-Salé-Kénitra,46,INDEPENDANT,4173,1121,36057,48,25,0,0,0.269,CAUTION,PROFESSIONNEL,0
COMMERCE,Drâa-Tafilalet,47,INDEPENDANT,8740,4761,14666,48,22,4,0,0.535,CAUTION,PROFESSIONNEL,1
SERVICES,Oriental,40,SALARIE_CDD,8198,4214,24577,120,16,1,0,0.51,AUCUNE,IMMOBILIER,1
TECH,Marrakech-Safi,29,INDEPENDANT,12724,3624,52731,60,11,1,0,0.296,CAUTION,PROFESSIONNEL,0
SERVICES,Dakhla-Oued Ed-Dahab,24,FONCTIONNAIRE,5359,1189,18348,48,6,4,0,0.184,CAUTION,IMMOBILIER,0
AGRICULTURE,Guelmim-Oued Noun,27,SALARIE_CDD,5628,924,21608,12,3,2,1,0.058,NANTISSEMENT,AUTO,1
SERVICES,Casablanca-Settat,77,SALARIE_CDI,4326,2128,25446,48,45,5,0,0.447,HYPOTHEQUE,CONSOMMATION,0
TECH,Rabat-Salé-Kénitra,42,SALARIE_CDI,6279,2634,5000,36,21,3,0,0.475,CAUTION,AUTO,0
AGRICULTURE,Casablanca-Settat,78,SALARIE_CDI,9090,4556,45697,12,45,2,0,0.372,HYPOTHEQUE,AUTO,0
AGRICULTURE,Tanger-Tétouan-Al Hoceïma,39,SALARIE_CDI,3608,1819,56720,48,14,4,1,0.561,AUCUNE,AUTO,1
TECH,Souss-Massa,37,RETRAITE,6639,3800,46874,12,10,4,3,0.544,CAUTION,CONSOMMATION,1
TECH,Drâa-Tafilalet,48,RETRAITE,10666,3818,70262,120,22,3,1,0.401,HYPOTHEQUE,CONSOMMATION,1
COMMERCE,Drâa-Tafilalet,77,SALARIE_CDI,7736,4360,26614,120,45,0,0,0.513,HYPOTHEQUE,PROFESSIONNEL,0
TECH,Casablanca-Settat,53,RETRAITE,8382,3084,129034,84,35,1,0,0.243,HYPOTHEQUE,IMMOBILIER,0
SERVICES,Souss-Massa,20,INDEPENDANT,4114,2073,20103,120,0,0,2,0.461,NANTISSEMENT,PROFESSIONNEL,0
COMMERCE,Guelmim-Oued Noun,35,SALARIE_CDD,7746,3296,31035,84,15,3,0,0.419,CAUTION,IMMOBILIER,0
COMMERCE,Laâyoune-Sakia El Hamra,79,RETRAITE,8208,5013,28962,84,45,0,0,0.63,AUCUNE,CONSOMMATION,0
TECH,Fès-Meknès,27,INDEPENDANT,7528,2522,41374,12,1,5,1,0.264,HYPOTHEQUE,CONSOMMATION,1
COMMERCE,Casablanca-Settat,70,FONCTIONNAIRE,8680,4296,30709,120,45,0,0,0.514,AUCUNE,PROFESSIONNEL,0
INDUSTRIE,Rabat-Salé-Kénitra,76,SALARIE_CDI,7051,3166,33791,24,45,3,0,0.45,AUCUNE,CONSOMMATION,0
COMMERCE,Tanger-Tétouan-Al Hoceïma,31,SALARIE_CDI,6600,4286,22586,12,13,0,1,0.619,AUCUNE,IMMOBILIER,0
SERVICES,Souss-Massa,53,INDEPENDANT,5075,957,26717,120,28,5,0,0.194,AUCUNE,PROFESSIONNEL,0
SERVICES,Tanger-Tétouan-Al Hoceïma,55,SALARIE_CDI,12563,5641,7601,84,34,0,0,0.453,CAUTION,PROFESSIONNEL,0
COMMERCE,Rabat-Salé-Kénitra,68,SALARIE_CDI,4666,1242,63685,60,45,4,1,0.293,CAUTION,CONSOMMATION,1
INDUSTRIE,Tanger-Tétouan-Al Hoceïma,68,SALARIE_CDI,8700,5151,17758,12,45,4,0,0.602,AUCUNE,CONSOMMATION,1
SERVICES,Fès-Meknès,21,SALARIE_CDD,18323,10027,25759,36,0,3,0,0.553,AUCUNE,CONSOMMATION,1
INDUSTRIE,Souss-Massa,38,SALARIE_CDD,13302,6397,17295,60,14,2,0,0.58,NANTISSEMENT,PROFESSIONNEL,1
INDUSTRIE,Casablanca-Settat,77,RETRAITE,10191,3976,54110,60,45,5,0,0.293,AUCUNE,IMMOBILIER,1
INDUSTRIE,Guelmim-Oued Noun,40,SALARIE_CDD,9067,4449,24826,84,14,3,5,0.426,CAUTION,CONSOMMATION,1
INDUSTRIE,Souss-Massa,33,INDEPENDANT,7650,3268,6567,24,7,0,0,0.482,CAUTION,IMMOBILIER,1
COMMERCE,Fès-Meknès,57,FONCTIONNAIRE,5401,1586,44202,60,39,2,4,0.22,CAUTION,PROFESSIONNEL,1
INDUSTRIE,Laâyoune-Sakia El Hamra,30,FONCTIONNAIRE,7228,4046,21524,12,5,3,3,0.605,CAUTION,CONSOMMATION,1
AGRICULTURE,Drâa-Tafilalet,27,SALARIE_CDI,10495,4264,35726,24,1,2,3,0.422,CAUTION,PROFESSIONNEL,0
AGRICULTURE,Rabat-Salé-Kénitra,68,SALARIE_CDI,9656,2690,65025,12,44,2,0,0.213,CAUTION,IMMOBILIER,1
COMMERCE,Rabat-Salé-Kénitra,25,INDEPENDANT,11556,5572,18192,120,3,0,1,0.532,HYPOTHEQUE,CONSOMMATION,1
INDUSTRIE,Casablanca-Settat,74,INDEPENDANT,14029,2235,35045,36,45,1,1,0.219,AUCUNE,IMMOBILIER,0
COMMERCE,Oriental,33,SALARIE_CDD,7545,3848,21159,48,15,3,0,0.512,CAUTION,PROFESSIONNEL,0
TECH,Tanger-Tétouan-Al Hoceïma,24,INDEPENDANT,8834,3403,72451,12,6,5,0,0.38,HYPOTHEQUE,IMMOBILIER,1
COMMERCE,Tanger-Tétouan-Al Hoceïma,64,INDEPENDANT,3448,1611,38379,120,45,0,4,0.532,HYPOTHEQUE,PROFESSIONNEL,1
TECH,Oriental,29,SALARIE_CDI,22366,5113,35733,36,4,1,0,0.144,CAUTION,CONSOMMATION,0
COMMERCE,Oriental,41,FONCTIONNAIRE,6726,3424,15235,48,23,5,2,0.544,CAUTION,CONSOMMATION,1
COMMERCE,Casablanca-Settat,40,INDEPENDANT,10865,5559,61398,36,22,2,0,0.44,CAUTION,IMMOBILIER,1
INDUSTRIE,Rabat-Salé-Kénitra,49,INDEPENDANT,6724,3502,67102,36,26,1,0,0.55,CAUTION,CONSOMMATION,0
TECH,Guelmim-Oued Noun,47,SALARIE_CDI,6654,2552,21241,36,24,3,0,0.377,CAUTION,AUTO,0
SERVICES,Dakhla-Oued Ed-Dahab,30,SALARIE_CDI,7283,3425,40446,120,10,1,2,0.469,NANTISSEMENT,IMMOBILIER,1
COMMERCE,Laâyoune-Sakia El Hamra,32,SALARIE_CDD,4627,1965,54808,12,6,5,0,0.507,HYPOTHEQUE,IMMOBILIER,0
TECH,Laâyoune-Sakia El Hamra,30,SALARIE_CDI,2654,707,171542,84,8,1,2,0.188,HYPOTHEQUE,PROFESSIONNEL,0
SERVICES,Souss-Massa,21,SALARIE_CDI,13655,2205,47753,24,0,3,2,0.197,AUCUNE,AUTO,1
COMMERCE,Guelmim-Oued Noun,58,FONCTIONNAIRE,10359,3696,36305,12,33,0,0,0.353,AUCUNE,IMMOBILIER,0
SERVICES,Laâyoune-Sakia El Hamra,47,FONCTIONNAIRE,5366,2991,32567,120,23,5,0,0.562,HYPOTHEQUE,IMMOBILIER,0
TECH,Laâyoune-Sakia El Hamra,24,SALARIE_CDI,9930,3089,33951,48,2,1,0,0.354,HYPOTHEQUE,CONSOMMATION,1
SERVICES,Rabat-Salé-Kénitra,38,FONCTIONNAIRE,11740,6158,62138,120,15,4,2,0.565,HYPOTHEQUE,IMMOBILIER,0
AGRICULTURE,Rabat-Salé-Kénitra,60,SALARIE_CDI,5932,2787,19586,12,41,5,2,0.501,HYPOTHEQUE,IMMOBILIER,0
SERVICES,Tanger-Tétouan-Al Hoceïma,35,SALARIE_CDD,9753,3186,69764,12,11,3,0,0.283,CAUTION,CONSOMMATION,1
AGRICULTURE,Oriental,43,INDEPENDANT,12747,1916,12346,120,17,0,1,0.181,AUCUNE,PROFESSIONNEL,0
TECH,Dakhla-Oued Ed-Dahab,64,INDEPENDANT,4242,1550,57898,24,40,2,3,0.403,CAUTION,CONSOMMATION,0
COMMERCE,Fès-Meknès,60,SALARIE_CDI,10301,3569,70359,48,40,2,0,0.372,HYPOTHEQUE,PROFESSIONNEL,0
TECH,Guelmim-Oued Noun,62,INDEPENDANT,9547,2094,63852,24,35,0,0,0.251,HYPOTHEQUE,CONSOMMATION,0
TECH,Laâyoune-Sakia El Hamra,42,INDEPENDANT,18887,10565,43883,24,17,2,0,0.564,CAUTION,PROFESSIONNEL,0
AGRICULTURE,Dakhla-Oued Ed-Dahab,48,FONCTIONNAIRE,10411,6535,47879,60,21,3,0,0.57,NANTISSEMENT,PROFESSIONNEL,0
SERVICES,Marrakech-Safi,71,RETRAITE,6735,1419,27443,12,45,4,0,0.19,CAUTION,CONSOMMATION,0
COMMERCE,Marrakech-Safi,72,SALARIE_CDI,7095,1884,16523,84,45,1,3,0.242,CAUTION,PROFESSIONNEL,0
SERVICES,Marrakech-Safi,21,SALARIE_CDI,20141,9391,43252,36,0,3,0,0.468,AUCUNE,CONSOMMATION,1
COMMERCE,Drâa-Tafilalet,70,INDEPENDANT,6907,4320,38112,120,44,4,2,0.606,CAUTION,IMMOBILIER,1
SERVICES,Drâa-Tafilalet,74,SALARIE_CDD,10549,6509,69326,36,45,0,5,0.707,AUCUNE,IMMOBILIER,0
COMMERCE,Tanger-Tétouan-Al Hoceïma,77,SALARIE_CDI,7279,4481,32896,84,45,2,0,0.638,CAUTION,AUTO,0
COMMERCE,Rabat-Salé-Kénitra,34,SALARIE_CDI,13181,4878,40590,120,7,0,2,0.367,CAUTION,CONSOMMATION,1
COMMERCE,Oriental,49,SALARIE_CDI,13478,8666,44409,60,24,4,1,0.657,CAUTION,CONSOMMATION,0
COMMERCE,Drâa-Tafilalet,20,SALARIE_CDI,8021,2666,54213,120,1,3,0,0.354,AUCUNE,AUTO,1
TECH,Souss-Massa,24,SALARIE_CDI,6748,1305,70546,84,0,3,0,0.302,HYPOTHEQUE,CONSOMMATION,0
TECH,Fès-Meknès,53,RETRAITE,6676,3353,18627,48,30,4,0,0.525,CAUTION,PROFESSIONNEL,1
COMMERCE,Béni Mellal-Khénifra,30,SALARIE_CDI,3725,1595,59349,120,11,5,2,0.408,AUCUNE,AUTO,1
COMMERCE,Béni Mellal-Khénifra,32,INDEPENDANT,8478,4661,32004,120,7,3,4,0.499,AUCUNE,PROFESSIONNEL,1
AGRICULTURE,Béni Mellal-Khénifra,36,SALARIE_CDI,8402,3870,56944,120,9,1,0,0.472,AUCUNE,CONSOMMATION,1
SERVICES,Laâyoune-Sakia El Hamra,46,SALARIE_CDI,5612,3145,102225,84,20,3,0,0.663,CAUTION,CONSOMMATION,0
SERVICES,Fès-Meknès,27,INDEPENDANT,3549,1143,8301,12,8,4,0,0.314,AUCUNE,AUTO,0
SERVICES,Béni Mellal-Khénifra,68,SALARIE_CDI,8891,2614,84975,84,44,5,2,0.247,AUCUNE,AUTO,0
COMMERCE,Laâyoune-Sakia El Hamra,60,SALARIE_CDI,9411,4975,33427,24,41,3,0,0.578,CAUTION,CONSOMMATION,0
INDUSTRIE,Marrakech-Safi,67,INDEPENDANT,9678,3860,19954,24,43,2,0,0.405,CAUTION,IMMOBILIER,0
TECH,Fès-Meknès,76,SALARIE_CDI,5190,1244,26735,84,45,2,3,0.158,HYPOTHEQUE,CONSOMMATION,1
COMMERCE,Casablanca-Settat,55,SALARIE_CDI,9687,3269,17641,84,28,1,0,0.348,AUCUNE,IMMOBILIER,0
INDUSTRIE,Tanger-Tétouan-Al Hoceïma,40,RETRAITE,7477,4115,51805,12,22,1,0,0.607,AUCUNE,PROFESSIONNEL,0
AGRICULTURE,Casablanca-Settat,79,SALARIE_CDD,11956,7317,17600,120,45,4,0,0.507,AUCUNE,CONSOMMATION,1
TECH,Drâa-Tafilalet,53,FONCTIONNAIRE,5226,2771,84375,60,28,5,0,0.566,AUCUNE,CONSOMMATION,0
SERVICES,Rabat-Salé-Kénitra,47,SALARIE_CDI,13597,6922,58944,84,24,2,1,0.447,AUCUNE,CONSOMMATION,0
INDUSTRIE,Drâa-Tafilalet,44,SALARIE_CDI,15986,8885,42574,120,22,3,3,0.546,HYPOTHEQUE,AUTO,0
INDUSTRIE,Oriental,20,SALARIE_CDD,8538,2137,8732,48,0,5,1,0.227,AUCUNE,CONSOMMATION,1
SERVICES,Dakhla-Oued Ed-Dahab,78,FONCTIONNAIRE,9717,4273,14389,36,45,2,0,0.495,AUCUNE,CONSOMMATION,0
SERVICES,Tanger-Tétouan-Al Hoceïma,69,SALARIE_CDI,11531,5155,34334,12,45,4,2,0.497,CAUTION,CONSOMMATION,1
AGRICULTURE,Tanger-Tétouan-Al Hoceïma,62,INDEPENDANT,5107,3181,35669,84,41,4,0,0.555,CAUTION,IMMOBILIER,1
INDUSTRIE,Marrakech-Safi,31,INDEPENDANT,6511,1026,70113,36,10,4,2,0.058,HYPOTHEQUE,AUTO,1
INDUSTRIE,Oriental,76,FONCTIONNAIRE,8803,5592,5000,36,45,3,2,0.56,CAUTION,AUTO,0
TECH,Marrakech-Safi,29,SALARIE_CDD,20173,10349,21345,60,5,5,2,0.534,NANTISSEMENT,IMMOBILIER,1
COMMERCE,Rabat-Salé-Kénitra,33,FONCTIONNAIRE,4730,763,65249,36,12,2,1,0.047,HYPOTHEQUE,CONSOMMATION,1
AGRICULTURE,Dakhla-Oued Ed-Dahab,22,INDEPENDANT,16932,6932,28680,12,1,4,4,0.377,CAUTION,CONSOMMATION,1
TECH,Drâa-Tafilalet,36,SALARIE_CDI,7428,1373,26183,120,17,1,3,0.231,CAUTION,CONSOMMATION,1
COMMERCE,Rabat-Salé-Kénitra,38,INDEPENDANT,7978,3604,11748,36,11,0,3,0.482,CAUTION,PROFESSIONNEL,1
INDUSTRIE,Béni Mellal-Khénifra,68,SALARIE_CDD,14018,5268,76189,84,45,4,0,0.291,AUCUNE,IMMOBILIER,0
AGRICULTURE,Fès-Meknès,38,RETRAITE,20124,10791,25862,60,15,2,0,0.546,HYPOTHEQUE,IMMOBILIER,0
TECH,Marrakech-Safi,78,RETRAITE,9801,4310,78088,24,45,4,5,0.392,HYPOTHEQUE,PROFESSIONNEL,0
AGRICULTURE,Souss-Massa,37,SALARIE_CDI,13686,7434,101319,120,13,2,0,0.511,AUCUNE,CONSOMMATION,1
SERVICES,Guelmim-Oued Noun,51,SALARIE_CDD,5355,1791,91308,120,24,2,1,0.306,CAUTION,CONSOMMATION,1
TECH,Casablanca-Settat,55,FONCTIONNAIRE,6385,3693,35501,60,36,2,1,0.556,AUCUNE,IMMOBILIER,1
COMMERCE,Tanger-Tétouan-Al Hoceïma,70,FONCTIONNAIRE,4409,2571,25876,84,45,3,0,0.579,AUCUNE,PROFESSIONNEL,0
SERVICES,Dakhla-Oued Ed-Dahab,65,INDEPENDANT,6425,3069,24671,60,38,1,0,0.441,AUCUNE,PROFESSIONNEL,1
COMMERCE,Tanger-Tétouan-Al Hoceïma,72,SALARIE_CDI,10450,2945,144039,36,45,1,0,0.247,NANTISSEMENT,AUTO,0
COMMERCE,Rabat-Salé-Kénitra,77,FONCTIONNAIRE,8915,5757,31309,24,45,1,0,0.69,AUCUNE,CONSOMMATION,0
SERVICES,Souss-Massa,25,RETRAITE,17627,9851,75903,120,6,3,4,0.559,CAUTION,CONSOMMATION,1
INDUSTRIE,Drâa-Tafilalet,23,RETRAITE,20427,11762,50903,60,0,3,0,0.521,CAUTION,CONSOMMATION,1
TECH,Dakhla-Oued Ed-Dahab,46,SALARIE_CDI,7620,1187,27226,48,20,5,0,0.161,HYPOTHEQUE,CONSOMMATION,0
INDUSTRIE,Béni Mellal-Khénifra,27,RETRAITE,5968,3360,30420,84,7,4,0,0.489,AUCUNE,CONSOMMATION,1
INDUSTRIE,Casablanca-Settat,49,SALARIE_CDI,13657,3536,83148,48,23,1,0,0.265,CAUTION,IMMOBILIER,0
INDUSTRIE,Guelmim-Oued Noun,55,FONCTIONNAIRE,14313,5784,37119,48,32,1,0,0.432,HYPOTHEQUE,PROFESSIONNEL,1
INDUSTRIE,Guelmim-Oued Noun,35,SALARIE_CDI,9883,4963,26432,12,11,1,0,0.543,CAUTION,CONSOMMATION,0
AGRICULTURE,Béni Mellal-Khénifra,24,FONCTIONNAIRE,11131,3953,20644,120,6,1,0,0.376,HYPOTHEQUE,AUTO,1
TECH,Laâyoune-Sakia El Hamra,78,SALARIE_CDI,10375,2820,45435,12,45,4,5,0.218,AUCUNE,CONSOMMATION,1
SERVICES,Guelmim-Oued Noun,41,SALARIE_CDI,5193,2078,25298,36,23,3,1,0.372,NANTISSEMENT,AUTO,0
AGRICULTURE,Marrakech-Safi,70,SALARIE_CDI,4683,1404,55035,60,45,1,0,0.357,CAUTION,CONSOMMATION,0
TECH,Souss-Massa,57,INDEPENDANT,7920,3625,215541,60,36,4,2,0.442,CAUTION,CONSOMMATION,0
INDUSTRIE,Oriental,59,FONCTIONNAIRE,7403,1517,52191,60,35,1,0,0.201,HYPOTHEQUE,PROFESSIONNEL,0
TECH,Souss-Massa,67,INDEPENDANT,9179,3251,128396,84,45,0,0,0.388,AUCUNE,CONSOMMATION,1
SERVICES,Béni Mellal-Khénifra,34,FONCTIONNAIRE,7638,3405,22018,48,12,2,0,0.521,HYPOTHEQUE,IMMOBILIER,0
AGRICULTURE,Drâa-Tafilalet,31,SALARIE_CDD,3765,2429,58617,120,4,0,1,0.641,HYPOTHEQUE,PROFESSIONNEL,0
COMMERCE,Rabat-Salé-Kénitra,80,SALARIE_CDI,3132,1246,87461,60,45,4,0,0.378,HYPOTHEQUE,PROFESSIONNEL,0
COMMERCE,Oriental,60,SALARIE_CDI,11292,4098,95404,48,35,2,1,0.458,HYPOTHEQUE,PROFESSIONNEL,1
SERVICES,Casablanca-Settat,36,SALARIE_CDD,6013,3876,88920,36,13,3,0,0.743,CAUTION,CONSOMMATION,1
AGRICULTURE,Oriental,58,RETRAITE,7299,4472,36740,48,33,5,0,0.615,CAUTION,IMMOBILIER,1
SERVICES,Souss-Massa,42,SALARIE_CDI,6304,3067,67707,48,17,4,0,0.487,CAUTION,IMMOBILIER,1
SERVICES,Marrakech-Safi,72,FONCTIONNAIRE,5373,2269,17813,120,45,1,0,0.468,HYPOTHEQUE,CONSOMMATION,0
SERVICES,Dakhla-Oued Ed-Dahab,50,INDEPENDANT,5309,1515,111858,24,29,2,4,0.307,CAUTION,PROFESSIONNEL,0
TECH,Fès-Meknès,37,INDEPENDANT,12822,5923,18648,48,16,5,1,0.463,AUCUNE,IMMOBILIER,1
SERVICES,Casablanca-Settat,61,SALARIE_CDI,7276,4125,87369,12,38,2,0,0.604,AUCUNE,CONSOMMATION,0
AGRICULTURE,Tanger-Tétouan-Al Hoceïma,65,RETRAITE,10782,6909,75394,12,38,5,2,0.608,CAUTION,AUTO,0
COMMERCE,Guelmim-Oued Noun,41,FONCTIONNAIRE,11454,2697,75060,48,17,3,0,0.291,NANTISSEMENT,CONSOMMATION,0
SERVICES,Casablanca-Settat,65,FONCTIONNAIRE,9344,2682,154185,48,42,3,0,0.32,CAUTION,AUTO,0
SERVICES,Souss-Massa,32,INDEPENDANT,11625,6884,75863,36,5,3,0,0.615,NANTISSEMENT,IMMOBILIER,1
SERVICES,Souss-Massa,33,SALARIE_CDI,8155,4734,14348,60,13,5,1,0.575,HYPOTHEQUE,IMMOBILIER,1
COMMERCE,Laâyoune-Sakia El Hamra,70,INDEPENDANT,14969,7609,54880,12,45,3,0,0.477,HYPOTHEQUE,PROFESSIONNEL,1
TECH,Casablanca-Settat,57,FONCTIONNAIRE,11737,2369,9676,84,33,2,2,0.114,CAUTION,PROFESSIONNEL,0
SERVICES,Casablanca-Settat,20,INDEPENDANT,12462,6270,34071,36,0,2,0,0.415,HYPOTHEQUE,CONSOMMATION,0
TECH,Oriental,60,INDEPENDANT,5312,2043,27019,12,37,3,0,0.301,AUCUNE,CONSOMMATION,0
SERVICES,Marrakech-Safi,37,FONCTIONNAIRE,9122,3062,56754,120,14,1,1,0.397,AUCUNE,IMMOBILIER,0
TECH,Drâa-Tafilalet,35,SALARIE_CDI,3548,977,20412,60,11,4,5,0.242,AUCUNE,PROFESSIONNEL,1
AGRICULTURE,Fès-Meknès,44,SALARIE_CDI,15221,4703,20846,48,17,2,0,0.249,AUCUNE,IMMOBILIER,0
TECH,Oriental,46,INDEPENDANT,6121,2558,51577,60,26,0,1,0.413,NANTISSEMENT,IMMOBILIER,0
COMMERCE,Casablanca-Settat,74,FONCTIONNAIRE,6515,1505,82647,48,45,2,0,0.183,AUCUNE,PROFESSIONNEL,1
TECH,Drâa-Tafilalet,45,INDEPENDANT,4379,1772,36382,60,22,4,0,0.385,AUCUNE,CONSOMMATION,1
SERVICES,Oriental,36,SALARIE_CDD,7972,1388,184635,84,18,4,0,0.202,CAUTION,IMMOBILIER,0
SERVICES,Casablanca-Settat,66,FONCTIONNAIRE,7182,2552,28559,24,45,5,0,0.339,NANTISSEMENT,IMMOBILIER,1
SERVICES,Fès-Meknès,52,INDEPENDANT,18402,11594,58443,60,30,5,2,0.614,AUCUNE,AUTO,1
COMMERCE,Casablanca-Settat,18,INDEPENDANT,11928,6196,46114,84,0,3,2,0.518,AUCUNE,PROFESSIONNEL,1
TECH,Casablanca-Settat,57,SALARIE_CDD,6428,1185,28569,12,36,3,0,0.114,AUCUNE,CONSOMMATION,1
COMMERCE,Drâa-Tafilalet,49,SALARIE_CDI,3828,1891,90942,84,25,1,0,0.508,HYPOTHEQUE,AUTO,0
TECH,Souss-Massa,54,INDEPENDANT,2900,719,19473,36,29,5,0,0.319,AUCUNE,CONSOMMATION,1
SERVICES,Guelmim-Oued Noun,29,INDEPENDANT,5106,1976,8492,12,5,0,0,0.369,AUCUNE,IMMOBILIER,1
TECH,Fès-Meknès,48,SALARIE_CDD,4451,1322,33247,60,25,5,0,0.302,AUCUNE,PROFESSIONNEL,0
SERVICES,Drâa-Tafilalet,58,FONCTIONNAIRE,9479,5849,30339,84,35,1,0,0.575,NANTISSEMENT,IMMOBILIER,0
SERVICES,Béni Mellal-Khénifra,60,SALARIE_CDI,7591,1345,76419,48,37,5,0,0.141,CAUTION,PROFESSIONNEL,1
COMMERCE,Béni Mellal-Khénifra,60,SALARIE_CDD,8167,4822,15141,60,33,1,0,0.64,NANTISSEMENT,CONSOMMATION,0
AGRICULTURE,Guelmim-Oued Noun,80,SALARIE_CDI,5287,2647,52396,48,45,4,0,0.509,CAUTION,PROFESSIONNEL,1
COMMERCE,Drâa-Tafilalet,49,SALARIE_CDI,8677,2876,48139,48,31,5,0,0.365,NANTISSEMENT,CONSOMMATION,0
SERVICES,Drâa-Tafilalet,45,INDEPENDANT,4276,2522,45522,36,19,4,0,0.603,HYPOTHEQUE,PROFESSIONNEL,1
COMMERCE,Drâa-Tafilalet,52,SALARIE_CDD,7787,2750,75422,84,30,0,1,0.345,CAUTION,IMMOBILIER,0
SERVICES,Souss-Massa,38,INDEPENDANT,11774,5877,35724,48,11,5,0,0.56,NANTISSEMENT,CONSOMMATION,0
AGRICULTURE,Drâa-Tafilalet,37,SALARIE_CDD,6874,3739,37667,12,13,5,1,0.455,HYPOTHEQUE,IMMOBILIER,0
COMMERCE,Laâyoune-Sakia El Hamra,61,SALARIE_CDI,9894,2901,49771,24,38,3,2,0.253,CAUTION,IMMOBILIER,1
SERVICES,Drâa-Tafilalet,37,SALARIE_CDD,3329,620,33814,36,13,4,0,0.167,NANTISSEMENT,CONSOMMATION,1
SERVICES,Béni Mellal-Khénifra,65,SALARIE_CDI,3211,1875,14083,84,44,2,0,0.586,CAUTION,PROFESSIONNEL,0
SERVICES,Casablanca-Settat,64,FONCTIONNAIRE,9389,2494,27246,120,39,4,2,0.251,AUCUNE,PROFESSIONNEL,1
AGRICULTURE,Souss-Massa,78,INDEPENDANT,12980,7994,30295,24,45,5,0,0.626,CAUTION,CONSOMMATION,0
INDUSTRIE,Casablanca-Settat,26,INDEPENDANT,7279,2238,24497,24,0,3,1,0.376,AUCUNE,PROFESSIONNEL,0
TECH,Rabat-Salé-Kénitra,40,INDEPENDANT,21276,7605,29099,48,17,1,1,0.3,NANTISSEMENT,PROFESSIONNEL,0
COMMERCE,Tanger-Tétouan-Al Hoceïma,66,INDEPENDANT,4232,1545,41181,120,44,0,0,0.441,CAUTION,PROFESSIONNEL,0
COMMERCE,Souss-Massa,45,INDEPENDANT,5967,2291,29979,36,25,4,0,0.373,AUCUNE,CONSOMMATION,0
SERVICES,Oriental,59,FONCTIONNAIRE,8630,5449,66025,60,34,4,0,0.641,CAUTION,AUTO,1
AGRICULTURE,Laâyoune-Sakia El Hamra,64,INDEPENDANT,9986,2722,66750,84,42,4,0,0.274,NANTISSEMENT,CONSOMMATION,0
INDUSTRIE,Guelmim-Oued Noun,73,SALARIE_CDD,6231,2830,6870,12,45,2,2,0.468,AUCUNE,PROFESSIONNEL,1
COMMERCE,Souss-Massa,32,SALARIE_CDI,5031,1495,13317,36,13,4,2,0.357,CAUTION,IMMOBILIER,1
COMMERCE,Tanger-Tétouan-Al Hoceïma,34,INDEPENDANT,10712,2308,6746,24,9,0,2,0.158,AUCUNE,PROFESSIONNEL,0
COMMERCE,Drâa-Tafilalet,47,INDEPENDANT,8604,2533,29981,120,29,4,1,0.258,HYPOTHEQUE,CONSOMMATION,0
AGRICULTURE,Fès-Meknès,49,SALARIE_CDI,6939,2957,28704,12,27,4,0,0.457,NANTISSEMENT,AUTO,0
SERVICES,Laâyoune-Sakia El Hamra,75,RETRAITE,10142,4599,40364,12,45,1,0,0.413,HYPOTHEQUE,IMMOBILIER,0
COMMERCE,Guelmim-Oued Noun,20,SALARIE_CDI,7621,2148,65497,84,0,2,4,0.188,AUCUNE,IMMOBILIER,1
INDUSTRIE,Drâa-Tafilalet,33,INDEPENDANT,7609,4898,35245,24,14,4,3,0.676,HYPOTHEQUE,IMMOBILIER,0
COMMERCE,Marrakech-Safi,75,RETRAITE,7484,2480,23813,24,45,3,2,0.293,AUCUNE,CONSOMMATION,0
SERVICES,Béni Mellal-Khénifra,56,SALARIE_CDI,5600,3170,36206,48,38,3,1,0.61,CAUTION,PROFESSIONNEL,1
SERVICES,Guelmim-Oued Noun,60,INDEPENDANT,5350,896,25701,48,36,0,0,0.145,CAUTION,CONSOMMATION,1
SERVICES,Casablanca-Settat,33,INDEPENDANT,6396,3183,12911,120,15,4,0,0.555,CAUTION,IMMOBILIER,0
INDUSTRIE,Marrakech-Safi,57,INDEPENDANT,8221,2481,71002,84,33,0,1,0.315,CAUTION,IMMOBILIER,0
INDUSTRIE,Oriental,41,RETRAITE,3491,1461,48884,84,14,2,0,0.384,NANTISSEMENT,IMMOBILIER,0
COMMERCE,Tanger-Tétouan-Al Hoceïma,64,FONCTIONNAIRE,12396,7045,100132,120,41,2,0,0.507,AUCUNE,IMMOBILIER,1
COMMERCE,Drâa-Tafilalet,23,SALARIE_CDD,8171,4187,15277,48,5,4,1,0.501,AUCUNE,CONSOMMATION,1
INDUSTRIE,Tanger-Tétouan-Al Hoceïma,35,FONCTIONNAIRE,5018,1655,11727,84,17,0,3,0.333,CAUTION,IMMOBILIER,1
INDUSTRIE,Dakhla-Oued Ed-Dahab,58,SALARIE_CDD,16772,8658,18861,60,38,0,0,0.484,CAUTION,PROFESSIONNEL,0
SERVICES,Fès-Meknès,56,SALARIE_CDI,8257,2948,48012,48,35,3,0,0.292,HYPOTHEQUE,IMMOBILIER,0
COMMERCE,Tanger-Tétouan-Al Hoceïma,70,SALARIE_CDI,4443,807,66255,120,44,2,0,0.17,AUCUNE,PROFESSIONNEL,0
INDUSTRIE,Casablanca-Settat,68,SALARIE_CDD,16437,7936,44373,12,45,0,1,0.56,HYPOTHEQUE,CONSOMMATION,0
SERVICES,Marrakech-Safi,18,INDEPENDANT,14909,9220,40156,36,0,4,3,0.631,AUCUNE,PROFESSIONNEL,1
INDUSTRIE,Marrakech-Safi,23,RETRAITE,5383,1033,66051,36,0,3,2,0.16,AUCUNE,AUTO,1
COMMERCE,Guelmim-Oued Noun,40,RETRAITE,7007,3460,26328,48,16,3,0,0.501,CAUTION,CONSOMMATION,1
SERVICES,Tanger-Tétouan-Al Hoceïma,78,SALARIE_CDI,6595,3758,76078,36,45,2,1,0.601,HYPOTHEQUE,CONSOMMATION,0
COMMERCE,Marrakech-Safi,48,FONCTIONNAIRE,3462,1552,145730,36,24,1,0,0.402,HYPOTHEQUE,CONSOMMATION,1
COMMERCE,Fès-Meknès,74,FONCTIONNAIRE,9378,3683,17259,120,45,1,0,0.38,AUCUNE,IMMOBILIER,0
COMMERCE,Oriental,21,SALARIE_CDI,11853,3184,30399,84,0,5,1,0.261,NANTISSEMENT,CONSOMMATION,0
COMMERCE,Guelmim-Oued Noun,78,FONCTIONNAIRE,10890,2689,13727,84,45,4,2,0.227,HYPOTHEQUE,CONSOMMATION,1
COMMERCE,Dakhla-Oued Ed-Dahab,21,SALARIE_CDD,8223,2863,18479,36,0,5,1,0.287,HYPOTHEQUE,PROFESSIONNEL,0
INDUSTRIE,Casablanca-Settat,68,RETRAITE,12382,5828,47800,36,41,2,2,0.504,AUCUNE,CONSOMMATION,0
TECH,Laâyoune-Sakia El Hamra,73,SALARIE_CDI,4861,1494,11160,48,45,5,0,0.202,HYPOTHEQUE,CONSOMMATION,0
COMMERCE,Tanger-Tétouan-Al Hoceïma,36,INDEPENDANT,18365,7240,21042,36,17,1,0,0.361,AUCUNE,PROFESSIONNEL,1
INDUSTRIE,Guelmim-Oued Noun,36,INDEPENDANT,5725,2576,75928,60,15,3,0,0.414,HYPOTHEQUE,CONSOMMATION,0
COMMERCE,Casablanca-Settat,54,INDEPENDANT,6018,1535,42464,24,33,2,5,0.227,CAUTION,CONSOMMATION,1
INDUSTRIE,Béni Mellal-Khénifra,63,SALARIE_CDI,6255,3257,62168,12,36,1,3,0.594,AUCUNE,IMMOBILIER,1
COMMERCE,Dakhla-Oued Ed-Dahab,25,SALARIE_CDI,6053,2811,14684,36,6,2,3,0.449,HYPOTHEQUE,CONSOMMATION,0
TECH,Casablanca-Settat,32,RETRAITE,7430,3313,38079,84,10,4,1,0.499,AUCUNE,CONSOMMATION,1
AGRICULTURE,Guelmim-Oued Noun,65,SALARIE_CDI,7302,2841,136040,12,43,3,4,0.396,AUCUNE,PROFESSIONNEL,0
AGRICULTURE,Rabat-Salé-Kénitra,68,SALARIE_CDI,8590,2855,22849,12,45,5,1,0.355,HYPOTHEQUE,PROFESSIONNEL,0
COMMERCE,Dakhla-Oued Ed-Dahab,27,RETRAITE,5606,2379,25807,84,4,3,0,0.41,NANTISSEMENT,AUTO,0
COMMERCE,Drâa-Tafilalet,74,INDEPENDANT,8734,4654,54567,36,45,3,1,0.569,HYPOTHEQUE,CONSOMMATION,1
TECH,Laâyoune-Sakia El Hamra,72,INDEPENDANT,4961,2495,19344,48,45,1,1,0.472,CAUTION,CONSOMMATION,0
INDUSTRIE,Laâyoune-Sakia El Hamra,72,SALARIE_CDI,11267,5846,59999,84,45,4,1,0.497,CAUTION,CONSOMMATION,0
TECH,Fès-Meknès,33,SALARIE_CDD,11204,2854,10325,60,7,1,0,0.229,AUCUNE,IMMOBILIER,0
COMMERCE,Tanger-Tétouan-Al Hoceïma,60,INDEPENDANT,8082,4363,6648,120,42,0,4,0.488,AUCUNE,CONSOMMATION,1
SERVICES,Drâa-Tafilalet,28,SALARIE_CDI,6049,1922,45257,24,6,4,4,0.317,AUCUNE,IMMOBILIER,1
SERVICES,Marrakech-Safi,30,SALARIE_CDI,9321,2484,18290,84,12,4,2,0.31,AUCUNE,PROFESSIONNEL,0
TECH,Fès-Meknès,22,SALARIE_CDI,5435,1146,24440,48,3,1,0,0.194,AUCUNE,AUTO,1
SERVICES,Rabat-Salé-Kénitra,49,FONCTIONNAIRE,8230,4651,67080,12,31,5,0,0.525,CAUTION,IMMOBILIER,0
INDUSTRIE,Laâyoune-Sakia El Hamra,62,SALARIE_CDI,7568,3493,56216,48,37,3,3,0.559,HYPOTHEQUE,IMMOBILIER,1
INDUSTRIE,Marrakech-Safi,30,INDEPENDANT,26462,15101,15381,48,7,3,2,0.551,AUCUNE,CONSOMMATION,1
SERVICES,Tanger-Tétouan-Al Hoceïma,29,SALARIE_CDI,4665,2009,52251,12,9,5,0,0.467,AUCUNE,PROFESSIONNEL,1
INDUSTRIE,Souss-Massa,35,SALARIE_CDI,2500,1450,29432,48,13,4,1,0.58,HYPOTHEQUE,CONSOMMATION,1
TECH,Tanger-Tétouan-Al Hoceïma,30,RETRAITE,6082,2605,48628,12,5,4,0,0.482,AUCUNE,CONSOMMATION,1
SERVICES,Guelmim-Oued Noun,70,RETRAITE,3744,1771,35807,60,45,3,2,0.47,AUCUNE,CONSOMMATION,0
TECH,Laâyoune-Sakia El Hamra,28,FONCTIONNAIRE,5843,1041,12677,60,6,1,0,0.176,AUCUNE,PROFESSIONNEL,0
TECH,Oriental,35,RETRAITE,4519,2191,22044,12,16,0,0,0.482,HYPOTHEQUE,PROFESSIONNEL,0
INDUSTRIE,Laâyoune-Sakia El Hamra,37,SALARIE_CDI,5394,2421,6711,60,17,0,0,0.436,AUCUNE,CONSOMMATION,0
SERVICES,Rabat-Salé-Kénitra,30,SALARIE_CDD,5018,1360,41341,24,10,1,0,0.274,HYPOTHEQUE,CONSOMMATION,0
COMMERCE,Dakhla-Oued Ed-Dahab,77,SALARIE_CDI,12498,2579,47946,60,45,1,4,0.168,AUCUNE,PROFESSIONNEL,0
SERVICES,Rabat-Salé-Kénitra,31,SALARIE_CDD,7928,2565,22179,24,5,1,1,0.348,CAUTION,PROFESSIONNEL,1
INDUSTRIE,Casablanca-Settat,48,INDEPENDANT,13147,2368,33490,120,22,0,0,0.316,CAUTION,IMMOBILIER,1
AGRICULTURE,Casablanca-Settat,53,INDEPENDANT,8252,3717,18364,48,30,1,0,0.404,HYPOTHEQUE,CONSOMMATION,0
AGRICULTURE,Marrakech-Safi,34,SALARIE_CDI,12306,5205,87507,120,14,3,1,0.439,CAUTION,CONSOMMATION,0
TECH,Laâyoune-Sakia El Hamra,47,SALARIE_CDD,7073,4307,14762,12,29,3,2,0.61,CAUTION,CONSOMMATION,0
INDUSTRIE,Fès-Meknès,28,RETRAITE,16606,6788,29210,84,1,2,0,0.352,CAUTION,PROFESSIONNEL,0
COMMERCE,Guelmim-Oued Noun,48,FONCTIONNAIRE,10016,5157,14636,12,26,5,1,0.554,HYPOTHEQUE,PROFESSIONNEL,0
COMMERCE,Souss-Massa,19,SALARIE_CDI,5705,2750,42804,12,0,3,4,0.46,HYPOTHEQUE,CONSOMMATION,1
INDUSTRIE,Rabat-Salé-Kénitra,45,SALARIE_CDD,10707,5352,75112,24,22,3,0,0.465,CAUTION,IMMOBILIER,1
COMMERCE,Souss-Massa,40,SALARIE_CDI,8203,2517,8491,36,15,4,2,0.375,AUCUNE,CONSOMMATION,0
SERVICES,Marrakech-Safi,40,SALARIE_CDD,7397,2646,57401,120,18,5,0,0.341,HYPOTHEQUE,CONSOMMATION,1
SERVICES,Fès-Meknès,24,SALARIE_CDD,8461,1776,113787,84,1,1,0,0.268,NANTISSEMENT,AUTO,1
COMMERCE,Oriental,80,FONCTIONNAIRE,11362,5400,39746,12,45,5,2,0.502,CAUTION,PROFESSIONNEL,0
SERVICES,Guelmim-Oued Noun,19,SALARIE_CDD,3125,941,22645,120,0,2,4,0.306,HYPOTHEQUE,CONSOMMATION,1
SERVICES,Béni Mellal-Khénifra,27,FONCTIONNAIRE,6919,2936,35360,24,2,5,0,0.456,CAUTION,CONSOMMATION,1
TECH,Marrakech-Safi,24,SALARIE_CDI,11017,6729,24787,120,4,2,1,0.65,AUCUNE,PROFESSIONNEL,1
AGRICULTURE,Drâa-Tafilalet,79,SALARIE_CDI,9061,4453,143632,24,45,4,1,0.483,NANTISSEMENT,IMMOBILIER,0
COMMERCE,Drâa-Tafilalet,38,SALARIE_CDD,4881,1385,65153,60,17,4,2,0.265,HYPOTHEQUE,CONSOMMATION,0
TECH,Marrakech-Safi,45,INDEPENDANT,2792,1137,68208,60,19,2,1,0.45,CAUTION,CONSOMMATION,0
AGRICULTURE,Laâyoune-Sakia El Hamra,65,INDEPENDANT,17421,7858,164149,84,39,2,2,0.59,HYPOTHEQUE,AUTO,0
SERVICES,Laâyoune-Sakia El Hamra,21,SALARIE_CDI,7449,4284,93077,60,0,2,1,0.494,CAUTION,CONSOMMATION,1
INDUSTRIE,Béni Mellal-Khénifra,22,SALARIE_CDD,16016,8759,33357,24,3,1,0,0.491,HYPOTHEQUE,IMMOBILIER,0
INDUSTRIE,Fès-Meknès,29,FONCTIONNAIRE,11588,3565,36966,120,5,5,0,0.259,AUCUNE,CONSOMMATION,1
SERVICES,Tanger-Tétouan-Al Hoceïma,60,SALARIE_CDD,5670,3458,189444,36,36,5,3,0.594,HYPOTHEQUE,PROFESSIONNEL,1
TECH,Souss-Massa,79,FONCTIONNAIRE,2629,588,21644,120,45,0,4,0.175,NANTISSEMENT,PROFESSIONNEL,0
INDUSTRIE,Marrakech-Safi,57,RETRAITE,6582,1896,32205,12,31,0,0,0.319,AUCUNE,IMMOBILIER,0
COMMERCE,Fès-Meknès,72,SALARIE_CDI,7968,1330,17872,120,45,4,1,0.095,HYPOTHEQUE,CONSOMMATION,1
SERVICES,Rabat-Salé-Kénitra,73,FONCTIONNAIRE,9925,3033,10170,36,45,3,0,0.284,AUCUNE,PROFESSIONNEL,0
SERVICES,Rabat-Salé-Kénitra,35,FONCTIONNAIRE,4915,1755,19617,120,12,4,1,0.332,CAUTION,IMMOBILIER,0
AGRICULTURE,Drâa-Tafilalet,29,FONCTIONNAIRE,8779,2376,19889,84,3,1,0,0.32,AUCUNE,IMMOBILIER,1
SERVICES,Rabat-Salé-Kénitra,28,SALARIE_CDI,8777,1372,23445,120,10,3,4,0.154,NANTISSEMENT,CONSOMMATION,1
SERVICES,Souss-Massa,68,FONCTIONNAIRE,12628,1961,55747,24,45,2,1,0.088,AUCUNE,CONSOMMATION,0
INDUSTRIE,Souss-Massa,60,SALARIE_CDI,7058,4319,36014,84,42,0,1,0.627,HYPOTHEQUE,CONSOMMATION,1
COMMERCE,Casablanca-Settat,72,INDEPENDANT,9890,5117,73696,84,45,5,0,0.471,NANTISSEMENT,IMMOBILIER,0
COMMERCE,Guelmim-Oued Noun,49,FONCTIONNAIRE,9226,4606,40363,120,27,5,0,0.44,AUCUNE,CONSOMMATION,0
COMMERCE,Dakhla-Oued Ed-Dahab,79,SALARIE_CDI,12016,6523,41165,84,45,3,1,0.598,AUCUNE,PROFESSIONNEL,0
SERVICES,Béni Mellal-Khénifra,74,RETRAITE,5603,2785,29616,12,45,0,0,0.475,CAUTION,CONSOMMATION,0
SERVICES,Drâa-Tafilalet,68,INDEPENDANT,2500,452,141900,120,45,4,0,0.205,AUCUNE,PROFESSIONNEL,0
TECH,Marrakech-Safi,68,FONCTIONNAIRE,7284,4464,27001,24,45,1,3,0.589,HYPOTHEQUE,CONSOMMATION,1
COMMERCE,Laâyoune-Sakia El Hamra,25,RETRAITE,7303,2661,68987,120,1,3,0,0.377,AUCUNE,CONSOMMATION,0
COMMERCE,Guelmim-Oued Noun,64,INDEPENDANT,4813,1813,15874,84,43,1,0,0.447,HYPOTHEQUE,IMMOBILIER,0
COMMERCE,Souss-Massa,77,SALARIE_CDI,4111,2439,30625,84,45,4,2,0.603,AUCUNE,PROFESSIONNEL,0
TECH,Drâa-Tafilalet,36,FONCTIONNAIRE,6257,1578,148049,60,16,2,1,0.234,CAUTION,CONSOMMATION,1
SERVICES,Dakhla-Oued Ed-Dahab,69,FONCTIONNAIRE,7695,2358,58661,60,45,2,0,0.241,AUCUNE,CONSOMMATION,1
INDUSTRIE,Béni Mellal-Khénifra,40,FONCTIONNAIRE,8459,4885,13632,48,20,5,2,0.622,NANTISSEMENT,CONSOMMATION,0
COMMERCE,Marrakech-Safi,31,RETRAITE,2898,1188,17636,84,9,0,0,0.434,CAUTION,IMMOBILIER,0
INDUSTRIE,Fès-Meknès,64,SALARIE_CDD,3681,1325,111468,120,41,5,0,0.376,CAUTION,CONSOMMATION,1
TECH,Marrakech-Safi,28,SALARIE_CDI,13471,8450,38632,24,3,5,0,0.623,CAUTION,CONSOMMATION,1
COMMERCE,Fès-Meknès,48,SALARIE_CDD,7440,4422,29951,84,21,5,0,0.651,NANTISSEMENT,AUTO,1
TECH,Laâyoune-Sakia El Hamra,76,INDEPENDANT,8094,4805,21050,84,45,3,3,0.572,CAUTION,CONSOMMATION,1
TECH,Marrakech-Safi,27,SALARIE_CDD,4447,1139,29080,60,2,0,4,0.284,HYPOTHEQUE,CONSOMMATION,1
COMMERCE,Laâyoune-Sakia El Hamra,27,SALARIE_CDI,8087,4625,97706,120,3,5,0,0.663,CAUTION,IMMOBILIER,0
AGRICULTURE,Fès-Meknès,77,SALARIE_CDI,6843,3273,22247,120,45,4,3,0.482,NANTISSEMENT,CONSOMMATION,1
COMMERCE,Souss-Massa,66,FONCTIONNAIRE,6134,3041,23828,48,43,4,2,0.479,CAUTION,CONSOMMATION,0
TECH,Oriental,47,SALARIE_CDI,4197,730,55253,12,27,1,0,0.146,CAUTION,IMMOBILIER,0
INDUSTRIE,Rabat-Salé-Kénitra,43,SALARIE_CDD,5482,2346,17539,12,19,4,0,0.4,NANTISSEMENT,CONSOMMATION,0
COMMERCE,Marrakech-Safi,78,SALARIE_CDI,19681,5103,18874,60,45,0,0,0.261,HYPOTHEQUE,IMMOBILIER,0
COMMERCE,Fès-Meknès,63,SALARIE_CDD,6924,4248,36476,36,41,3,0,0.696,AUCUNE,PROFESSIONNEL,1
SERVICES,Casablanca-Settat,75,SALARIE_CDI,11560,4980,37122,24,45,4,0,0.452,AUCUNE,PROFESSIONNEL,0
INDUSTRIE,Guelmim-Oued Noun,23,SALARIE_CDI,7418,3403,20610,12,1,5,0,0.469,CAUTION,PROFESSIONNEL,1
AGRICULTURE,Oriental,51,FONCTIONNAIRE,7041,1913,50576,24,27,5,1,0.279,HYPOTHEQUE,CONSOMMATION,1
COMMERCE,Laâyoune-Sakia El Hamra,63,SALARIE_CDI,6086,2195,42327,60,45,4,0,0.283,AUCUNE,IMMOBILIER,0
SERVICES,Laâyoune-Sakia El Hamra,20,SALARIE_CDI,14847,6157,9123,84,0,4,0,0.41,AUCUNE,PROFESSIONNEL,0
INDUSTRIE,Tanger-Tétouan-Al Hoceïma,50,FONCTIONNAIRE,9584,5329,62715,84,26,2,0,0.51,AUCUNE,IMMOBILIER,0
SERVICES,Guelmim-Oued Noun,21,SALARIE_CDI,5680,2589,24375,60,0,3,0,0.531,CAUTION,CONSOMMATION,0
SERVICES,Casablanca-Settat,74,SALARIE_CDI,6786,1401,63847,12,45,1,0,0.163,AUCUNE,CONSOMMATION,0
AGRICULTURE,Souss-Massa,60,SALARIE_CDD,13150,4936,155715,60,33,4,0,0.309,CAUTION,CONSOMMATION,0
INDUSTRIE,Béni Mellal-Khénifra,29,SALARIE_CDD,2500,744,34650,36,8,2,1,0.211,AUCUNE,CONSOMMATION,1
INDUSTRIE,Souss-Massa,50,FONCTIONNAIRE,9318,3909,23123,12,23,5,0,0.381,AUCUNE,AUTO,0
COMMERCE,Drâa-Tafilalet,24,RETRAITE,10321,3973,95335,60,0,1,0,0.24,CAUTION,IMMOBILIER,0
SERVICES,Laâyoune-Sakia El Hamra,68,SALARIE_CDD,5783,932,20183,120,45,0,0,0.17,CAUTION,CONSOMMATION,0
SERVICES,Souss-Massa,30,FONCTIONNAIRE,8687,2204,136586,120,5,1,5,0.265,HYPOTHEQUE,PROFESSIONNEL,0
COMMERCE,Fès-Meknès,56,INDEPENDANT,10158,4876,26252,84,37,2,1,0.426,AUCUNE,IMMOBILIER,0
COMMERCE,Oriental,22,SALARIE_CDD,4656,1966,23415,24,0,0,1,0.465,AUCUNE,PROFESSIONNEL,1
AGRICULTURE,Laâyoune-Sakia El Hamra,27,INDEPENDANT,11836,2091,190255,48,0,3,2,0.168,HYPOTHEQUE,CONSOMMATION,0
COMMERCE,Dakhla-Oued Ed-Dahab,79,FONCTIONNAIRE,9263,4158,46822,48,45,0,1,0.441,CAUTION,IMMOBILIER,0
COMMERCE,Guelmim-Oued Noun,42,FONCTIONNAIRE,7564,3038,113026,36,23,4,0,0.445,HYPOTHEQUE,AUTO,0
TECH,Marrakech-Safi,25,RETRAITE,8495,1912,35655,12,0,2,2,0.282,CAUTION,PROFESSIONNEL,0
AGRICULTURE,Marrakech-Safi,62,SALARIE_CDI,11139,1682,33923,48,41,4,0,0.1,CAUTION,CONSOMMATION,1
TECH,Oriental,30,INDEPENDANT,22977,7300,5000,36,4,4,0,0.246,CAUTION,PROFESSIONNEL,1
AGRICULTURE,Tanger-Tétouan-Al Hoceïma,55,SALARIE_CDD,10662,5756,73732,36,32,5,0,0.521,CAUTION,CONSOMMATION,1
TECH,Béni Mellal-Khénifra,69,FONCTIONNAIRE,11670,2527,47557,36,45,0,0,0.294,AUCUNE,CONSOMMATION,0
TECH,Dakhla-Oued Ed-Dahab,61,SALARIE_CDD,8840,5500,33582,84,39,3,2,0.583,AUCUNE,CONSOMMATION,1
SERVICES,Oriental,33,SALARIE_CDI,19068,8032,54959,24,14,3,0,0.47,AUCUNE,AUTO,1
TECH,Tanger-Tétouan-Al Hoceïma,32,SALARIE_CDI,4189,2217,37302,48,7,1,0,0.481,AUCUNE,CONSOMMATION,1
INDUSTRIE,Laâyoune-Sakia El Hamra,32,RETRAITE,3708,2367,18763,24,10,5,1,0.631,AUCUNE,IMMOBILIER,1
COMMERCE,Souss-Massa,57,FONCTIONNAIRE,8681,2442,46810,120,36,5,3,0.253,CAUTION,PROFESSIONNEL,1
COMMERCE,Béni Mellal-Khénifra,60,INDEPENDANT,10906,4814,31777,36,37,2,0,0.462,AUCUNE,CONSOMMATION,1
AGRICULTURE,Rabat-Salé-Kénitra,50,SALARIE_CDI,2544,815,61007,120,29,5,0,0.328,HYPOTHEQUE,CONSOMMATION,1
AGRICULTURE,Oriental,43,SALARIE_CDI,8091,1556,29846,12,25,1,1,0.148,NANTISSEMENT,CONSOMMATION,0
INDUSTRIE,Souss-Massa,21,SALARIE_CDI,7471,4085,26159,84,0,5,0,0.523,AUCUNE,IMMOBILIER,1
TECH,Rabat-Salé-Kénitra,70,SALARIE_CDI,11326,1767,24811,120,44,3,0,0.103,CAUTION,CONSOMMATION,0
TECH,Marrakech-Safi,59,SALARIE_CDD,9827,5743,19559,24,33,0,0,0.596,HYPOTHEQUE,CONSOMMATION,0
INDUSTRIE,Drâa-Tafilalet,58,RETRAITE,3591,1965,25190,120,32,4,0,0.496,CAUTION,CONSOMMATION,1
SERVICES,Marrakech-Safi,24,INDEPENDANT,4984,2338,49135,120,6,4,0,0.474,NANTISSEMENT,CONSOMMATION,1
SERVICES,Rabat-Salé-Kénitra,36,SALARIE_CDD,5636,2511,21487,120,12,1,2,0.465,NANTISSEMENT,CONSOMMATION,0
TECH,Casablanca-Settat,37,SALARIE_CDI,11300,6473,15950,84,18,3,0,0.606,AUCUNE,CONSOMMATION,0
COMMERCE,Casablanca-Settat,55,FONCTIONNAIRE,9591,1706,63106,12,32,2,1,0.212,NANTISSEMENT,IMMOBILIER,0
AGRICULTURE,Souss-Massa,67,FONCTIONNAIRE,6128,3175,32968,12,40,5,0,0.535,CAUTION,CONSOMMATION,1
COMMERCE,Souss-Massa,72,FONCTIONNAIRE,8648,2077,62169,36,45,5,0,0.186,HYPOTHEQUE,CONSOMMATION,0
AGRICULTURE,Béni Mellal-Khénifra,50,FONCTIONNAIRE,5034,806,31126,84,27,3,1,0.117,HYPOTHEQUE,PROFESSIONNEL,0
INDUSTRIE,Oriental,40,SALARIE_CDI,20381,6240,24337,48,13,3,4,0.263,AUCUNE,CONSOMMATION,0
TECH,Oriental,43,SALARIE_CDI,10493,3290,10719,12,19,0,1,0.31,CAUTION,PROFESSIONNEL,0
SERVICES,Dakhla-Oued Ed-Dahab,64,RETRAITE,11542,2843,16466,36,42,5,2,0.301,AUCUNE,CONSOMMATION,1
COMMERCE,Marrakech-Safi,38,INDEPENDANT,15056,7610,19715,84,11,3,0,0.471,HYPOTHEQUE,AUTO,1
TECH,Drâa-Tafilalet,44,RETRAITE,12801,5497,44208,84,24,3,0,0.414,CAUTION,IMMOBILIER,1
AGRICULTURE,Casablanca-Settat,67,SALARIE_CDI,8219,5014,33648,84,45,2,0,0.67,CAUTION,IMMOBILIER,0
TECH,Laâyoune-Sakia El Hamra,52,FONCTIONNAIRE,7456,3958,17715,60,25,0,1,0.462,CAUTION,CONSOMMATION,0
SERVICES,Tanger-Tétouan-Al Hoceïma,47,SALARIE_CDI,14468,8146,5185,24,22,1,1,0.639,CAUTION,CONSOMMATION,0
INDUSTRIE,Tanger-Tétouan-Al Hoceïma,64,INDEPENDANT,8200,4930,50203,24,38,4,1,0.632,AUCUNE,PROFESSIONNEL,1
SERVICES,Rabat-Salé-Kénitra,36,SALARIE_CDI,5785,3200,67115,120,16,1,2,0.518,CAUTION,CONSOMMATION,1
SERVICES,Oriental,21,FONCTIONNAIRE,19633,4105,71345,12,0,5,0,0.192,AUCUNE,IMMOBILIER,0
COMMERCE,Tanger-Tétouan-Al Hoceïma,67,SALARIE_CDI,5318,1291,18484,84,45,5,1,0.328,CAUTION,PROFESSIONNEL,0
TECH,Dakhla-Oued Ed-Dahab,46,SALARIE_CDI,3712,1303,74516,60,23,0,0,0.326,AUCUNE,CONSOMMATION,0
TECH,Marrakech-Safi,38,SALARIE_CDI,12667,4003,53971,12,15,4,0,0.352,HYPOTHEQUE,CONSOMMATION,1
TECH,Souss-Massa,23,FONCTIONNAIRE,5831,3456,53791,84,0,1,0,0.695,HYPOTHEQUE,CONSOMMATION,1
TECH,Laâyoune-Sakia El Hamra,76,INDEPENDANT,9856,4062,23705,120,45,3,1,0.41,CAUTION,IMMOBILIER,1
TECH,Guelmim-Oued Noun,63,RETRAITE,18357,10793,33093,60,37,2,3,0.587,CAUTION,AUTO,1
SERVICES,Guelmim-Oued Noun,35,FONCTIONNAIRE,4365,1500,130883,120,9,2,1,0.454,AUCUNE,CONSOMMATION,0
SERVICES,Oriental,56,FONCTIONNAIRE,7955,4799,117494,24,33,5,1,0.549,AUCUNE,PROFESSIONNEL,1
COMMERCE,Laâyoune-Sakia El Hamra,47,INDEPENDANT,15796,2936,35109,120,28,1,3,0.185,CAUTION,CONSOMMATION,0
TECH,Marrakech-Safi,38,SALARIE_CDI,11013,4105,41531,48,16,5,1,0.394,AUCUNE,IMMOBILIER,0
SERVICES,Guelmim-Oued Noun,37,INDEPENDANT,7473,4488,7813,60,16,5,0,0.523,NANTISSEMENT,CONSOMMATION,1
COMMERCE,Oriental,22,INDEPENDANT,23747,8901,84353,48,0,3,2,0.317,CAUTION,PROFESSIONNEL,0
COMMERCE,Tanger-Tétouan-Al Hoceïma,79,FONCTIONNAIRE,7763,4008,61202,120,45,4,0,0.488,AUCUNE,IMMOBILIER,0
SERVICES,Marrakech-Safi,76,SALARIE_CDI,9688,3201,46238,84,45,4,0,0.351,CAUTION,IMMOBILIER,0
INDUSTRIE,Oriental,72,SALARIE_CDI,17021,9610,23821,84,45,4,4,0.54,AUCUNE,PROFESSIONNEL,1
AGRICULTURE,Casablanca-Settat,37,SALARIE_CDD,12599,5867,38044,36,19,0,0,0.461,AUCUNE,AUTO,1
COMMERCE,Drâa-Tafilalet,80,RETRAITE,14688,8165,101319,120,45,2,2,0.595,AUCUNE,IMMOBILIER,0
SERVICES,Marrakech-Safi,35,FONCTIONNAIRE,5406,2261,46787,84,11,3,1,0.448,CAUTION,CONSOMMATION,0
TECH,Tanger-Tétouan-Al Hoceïma,69,FONCTIONNAIRE,14082,6602,229158,36,45,2,2,0.366,AUCUNE,AUTO,0
INDUSTRIE,Marrakech-Safi,24,SALARIE_CDD,8746,3624,64089,24,6,4,1,0.423,AUCUNE,PROFESSIONNEL,0
TECH,Souss-Massa,37,INDEPENDANT,5793,2512,19089,84,14,5,2,0.461,CAUTION,CONSOMMATION,0
INDUSTRIE,Tanger-Tétouan-Al Hoceïma,54,SALARIE_CDI,8954,4428,27240,12,34,1,4,0.49,AUCUNE,IMMOBILIER,0
COMMERCE,Marrakech-Safi,78,SALARIE_CDI,8827,1857,22096,120,45,4,1,0.237,AUCUNE,CONSOMMATION,0
INDUSTRIE,Laâyoune-Sakia El Hamra,34,FONCTIONNAIRE,18782,10035,66197,84,10,0,0,0.573,NANTISSEMENT,CONSOMMATION,1
SERVICES,Guelmim-Oued Noun,45,SALARIE_CDI,9620,3152,81429,60,20,5,3,0.344,CAUTION,IMMOBILIER,1
AGRICULTURE,Tanger-Tétouan-Al Hoceïma,71,SALARIE_CDI,5702,891,120741,120,45,3,0,0.151,CAUTION,IMMOBILIER,0
SERVICES,Casablanca-Settat,47,SALARIE_CDD,5140,2425,28777,24,29,5,0,0.484,HYPOTHEQUE,CONSOMMATION,1
SERVICES,Laâyoune-Sakia El Hamra,61,SALARIE_CDI,7932,3623,50393,120,35,5,3,0.34,CAUTION,IMMOBILIER,1
INDUSTRIE,Drâa-Tafilalet,44,RETRAITE,4421,2268,88991,12,26,0,0,0.584,HYPOTHEQUE,CONSOMMATION,0
TECH,Oriental,18,INDEPENDANT,5873,3813,107461,84,0,5,0,0.715,AUCUNE,PROFESSIONNEL,1
TECH,Béni Mellal-Khénifra,35,RETRAITE,7260,2764,15346,24,8,5,1,0.443,HYPOTHEQUE,PROFESSIONNEL,1
AGRICULTURE,Casablanca-Settat,53,RETRAITE,6702,4267,56055,60,27,2,5,0.643,CAUTION,IMMOBILIER,1
INDUSTRIE,Souss-Massa,19,SALARIE_CDI,11239,4933,15754,36,0,2,2,0.467,HYPOTHEQUE,IMMOBILIER,1
INDUSTRIE,Marrakech-Safi,32,SALARIE_CDD,5814,1912,23831,36,9,2,0,0.336,HYPOTHEQUE,PROFESSIONNEL,0
SERVICES,Béni Mellal-Khénifra,78,FONCTIONNAIRE,2666,1303,14549,24,45,3,1,0.505,NANTISSEMENT,CONSOMMATION,0
COMMERCE,Dakhla-Oued Ed-Dahab,18,SALARIE_CDI,3795,942,23514,120,0,3,0,0.317,AUCUNE,AUTO,1
AGRICULTURE,Oriental,33,RETRAITE,8038,5089,13164,48,6,0,0,0.545,HYPOTHEQUE,PROFESSIONNEL,0
COMMERCE,Béni Mellal-Khénifra,57,SALARIE_CDI,6223,2306,15877,48,35,0,0,0.393,AUCUNE,IMMOBILIER,1
COMMERCE,Drâa-Tafilalet,53,FONCTIONNAIRE,4645,721,19280,24,29,0,0,0.114,HYPOTHEQUE,IMMOBILIER,0
INDUSTRIE,Dakhla-Oued Ed-Dahab,30,FONCTIONNAIRE,19561,9344,44899,84,11,3,5,0.42,HYPOTHEQUE,IMMOBILIER,1
AGRICULTURE,Casablanca-Settat,21,INDEPENDANT,11766,2473,37187,24,0,3,0,0.204,AUCUNE,IMMOBILIER,0
COMMERCE,Fès-Meknès,74,FONCTIONNAIRE,7893,1535,11490,48,45,3,1,0.132,AUCUNE,CONSOMMATION,1
SERVICES,Fès-Meknès,52,FONCTIONNAIRE,9000,1456,247453,36,26,1,0,0.099,CAUTION,IMMOBILIER,0
INDUSTRIE,Drâa-Tafilalet,54,SALARIE_CDI,7192,4254,25797,120,31,0,0,0.508,HYPOTHEQUE,CONSOMMATION,0
SERVICES,Souss-Massa,21,FONCTIONNAIRE,4609,769,14321,36,2,1,1,0.143,NANTISSEMENT,IMMOBILIER,0
SERVICES,Guelmim-Oued Noun,31,INDEPENDANT,12885,5394,54600,60,11,4,0,0.445,NANTISSEMENT,CONSOMMATION,0
SERVICES,Souss-Massa,22,FONCTIONNAIRE,11886,4692,36199,24,0,2,0,0.436,CAUTION,AUTO,1
INDUSTRIE,Dakhla-Oued Ed-Dahab,79,INDEPENDANT,3328,2015,20561,36,45,3,0,0.704,CAUTION,CONSOMMATION,0
COMMERCE,Guelmim-Oued Noun,66,SALARIE_CDI,8972,5433,47735,48,45,0,0,0.585,HYPOTHEQUE,PROFESSIONNEL,1
INDUSTRIE,Casablanca-Settat,52,SALARIE_CDI,9429,5756,22682,120,28,5,3,0.65,CAUTION,IMMOBILIER,1
INDUSTRIE,Dakhla-Oued Ed-Dahab,60,RETRAITE,7011,2454,29526,36,36,1,0,0.359,AUCUNE,PROFESSIONNEL,0
AGRICULTURE,Dakhla-Oued Ed-Dahab,28,SALARIE_CDI,20822,8053,101310,24,6,3,1,0.394,AUCUNE,PROFESSIONNEL,1
TECH,Casablanca-Settat,80,FONCTIONNAIRE,19830,11161,39596,120,45,5,0,0.582,AUCUNE,CONSOMMATION,0
COMMERCE,Tanger-Tétouan-Al Hoceïma,50,FONCTIONNAIRE,6837,1436,55820,24,30,1,1,0.25,CAUTION,CONSOMMATION,0
INDUSTRIE,Dakhla-Oued Ed-Dahab,50,RETRAITE,7330,1519,25198,24,29,2,2,0.231,AUCUNE,AUTO,1
AGRICULTURE,Laâyoune-Sakia El Hamra,78,SALARIE_CDI,6953,4247,40427,36,45,2,0,0.591,NANTISSEMENT,CONSOMMATION,1
SERVICES,Souss-Massa,24,SALARIE_CDI,6154,1014,21172,84,6,1,0,0.194,CAUTION,CONSOMMATION,0
INDUSTRIE,Oriental,44,INDEPENDANT,5354,1828,20526,36,18,5,0,0.31,NANTISSEMENT,IMMOBILIER,1
AGRICULTURE,Casablanca-Settat,23,FONCTIONNAIRE,10179,2519,27210,120,4,4,3,0.277,CAUTION,CONSOMMATION,0
COMMERCE,Oriental,44,FONCTIONNAIRE,19588,3761,22334,84,24,2,1,0.198,AUCUNE,CONSOMMATION,0
TECH,Béni Mellal-Khénifra,34,SALARIE_CDD,16277,10367,75104,84,15,3,0,0.543,HYPOTHEQUE,IMMOBILIER,0
COMMERCE,Tanger-Tétouan-Al Hoceïma,47,SALARIE_CDD,11558,2693,54469,48,25,3,1,0.226,AUCUNE,PROFESSIONNEL,1
COMMERCE,Fès-Meknès,62,RETRAITE,2743,1004,7298,84,42,5,2,0.413,AUCUNE,CONSOMMATION,1
INDUSTRIE,Guelmim-Oued Noun,35,FONCTIONNAIRE,3502,974,121410,120,14,4,0,0.272,HYPOTHEQUE,AUTO,0
SERVICES,Souss-Massa,21,RETRAITE,13080,5174,56885,36,2,1,0,0.407,HYPOTHEQUE,IMMOBILIER,1
INDUSTRIE,Fès-Meknès,28,RETRAITE,16793,8958,80921,36,1,4,0,0.51,HYPOTHEQUE,PROFESSIONNEL,0
SERVICES,Tanger-Tétouan-Al Hoceïma,63,FONCTIONNAIRE,10396,4989,32220,12,39,2,0,0.466,HYPOTHEQUE,PROFESSIONNEL,0
TECH,Souss-Massa,54,FONCTIONNAIRE,7062,3078,12761,36,29,5,2,0.483,AUCUNE,IMMOBILIER,1
INDUSTRIE,Fès-Meknès,79,FONCTIONNAIRE,14891,6036,14374,48,45,0,1,0.384,AUCUNE,PROFESSIONNEL,0
COMMERCE,Oriental,74,INDEPENDANT,11374,2456,119979,84,45,4,3,0.158,NANTISSEMENT,CONSOMMATION,1
TECH,Laâyoune-Sakia El Hamra,28,FONCTIONNAIRE,13519,4749,11625,48,3,3,0,0.242,HYPOTHEQUE,PROFESSIONNEL,1
TECH,Drâa-Tafilalet,64,SALARIE_CDI,3514,2118,13201,24,45,1,2,0.565,AUCUNE,PROFESSIONNEL,1
INDUSTRIE,Marrakech-Safi,23,RETRAITE,9457,5298,26823,36,0,3,0,0.505,HYPOTHEQUE,IMMOBILIER,1
COMMERCE,Souss-Massa,24,FONCTIONNAIRE,18008,3284,13776,12,5,0,0,0.108,CAUTION,IMMOBILIER,1
AGRICULTURE,Oriental,67,INDEPENDANT,10274,5858,52744,24,40,0,0,0.517,HYPOTHEQUE,PROFESSIONNEL,0
COMMERCE,Drâa-Tafilalet,43,SALARIE_CDD,12416,7003,55690,12,16,2,0,0.515,AUCUNE,AUTO,0
TECH,Guelmim-Oued Noun,80,SALARIE_CDD,8237,4538,48513,84,45,5,0,0.498,AUCUNE,IMMOBILIER,1
AGRICULTURE,Souss-Massa,18,FONCTIONNAIRE,8499,4737,23626,24,0,0,1,0.627,CAUTION,IMMOBILIER,0
TECH,Fès-Meknès,49,INDEPENDANT,15232,9772,44451,12,30,1,0,0.559,HYPOTHEQUE,CONSOMMATION,0
SERVICES,Béni Mellal-Khénifra,37,SALARIE_CDI,5994,1065,126564,60,19,5,0,0.207,CAUTION,CONSOMMATION,0
COMMERCE,Rabat-Salé-Kénitra,80,SALARIE_CDD,5736,1961,13309,48,45,2,0,0.369,AUCUNE,CONSOMMATION,0
SERVICES,Drâa-Tafilalet,60,INDEPENDANT,6534,4144,79354,12,38,5,2,0.665,HYPOTHEQUE,PROFESSIONNEL,1
COMMERCE,Laâyoune-Sakia El Hamra,66,RETRAITE,8189,3491,63933,60,45,1,0,0.424,CAUTION,CONSOMMATION,0
AGRICULTURE,Drâa-Tafilalet,36,SALARIE_CDI,3926,1928,33736,60,12,3,0,0.554,HYPOTHEQUE,PROFESSIONNEL,0
COMMERCE,Souss-Massa,74,SALARIE_CDI,11260,3726,40801,120,45,2,1,0.331,HYPOTHEQUE,AUTO,0
INDUSTRIE,Guelmim-Oued Noun,70,SALARIE_CDD,7526,1926,46616,84,45,0,0,0.245,AUCUNE,CONSOMMATION,1
SERVICES,Oriental,67,SALARIE_CDI,11898,7605,18332,84,42,5,0,0.697,CAUTION,CONSOMMATION,0
AGRICULTURE,Oriental,48,SALARIE_CDI,3123,1033,11584,84,26,1,0,0.322,HYPOTHEQUE,PROFESSIONNEL,1
SERVICES,Laâyoune-Sakia El Hamra,76,FONCTIONNAIRE,11919,5130,68498,60,45,0,4,0.351,AUCUNE,AUTO,1
SERVICES,Marrakech-Safi,60,FONCTIONNAIRE,14788,4021,15193,60,40,2,0,0.297,CAUTION,PROFESSIONNEL,0
SERVICES,Guelmim-Oued Noun,22,SALARIE_CDD,9871,6253,16895,60,0,3,1,0.688,HYPOTHEQUE,CONSOMMATION,1
SERVICES,Drâa-Tafilalet,73,SALARIE_CDD,8213,2293,25314,48,45,2,0,0.294,AUCUNE,IMMOBILIER,0
INDUSTRIE,Oriental,19,RETRAITE,11960,7259,44318,12,0,1,2,0.589,CAUTION,PROFESSIONNEL,0
COMMERCE,Casablanca-Settat,61,SALARIE_CDD,14359,4249,25603,120,34,4,1,0.309,CAUTION,IMMOBILIER,0
INDUSTRIE,Guelmim-Oued Noun,33,INDEPENDANT,10253,6392,21878,120,14,4,4,0.658,CAUTION,CONSOMMATION,1
SERVICES,Marrakech-Safi,74,SALARIE_CDI,10603,3538,70752,12,45,5,3,0.282,CAUTION,CONSOMMATION,1
SERVICES,Laâyoune-Sakia El Hamra,63,INDEPENDANT,17079,10009,28760,84,45,0,4,0.484,AUCUNE,CONSOMMATION,1
INDUSTRIE,Guelmim-Oued Noun,68,INDEPENDANT,11413,5135,20765,84,42,0,0,0.443,HYPOTHEQUE,PROFESSIONNEL,0
SERVICES,Tanger-Tétouan-Al Hoceïma,62,SALARIE_CDI,5653,1170,47870,24,41,5,1,0.259,CAUTION,CONSOMMATION,0
COMMERCE,Souss-Massa,53,FONCTIONNAIRE,14328,4267,37836,36,34,5,1,0.241,CAUTION,CONSOMMATION,0
SERVICES,Casablanca-Settat,72,FONCTIONNAIRE,7664,4065,37053,84,45,3,0,0.466,CAUTION,PROFESSIONNEL,1
INDUSTRIE,Souss-Massa,36,SALARIE_CDD,8225,3979,49533,84,11,5,0,0.494,CAUTION,PROFESSIONNEL,1
INDUSTRIE,Casablanca-Settat,51,INDEPENDANT,8502,2789,32984,36,33,3,0,0.316,CAUTION,CONSOMMATION,0
INDUSTRIE,Dakhla-Oued Ed-Dahab,36,SALARIE_CDI,12531,3104,65598,60,13,5,2,0.213,HYPOTHEQUE,PROFESSIONNEL,1
SERVICES,Béni Mellal-Khénifra,25,SALARIE_CDD,17801,10047,13361,48,0,2,2,0.623,AUCUNE,CONSOMMATION,1
SERVICES,Marrakech-Safi,73,RETRAITE,8193,3779,86586,12,45,2,2,0.428,NANTISSEMENT,PROFESSIONNEL,0
TECH,Guelmim-Oued Noun,49,SALARIE_CDI,17660,8671,19164,24,30,3,0,0.509,CAUTION,CONSOMMATION,0
SERVICES,Casablanca-Settat,21,SALARIE_CDI,8726,3399,11549,84,0,2,2,0.432,AUCUNE,CONSOMMATION,1
COMMERCE,Oriental,69,SALARIE_CDI,15229,4952,20914,12,45,2,0,0.315,AUCUNE,IMMOBILIER,0
COMMERCE,Rabat-Salé-Kénitra,77,RETRAITE,8860,3022,28434,12,45,2,4,0.383,CAUTION,CONSOMMATION,0
INDUSTRIE,Casablanca-Settat,59,SALARIE_CDI,6493,1075,21710,36,34,3,0,0.199,CAUTION,PROFESSIONNEL,0
INDUSTRIE,Marrakech-Safi,38,SALARIE_CDI,19244,11967,18479,84,12,3,1,0.631,AUCUNE,PROFESSIONNEL,0
TECH,Fès-Meknès,72,FONCTIONNAIRE,6220,2073,73674,60,45,0,4,0.315,HYPOTHEQUE,CONSOMMATION,1
TECH,Drâa-Tafilalet,64,INDEPENDANT,6035,2363,19743,48,39,1,0,0.463,HYPOTHEQUE,IMMOBILIER,1
SERVICES,Laâyoune-Sakia El Hamra,35,FONCTIONNAIRE,4604,1513,7477,60,14,1,0,0.374,HYPOTHEQUE,CONSOMMATION,0
INDUSTRIE,Guelmim-Oued Noun,38,RETRAITE,14332,4695,28416,24,18,2,0,0.365,HYPOTHEQUE,IMMOBILIER,0
SERVICES,Drâa-Tafilalet,80,SALARIE_CDI,15939,7855,152021,24,45,3,0,0.496,AUCUNE,CONSOMMATION,0
COMMERCE,Oriental,78,FONCTIONNAIRE,9585,4650,17243,60,45,5,1,0.458,HYPOTHEQUE,PROFESSIONNEL,1
COMMERCE,Tanger-Tétouan-Al Hoceïma,60,FONCTIONNAIRE,5204,2889,19346,36,41,4,5,0.458,AUCUNE,IMMOBILIER,1
SERVICES,Fès-Meknès,20,SALARIE_CDI,8078,1502,27376,48,1,0,3,0.212,CAUTION,AUTO,0
INDUSTRIE,Dakhla-Oued Ed-Dahab,32,INDEPENDANT,7071,4151,107039,60,5,4,4,0.57,HYPOTHEQUE,CONSOMMATION,1
AGRICULTURE,Oriental,40,FONCTIONNAIRE,5096,3202,28235,36,22,1,0,0.639,AUCUNE,CONSOMMATION,1
SERVICES,Oriental,51,SALARIE_CDI,6503,4192,17742,84,25,4,0,0.768,NANTISSEMENT,CONSOMMATION,1
COMMERCE,Casablanca-Settat,72,SALARIE_CDI,10174,2181,46824,84,45,0,0,0.277,HYPOTHEQUE,AUTO,0
TECH,Souss-Massa,71,SALARIE_CDI,6171,2427,44447,12,44,2,1,0.416,AUCUNE,PROFESSIONNEL,0
SERVICES,Drâa-Tafilalet,35,INDEPENDANT,9240,5724,51055,12,12,3,1,0.614,HYPOTHEQUE,CONSOMMATION,1
SERVICES,Souss-Massa,24,SALARIE_CDI,3643,1929,17264,24,0,1,2,0.569,CAUTION,PROFESSIONNEL,1
SERVICES,Béni Mellal-Khénifra,35,INDEPENDANT,17251,3107,24462,12,10,3,0,0.225,NANTISSEMENT,IMMOBILIER,0
AGRICULTURE,Guelmim-Oued Noun,32,SALARIE_CDI,6794,3976,79855,48,10,2,1,0.566,NANTISSEMENT,CONSOMMATION,1
SERVICES,Casablanca-Settat,74,RETRAITE,11987,6824,48354,24,45,0,0,0.556,CAUTION,CONSOMMATION,1
SERVICES,Laâyoune-Sakia El Hamra,18,INDEPENDANT,8821,4764,63964,60,0,2,0,0.552,CAUTION,PROFESSIONNEL,0
SERVICES,Guelmim-Oued Noun,70,SALARIE_CDI,9712,3457,34966,120,45,2,2,0.318,HYPOTHEQUE,IMMOBILIER,0
SERVICES,Souss-Massa,59,SALARIE_CDI,4869,2270,76074,12,38,3,3,0.432,AUCUNE,CONSOMMATION,1
COMMERCE,Guelmim-Oued Noun,24,INDEPENDANT,5755,2923,44587,24,6,1,1,0.452,HYPOTHEQUE,CONSOMMATION,1
SERVICES,Casablanca-Settat,61,SALARIE_CDI,5814,2025,25173,24,41,4,0,0.435,HYPOTHEQUE,CONSOMMATION,1
COMMERCE,Fès-Meknès,54,SALARIE_CDI,8196,4442,61195,84,30,3,0,0.475,HYPOTHEQUE,PROFESSIONNEL,0
COMMERCE,Rabat-Salé-Kénitra,18,INDEPENDANT,14717,4219,19682,120,0,4,4,0.221,HYPOTHEQUE,CONSOMMATION,1
TECH,Béni Mellal-Khénifra,32,INDEPENDANT,9847,2381,106989,84,12,4,1,0.128,HYPOTHEQUE,CONSOMMATION,0
SERVICES,Laâyoune-Sakia El Hamra,39,INDEPENDANT,5404,3131,73548,60,17,4,2,0.61,CAUTION,PROFESSIONNEL,1
TECH,Béni Mellal-Khénifra,31,INDEPENDANT,8428,2694,29587,60,8,0,0,0.272,NANTISSEMENT,AUTO,1
COMMERCE,Drâa-Tafilalet,54,FONCTIONNAIRE,7814,1394,31905,24,35,2,0,0.216,HYPOTHEQUE,CONSOMMATION,0
SERVICES,Rabat-Salé-Kénitra,56,INDEPENDANT,6920,3919,39841,48,34,4,1,0.564,HYPOTHEQUE,PROFESSIONNEL,0
TECH,Dakhla-Oued Ed-Dahab,28,SALARIE_CDI,8047,4422,32177,120,2,2,2,0.613,CAUTION,IMMOBILIER,1
TECH,Marrakech-Safi,25,INDEPENDANT,11426,6298,91427,36,5,2,4,0.509,AUCUNE,IMMOBILIER,1
SERVICES,Oriental,59,FONCTIONNAIRE,5861,1878,24906,12,34,2,0,0.323,HYPOTHEQUE,CONSOMMATION,0
AGRICULTURE,Drâa-Tafilalet,47,FONCTIONNAIRE,6935,3132,12686,24,27,3,4,0.507,AUCUNE,AUTO,1
INDUSTRIE,Laâyoune-Sakia El Hamra,34,RETRAITE,12606,1979,30301,48,16,0,2,0.218,AUCUNE,CONSOMMATION,0
COMMERCE,Dakhla-Oued Ed-Dahab,34,SALARIE_CDD,10007,1512,61499,60,13,2,2,0.205,HYPOTHEQUE,AUTO,0
AGRICULTURE,Béni Mellal-Khénifra,20,FONCTIONNAIRE,14409,4029,73885,48,0,3,4,0.307,AUCUNE,PROFESSIONNEL,1
INDUSTRIE,Oriental,71,FONCTIONNAIRE,15462,6380,39327,48,45,4,0,0.411,HYPOTHEQUE,PROFESSIONNEL,0
TECH,Souss-Massa,71,SALARIE_CDI,4393,1978,23302,60,45,3,0,0.479,CAUTION,CONSOMMATION,0
INDUSTRIE,Oriental,52,SALARIE_CDI,9226,1999,35212,24,27,4,0,0.151,CAUTION,IMMOBILIER,1
TECH,Drâa-Tafilalet,40,RETRAITE,6447,3764,22957,84,17,0,1,0.565,CAUTION,PROFESSIONNEL,0
COMMERCE,Béni Mellal-Khénifra,31,SALARIE_CDD,4725,2976,7232,36,10,3,2,0.7,AUCUNE,AUTO,0
SERVICES,Béni Mellal-Khénifra,37,FONCTIONNAIRE,5681,1191,20002,12,19,3,0,0.256,AUCUNE,CONSOMMATION,1
INDUSTRIE,Souss-Massa,76,FONCTIONNAIRE,7077,3977,51910,12,45,1,0,0.501,CAUTION,IMMOBILIER,0
INDUSTRIE,Marrakech-Safi,23,INDEPENDANT,7097,3244,30048,36,2,2,1,0.475,CAUTION,CONSOMMATION,0
SERVICES,Casablanca-Settat,69,INDEPENDANT,6167,2474,29261,12,45,2,1,0.356,AUCUNE,PROFESSIONNEL,1
SERVICES,Souss-Massa,37,SALARIE_CDI,8053,3177,78809,24,16,0,0,0.38,HYPOTHEQUE,PROFESSIONNEL,0
INDUSTRIE,Tanger-Tétouan-Al Hoceïma,34,SALARIE_CDD,24367,12791,18494,48,14,4,0,0.599,NANTISSEMENT,PROFESSIONNEL,0
SERVICES,Béni Mellal-Khénifra,69,INDEPENDANT,3728,949,19804,120,45,3,0,0.164,CAUTION,CONSOMMATION,0
SERVICES,Laâyoune-Sakia El Hamra,78,SALARIE_CDI,13517,6143,45783,120,45,1,0,0.391,HYPOTHEQUE,CONSOMMATION,0
TECH,Drâa-Tafilalet,80,FONCTIONNAIRE,8036,2256,22064,84,45,5,0,0.288,HYPOTHEQUE,PROFESSIONNEL,1
COMMERCE,Guelmim-Oued Noun,34,SALARIE_CDI,6654,1281,21987,120,7,5,0,0.216,HYPOTHEQUE,CONSOMMATION,0
TECH,Oriental,55,SALARIE_CDI,3268,1394,107416,60,35,0,1,0.412,AUCUNE,IMMOBILIER,0
INDUSTRIE,Dakhla-Oued Ed-Dahab,36,RETRAITE,11421,3247,17147,12,14,1,1,0.342,CAUTION,IMMOBILIER,0
AGRICULTURE,Dakhla-Oued Ed-Dahab,30,RETRAITE,4237,2209,21747,60,9,5,1,0.51,HYPOTHEQUE,IMMOBILIER,1
COMMERCE,Rabat-Salé-Kénitra,42,INDEPENDANT,11761,5589,49376,48,23,3,0,0.489,AUCUNE,PROFESSIONNEL,1
SERVICES,Béni Mellal-Khénifra,21,SALARIE_CDI,17740,4651,35093,84,0,2,1,0.265,AUCUNE,PROFESSIONNEL,1
SERVICES,Oriental,28,RETRAITE,4549,2642,13885,36,4,3,0,0.568,CAUTION,IMMOBILIER,1
COMMERCE,Dakhla-Oued Ed-Dahab,55,FONCTIONNAIRE,13708,4435,126603,84,34,4,1,0.361,HYPOTHEQUE,PROFESSIONNEL,0
SERVICES,Béni Mellal-Khénifra,61,RETRAITE,8196,4135,20827,60,40,1,2,0.464,CAUTION,AUTO,0
COMMERCE,Casablanca-Settat,35,SALARIE_CDI,3158,896,30581,84,11,1,1,0.348,AUCUNE,IMMOBILIER,0
AGRICULTURE,Marrakech-Safi,53,SALARIE_CDI,4712,1170,49305,12,31,2,0,0.297,AUCUNE,PROFESSIONNEL,0
SERVICES,Rabat-Salé-Kénitra,66,FONCTIONNAIRE,8780,5094,164992,120,43,1,0,0.629,CAUTION,IMMOBILIER,0
SERVICES,Marrakech-Safi,74,INDEPENDANT,9706,5914,27260,48,45,1,1,0.723,AUCUNE,CONSOMMATION,0
AGRICULTURE,Rabat-Salé-Kénitra,53,SALARIE_CDI,3979,1297,19080,60,31,0,3,0.347,AUCUNE,CONSOMMATION,1
COMMERCE,Guelmim-Oued Noun,33,SALARIE_CDI,8220,2528,51452,48,15,1,1,0.314,NANTISSEMENT,IMMOBILIER,1
SERVICES,Souss-Massa,62,FONCTIONNAIRE,11738,5884,156639,12,39,3,0,0.525,AUCUNE,CONSOMMATION,0
AGRICULTURE,Drâa-Tafilalet,28,RETRAITE,12700,3349,39941,48,5,2,2,0.243,HYPOTHEQUE,CONSOMMATION,1
AGRICULTURE,Dakhla-Oued Ed-Dahab,26,INDEPENDANT,6729,3917,29738,60,7,3,0,0.578,CAUTION,PROFESSIONNEL,0
COMMERCE,Béni Mellal-Khénifra,40,RETRAITE,9871,1523,47758,24,18,1,0,0.113,AUCUNE,CONSOMMATION,1
COMMERCE,Souss-Massa,38,FONCTIONNAIRE,13129,2902,8495,36,14,4,0,0.289,HYPOTHEQUE,CONSOMMATION,0
SERVICES,Fès-Meknès,27,INDEPENDANT,11892,2501,23611,60,5,3,1,0.16,NANTISSEMENT,IMMOBILIER,0
SERVICES,Guelmim-Oued Noun,21,FONCTIONNAIRE,12102,3738,10120,36,0,0,2,0.268,AUCUNE,CONSOMMATION,1
COMMERCE,Oriental,77,SALARIE_CDI,8528,4972,28226,36,45,4,0,0.572,CAUTION,CONSOMMATION,1
INDUSTRIE,Guelmim-Oued Noun,60,INDEPENDANT,7766,3650,25360,12,41,3,1,0.415,CAUTION,PROFESSIONNEL,0
COMMERCE,Casablanca-Settat,63,FONCTIONNAIRE,9159,1866,5731,48,43,4,1,0.171,CAUTION,CONSOMMATION,0
TECH,Rabat-Salé-Kénitra,22,SALARIE_CDD,5746,1089,41170,12,1,3,1,0.172,HYPOTHEQUE,IMMOBILIER,1
SERVICES,Rabat-Salé-Kénitra,68,SALARIE_CDI,13366,3932,55976,120,45,1,0,0.334,CAUTION,IMMOBILIER,1
COMMERCE,Drâa-Tafilalet,40,INDEPENDANT,4070,1872,31717,24,17,4,0,0.388,HYPOTHEQUE,IMMOBILIER,1
SERVICES,Oriental,65,INDEPENDANT,6458,2886,12458,12,39,2,3,0.421,CAUTION,PROFESSIONNEL,1
TECH,Fès-Meknès,48,SALARIE_CDD,7972,1651,88050,120,27,1,0,0.222,AUCUNE,CONSOMMATION,1
SERVICES,Fès-Meknès,33,RETRAITE,10010,5309,137037,36,11,5,2,0.555,AUCUNE,PROFESSIONNEL,1
COMMERCE,Béni Mellal-Khénifra,34,SALARIE_CDD,10893,5078,48057,24,12,3,1,0.596,AUCUNE,PROFESSIONNEL,0
COMMERCE,Dakhla-Oued Ed-Dahab,26,SALARIE_CDI,15836,10159,28342,48,1,5,5,0.715,CAUTION,PROFESSIONNEL,0
INDUSTRIE,Dakhla-Oued Ed-Dahab,70,SALARIE_CDI,8392,3577,28602,12,45,2,0,0.509,HYPOTHEQUE,CONSOMMATION,0
COMMERCE,Souss-Massa,45,SALARIE_CDD,5866,1840,49185,36,22,5,2,0.237,HYPOTHEQUE,CONSOMMATION,1
TECH,Drâa-Tafilalet,67,SALARIE_CDI,7591,1592,38677,60,45,5,0,0.226,AUCUNE,AUTO,0
COMMERCE,Rabat-Salé-Kénitra,70,INDEPENDANT,7018,4278,49260,48,45,3,0,0.641,AUCUNE,CONSOMMATION,1
TECH,Dakhla-Oued Ed-Dahab,28,INDEPENDANT,10239,1729,49760,120,6,1,0,0.108,AUCUNE,IMMOBILIER,1
AGRICULTURE,Casablanca-Settat,38,FONCTIONNAIRE,5013,1626,21661,84,11,3,1,0.313,HYPOTHEQUE,PROFESSIONNEL,1
INDUSTRIE,Tanger-Tétouan-Al Hoceïma,25,INDEPENDANT,7488,3110,20414,60,6,3,0,0.456,HYPOTHEQUE,CONSOMMATION,1
COMMERCE,Drâa-Tafilalet,18,RETRAITE,16818,7314,29844,60,0,3,0,0.478,NANTISSEMENT,CONSOMMATION,0
SERVICES,Dakhla-Oued Ed-Dahab,80,SALARIE_CDD,8786,3876,50376,60,45,1,4,0.505,AUCUNE,CONSOMMATION,1
TECH,Marrakech-Safi,59,SALARIE_CDI,5045,2566,12191,48,37,4,1,0.515,AUCUNE,AUTO,0
COMMERCE,Béni Mellal-Khénifra,46,SALARIE_CDI,6954,1489,30944,12,25,4,1,0.187,HYPOTHEQUE,PROFESSIONNEL,1
INDUSTRIE,Marrakech-Safi,30,FONCTIONNAIRE,2967,1512,35412,24,6,0,0,0.54,HYPOTHEQUE,PROFESSIONNEL,0
SERVICES,Casablanca-Settat,55,SALARIE_CDD,7891,4693,25829,36,37,3,5,0.605,HYPOTHEQUE,IMMOBILIER,1
AGRICULTURE,Souss-Massa,52,FONCTIONNAIRE,17008,2810,96945,24,29,0,2,0.189,CAUTION,PROFESSIONNEL,0
INDUSTRIE,Oriental,32,FONCTIONNAIRE,4751,798,86028,24,6,5,4,0.075,HYPOTHEQUE,PROFESSIONNEL,1
COMMERCE,Fès-Meknès,18,FONCTIONNAIRE,4208,2717,48576,84,0,1,0,0.646,AUCUNE,CONSOMMATION,1
SERVICES,Dakhla-Oued Ed-Dahab,47,SALARIE_CDI,6039,1848,125402,120,22,3,0,0.327,CAUTION,CONSOMMATION,1
AGRICULTURE,Béni Mellal-Khénifra,50,SALARIE_CDI,12266,4631,67161,48,26,3,1,0.378,HYPOTHEQUE,CONSOMMATION,1
SERVICES,Souss-Massa,68,SALARIE_CDD,17450,5323,39890,48,44,4,1,0.299,AUCUNE,CONSOMMATION,0
SERVICES,Souss-Massa,42,INDEPENDANT,9914,4246,26008,36,18,1,3,0.422,AUCUNE,CONSOMMATION,0
TECH,Souss-Massa,24,FONCTIONNAIRE,4543,2298,27538,60,0,4,0,0.462,HYPOTHEQUE,PROFESSIONNEL,0
AGRICULTURE,Rabat-Salé-Kénitra,73,FONCTIONNAIRE,8022,4251,47399,60,45,0,1,0.573,NANTISSEMENT,IMMOBILIER,0
SERVICES,Béni Mellal-Khénifra,44,FONCTIONNAIRE,18129,5941,27994,12,24,0,0,0.313,AUCUNE,CONSOMMATION,0
COMMERCE,Guelmim-Oued Noun,63,FONCTIONNAIRE,7045,1975,12558,48,40,0,0,0.155,CAUTION,AUTO,0
TECH,Souss-Massa,20,SALARIE_CDI,8632,3654,27820,36,0,0,5,0.393,AUCUNE,IMMOBILIER,1
TECH,Souss-Massa,20,SALARIE_CDI,9029,3089,74557,48,1,5,1,0.304,CAUTION,AUTO,1
INDUSTRIE,Laâyoune-Sakia El Hamra,19,SALARIE_CDI,4041,1863,5992,48,0,0,0,0.445,AUCUNE,CONSOMMATION,0
COMMERCE,Béni Mellal-Khénifra,67,SALARIE_CDI,12696,5787,96968,12,42,4,1,0.423,AUCUNE,CONSOMMATION,1
TECH,Fès-Meknès,33,SALARIE_CDI,11899,7106,54276,84,12,3,0,0.592,CAUTION,PROFESSIONNEL,0
TECH,Casablanca-Settat,67,INDEPENDANT,3304,502,30820,120,40,2,0,0.162,HYPOTHEQUE,CONSOMMATION,0
TECH,Guelmim-Oued Noun,77,SALARIE_CDI,4452,895,44416,12,45,1,0,0.161,CAUTION,IMMOBILIER,1
COMMERCE,Béni Mellal-Khénifra,59,SALARIE_CDI,5238,2846,71166,84,39,0,1,0.546,AUCUNE,CONSOMMATION,1
SERVICES,Béni Mellal-Khénifra,80,SALARIE_CDI,11348,5013,37175,48,45,2,1,0.475,HYPOTHEQUE,AUTO,0
AGRICULTURE,Fès-Meknès,76,SALARIE_CDI,5779,1047,70548,84,45,3,0,0.163,AUCUNE,CONSOMMATION,1
TECH,Marrakech-Safi,63,SALARIE_CDI,9707,6031,65879,24,39,3,0,0.654,CAUTION,CONSOMMATION,1
TECH,Souss-Massa,68,SALARIE_CDI,7467,3548,41053,24,41,3,0,0.541,HYPOTHEQUE,IMMOBILIER,1
SERVICES,Guelmim-Oued Noun,56,SALARIE_CDI,8367,3288,16689,12,33,2,0,0.346,HYPOTHEQUE,AUTO,0
SERVICES,Fès-Meknès,31,RETRAITE,10129,5468,33914,48,9,0,0,0.555,AUCUNE,CONSOMMATION,0
TECH,Oriental,24,SALARIE_CDI,9160,4104,8700,36,0,4,2,0.55,AUCUNE,CONSOMMATION,1
SERVICES,Dakhla-Oued Ed-Dahab,42,SALARIE_CDI,8034,2705,49612,120,18,1,1,0.349,HYPOTHEQUE,PROFESSIONNEL,0
AGRICULTURE,Marrakech-Safi,47,SALARIE_CDD,9388,2801,27071,48,28,3,0,0.257,AUCUNE,CONSOMMATION,0
INDUSTRIE,Marrakech-Safi,40,SALARIE_CDI,8934,3366,23607,120,18,4,2,0.401,AUCUNE,CONSOMMATION,0
TECH,Marrakech-Safi,24,FONCTIONNAIRE,7374,2858,57461,24,0,5,1,0.379,CAUTION,PROFESSIONNEL,0
AGRICULTURE,Laâyoune-Sakia El Hamra,49,SALARIE_CDD,6674,3377,14924,12,26,5,0,0.443,CAUTION,CONSOMMATION,0
INDUSTRIE,Oriental,49,INDEPENDANT,18886,7299,39280,84,31,5,2,0.378,AUCUNE,PROFESSIONNEL,1
INDUSTRIE,Dakhla-Oued Ed-Dahab,78,RETRAITE,6639,1057,28628,12,45,1,0,0.102,CAUTION,CONSOMMATION,0
COMMERCE,Dakhla-Oued Ed-Dahab,78,INDEPENDANT,14990,7380,32007,84,45,3,0,0.41,NANTISSEMENT,PROFESSIONNEL,0
COMMERCE,Souss-Massa,56,SALARIE_CDI,5953,1100,44312,48,31,2,0,0.228,CAUTION,IMMOBILIER,1
INDUSTRIE,Casablanca-Settat,71,SALARIE_CDD,11668,6688,130145,60,45,2,2,0.456,AUCUNE,IMMOBILIER,1
COMMERCE,Fès-Meknès,37,SALARIE_CDI,18082,9116,47999,24,14,4,0,0.574,CAUTION,PROFESSIONNEL,0
AGRICULTURE,Oriental,79,INDEPENDANT,6961,3125,93976,24,45,5,0,0.477,CAUTION,IMMOBILIER,0
COMMERCE,Tanger-Tétouan-Al Hoceïma,77,SALARIE_CDI,6001,2263,96455,24,45,3,2,0.452,CAUTION,CONSOMMATION,0
SERVICES,Casablanca-Settat,25,FONCTIONNAIRE,6680,1577,62241,84,5,0,0,0.319,AUCUNE,IMMOBILIER,0
INDUSTRIE,Dakhla-Oued Ed-Dahab,62,SALARIE_CDI,8033,3836,9989,48,39,2,4,0.534,HYPOTHEQUE,CONSOMMATION,1
INDUSTRIE,Fès-Meknès,46,SALARIE_CDD,9366,1918,30707,12,20,1,0,0.183,AUCUNE,PROFESSIONNEL,0
SERVICES,Béni Mellal-Khénifra,34,SALARIE_CDI,7959,3600,16925,12,7,5,0,0.421,NANTISSEMENT,PROFESSIONNEL,1
SERVICES,Dakhla-Oued Ed-Dahab,43,SALARIE_CDD,6708,1621,269563,84,22,5,1,0.247,AUCUNE,CONSOMMATION,1
COMMERCE,Oriental,75,FONCTIONNAIRE,19527,8757,17986,60,45,3,0,0.498,NANTISSEMENT,IMMOBILIER,0
INDUSTRIE,Drâa-Tafilalet,76,FONCTIONNAIRE,7404,1670,12733,36,45,1,0,0.32,CAUTION,CONSOMMATION,0
AGRICULTURE,Casablanca-Settat,39,SALARIE_CDI,6130,1209,5223,36,21,3,0,0.147,AUCUNE,CONSOMMATION,0
SERVICES,Drâa-Tafilalet,47,SALARIE_CDI,11775,4539,17582,84,27,5,0,0.426,HYPOTHEQUE,CONSOMMATION,1
SERVICES,Laâyoune-Sakia El Hamra,50,INDEPENDANT,11860,5988,39577,12,29,3,4,0.507,HYPOTHEQUE,CONSOMMATION,0
TECH,Dakhla-Oued Ed-Dahab,64,SALARIE_CDD,15300,4119,77736,120,37,1,0,0.271,AUCUNE,PROFESSIONNEL,0
AGRICULTURE,Rabat-Salé-Kénitra,48,FONCTIONNAIRE,19294,7695,17169,84,29,0,3,0.431,HYPOTHEQUE,IMMOBILIER,0
SERVICES,Marrakech-Safi,42,SALARIE_CDD,9469,5203,82457,12,20,3,1,0.421,AUCUNE,AUTO,0
SERVICES,Casablanca-Settat,76,FONCTIONNAIRE,7117,3023,34732,48,45,3,1,0.426,AUCUNE,CONSOMMATION,0
SERVICES,Dakhla-Oued Ed-Dahab,41,FONCTIONNAIRE,3443,1544,25854,48,21,2,2,0.387,CAUTION,PROFESSIONNEL,0
COMMERCE,Fès-Meknès,34,SALARIE_CDI,5313,1382,40986,120,14,1,0,0.297,HYPOTHEQUE,CONSOMMATION,0
COMMERCE,Oriental,38,FONCTIONNAIRE,8900,1889,97959,60,14,4,4,0.228,CAUTION,CONSOMMATION,1
SERVICES,Souss-Massa,38,FONCTIONNAIRE,4763,1069,37638,12,13,0,2,0.309,NANTISSEMENT,IMMOBILIER,1
SERVICES,Drâa-Tafilalet,52,SALARIE_CDI,3971,2527,16718,24,32,4,2,0.711,AUCUNE,IMMOBILIER,1
COMMERCE,Laâyoune-Sakia El Hamra,59,INDEPENDANT,8347,1614,48869,60,35,0,0,0.163,CAUTION,IMMOBILIER,0
AGRICULTURE,Fès-Meknès,26,SALARIE_CDI,11494,2595,48325,36,2,5,1,0.24,AUCUNE,AUTO,1
COMMERCE,Guelmim-Oued Noun,73,SALARIE_CDI,7252,1834,31787,48,45,5,1,0.334,HYPOTHEQUE,IMMOBILIER,0
COMMERCE,Fès-Meknès,33,INDEPENDANT,12131,6599,74242,120,10,0,0,0.568,AUCUNE,AUTO,0
SERVICES,Marrakech-Safi,25,INDEPENDANT,10694,3732,7314,120,1,4,0,0.385,AUCUNE,CONSOMMATION,1
SERVICES,Rabat-Salé-Kénitra,60,SALARIE_CDI,13591,7413,46628,24,39,3,2,0.628,CAUTION,PROFESSIONNEL,0
INDUSTRIE,Tanger-Tétouan-Al Hoceïma,31,FONCTIONNAIRE,21548,7746,62884,24,11,0,0,0.434,AUCUNE,CONSOMMATION,0
TECH,Oriental,65,SALARIE_CDI,26273,14381,13172,120,43,1,0,0.559,HYPOTHEQUE,IMMOBILIER,0
TECH,Guelmim-Oued Noun,77,INDEPENDANT,11263,6732,12858,48,45,3,2,0.653,CAUTION,PROFESSIONNEL,0
AGRICULTURE,Laâyoune-Sakia El Hamra,61,SALARIE_CDD,6588,2462,73035,60,38,0,0,0.421,AUCUNE,AUTO,0
AGRICULTURE,Oriental,66,INDEPENDANT,8332,5359,82629,24,45,3,3,0.73,HYPOTHEQUE,CONSOMMATION,0
AGRICULTURE,Tanger-Tétouan-Al Hoceïma,49,SALARIE_CDD,16448,10139,94074,60,23,1,2,0.624,AUCUNE,CONSOMMATION,1
AGRICULTURE,Marrakech-Safi,39,SALARIE_CDD,5421,855,22357,120,19,2,2,0.223,AUCUNE,PROFESSIONNEL,0
SERVICES,Laâyoune-Sakia El Hamra,56,INDEPENDANT,15544,6716,41804,12,36,0,0,0.415,AUCUNE,CONSOMMATION,1
SERVICES,Tanger-Tétouan-Al Hoceïma,40,SALARIE_CDI,7507,3593,45857,36,21,0,0,0.505,AUCUNE,PROFESSIONNEL,0
INDUSTRIE,Guelmim-Oued Noun,73,SALARIE_CDI,8975,5130,10992,36,45,5,0,0.62,AUCUNE,CONSOMMATION,0
COMMERCE,Béni Mellal-Khénifra,47,SALARIE_CDD,5634,2742,40542,48,21,5,3,0.525,HYPOTHEQUE,CONSOMMATION,1
SERVICES,Dakhla-Oued Ed-Dahab,49,FONCTIONNAIRE,4466,2207,40018,24,23,4,0,0.513,HYPOTHEQUE,PROFESSIONNEL,0
TECH,Dakhla-Oued Ed-Dahab,60,SALARIE_CDI,7148,2107,61189,60,40,3,1,0.297,AUCUNE,CONSOMMATION,0
COMMERCE,Drâa-Tafilalet,29,FONCTIONNAIRE,14565,8160,24341,24,9,5,0,0.6,AUCUNE,CONSOMMATION,0
COMMERCE,Béni Mellal-Khénifra,53,SALARIE_CDD,5908,1073,87143,24,34,4,0,0.211,CAUTION,CONSOMMATION,1
SERVICES,Rabat-Salé-Kénitra,65,FONCTIONNAIRE,16741,8014,38416,48,44,3,2,0.488,CAUTION,IMMOBILIER,0
SERVICES,Casablanca-Settat,66,INDEPENDANT,6262,1572,120187,12,45,5,0,0.288,NANTISSEMENT,CONSOMMATION,0
SERVICES,Oriental,32,SALARIE_CDD,5011,2670,61244,84,14,5,0,0.461,AUCUNE,CONSOMMATION,1
TECH,Drâa-Tafilalet,21,FONCTIONNAIRE,9083,4951,44108,48,1,5,0,0.57,HYPOTHEQUE,PROFESSIONNEL,1
COMMERCE,Drâa-Tafilalet,30,SALARIE_CDD,10999,2611,15878,120,10,5,4,0.155,AUCUNE,CONSOMMATION,1
TECH,Fès-Meknès,69,SALARIE_CDI,8819,4822,14415,36,45,0,1,0.506,HYPOTHEQUE,CONSOMMATION,0
INDUSTRIE,Oriental,34,INDEPENDANT,8673,4933,111369,12,13,5,0,0.588,CAUTION,IMMOBILIER,0
INDUSTRIE,Laâyoune-Sakia El Hamra,21,INDEPENDANT,16669,2942,67132,36,0,2,4,0.177,HYPOTHEQUE,CONSOMMATION,0
INDUSTRIE,Rabat-Salé-Kénitra,55,INDEPENDANT,8457,3087,29746,60,28,3,1,0.283,AUCUNE,PROFESSIONNEL,0
TECH,Tanger-Tétouan-Al Hoceïma,73,RETRAITE,6557,1615,27126,12,45,3,3,0.155,HYPOTHEQUE,PROFESSIONNEL,0
TECH,Dakhla-Oued Ed-Dahab,32,SALARIE_CDD,4867,1038,42418,48,7,1,0,0.199,HYPOTHEQUE,AUTO,0
SERVICES,Marrakech-Safi,20,FONCTIONNAIRE,14373,7931,14163,84,0,3,0,0.463,NANTISSEMENT,PROFESSIONNEL,0
AGRICULTURE,Fès-Meknès,26,SALARIE_CDI,6691,1984,26177,120,2,3,0,0.23,AUCUNE,PROFESSIONNEL,0
SERVICES,Souss-Massa,26,RETRAITE,6991,3300,55758,84,0,5,0,0.444,HYPOTHEQUE,CONSOMMATION,0
AGRICULTURE,Drâa-Tafilalet,30,FONCTIONNAIRE,13008,1975,61231,24,4,5,1,0.197,CAUTION,CONSOMMATION,1
SERVICES,Fès-Meknès,29,SALARIE_CDI,20422,3875,28067,60,11,2,1,0.132,HYPOTHEQUE,IMMOBILIER,0
SERVICES,Guelmim-Oued Noun,58,INDEPENDANT,9073,4129,111321,84,35,0,0,0.348,HYPOTHEQUE,PROFESSIONNEL,0
TECH,Marrakech-Safi,32,FONCTIONNAIRE,7619,2553,75470,36,8,4,0,0.403,AUCUNE,CONSOMMATION,1
SERVICES,Tanger-Tétouan-Al Hoceïma,52,RETRAITE,8082,4767,21202,60,25,5,3,0.633,CAUTION,AUTO,1
INDUSTRIE,Oriental,43,INDEPENDANT,6601,1262,14867,48,20,2,1,0.209,HYPOTHEQUE,IMMOBILIER,0
INDUSTRIE,Casablanca-Settat,59,INDEPENDANT,6904,3189,55061,36,39,1,1,0.46,CAUTION,CONSOMMATION,0
SERVICES,Guelmim-Oued Noun,59,FONCTIONNAIRE,6921,3470,26501,60,34,2,2,0.606,CAUTION,PROFESSIONNEL,1
TECH,Drâa-Tafilalet,55,FONCTIONNAIRE,12208,5562,23201,120,28,2,0,0.472,HYPOTHEQUE,CONSOMMATION,1
TECH,Laâyoune-Sakia El Hamra,74,INDEPENDANT,7788,3819,42448,120,45,1,1,0.495,CAUTION,CONSOMMATION,0
TECH,Fès-Meknès,30,SALARIE_CDI,14938,4103,60088,12,9,2,3,0.266,AUCUNE,CONSOMMATION,0
INDUSTRIE,Tanger-Tétouan-Al Hoceïma,51,SALARIE_CDI,7690,4103,63218,24,29,1,4,0.555,AUCUNE,IMMOBILIER,1
COMMERCE,Laâyoune-Sakia El Hamra,42,RETRAITE,6869,2935,37746,84,18,0,0,0.391,HYPOTHEQUE,PROFESSIONNEL,0
SERVICES,Casablanca-Settat,51,INDEPENDANT,14401,7834,7290,84,30,3,0,0.6,CAUTION,CONSOMMATION,0
SERVICES,Souss-Massa,26,RETRAITE,8182,1725,70834,84,2,2,0,0.276,AUCUNE,CONSOMMATION,1
SERVICES,Souss-Massa,38,SALARIE_CDI,7655,1634,20656,60,17,0,0,0.277,AUCUNE,IMMOBILIER,1
AGRICULTURE,Souss-Massa,77,SALARIE_CDI,8226,2861,45065,36,45,3,0,0.346,CAUTION,IMMOBILIER,0
AGRICULTURE,Souss-Massa,68,INDEPENDANT,15678,5408,33339,60,44,1,1,0.364,CAUTION,IMMOBILIER,0
TECH,Drâa-Tafilalet,44,SALARIE_CDI,9300,1992,174702,84,24,0,0,0.148,CAUTION,IMMOBILIER,0
COMMERCE,Marrakech-Safi,24,SALARIE_CDD,14218,2710,153357,12,4,4,1,0.128,HYPOTHEQUE,CONSOMMATION,1
COMMERCE,Laâyoune-Sakia El Hamra,58,SALARIE_CDI,7291,1388,26327,12,38,4,4,0.229,AUCUNE,AUTO,1
COMMERCE,Laâyoune-Sakia El Hamra,36,INDEPENDANT,13230,2331,14168,84,10,0,0,0.222,HYPOTHEQUE,PROFESSIONNEL,0
COMMERCE,Marrakech-Safi,38,FONCTIONNAIRE,9018,1502,14966,12,14,4,0,0.079,AUCUNE,IMMOBILIER,1
INDUSTRIE,Dakhla-Oued Ed-Dahab,24,SALARIE_CDI,12054,6676,43919,36,0,3,0,0.49,HYPOTHEQUE,CONSOMMATION,1
SERVICES,Fès-Meknès,36,FONCTIONNAIRE,12519,7730,24889,12,16,0,4,0.571,HYPOTHEQUE,CONSOMMATION,1
SERVICES,Casablanca-Settat,31,SALARIE_CDI,5304,1924,16684,36,9,2,1,0.38,HYPOTHEQUE,IMMOBILIER,0
AGRICULTURE,Tanger-Tétouan-Al Hoceïma,20,INDEPENDANT,8370,2037,25171,24,0,5,0,0.222,AUCUNE,PROFESSIONNEL,1
COMMERCE,Guelmim-Oued Noun,54,FONCTIONNAIRE,12466,3917,49803,48,27,0,0,0.256,AUCUNE,IMMOBILIER,0
AGRICULTURE,Laâyoune-Sakia El Hamra,79,FONCTIONNAIRE,13392,7490,34379,12,45,2,2,0.544,HYPOTHEQUE,AUTO,0
SERVICES,Béni Mellal-Khénifra,25,SALARIE_CDD,14243,8754,25909,120,3,0,2,0.598,AUCUNE,CONSOMMATION,1
COMMERCE,Guelmim-Oued Noun,21,SALARIE_CDI,8494,2288,28288,60,0,1,0,0.315,CAUTION,CONSOMMATION,0
SERVICES,Fès-Meknès,24,SALARIE_CDI,16205,2679,32424,60,6,3,0,0.152,CAUTION,IMMOBILIER,1
SERVICES,Laâyoune-Sakia El Hamra,52,RETRAITE,6029,1835,42440,84,31,3,4,0.377,CAUTION,CONSOMMATION,0
SERVICES,Béni Mellal-Khénifra,70,SALARIE_CDD,4135,1417,44219,12,43,3,2,0.24,AUCUNE,IMMOBILIER,0
SERVICES,Rabat-Salé-Kénitra,37,SALARIE_CDD,7151,1083,11454,48,17,3,0,0.174,HYPOTHEQUE,PROFESSIONNEL,0
AGRICULTURE,Rabat-Salé-Kénitra,25,SALARIE_CDD,13879,6811,40810,24,4,4,0,0.596,NANTISSEMENT,CONSOMMATION,0
INDUSTRIE,Fès-Meknès,24,RETRAITE,4970,1055,28185,120,2,2,0,0.205,AUCUNE,IMMOBILIER,0
COMMERCE,Casablanca-Settat,56,INDEPENDANT,4182,798,17860,60,38,3,0,0.177,NANTISSEMENT,PROFESSIONNEL,0
COMMERCE,Fès-Meknès,40,SALARIE_CDI,3736,1904,27976,12,18,5,4,0.476,AUCUNE,CONSOMMATION,0
INDUSTRIE,Dakhla-Oued Ed-Dahab,40,FONCTIONNAIRE,11284,6041,81576,120,21,2,0,0.463,AUCUNE,PROFESSIONNEL,0
COMMERCE,Marrakech-Safi,33,SALARIE_CDD,4224,1022,63961,60,8,0,0,0.295,CAUTION,IMMOBILIER,0
SERVICES,Béni Mellal-Khénifra,74,INDEPENDANT,10374,5542,38873,48,45,2,0,0.495,NANTISSEMENT,CONSOMMATION,0
AGRICULTURE,Dakhla-Oued Ed-Dahab,41,RETRAITE,6991,2089,19381,12,19,4,0,0.344,CAUTION,CONSOMMATION,0
TECH,Fès-Meknès,62,INDEPENDANT,5729,1742,14020,60,42,1,0,0.324,AUCUNE,CONSOMMATION,0
TECH,Drâa-Tafilalet,64,INDEPENDANT,5170,1092,18783,36,39,2,0,0.244,AUCUNE,PROFESSIONNEL,0
COMMERCE,Souss-Massa,21,FONCTIONNAIRE,8891,2341,36627,24,0,0,0,0.216,CAUTION,IMMOBILIER,0
SERVICES,Fès-Meknès,33,SALARIE_CDD,5771,978,37172,24,12,5,0,0.187,CAUTION,CONSOMMATION,0
AGRICULTURE,Dakhla-Oued Ed-Dahab,74,FONCTIONNAIRE,8085,3929,23018,12,45,0,5,0.486,HYPOTHEQUE,IMMOBILIER,0
INDUSTRIE,Béni Mellal-Khénifra,73,INDEPENDANT,9707,5588,67135,84,45,5,4,0.585,CAUTION,PROFESSIONNEL,1
SERVICES,Souss-Massa,44,SALARIE_CDI,10675,1859,47531,48,17,3,1,0.048,HYPOTHEQUE,IMMOBILIER,0
INDUSTRIE,Guelmim-Oued Noun,27,FONCTIONNAIRE,12338,3426,5677,24,3,4,0,0.304,HYPOTHEQUE,IMMOBILIER,1
TECH,Laâyoune-Sakia El Hamra,36,SALARIE_CDI,8727,2820,39200,48,9,3,0,0.435,CAUTION,CONSOMMATION,0
COMMERCE,Guelmim-Oued Noun,77,SALARIE_CDI,5052,1749,61626,36,45,0,1,0.282,CAUTION,IMMOBILIER,0
TECH,Laâyoune-Sakia El Hamra,60,INDEPENDANT,9992,5617,41844,48,41,0,1,0.609,HYPOTHEQUE,CONSOMMATION,0
TECH,Fès-Meknès,22,SALARIE_CDI,10887,1866,54560,12,0,1,0,0.16,AUCUNE,CONSOMMATION,1
SERVICES,Tanger-Tétouan-Al Hoceïma,63,INDEPENDANT,7467,3413,30199,24,40,2,3,0.405,HYPOTHEQUE,IMMOBILIER,0
AGRICULTURE,Marrakech-Safi,27,SALARIE_CDD,7118,2962,34694,60,2,5,1,0.381,CAUTION,CONSOMMATION,1
INDUSTRIE,Drâa-Tafilalet,37,FONCTIONNAIRE,24682,14050,35205,12,11,5,0,0.642,AUCUNE,CONSOMMATION,1
COMMERCE,Guelmim-Oued Noun,48,INDEPENDANT,4528,1372,41310,120,27,0,3,0.317,CAUTION,PROFESSIONNEL,0
SERVICES,Béni Mellal-Khénifra,40,INDEPENDANT,10119,2033,24213,36,20,1,1,0.195,CAUTION,PROFESSIONNEL,0
AGRICULTURE,Béni Mellal-Khénifra,61,INDEPENDANT,12974,2793,78021,60,42,5,3,0.137,HYPOTHEQUE,PROFESSIONNEL,0
INDUSTRIE,Guelmim-Oued Noun,27,SALARIE_CDI,6950,3234,98316,84,0,4,3,0.493,HYPOTHEQUE,PROFESSIONNEL,0
SERVICES,Marrakech-Safi,73,SALARIE_CDD,7511,3176,25041,48,45,2,0,0.477,HYPOTHEQUE,CONSOMMATION,0
INDUSTRIE,Tanger-Tétouan-Al Hoceïma,55,INDEPENDANT,6764,3018,16025,24,30,3,0,0.461,CAUTION,CONSOMMATION,1
SERVICES,Drâa-Tafilalet,37,INDEPENDANT,8104,1771,14162,120,10,0,0,0.161,HYPOTHEQUE,IMMOBILIER,0
SERVICES,Casablanca-Settat,78,INDEPENDANT,12146,2080,48217,60,45,4,0,0.198,NANTISSEMENT,PROFESSIONNEL,1
COMMERCE,Laâyoune-Sakia El Hamra,48,INDEPENDANT,7412,3211,54802,84,21,4,0,0.526,AUCUNE,CONSOMMATION,1
INDUSTRIE,Marrakech-Safi,44,SALARIE_CDI,32852,6259,48360,24,23,1,0,0.183,NANTISSEMENT,PROFESSIONNEL,0
AGRICULTURE,Guelmim-Oued Noun,19,SALARIE_CDI,6610,4064,51360,12,0,0,2,0.667,CAUTION,PROFESSIONNEL,0
INDUSTRIE,Béni Mellal-Khénifra,80,RETRAITE,15061,8309,24395,24,45,5,0,0.541,CAUTION,IMMOBILIER,0
TECH,Laâyoune-Sakia El Hamra,71,FONCTIONNAIRE,10350,2484,9017,84,45,2,0,0.231,CAUTION,CONSOMMATION,0
COMMERCE,Guelmim-Oued Noun,29,INDEPENDANT,8508,3819,25640,24,2,2,2,0.459,HYPOTHEQUE,IMMOBILIER,1
COMMERCE,Oriental,77,FONCTIONNAIRE,15707,3393,115579,84,45,0,0,0.198,AUCUNE,CONSOMMATION,1
COMMERCE,Guelmim-Oued Noun,68,RETRAITE,3944,2438,43711,48,45,3,0,0.595,HYPOTHEQUE,CONSOMMATION,1
COMMERCE,Tanger-Tétouan-Al Hoceïma,44,INDEPENDANT,9812,4364,48883,36,21,5,1,0.446,CAUTION,CONSOMMATION,0
AGRICULTURE,Béni Mellal-Khénifra,76,SALARIE_CDI,5870,1813,68413,24,45,4,0,0.357,HYPOTHEQUE,CONSOMMATION,0
INDUSTRIE,Laâyoune-Sakia El Hamra,53,INDEPENDANT,6660,3265,20170,12,29,5,0,0.494,CAUTION,CONSOMMATION,1
SERVICES,Rabat-Salé-Kénitra,61,SALARIE_CDI,6520,986,42465,36,42,3,0,0.149,CAUTION,IMMOBILIER,0
COMMERCE,Tanger-Tétouan-Al Hoceïma,29,SALARIE_CDD,5252,1544,51976,120,2,4,0,0.304,AUCUNE,CONSOMMATION,1
TECH,Casablanca-Settat,24,INDEPENDANT,3852,1029,18906,60,3,3,0,0.346,CAUTION,PROFESSIONNEL,0
SERVICES,Oriental,51,SALARIE_CDI,9652,3118,46850,84,29,4,0,0.274,AUCUNE,PROFESSIONNEL,0
INDUSTRIE,Guelmim-Oued Noun,38,SALARIE_CDI,7866,1515,89927,84,14,4,3,0.226,NANTISSEMENT,CONSOMMATION,1
AGRICULTURE,Casablanca-Settat,79,FONCTIONNAIRE,7078,4487,27433,60,45,3,0,0.676,AUCUNE,PROFESSIONNEL,0
TECH,Oriental,23,RETRAITE,11403,4378,10876,84,0,4,3,0.376,AUCUNE,AUTO,1
AGRICULTURE,Tanger-Tétouan-Al Hoceïma,66,SALARIE_CDI,9931,5742,40979,48,45,5,4,0.64,AUCUNE,CONSOMMATION,1
COMMERCE,Guelmim-Oued Noun,55,INDEPENDANT,7186,1292,22935,48,33,4,1,0.227,NANTISSEMENT,CONSOMMATION,1
COMMERCE,Marrakech-Safi,73,FONCTIONNAIRE,31982,18307,41223,36,45,2,3,0.614,CAUTION,IMMOBILIER,1
INDUSTRIE,Rabat-Salé-Kénitra,80,SALARIE_CDD,12811,6105,20141,36,45,4,0,0.413,AUCUNE,CONSOMMATION,0
AGRICULTURE,Rabat-Salé-Kénitra,72,INDEPENDANT,24347,11915,37899,12,45,5,0,0.463,AUCUNE,AUTO,0
INDUSTRIE,Tanger-Tétouan-Al Hoceïma,41,FONCTIONNAIRE,6723,3719,85739,60,20,4,0,0.52,CAUTION,PROFESSIONNEL,1
TECH,Souss-Massa,61,INDEPENDANT,9067,3745,35616,60,37,3,4,0.449,AUCUNE,CONSOMMATION,1
INDUSTRIE,Dakhla-Oued Ed-Dahab,28,INDEPENDANT,4641,2167,11448,48,9,5,2,0.512,CAUTION,IMMOBILIER,0
COMMERCE,Souss-Massa,48,RETRAITE,6983,4189,47241,60,26,2,5,0.587,CAUTION,CONSOMMATION,1
TECH,Marrakech-Safi,34,INDEPENDANT,6231,1324,36825,84,9,5,0,0.2,AUCUNE,IMMOBILIER,1
COMMERCE,Drâa-Tafilalet,33,SALARIE_CDI,31194,5547,42161,120,11,3,0,0.289,CAUTION,PROFESSIONNEL,0
AGRICULTURE,Casablanca-Settat,53,INDEPENDANT,5934,3806,71771,120,28,0,0,0.651,CAUTION,IMMOBILIER,0
INDUSTRIE,Tanger-Tétouan-Al Hoceïma,25,FONCTIONNAIRE,7293,4308,25146,36,3,0,2,0.614,AUCUNE,CONSOMMATION,1
COMMERCE,Béni Mellal-Khénifra,53,SALARIE_CDI,4213,1715,29684,36,27,5,0,0.395,NANTISSEMENT,IMMOBILIER,1
INDUSTRIE,Fès-Meknès,43,FONCTIONNAIRE,10303,5568,17666,48,17,1,1,0.607,AUCUNE,CONSOMMATION,1
INDUSTRIE,Béni Mellal-Khénifra,32,INDEPENDANT,5404,3194,41579,36,13,4,3,0.612,CAUTION,CONSOMMATION,1
INDUSTRIE,Souss-Massa,53,SALARIE_CDI,12251,4697,40823,60,27,3,2,0.393,CAUTION,CONSOMMATION,0
SERVICES,Dakhla-Oued Ed-Dahab,65,SALARIE_CDD,3624,721,30278,12,45,3,0,0.21,AUCUNE,CONSOMMATION,1
SERVICES,Fès-Meknès,56,FONCTIONNAIRE,7672,2995,61265,24,29,3,0,0.37,AUCUNE,AUTO,0
COMMERCE,Laâyoune-Sakia El Hamra,23,SALARIE_CDD,3531,1150,17576,48,0,3,1,0.279,CAUTION,IMMOBILIER,0
COMMERCE,Béni Mellal-Khénifra,53,INDEPENDANT,6498,1050,39690,12,34,4,0,0.162,HYPOTHEQUE,CONSOMMATION,1
COMMERCE,Drâa-Tafilalet,57,SALARIE_CDI,7121,4483,55314,48,35,2,0,0.707,CAUTION,PROFESSIONNEL,0
SERVICES,Marrakech-Safi,61,INDEPENDANT,6188,3143,24849,24,34,3,0,0.494,AUCUNE,CONSOMMATION,1
INDUSTRIE,Casablanca-Settat,44,INDEPENDANT,6470,3513,13884,120,20,2,0,0.596,CAUTION,IMMOBILIER,1
SERVICES,Drâa-Tafilalet,23,SALARIE_CDD,12544,5624,11084,12,0,4,0,0.429,CAUTION,PROFESSIONNEL,1
TECH,Souss-Massa,26,FONCTIONNAIRE,21558,6135,40486,36,6,2,0,0.191,HYPOTHEQUE,IMMOBILIER,1
TECH,Fès-Meknès,38,SALARIE_CDI,9440,4176,118874,24,17,1,3,0.416,AUCUNE,CONSOMMATION,0
SERVICES,Laâyoune-Sakia El Hamra,57,SALARIE_CDI,5503,2697,23699,36,31,5,1,0.409,AUCUNE,AUTO,0
COMMERCE,Fès-Meknès,64,FONCTIONNAIRE,8340,3742,49808,84,38,5,4,0.486,AUCUNE,IMMOBILIER,1
SERVICES,Souss-Massa,60,SALARIE_CDI,6909,1476,6649,36,38,3,1,0.122,HYPOTHEQUE,PROFESSIONNEL,0
SERVICES,Drâa-Tafilalet,37,INDEPENDANT,12091,6732,47160,84,14,3,1,0.561,AUCUNE,CONSOMMATION,0
SERVICES,Dakhla-Oued Ed-Dahab,45,FONCTIONNAIRE,9224,2756,16952,12,21,0,0,0.261,AUCUNE,IMMOBILIER,0
INDUSTRIE,Laâyoune-Sakia El Hamra,20,SALARIE_CDI,3984,1388,27575,120,0,4,1,0.317,AUCUNE,IMMOBILIER,1
COMMERCE,Béni Mellal-Khénifra,68,SALARIE_CDD,13281,5649,38377,60,45,4,0,0.469,CAUTION,CONSOMMATION,1
AGRICULTURE,Rabat-Salé-Kénitra,40,INDEPENDANT,12520,7998,11355,120,22,0,1,0.633,AUCUNE,IMMOBILIER,1
SERVICES,Rabat-Salé-Kénitra,50,SALARIE_CDI,15879,4863,328387,24,32,4,1,0.305,CAUTION,PROFESSIONNEL,0
COMMERCE,Drâa-Tafilalet,46,INDEPENDANT,6423,1098,23772,60,23,0,0,0.166,AUCUNE,CONSOMMATION,1
COMMERCE,Oriental,36,SALARIE_CDI,9278,5903,55543,48,15,3,1,0.617,AUCUNE,IMMOBILIER,0
AGRICULTURE,Rabat-Salé-Kénitra,28,RETRAITE,4755,2990,103246,24,9,4,2,0.589,HYPOTHEQUE,PROFESSIONNEL,1
COMMERCE,Drâa-Tafilalet,78,SALARIE_CDD,7918,1973,44589,84,45,1,0,0.166,CAUTION,AUTO,0
SERVICES,Dakhla-Oued Ed-Dahab,25,SALARIE_CDD,9688,5469,15377,48,1,5,0,0.584,CAUTION,CONSOMMATION,1
COMMERCE,Casablanca-Settat,77,FONCTIONNAIRE,6086,3711,39022,84,45,3,0,0.625,CAUTION,AUTO,0
INDUSTRIE,Guelmim-Oued Noun,25,SALARIE_CDD,9453,1479,10033,12,1,5,3,0.214,CAUTION,IMMOBILIER,1
AGRICULTURE,Tanger-Tétouan-Al Hoceïma,24,INDEPENDANT,8739,4609,28805,12,4,4,4,0.548,AUCUNE,CONSOMMATION,1
INDUSTRIE,Tanger-Tétouan-Al Hoceïma,74,SALARIE_CDI,6618,1588,117457,84,45,3,2,0.218,NANTISSEMENT,IMMOBILIER,1
COMMERCE,Drâa-Tafilalet,77,SALARIE_CDI,15197,8565,13523,36,45,1,1,0.556,AUCUNE,IMMOBILIER,0
SERVICES,Marrakech-Safi,74,SALARIE_CDI,7292,1170,20396,24,45,5,2,0.189,AUCUNE,AUTO,1
INDUSTRIE,Rabat-Salé-Kénitra,66,FONCTIONNAIRE,8602,4263,132923,84,43,3,2,0.551,HYPOTHEQUE,PROFESSIONNEL,0
TECH,Dakhla-Oued Ed-Dahab,49,INDEPENDANT,4188,2339,32146,24,22,2,0,0.539,CAUTION,AUTO,1
COMMERCE,Tanger-Tétouan-Al Hoceïma,24,SALARIE_CDI,10236,1718,19427,12,4,1,0,0.223,NANTISSEMENT,CONSOMMATION,1
INDUSTRIE,Marrakech-Safi,55,INDEPENDANT,6538,3456,47688,48,33,3,3,0.525,HYPOTHEQUE,CONSOMMATION,1
AGRICULTURE,Drâa-Tafilalet,50,INDEPENDANT,12466,2610,26156,24,29,3,2,0.176,HYPOTHEQUE,PROFESSIONNEL,0
TECH,Marrakech-Safi,64,SALARIE_CDI,4492,851,5425,60,41,0,0,0.158,CAUTION,PROFESSIONNEL,0
INDUSTRIE,Guelmim-Oued Noun,20,SALARIE_CDI,9836,6003,14012,36,0,3,0,0.596,NANTISSEMENT,PROFESSIONNEL,0
COMMERCE,Casablanca-Settat,22,SALARIE_CDD,3035,1856,153260,120,0,0,4,0.611,HYPOTHEQUE,CONSOMMATION,1
COMMERCE,Oriental,55,SALARIE_CDI,10691,5565,45693,48,37,4,1,0.578,AUCUNE,CONSOMMATION,1
COMMERCE,Tanger-Tétouan-Al Hoceïma,71,INDEPENDANT,7490,4457,101172,24,45,3,2,0.69,HYPOTHEQUE,CONSOMMATION,1
INDUSTRIE,Dakhla-Oued Ed-Dahab,76,FONCTIONNAIRE,9698,1536,17669,48,45,2,0,0.148,HYPOTHEQUE,IMMOBILIER,0
SERVICES,Oriental,53,SALARIE_CDD,6185,2510,34943,60,30,2,0,0.337,HYPOTHEQUE,CONSOMMATION,1
AGRICULTURE,Dakhla-Oued Ed-Dahab,41,INDEPENDANT,5286,3097,32266,120,19,5,0,0.556,AUCUNE,AUTO,0
AGRICULTURE,Marrakech-Safi,47,SALARIE_CDI,6664,3974,24758,12,29,4,0,0.581,CAUTION,CONSOMMATION,0
TECH,Souss-Massa,50,INDEPENDANT,8834,2946,42073,84,32,5,0,0.348,NANTISSEMENT,CONSOMMATION,1
AGRICULTURE,Guelmim-Oued Noun,57,FONCTIONNAIRE,10503,3280,16642,60,32,4,2,0.223,CAUTION,PROFESSIONNEL,0
TECH,Rabat-Salé-Kénitra,32,SALARIE_CDI,9290,4645,84680,120,7,4,0,0.553,AUCUNE,AUTO,0
TECH,Dakhla-Oued Ed-Dahab,42,FONCTIONNAIRE,5316,957,50366,60,19,5,1,0.135,HYPOTHEQUE,CONSOMMATION,0
TECH,Guelmim-Oued Noun,52,SALARIE_CDI,18526,10009,32149,120,29,3,0,0.556,CAUTION,PROFESSIONNEL,0
COMMERCE,Drâa-Tafilalet,71,RETRAITE,9412,2587,39867,48,45,1,0,0.269,CAUTION,CONSOMMATION,0
INDUSTRIE,Marrakech-Safi,68,SALARIE_CDD,6124,2516,29388,12,45,1,3,0.378,CAUTION,CONSOMMATION,1
SERVICES,Guelmim-Oued Noun,65,INDEPENDANT,9807,2415,10867,12,39,1,2,0.313,HYPOTHEQUE,CONSOMMATION,0
COMMERCE,Laâyoune-Sakia El Hamra,31,RETRAITE,9092,4702,18152,12,10,3,1,0.495,NANTISSEMENT,PROFESSIONNEL,0
INDUSTRIE,Fès-Meknès,43,FONCTIONNAIRE,7488,4704,32015,48,18,2,0,0.581,NANTISSEMENT,PROFESSIONNEL,0
SERVICES,Béni Mellal-Khénifra,52,INDEPENDANT,7103,2986,28369,84,34,4,3,0.447,CAUTION,PROFESSIONNEL,0
COMMERCE,Casablanca-Settat,78,FONCTIONNAIRE,12622,7893,57143,48,45,3,3,0.669,CAUTION,PROFESSIONNEL,1
INDUSTRIE,Tanger-Tétouan-Al Hoceïma,40,SALARIE_CDI,17633,6190,53758,120,13,2,1,0.341,HYPOTHEQUE,IMMOBILIER,0
SERVICES,Rabat-Salé-Kénitra,75,RETRAITE,3242,951,24541,48,45,1,0,0.303,AUCUNE,CONSOMMATION,0
TECH,Oriental,65,SALARIE_CDD,14097,8025,18585,60,44,5,5,0.617,HYPOTHEQUE,PROFESSIONNEL,1
TECH,Oriental,57,INDEPENDANT,8176,1381,61598,24,32,3,0,0.158,HYPOTHEQUE,PROFESSIONNEL,0
SERVICES,Oriental,62,FONCTIONNAIRE,9014,2619,41461,12,41,0,2,0.278,AUCUNE,IMMOBILIER,0
SERVICES,Drâa-Tafilalet,67,SALARIE_CDI,14887,7373,23503,84,45,2,0,0.535,AUCUNE,CONSOMMATION,0
INDUSTRIE,Dakhla-Oued Ed-Dahab,62,SALARIE_CDD,2500,611,16328,12,37,5,0,0.237,HYPOTHEQUE,CONSOMMATION,0
TECH,Marrakech-Safi,60,SALARIE_CDI,11692,6959,22627,120,36,1,0,0.557,CAUTION,CONSOMMATION,0
TECH,Marrakech-Safi,41,SALARIE_CDI,14431,5644,47780,120,21,5,0,0.391,HYPOTHEQUE,PROFESSIONNEL,0
SERVICES,Marrakech-Safi,44,INDEPENDANT,5944,1622,118275,24,22,1,0,0.225,AUCUNE,CONSOMMATION,0
TECH,Dakhla-Oued Ed-Dahab,55,SALARIE_CDI,4327,1452,31309,12,35,3,0,0.332,NANTISSEMENT,AUTO,0
SERVICES,Rabat-Salé-Kénitra,71,RETRAITE,16949,4947,20270,120,45,3,1,0.34,AUCUNE,PROFESSIONNEL,0
INDUSTRIE,Casablanca-Settat,59,SALARIE_CDD,3676,1840,164398,120,33,5,4,0.44,HYPOTHEQUE,PROFESSIONNEL,0
AGRICULTURE,Rabat-Salé-Kénitra,80,SALARIE_CDD,9783,2005,27992,48,45,1,0,0.203,CAUTION,PROFESSIONNEL,0
SERVICES,Guelmim-Oued Noun,60,SALARIE_CDI,12841,7407,20829,36,37,1,0,0.607,NANTISSEMENT,IMMOBILIER,0
SERVICES,Oriental,43,SALARIE_CDI,9686,2174,27307,48,22,1,0,0.222,HYPOTHEQUE,PROFESSIONNEL,0
INDUSTRIE,Dakhla-Oued Ed-Dahab,54,FONCTIONNAIRE,10447,3043,26371,120,34,2,0,0.361,HYPOTHEQUE,CONSOMMATION,0
COMMERCE,Marrakech-Safi,57,SALARIE_CDI,7192,3332,88379,48,33,1,0,0.466,HYPOTHEQUE,CONSOMMATION,0
AGRICULTURE,Tanger-Tétouan-Al Hoceïma,72,FONCTIONNAIRE,9979,3264,11253,24,45,1,0,0.347,AUCUNE,IMMOBILIER,0
AGRICULTURE,Oriental,34,FONCTIONNAIRE,5891,2386,55059,60,8,3,1,0.474,AUCUNE,IMMOBILIER,0
SERVICES,Casablanca-Settat,33,SALARIE_CDI,6245,2714,36038,120,8,1,0,0.461,HYPOTHEQUE,AUTO,1
SERVICES,Dakhla-Oued Ed-Dahab,30,SALARIE_CDD,8234,2301,24595,12,5,0,1,0.279,NANTISSEMENT,CONSOMMATION,1
TECH,Guelmim-Oued Noun,21,SALARIE_CDI,4052,1691,28706,48,1,0,0,0.396,HYPOTHEQUE,CONSOMMATION,1
SERVICES,Rabat-Salé-Kénitra,60,SALARIE_CDI,10506,6510,30471,48,39,0,1,0.612,HYPOTHEQUE,PROFESSIONNEL,0
AGRICULTURE,Laâyoune-Sakia El Hamra,78,INDEPENDANT,2654,401,38625,84,45,0,0,0.168,AUCUNE,CONSOMMATION,0
COMMERCE,Souss-Massa,56,SALARIE_CDI,9540,4275,26478,48,30,5,1,0.41,HYPOTHEQUE,CONSOMMATION,0
SERVICES,Tanger-Tétouan-Al Hoceïma,21,SALARIE_CDI,9953,3086,34688,24,2,0,0,0.376,HYPOTHEQUE,PROFESSIONNEL,0
TECH,Dakhla-Oued Ed-Dahab,40,FONCTIONNAIRE,5667,3293,21075,60,14,5,1,0.696,HYPOTHEQUE,CONSOMMATION,1
SERVICES,Oriental,74,SALARIE_CDD,4650,922,167267,12,45,4,0,0.199,CAUTION,IMMOBILIER,0
INDUSTRIE,Marrakech-Safi,21,RETRAITE,6743,1216,73606,48,0,1,0,0.095,AUCUNE,CONSOMMATION,1
COMMERCE,Guelmim-Oued Noun,56,INDEPENDANT,10806,3809,51123,24,38,1,1,0.391,CAUTION,IMMOBILIER,0
COMMERCE,Drâa-Tafilalet,45,INDEPENDANT,9467,4609,26618,120,20,0,1,0.492,CAUTION,PROFESSIONNEL,1
COMMERCE,Marrakech-Safi,75,FONCTIONNAIRE,4914,753,64539,84,45,3,0,0.187,AUCUNE,CONSOMMATION,0
COMMERCE,Drâa-Tafilalet,50,SALARIE_CDD,8498,4722,44779,84,29,0,0,0.554,NANTISSEMENT,PROFESSIONNEL,0
AGRICULTURE,Béni Mellal-Khénifra,53,SALARIE_CDI,9117,2902,39472,12,30,4,0,0.366,AUCUNE,AUTO,1
AGRICULTURE,Fès-Meknès,63,INDEPENDANT,8945,5458,25006,48,38,2,0,0.574,HYPOTHEQUE,CONSOMMATION,0
COMMERCE,Souss-Massa,69,SALARIE_CDD,5198,3134,44012,60,45,4,1,0.624,HYPOTHEQUE,CONSOMMATION,1
SERVICES,Laâyoune-Sakia El Hamra,50,SALARIE_CDI,8691,4623,118006,48,29,5,5,0.548,HYPOTHEQUE,PROFESSIONNEL,0
TECH,Marrakech-Safi,63,FONCTIONNAIRE,12246,6350,38425,12,44,5,0,0.539,HYPOTHEQUE,PROFESSIONNEL,0
AGRICULTURE,Drâa-Tafilalet,68,INDEPENDANT,10318,4647,30195,48,45,1,0,0.49,NANTISSEMENT,PROFESSIONNEL,0
INDUSTRIE,Guelmim-Oued Noun,51,FONCTIONNAIRE,9751,5336,38928,60,32,4,0,0.594,NANTISSEMENT,PROFESSIONNEL,0
COMMERCE,Dakhla-Oued Ed-Dahab,63,SALARIE_CDI,16970,4057,37446,84,45,3,1,0.183,AUCUNE,AUTO,0
INDUSTRIE,Fès-Meknès,40,RETRAITE,8739,4881,24761,36,15,3,0,0.599,AUCUNE,CONSOMMATION,0
SERVICES,Fès-Meknès,40,SALARIE_CDI,5548,2400,21615,60,13,0,0,0.442,CAUTION,AUTO,0
COMMERCE,Dakhla-Oued Ed-Dahab,18,RETRAITE,5556,3006,63277,120,0,0,0,0.532,CAUTION,CONSOMMATION,1
INDUSTRIE,Souss-Massa,60,SALARIE_CDD,8771,3481,84435,120,39,1,1,0.411,CAUTION,IMMOBILIER,1
TECH,Oriental,33,RETRAITE,4243,1975,177386,36,9,0,4,0.478,HYPOTHEQUE,CONSOMMATION,1
TECH,Oriental,69,INDEPENDANT,7045,2260,50050,60,45,0,0,0.326,NANTISSEMENT,CONSOMMATION,0
TECH,Oriental,77,SALARIE_CDD,9985,3617,39407,120,45,4,0,0.274,HYPOTHEQUE,PROFESSIONNEL,1
INDUSTRIE,Béni Mellal-Khénifra,73,INDEPENDANT,13726,4562,68272,12,45,1,0,0.339,HYPOTHEQUE,CONSOMMATION,0
INDUSTRIE,Souss-Massa,35,SALARIE_CDI,4045,2105,19233,48,12,5,0,0.511,AUCUNE,PROFESSIONNEL,0
TECH,Tanger-Tétouan-Al Hoceïma,59,SALARIE_CDI,8473,2121,56943,84,39,4,0,0.268,AUCUNE,CONSOMMATION,0
TECH,Tanger-Tétouan-Al Hoceïma,65,SALARIE_CDD,7858,4835,75142,24,43,3,2,0.613,NANTISSEMENT,AUTO,1
COMMERCE,Béni Mellal-Khénifra,49,FONCTIONNAIRE,8241,4653,74381,36,29,2,1,0.671,CAUTION,PROFESSIONNEL,1
AGRICULTURE,Guelmim-Oued Noun,50,SALARIE_CDI,8636,5016,116669,84,30,5,0,0.571,HYPOTHEQUE,AUTO,1
SERVICES,Oriental,45,FONCTIONNAIRE,7988,4849,23888,24,24,3,0,0.531,CAUTION,PROFESSIONNEL,1
TECH,Drâa-Tafilalet,37,RETRAITE,15161,5579,25729,36,14,5,0,0.363,NANTISSEMENT,CONSOMMATION,0
SERVICES,Tanger-Tétouan-Al Hoceïma,54,INDEPENDANT,14183,8452,31238,84,27,1,2,0.574,HYPOTHEQUE,IMMOBILIER,0
SERVICES,Guelmim-Oued Noun,80,SALARIE_CDI,21258,7909,16632,60,45,5,2,0.382,CAUTION,CONSOMMATION,0
COMMERCE,Tanger-Tétouan-Al Hoceïma,31,FONCTIONNAIRE,8065,1619,52938,60,12,1,0,0.178,AUCUNE,CONSOMMATION,1
SERVICES,Souss-Massa,20,SALARIE_CDI,6736,1177,58256,48,1,4,3,0.206,AUCUNE,CONSOMMATION,0
SERVICES,Casablanca-Settat,21,SALARIE_CDI,5242,953,53803,36,2,5,4,0.181,AUCUNE,AUTO,1
SERVICES,Fès-Meknès,54,RETRAITE,6414,1565,40319,84,32,5,1,0.262,AUCUNE,PROFESSIONNEL,0
INDUSTRIE,Drâa-Tafilalet,35,RETRAITE,11176,3687,73428,36,8,2,0,0.404,CAUTION,IMMOBILIER,1
TECH,Rabat-Salé-Kénitra,47,SALARIE_CDI,11978,7661,54319,24,26,3,0,0.643,CAUTION,CONSOMMATION,1
SERVICES,Marrakech-Safi,77,SALARIE_CDI,10982,2972,23819,48,45,4,3,0.204,CAUTION,IMMOBILIER,1
COMMERCE,Guelmim-Oued Noun,22,SALARIE_CDD,6009,3644,5000,12,0,2,0,0.582,HYPOTHEQUE,AUTO,0
TECH,Laâyoune-Sakia El Hamra,29,SALARIE_CDD,6023,3344,28808,60,10,3,0,0.486,HYPOTHEQUE,CONSOMMATION,0
SERVICES,Tanger-Tétouan-Al Hoceïma,31,SALARIE_CDI,19544,11346,37322,120,12,0,1,0.551,AUCUNE,CONSOMMATION,0
SERVICES,Tanger-Tétouan-Al Hoceïma,46,SALARIE_CDI,5573,3023,37539,84,21,0,3,0.367,HYPOTHEQUE,PROFESSIONNEL,0
TECH,Oriental,61,SALARIE_CDD,15328,9757,32034,36,42,5,3,0.678,CAUTION,IMMOBILIER,1
TECH,Guelmim-Oued Noun,29,SALARIE_CDI,9721,2041,24940,12,3,0,2,0.136,HYPOTHEQUE,IMMOBILIER,1
COMMERCE,Souss-Massa,24,INDEPENDANT,5827,2270,20075,60,6,2,0,0.426,HYPOTHEQUE,IMMOBILIER,0
TECH,Marrakech-Safi,23,INDEPENDANT,4755,1528,17622,48,0,4,2,0.289,NANTISSEMENT,CONSOMMATION,1
SERVICES,Souss-Massa,68,FONCTIONNAIRE,5943,1736,49240,120,42,0,3,0.279,CAUTION,CONSOMMATION,1
INDUSTRIE,Fès-Meknès,19,SALARIE_CDD,9778,3651,77793,48,0,5,2,0.455,HYPOTHEQUE,IMMOBILIER,0
TECH,Drâa-Tafilalet,57,INDEPENDANT,5381,2101,15125,12,31,4,1,0.375,NANTISSEMENT,IMMOBILIER,1
SERVICES,Rabat-Salé-Kénitra,54,SALARIE_CDI,16309,10486,34790,120,30,2,1,0.594,AUCUNE,CONSOMMATION,1
TECH,Béni Mellal-Khénifra,24,INDEPENDANT,7380,2084,63077,36,0,1,2,0.257,NANTISSEMENT,PROFESSIONNEL,0
COMMERCE,Rabat-Salé-Kénitra,52,SALARIE_CDI,11106,6728,31818,84,29,0,0,0.544,CAUTION,PROFESSIONNEL,0
TECH,Dakhla-Oued Ed-Dahab,36,RETRAITE,10709,2500,59946,12,10,3,0,0.276,HYPOTHEQUE,PROFESSIONNEL,0
COMMERCE,Béni Mellal-Khénifra,50,SALARIE_CDI,16812,8112,77253,120,23,4,0,0.51,HYPOTHEQUE,IMMOBILIER,0
INDUSTRIE,Rabat-Salé-Kénitra,26,INDEPENDANT,6654,2014,47862,120,0,5,2,0.288,AUCUNE,PROFESSIONNEL,1
SERVICES,Dakhla-Oued Ed-Dahab,60,SALARIE_CDI,8499,5356,25669,12,36,1,0,0.669,HYPOTHEQUE,IMMOBILIER,0
SERVICES,Oriental,68,INDEPENDANT,4313,2015,91175,120,41,3,0,0.497,HYPOTHEQUE,CONSOMMATION,1
TECH,Béni Mellal-Khénifra,18,FONCTIONNAIRE,8488,1546,30115,84,0,0,2,0.168,AUCUNE,CONSOMMATION,0
SERVICES,Casablanca-Settat,51,SALARIE_CDI,13535,8280,30116,120,30,0,0,0.624,HYPOTHEQUE,CONSOMMATION,0
SERVICES,Marrakech-Safi,58,INDEPENDANT,8944,2656,52074,24,38,1,0,0.285,NANTISSEMENT,IMMOBILIER,0
SERVICES,Guelmim-Oued Noun,18,SALARIE_CDI,22941,14079,29406,36,0,0,1,0.581,HYPOTHEQUE,IMMOBILIER,1
SERVICES,Souss-Massa,63,FONCTIONNAIRE,10238,1605,31049,48,41,1,1,0.029,AUCUNE,CONSOMMATION,1
TECH,Béni Mellal-Khénifra,52,SALARIE_CDI,6354,1648,27956,48,34,3,1,0.245,AUCUNE,IMMOBILIER,0
INDUSTRIE,Dakhla-Oued Ed-Dahab,37,INDEPENDANT,9948,2877,32001,84,16,0,0,0.288,AUCUNE,CONSOMMATION,0
AGRICULTURE,Souss-Massa,48,INDEPENDANT,4194,2072,41684,120,22,0,3,0.424,AUCUNE,AUTO,0
SERVICES,Tanger-Tétouan-Al Hoceïma,60,SALARIE_CDD,5656,3105,9128,120,34,2,0,0.59,AUCUNE,PROFESSIONNEL,0
COMMERCE,Guelmim-Oued Noun,58,INDEPENDANT,4686,2179,33910,120,39,0,1,0.453,CAUTION,AUTO,1
INDUSTRIE,Casablanca-Settat,66,INDEPENDANT,8162,1477,10557,36,42,3,1,0.201,CAUTION,AUTO,1
INDUSTRIE,Souss-Massa,20,FONCTIONNAIRE,7885,2892,27320,12,0,1,0,0.38,CAUTION,PROFESSIONNEL,0
TECH,Laâyoune-Sakia El Hamra,67,SALARIE_CDI,13937,5533,46013,24,42,4,0,0.391,AUCUNE,CONSOMMATION,0
AGRICULTURE,Marrakech-Safi,20,SALARIE_CDD,7750,2553,28876,24,0,0,0,0.3,NANTISSEMENT,PROFESSIONNEL,0
TECH,Fès-Meknès,58,SALARIE_CDI,5161,1857,59401,84,33,2,0,0.323,NANTISSEMENT,IMMOBILIER,0
SERVICES,Souss-Massa,40,SALARIE_CDD,16345,6396,46320,36,17,5,4,0.305,CAUTION,IMMOBILIER,0
SERVICES,Casablanca-Settat,22,SALARIE_CDI,2500,1068,8028,36,3,2,2,0.499,NANTISSEMENT,PROFESSIONNEL,1
COMMERCE,Casablanca-Settat,61,INDEPENDANT,8245,3838,83999,84,36,2,4,0.481,CAUTION,IMMOBILIER,0
INDUSTRIE,Fès-Meknès,52,FONCTIONNAIRE,8937,2279,43251,12,25,0,5,0.205,AUCUNE,IMMOBILIER,0
TECH,Laâyoune-Sakia El Hamra,59,FONCTIONNAIRE,8066,4846,24381,36,36,2,0,0.628,HYPOTHEQUE,IMMOBILIER,0
COMMERCE,Marrakech-Safi,41,SALARIE_CDI,10148,5723,26138,36,22,4,2,0.505,AUCUNE,PROFESSIONNEL,1
COMMERCE,Drâa-Tafilalet,35,SALARIE_CDI,8517,4627,8440,24,8,4,0,0.572,AUCUNE,IMMOBILIER,0
TECH,Souss-Massa,57,INDEPENDANT,10146,5610,42296,36,38,0,0,0.573,CAUTION,PROFESSIONNEL,0
TECH,Guelmim-Oued Noun,31,FONCTIONNAIRE,6180,2551,57288,84,10,1,0,0.379,CAUTION,PROFESSIONNEL,0
SERVICES,Fès-Meknès,69,RETRAITE,4202,2633,22561,60,45,0,0,0.546,HYPOTHEQUE,CONSOMMATION,1
SERVICES,Laâyoune-Sakia El Hamra,61,FONCTIONNAIRE,7936,2642,19274,36,38,1,5,0.307,NANTISSEMENT,PROFESSIONNEL,1
COMMERCE,Tanger-Tétouan-Al Hoceïma,80,SALARIE_CDI,5105,1838,40069,120,45,5,2,0.364,AUCUNE,AUTO,1
COMMERCE,Guelmim-Oued Noun,19,FONCTIONNAIRE,5838,3258,83806,12,0,1,2,0.478,CAUTION,CONSOMMATION,1
SERVICES,Guelmim-Oued Noun,54,INDEPENDANT,13666,7988,77931,120,33,2,0,0.548,CAUTION,IMMOBILIER,0
INDUSTRIE,Souss-Massa,53,SALARIE_CDI,16336,6118,64877,60,30,5,0,0.438,AUCUNE,IMMOBILIER,0
TECH,Drâa-Tafilalet,72,FONCTIONNAIRE,13551,7778,149357,24,45,5,0,0.569,HYPOTHEQUE,IMMOBILIER,0
TECH,Rabat-Salé-Kénitra,44,SALARIE_CDI,12467,5817,69358,120,21,1,2,0.597,AUCUNE,PROFESSIONNEL,0
COMMERCE,Souss-Massa,76,SALARIE_CDI,8325,2864,81607,12,45,2,1,0.364,AUCUNE,CONSOMMATION,1
INDUSTRIE,Tanger-Tétouan-Al Hoceïma,33,SALARIE_CDI,12797,7713,38598,60,12,4,1,0.592,CAUTION,AUTO,0
SERVICES,Dakhla-Oued Ed-Dahab,71,FONCTIONNAIRE,9509,3819,28490,60,45,5,0,0.355,CAUTION,IMMOBILIER,1
COMMERCE,Dakhla-Oued Ed-Dahab,50,INDEPENDANT,19465,11184,80360,120,25,3,0,0.516,CAUTION,PROFESSIONNEL,0
INDUSTRIE,Guelmim-Oued Noun,77,SALARIE_CDI,5361,2982,18275,24,45,4,0,0.562,AUCUNE,CONSOMMATION,1
COMMERCE,Dakhla-Oued Ed-Dahab,31,INDEPENDANT,10967,2175,48857,120,10,2,4,0.173,AUCUNE,PROFESSIONNEL,1
COMMERCE,Dakhla-Oued Ed-Dahab,34,INDEPENDANT,4587,2686,23729,12,13,0,2,0.568,HYPOTHEQUE,IMMOBILIER,1
SERVICES,Guelmim-Oued Noun,53,SALARIE_CDD,10996,2542,46050,24,33,4,0,0.239,AUCUNE,IMMOBILIER,1
SERVICES,Béni Mellal-Khénifra,52,SALARIE_CDI,3738,2082,43806,12,26,2,0,0.522,CAUTION,CONSOMMATION,1
SERVICES,Marrakech-Safi,27,SALARIE_CDI,4693,2477,40704,36,8,1,2,0.57,AUCUNE,PROFESSIONNEL,1
AGRICULTURE,Guelmim-Oued Noun,59,SALARIE_CDI,4550,2360,35868,84,41,3,2,0.531,NANTISSEMENT,PROFESSIONNEL,1
COMMERCE,Marrakech-Safi,43,RETRAITE,9077,5541,52721,24,21,0,0,0.58,AUCUNE,PROFESSIONNEL,0
SERVICES,Marrakech-Safi,27,INDEPENDANT,9505,4280,58980,12,6,4,2,0.461,AUCUNE,PROFESSIONNEL,1
AGRICULTURE,Laâyoune-Sakia El Hamra,50,SALARIE_CDI,24409,7794,13640,48,30,3,0,0.204,AUCUNE,IMMOBILIER,0
COMMERCE,Rabat-Salé-Kénitra,61,FONCTIONNAIRE,7777,3473,35180,12,39,2,0,0.465,NANTISSEMENT,IMMOBILIER,0
COMMERCE,Rabat-Salé-Kénitra,19,SALARIE_CDI,11472,5714,27101,60,0,1,2,0.516,HYPOTHEQUE,PROFESSIONNEL,0
AGRICULTURE,Oriental,75,SALARIE_CDI,8711,2895,41601,84,45,2,5,0.229,CAUTION,CONSOMMATION,1
SERVICES,Béni Mellal-Khénifra,56,SALARIE_CDI,11048,3062,27139,84,32,5,0,0.184,AUCUNE,IMMOBILIER,0
SERVICES,Casablanca-Settat,34,SALARIE_CDI,8644,3413,88660,12,9,1,1,0.379,AUCUNE,PROFESSIONNEL,1
COMMERCE,Tanger-Tétouan-Al Hoceïma,65,SALARIE_CDI,13291,7963,34621,48,38,3,0,0.567,AUCUNE,IMMOBILIER,0
SERVICES,Marrakech-Safi,71,SALARIE_CDI,5046,2348,72445,36,45,3,0,0.462,AUCUNE,AUTO,0
COMMERCE,Fès-Meknès,78,SALARIE_CDD,2694,1613,18648,12,45,1,3,0.601,AUCUNE,PROFESSIONNEL,1
SERVICES,Marrakech-Safi,67,SALARIE_CDD,9777,3789,29836,24,41,3,4,0.464,AUCUNE,CONSOMMATION,1
SERVICES,Drâa-Tafilalet,30,FONCTIONNAIRE,3596,2242,23617,24,4,1,0,0.605,HYPOTHEQUE,IMMOBILIER,1
SERVICES,Souss-Massa,28,SALARIE_CDD,14622,7980,47838,84,3,5,1,0.576,HYPOTHEQUE,IMMOBILIER,1
INDUSTRIE,Dakhla-Oued Ed-Dahab,31,SALARIE_CDD,6332,2072,15843,48,12,3,0,0.303,HYPOTHEQUE,CONSOMMATION,1
SERVICES,Casablanca-Settat,73,SALARIE_CDD,5079,1900,10980,12,45,3,0,0.393,CAUTION,PROFESSIONNEL,0
SERVICES,Guelmim-Oued Noun,37,RETRAITE,27316,17725,23437,24,13,5,2,0.628,AUCUNE,PROFESSIONNEL,1
TECH,Laâyoune-Sakia El Hamra,38,SALARIE_CDI,8036,5037,53786,24,12,2,0,0.56,HYPOTHEQUE,PROFESSIONNEL,1
INDUSTRIE,Souss-Massa,74,FONCTIONNAIRE,7372,2618,20603,12,45,2,0,0.324,NANTISSEMENT,IMMOBILIER,0
INDUSTRIE,Drâa-Tafilalet,30,SALARIE_CDI,11346,6431,43735,120,3,1,4,0.585,CAUTION,PROFESSIONNEL,0
SERVICES,Souss-Massa,43,SALARIE_CDD,11695,7074,23084,120,24,0,0,0.546,CAUTION,CONSOMMATION,0
INDUSTRIE,Béni Mellal-Khénifra,36,FONCTIONNAIRE,13529,3732,10647,12,17,4,0,0.279,CAUTION,PROFESSIONNEL,1
SERVICES,Laâyoune-Sakia El Hamra,37,INDEPENDANT,4448,1818,65931,48,19,4,0,0.424,AUCUNE,PROFESSIONNEL,1
COMMERCE,Oriental,55,RETRAITE,10314,5451,57214,120,31,4,0,0.545,AUCUNE,CONSOMMATION,0
SERVICES,Oriental,64,SALARIE_CDD,7102,1338,35317,60,40,3,2,0.225,AUCUNE,PROFESSIONNEL,0
AGRICULTURE,Dakhla-Oued Ed-Dahab,34,SALARIE_CDI,5354,2960,37422,36,8,3,0,0.654,HYPOTHEQUE,CONSOMMATION,0
AGRICULTURE,Souss-Massa,20,INDEPENDANT,8280,2116,31405,12,0,4,0,0.191,NANTISSEMENT,CONSOMMATION,0
SERVICES,Marrakech-Safi,58,SALARIE_CDI,3587,1397,17627,12,40,0,2,0.37,CAUTION,IMMOBILIER,0
SERVICES,Drâa-Tafilalet,52,FONCTIONNAIRE,12275,4144,90600,120,32,3,0,0.334,HYPOTHEQUE,IMMOBILIER,0
SERVICES,Drâa-Tafilalet,59,INDEPENDANT,7110,3698,33846,60,38,5,0,0.494,HYPOTHEQUE,IMMOBILIER,1
COMMERCE,Marrakech-Safi,46,SALARIE_CDD,6536,1742,46777,120,20,2,2,0.324,CAUTION,PROFESSIONNEL,1
SERVICES,Drâa-Tafilalet,66,FONCTIONNAIRE,7616,2918,25612,120,41,3,4,0.445,HYPOTHEQUE,PROFESSIONNEL,0
TECH,Casablanca-Settat,57,SALARIE_CDI,7515,2125,49514,36,30,2,4,0.394,HYPOTHEQUE,CONSOMMATION,1
TECH,Fès-Meknès,65,SALARIE_CDI,13539,2402,80952,60,39,5,1,0.17,AUCUNE,CONSOMMATION,1
TECH,Laâyoune-Sakia El Hamra,64,RETRAITE,4949,2830,40808,24,38,4,0,0.514,HYPOTHEQUE,IMMOBILIER,0
COMMERCE,Béni Mellal-Khénifra,49,SALARIE_CDI,6823,1789,46742,60,27,4,2,0.25,AUCUNE,AUTO,0
AGRICULTURE,Béni Mellal-Khénifra,38,SALARIE_CDI,7351,1957,67144,84,14,2,0,0.217,AUCUNE,CONSOMMATION,1
SERVICES,Béni Mellal-Khénifra,54,FONCTIONNAIRE,5017,870,59584,48,29,5,1,0.214,AUCUNE,IMMOBILIER,0
INDUSTRIE,Rabat-Salé-Kénitra,58,SALARIE_CDD,8705,3494,75425,60,35,2,3,0.439,HYPOTHEQUE,CONSOMMATION,0
INDUSTRIE,Dakhla-Oued Ed-Dahab,54,SALARIE_CDI,5850,1664,45461,48,32,4,3,0.323,HYPOTHEQUE,CONSOMMATION,1
AGRICULTURE,Fès-Meknès,51,SALARIE_CDI,4307,1864,45444,84,30,1,1,0.537,CAUTION,PROFESSIONNEL,0
COMMERCE,Guelmim-Oued Noun,39,SALARIE_CDD,10268,5255,42940,48,12,1,4,0.512,CAUTION,IMMOBILIER,1
TECH,Dakhla-Oued Ed-Dahab,26,SALARIE_CDD,16257,2812,66525,48,4,0,0,0.141,AUCUNE,IMMOBILIER,1
SERVICES,Marrakech-Safi,44,INDEPENDANT,8282,2073,26843,36,23,1,0,0.248,HYPOTHEQUE,CONSOMMATION,0
AGRICULTURE,Béni Mellal-Khénifra,73,SALARIE_CDI,7735,2672,52648,120,45,1,2,0.297,HYPOTHEQUE,CONSOMMATION,0
COMMERCE,Casablanca-Settat,63,RETRAITE,7662,4520,181354,12,40,5,5,0.555,CAUTION,CONSOMMATION,0
COMMERCE,Béni Mellal-Khénifra,65,SALARIE_CDI,6424,1316,46689,84,38,4,0,0.205,NANTISSEMENT,PROFESSIONNEL,1
AGRICULTURE,Souss-Massa,64,SALARIE_CDI,13719,7160,15709,36,39,5,0,0.546,HYPOTHEQUE,CONSOMMATION,0
INDUSTRIE,Casablanca-Settat,76,RETRAITE,8453,5298,29640,36,45,5,5,0.585,AUCUNE,CONSOMMATION,1
INDUSTRIE,Drâa-Tafilalet,32,INDEPENDANT,3040,574,56081,48,11,3,3,0.123,HYPOTHEQUE,CONSOMMATION,0
COMMERCE,Dakhla-Oued Ed-Dahab,63,SALARIE_CDI,13898,4399,22711,84,42,4,0,0.352,AUCUNE,IMMOBILIER,0
SERVICES,Casablanca-Settat,22,SALARIE_CDD,12447,6656,18315,36,0,1,3,0.491,AUCUNE,PROFESSIONNEL,0
INDUSTRIE,Laâyoune-Sakia El Hamra,33,INDEPENDANT,10622,6560,13829,36,13,2,0,0.625,AUCUNE,IMMOBILIER,0
SERVICES,Laâyoune-Sakia El Hamra,19,SALARIE_CDI,2500,683,31389,120,0,4,0,0.33,CAUTION,PROFESSIONNEL,0
SERVICES,Oriental,45,SALARIE_CDI,8092,3811,112218,48,23,4,1,0.511,CAUTION,CONSOMMATION,0
TECH,Laâyoune-Sakia El Hamra,26,FONCTIONNAIRE,12113,6248,25038,84,0,5,0,0.545,HYPOTHEQUE,AUTO,0
COMMERCE,Fès-Meknès,42,INDEPENDANT,9612,3384,67043,36,23,0,1,0.406,AUCUNE,CONSOMMATION,1
INDUSTRIE,Drâa-Tafilalet,26,FONCTIONNAIRE,8887,4308,29872,120,8,2,0,0.496,CAUTION,CONSOMMATION,1
INDUSTRIE,Drâa-Tafilalet,20,SALARIE_CDD,12124,5147,27692,36,0,0,0,0.369,AUCUNE,PROFESSIONNEL,1
INDUSTRIE,Oriental,48,RETRAITE,8627,5337,52149,36,30,0,2,0.741,AUCUNE,AUTO,0
COMMERCE,Laâyoune-Sakia El Hamra,43,SALARIE_CDI,13928,5841,12412,84,18,1,2,0.441,HYPOTHEQUE,IMMOBILIER,0
AGRICULTURE,Laâyoune-Sakia El Hamra,44,INDEPENDANT,8715,3558,116840,84,23,4,0,0.432,AUCUNE,CONSOMMATION,1
AGRICULTURE,Guelmim-Oued Noun,39,SALARIE_CDI,8408,4075,52898,24,14,3,1,0.493,HYPOTHEQUE,CONSOMMATION,1
INDUSTRIE,Béni Mellal-Khénifra,43,INDEPENDANT,12108,2738,75810,120,18,2,3,0.141,CAUTION,IMMOBILIER,1
INDUSTRIE,Dakhla-Oued Ed-Dahab,18,FONCTIONNAIRE,6773,2814,30318,36,0,2,1,0.372,CAUTION,CONSOMMATION,1
INDUSTRIE,Oriental,48,SALARIE_CDI,4946,867,51404,120,26,5,0,0.257,CAUTION,IMMOBILIER,0
COMMERCE,Béni Mellal-Khénifra,71,FONCTIONNAIRE,8117,3762,69770,48,45,1,1,0.367,HYPOTHEQUE,IMMOBILIER,1
COMMERCE,Marrakech-Safi,26,INDEPENDANT,10569,4411,34081,60,4,2,2,0.411,AUCUNE,CONSOMMATION,1
COMMERCE,Fès-Meknès,27,SALARIE_CDD,12288,7000,19708,24,8,3,0,0.583,HYPOTHEQUE,CONSOMMATION,1
COMMERCE,Laâyoune-Sakia El Hamra,67,SALARIE_CDI,12319,6761,18766,24,43,2,3,0.531,HYPOTHEQUE,IMMOBILIER,0
INDUSTRIE,Souss-Massa,49,SALARIE_CDI,7857,2878,27012,12,26,5,0,0.467,HYPOTHEQUE,PROFESSIONNEL,0
INDUSTRIE,Oriental,34,FONCTIONNAIRE,7502,3597,42569,12,16,2,4,0.402,AUCUNE,IMMOBILIER,1
INDUSTRIE,Guelmim-Oued Noun,67,FONCTIONNAIRE,6208,1873,32403,60,43,3,0,0.265,AUCUNE,PROFESSIONNEL,0
SERVICES,Fès-Meknès,38,SALARIE_CDD,9067,3118,25781,60,20,3,0,0.36,CAUTION,CONSOMMATION,0
SERVICES,Fès-Meknès,56,SALARIE_CDI,3872,732,58373,60,29,3,1,0.209,NANTISSEMENT,CONSOMMATION,0
TECH,Casablanca-Settat,53,INDEPENDANT,8186,1640,26298,120,34,1,1,0.205,AUCUNE,AUTO,0
INDUSTRIE,Marrakech-Safi,28,SALARIE_CDI,29213,16341,23901,120,7,2,2,0.573,CAUTION,PROFESSIONNEL,0
SERVICES,Oriental,65,SALARIE_CDI,4119,2620,70092,48,44,5,0,0.604,AUCUNE,PROFESSIONNEL,1
COMMERCE,Drâa-Tafilalet,56,SALARIE_CDD,8696,3432,53391,84,36,0,0,0.378,AUCUNE,IMMOBILIER,1
TECH,Fès-Meknès,31,FONCTIONNAIRE,9605,2055,15406,12,9,5,0,0.161,AUCUNE,CONSOMMATION,0
SERVICES,Souss-Massa,65,RETRAITE,10177,1976,14306,60,45,1,0,0.214,CAUTION,PROFESSIONNEL,0
TECH,Marrakech-Safi,57,FONCTIONNAIRE,5245,906,16724,48,30,3,0,0.087,HYPOTHEQUE,IMMOBILIER,0
AGRICULTURE,Guelmim-Oued Noun,71,SALARIE_CDI,10219,6023,35545,24,44,1,1,0.521,CAUTION,CONSOMMATION,0
COMMERCE,Oriental,69,INDEPENDANT,6371,2364,82860,36,45,0,0,0.415,CAUTION,PROFESSIONNEL,0
COMMERCE,Rabat-Salé-Kénitra,38,SALARIE_CDI,4262,2515,100024,24,18,2,0,0.56,HYPOTHEQUE,IMMOBILIER,0
SERVICES,Béni Mellal-Khénifra,77,RETRAITE,12436,4121,61411,48,45,2,2,0.452,AUCUNE,CONSOMMATION,0
AGRICULTURE,Tanger-Tétouan-Al Hoceïma,20,SALARIE_CDI,10928,4852,138554,48,1,5,1,0.421,CAUTION,CONSOMMATION,1
INDUSTRIE,Laâyoune-Sakia El Hamra,39,INDEPENDANT,5245,2554,41820,12,19,1,0,0.464,AUCUNE,CONSOMMATION,0
AGRICULTURE,Fès-Meknès,56,INDEPENDANT,6344,1110,78930,48,30,1,1,0.241,HYPOTHEQUE,CONSOMMATION,0
COMMERCE,Laâyoune-Sakia El Hamra,51,INDEPENDANT,6242,3064,24347,36,28,5,1,0.54,CAUTION,CONSOMMATION,1
SERVICES,Drâa-Tafilalet,32,SALARIE_CDI,3868,2127,12219,36,5,1,0,0.54,CAUTION,PROFESSIONNEL,1
SERVICES,Rabat-Salé-Kénitra,30,INDEPENDANT,11420,1839,29259,120,10,0,0,0.156,HYPOTHEQUE,PROFESSIONNEL,0
COMMERCE,Guelmim-Oued Noun,67,INDEPENDANT,11614,2084,33270,48,44,1,0,0.23,HYPOTHEQUE,CONSOMMATION,0
COMMERCE,Drâa-Tafilalet,73,SALARIE_CDI,6977,2868,221772,60,45,2,2,0.421,CAUTION,AUTO,1
SERVICES,Souss-Massa,60,SALARIE_CDD,8001,5086,36304,24,40,1,1,0.619,AUCUNE,PROFESSIONNEL,0
TECH,Rabat-Salé-Kénitra,51,FONCTIONNAIRE,8532,5432,17810,120,26,0,1,0.627,HYPOTHEQUE,PROFESSIONNEL,1
TECH,Souss-Massa,66,RETRAITE,9045,1852,71343,36,44,2,0,0.303,AUCUNE,CONSOMMATION,1
COMMERCE,Béni Mellal-Khénifra,33,INDEPENDANT,4419,2344,21339,36,12,0,0,0.515,AUCUNE,CONSOMMATION,1
COMMERCE,Rabat-Salé-Kénitra,78,SALARIE_CDD,10095,5519,40154,12,45,4,1,0.531,AUCUNE,PROFESSIONNEL,1
SERVICES,Tanger-Tétouan-Al Hoceïma,25,FONCTIONNAIRE,4774,2809,67111,84,0,2,2,0.586,HYPOTHEQUE,CONSOMMATION,0
TECH,Drâa-Tafilalet,54,SALARIE_CDI,11011,1891,18918,48,35,4,0,0.175,AUCUNE,PROFESSIONNEL,1
INDUSTRIE,Oriental,39,SALARIE_CDD,5018,3193,105053,24,20,2,0,0.599,CAUTION,IMMOBILIER,0
TECH,Dakhla-Oued Ed-Dahab,74,INDEPENDANT,4514,2532,79918,48,45,0,3,0.641,AUCUNE,PROFESSIONNEL,1
INDUSTRIE,Marrakech-Safi,33,FONCTIONNAIRE,8001,3631,46504,24,15,5,2,0.436,CAUTION,PROFESSIONNEL,0
COMMERCE,Guelmim-Oued Noun,58,INDEPENDANT,7921,1453,123770,60,32,4,0,0.209,AUCUNE,IMMOBILIER,0
SERVICES,Souss-Massa,27,FONCTIONNAIRE,8490,2293,27790,24,2,0,0,0.352,CAUTION,PROFESSIONNEL,1
SERVICES,Marrakech-Safi,29,SALARIE_CDD,5422,1753,63318,60,10,2,2,0.307,NANTISSEMENT,PROFESSIONNEL,1
TECH,Dakhla-Oued Ed-Dahab,44,INDEPENDANT,8877,5137,44142,24,17,3,2,0.599,CAUTION,AUTO,1
COMMERCE,Béni Mellal-Khénifra,68,SALARIE_CDI,9262,4914,23237,60,44,0,0,0.47,NANTISSEMENT,CONSOMMATION,0
COMMERCE,Oriental,35,RETRAITE,13692,8494,23731,36,11,1,0,0.582,AUCUNE,IMMOBILIER,1
AGRICULTURE,Fès-Meknès,61,RETRAITE,8807,3182,150505,84,40,5,0,0.369,HYPOTHEQUE,PROFESSIONNEL,0
AGRICULTURE,Laâyoune-Sakia El Hamra,53,INDEPENDANT,6187,3764,76231,48,27,4,1,0.589,NANTISSEMENT,IMMOBILIER,1
TECH,Casablanca-Settat,79,INDEPENDANT,4420,2643,67687,12,45,5,0,0.636,AUCUNE,PROFESSIONNEL,1
SERVICES,Rabat-Salé-Kénitra,36,FONCTIONNAIRE,4070,648,23443,120,9,5,0,0.134,CAUTION,IMMOBILIER,0
COMMERCE,Marrakech-Safi,33,SALARIE_CDD,9371,2527,59609,120,13,2,0,0.258,CAUTION,CONSOMMATION,1
TECH,Béni Mellal-Khénifra,74,INDEPENDANT,11579,6368,28068,36,45,4,3,0.52,AUCUNE,IMMOBILIER,1
INDUSTRIE,Rabat-Salé-Kénitra,38,SALARIE_CDI,5428,2619,119208,36,20,4,0,0.539,AUCUNE,CONSOMMATION,1
SERVICES,Guelmim-Oued Noun,31,INDEPENDANT,9089,2376,84883,12,13,3,0,0.253,NANTISSEMENT,PROFESSIONNEL,0
TECH,Marrakech-Safi,69,SALARIE_CDI,7492,4051,69115,60,45,3,0,0.509,AUCUNE,CONSOMMATION,1
COMMERCE,Drâa-Tafilalet,69,INDEPENDANT,11195,3451,64372,48,45,1,0,0.266,CAUTION,AUTO,0
COMMERCE,Guelmim-Oued Noun,21,FONCTIONNAIRE,11965,5397,34151,12,0,5,0,0.398,AUCUNE,CONSOMMATION,1
AGRICULTURE,Laâyoune-Sakia El Hamra,71,INDEPENDANT,2923,1804,51074,60,45,0,0,0.653,CAUTION,PROFESSIONNEL,0
COMMERCE,Fès-Meknès,57,SALARIE_CDD,12893,3479,106824,24,38,1,0,0.267,CAUTION,PROFESSIONNEL,0
INDUSTRIE,Casablanca-Settat,35,FONCTIONNAIRE,9077,1613,50345,24,9,5,0,0.326,CAUTION,AUTO,0
INDUSTRIE,Guelmim-Oued Noun,51,RETRAITE,6380,3063,20161,120,29,1,0,0.454,CAUTION,IMMOBILIER,1
INDUSTRIE,Souss-Massa,33,SALARIE_CDD,6460,3322,87419,84,10,0,3,0.437,NANTISSEMENT,CONSOMMATION,1
SERVICES,Dakhla-Oued Ed-Dahab,28,SALARIE_CDI,8220,2518,22571,12,10,4,0,0.296,CAUTION,IMMOBILIER,0
TECH,Marrakech-Safi,26,SALARIE_CDI,6460,2482,35572,48,5,1,2,0.498,HYPOTHEQUE,IMMOBILIER,1
TECH,Oriental,28,FONCTIONNAIRE,5315,2129,26067,48,10,0,0,0.419,AUCUNE,CONSOMMATION,1
INDUSTRIE,Rabat-Salé-Kénitra,54,FONCTIONNAIRE,5893,3288,5847,24,33,1,0,0.554,AUCUNE,CONSOMMATION,0
INDUSTRIE,Souss-Massa,69,FONCTIONNAIRE,5074,2519,41056,12,44,4,0,0.47,AUCUNE,PROFESSIONNEL,0
TECH,Casablanca-Settat,48,SALARIE_CDI,14853,4255,166199,120,26,0,0,0.271,CAUTION,IMMOBILIER,0
SERVICES,Guelmim-Oued Noun,18,SALARIE_CDI,8310,2381,45433,12,0,1,1,0.347,AUCUNE,CONSOMMATION,1
COMMERCE,Béni Mellal-Khénifra,45,INDEPENDANT,22332,6978,289037,60,27,3,1,0.271,AUCUNE,PROFESSIONNEL,1
COMMERCE,Rabat-Salé-Kénitra,65,FONCTIONNAIRE,9576,2135,32622,120,44,4,0,0.225,HYPOTHEQUE,IMMOBILIER,1
COMMERCE,Souss-Massa,70,SALARIE_CDI,10562,2293,42405,36,45,3,5,0.225,AUCUNE,CONSOMMATION,0
SERVICES,Souss-Massa,64,SALARIE_CDI,5025,2807,33760,60,37,0,3,0.559,NANTISSEMENT,IMMOBILIER,0
COMMERCE,Drâa-Tafilalet,41,SALARIE_CDI,7345,4156,37882,48,14,1,0,0.551,CAUTION,CONSOMMATION,0
INDUSTRIE,Souss-Massa,58,INDEPENDANT,8373,2345,47052,60,38,4,0,0.208,HYPOTHEQUE,PROFESSIONNEL,0
COMMERCE,Souss-Massa,22,INDEPENDANT,6083,3499,104528,24,0,2,4,0.586,CAUTION,IMMOBILIER,0
SERVICES,Guelmim-Oued Noun,43,FONCTIONNAIRE,6574,2862,20187,24,18,0,5,0.422,HYPOTHEQUE,CONSOMMATION,1
COMMERCE,Oriental,51,FONCTIONNAIRE,9790,4955,36538,48,30,5,0,0.568,HYPOTHEQUE,CONSOMMATION,1
COMMERCE,Guelmim-Oued Noun,19,INDEPENDANT,9876,5829,55883,24,0,0,2,0.582,CAUTION,PROFESSIONNEL,1
SERVICES,Laâyoune-Sakia El Hamra,18,SALARIE_CDI,4440,1351,88970,48,0,4,3,0.302,NANTISSEMENT,CONSOMMATION,1
SERVICES,Laâyoune-Sakia El Hamra,68,SALARIE_CDI,9207,4430,8019,60,45,0,3,0.489,CAUTION,CONSOMMATION,1
SERVICES,Dakhla-Oued Ed-Dahab,31,SALARIE_CDD,10393,3162,13645,120,9,2,1,0.328,CAUTION,PROFESSIONNEL,0
INDUSTRIE,Drâa-Tafilalet,25,RETRAITE,6213,3737,37363,24,5,3,0,0.512,CAUTION,AUTO,0
SERVICES,Oriental,55,FONCTIONNAIRE,5935,1779,79500,12,33,1,0,0.315,HYPOTHEQUE,CONSOMMATION,1
AGRICULTURE,Oriental,35,FONCTIONNAIRE,9884,4573,25940,24,15,0,1,0.378,CAUTION,CONSOMMATION,0
INDUSTRIE,Marrakech-Safi,79,INDEPENDANT,2546,625,58004,84,45,3,0,0.227,HYPOTHEQUE,CONSOMMATION,0
TECH,Guelmim-Oued Noun,77,SALARIE_CDI,8111,2716,145003,36,45,2,1,0.367,CAUTION,CONSOMMATION,1
AGRICULTURE,Drâa-Tafilalet,69,SALARIE_CDD,16907,5507,36580,24,45,1,0,0.429,CAUTION,CONSOMMATION,0
SERVICES,Laâyoune-Sakia El Hamra,37,FONCTIONNAIRE,2519,1323,30955,24,19,5,1,0.476,AUCUNE,CONSOMMATION,0
COMMERCE,Drâa-Tafilalet,73,RETRAITE,11735,3442,50529,84,45,1,2,0.252,HYPOTHEQUE,CONSOMMATION,0
TECH,Souss-Massa,34,SALARIE_CDI,10353,3248,41193,120,7,1,4,0.23,CAUTION,CONSOMMATION,0
COMMERCE,Fès-Meknès,33,SALARIE_CDD,4242,656,43420,24,11,4,0,0.118,AUCUNE,IMMOBILIER,0
INDUSTRIE,Dakhla-Oued Ed-Dahab,79,INDEPENDANT,10242,3154,31997,60,45,0,2,0.423,AUCUNE,CONSOMMATION,1
INDUSTRIE,Drâa-Tafilalet,60,INDEPENDANT,12716,3638,30333,120,39,2,1,0.207,HYPOTHEQUE,CONSOMMATION,0
SERVICES,Laâyoune-Sakia El Hamra,23,FONCTIONNAIRE,4772,2015,17978,12,1,4,0,0.267,CAUTION,CONSOMMATION,0
COMMERCE,Béni Mellal-Khénifra,73,SALARIE_CDI,5894,2068,55787,24,45,0,1,0.395,AUCUNE,AUTO,1
AGRICULTURE,Oriental,28,SALARIE_CDI,8199,5249,17539,48,7,0,1,0.683,CAUTION,CONSOMMATION,1
AGRICULTURE,Casablanca-Settat,60,SALARIE_CDD,12581,5323,20496,12,38,5,2,0.426,HYPOTHEQUE,CONSOMMATION,1
SERVICES,Casablanca-Settat,45,SALARIE_CDI,6352,1184,15701,48,18,4,0,0.193,AUCUNE,CONSOMMATION,1
COMMERCE,Drâa-Tafilalet,19,INDEPENDANT,7951,4411,28903,60,0,1,2,0.594,NANTISSEMENT,PROFESSIONNEL,1
INDUSTRIE,Marrakech-Safi,67,INDEPENDANT,6008,1061,36981,36,45,2,0,0.217,CAUTION,IMMOBILIER,0
AGRICULTURE,Casablanca-Settat,61,INDEPENDANT,8193,4659,16818,120,39,2,0,0.518,AUCUNE,CONSOMMATION,0
SERVICES,Guelmim-Oued Noun,73,SALARIE_CDI,12978,4578,30139,120,45,5,1,0.29,CAUTION,CONSOMMATION,0
AGRICULTURE,Béni Mellal-Khénifra,56,SALARIE_CDI,8499,1537,40669,84,32,4,1,0.131,CAUTION,IMMOBILIER,0
TECH,Rabat-Salé-Kénitra,65,INDEPENDANT,6899,4406,12106,48,41,1,0,0.6,CAUTION,CONSOMMATION,0
SERVICES,Souss-Massa,75,SALARIE_CDI,7985,3176,21341,12,45,0,0,0.434,HYPOTHEQUE,AUTO,0
SERVICES,Souss-Massa,79,SALARIE_CDI,5652,3264,128445,24,45,2,0,0.63,HYPOTHEQUE,CONSOMMATION,0
TECH,Casablanca-Settat,53,SALARIE_CDD,5180,1866,22114,120,28,4,4,0.343,CAUTION,CONSOMMATION,1
SERVICES,Béni Mellal-Khénifra,19,SALARIE_CDI,13926,5303,59629,48,0,5,4,0.395,CAUTION,IMMOBILIER,1
COMMERCE,Tanger-Tétouan-Al Hoceïma,39,SALARIE_CDI,16932,5608,25457,48,18,0,0,0.327,AUCUNE,CONSOMMATION,0
AGRICULTURE,Laâyoune-Sakia El Hamra,57,SALARIE_CDI,3619,1210,41776,84,39,3,2,0.293,CAUTION,IMMOBILIER,1
COMMERCE,Rabat-Salé-Kénitra,24,INDEPENDANT,10530,5757,20783,24,6,2,1,0.503,NANTISSEMENT,PROFESSIONNEL,1
INDUSTRIE,Laâyoune-Sakia El Hamra,25,SALARIE_CDI,11927,1973,9593,36,0,1,0,0.169,HYPOTHEQUE,PROFESSIONNEL,0
INDUSTRIE,Casablanca-Settat,42,FONCTIONNAIRE,4697,1855,26670,36,18,3,2,0.433,AUCUNE,IMMOBILIER,1
SERVICES,Guelmim-Oued Noun,75,FONCTIONNAIRE,6553,1853,49478,120,45,0,4,0.303,NANTISSEMENT,CONSOMMATION,0
AGRICULTURE,Guelmim-Oued Noun,38,FONCTIONNAIRE,6250,2677,58384,48,16,0,0,0.418,HYPOTHEQUE,IMMOBILIER,0
INDUSTRIE,Tanger-Tétouan-Al Hoceïma,76,FONCTIONNAIRE,19062,4910,40140,12,45,3,0,0.327,AUCUNE,PROFESSIONNEL,1
SERVICES,Fès-Meknès,68,SALARIE_CDI,17045,5529,21075,48,41,1,4,0.403,CAUTION,CONSOMMATION,0
INDUSTRIE,Rabat-Salé-Kénitra,37,SALARIE_CDI,5353,2230,69160,36,12,3,1,0.341,CAUTION,CONSOMMATION,1
AGRICULTURE,Tanger-Tétouan-Al Hoceïma,32,FONCTIONNAIRE,4202,2189,21908,48,8,5,0,0.462,HYPOTHEQUE,PROFESSIONNEL,1
SERVICES,Drâa-Tafilalet,70,RETRAITE,11474,7148,22868,120,45,1,0,0.55,HYPOTHEQUE,CONSOMMATION,0
TECH,Drâa-Tafilalet,65,SALARIE_CDD,10350,2811,18285,36,45,4,1,0.317,CAUTION,CONSOMMATION,0
COMMERCE,Marrakech-Safi,57,SALARIE_CDD,14183,5552,27008,24,30,4,1,0.377,AUCUNE,CONSOMMATION,0
TECH,Casablanca-Settat,79,RETRAITE,5031,1632,29528,48,45,0,0,0.327,HYPOTHEQUE,IMMOBILIER,0
AGRICULTURE,Oriental,24,INDEPENDANT,11222,5084,44593,12,5,1,1,0.483,HYPOTHEQUE,IMMOBILIER,0
TECH,Oriental,42,INDEPENDANT,5830,1943,14086,24,19,1,0,0.333,NANTISSEMENT,IMMOBILIER,1
AGRICULTURE,Dakhla-Oued Ed-Dahab,55,FONCTIONNAIRE,10726,2129,26311,12,34,5,0,0.166,CAUTION,CONSOMMATION,0
SERVICES,Guelmim-Oued Noun,22,INDEPENDANT,7969,3643,20735,120,0,3,0,0.402,CAUTION,CONSOMMATION,1
TECH,Oriental,79,FONCTIONNAIRE,19059,3198,48986,84,45,4,2,0.156,HYPOTHEQUE,CONSOMMATION,0
COMMERCE,Béni Mellal-Khénifra,54,FONCTIONNAIRE,9910,1700,44881,24,30,0,0,0.212,HYPOTHEQUE,CONSOMMATION,1
COMMERCE,Béni Mellal-Khénifra,37,INDEPENDANT,7035,4165,17665,36,17,3,0,0.508,AUCUNE,PROFESSIONNEL,1
AGRICULTURE,Souss-Massa,33,SALARIE_CDD,8622,5045,51255,12,12,3,2,0.561,CAUTION,CONSOMMATION,0
AGRICULTURE,Drâa-Tafilalet,18,RETRAITE,7745,3341,35009,84,0,3,0,0.335,NANTISSEMENT,CONSOMMATION,1
COMMERCE,Marrakech-Safi,55,RETRAITE,4820,766,63274,12,37,2,1,0.205,CAUTION,CONSOMMATION,0
COMMERCE,Guelmim-Oued Noun,79,FONCTIONNAIRE,19268,6196,23103,60,45,0,0,0.238,AUCUNE,PROFESSIONNEL,0
INDUSTRIE,Laâyoune-Sakia El Hamra,20,SALARIE_CDI,16638,5376,54902,60,0,3,0,0.243,HYPOTHEQUE,IMMOBILIER,1
INDUSTRIE,Souss-Massa,44,INDEPENDANT,7485,3821,66535,84,22,2,0,0.552,CAUTION,CONSOMMATION,0
INDUSTRIE,Souss-Massa,59,SALARIE_CDI,11103,6173,38111,84,41,1,4,0.524,CAUTION,CONSOMMATION,0
INDUSTRIE,Souss-Massa,45,FONCTIONNAIRE,20397,6672,157706,120,26,5,0,0.236,AUCUNE,CONSOMMATION,0
SERVICES,Guelmim-Oued Noun,59,SALARIE_CDI,14138,5102,51228,36,37,1,0,0.387,CAUTION,IMMOBILIER,1
SERVICES,Marrakech-Safi,62,INDEPENDANT,7056,1851,124737,84,38,5,1,0.268,NANTISSEMENT,CONSOMMATION,0
TECH,Tanger-Tétouan-Al Hoceïma,78,RETRAITE,7789,4003,212202,24,45,2,3,0.611,CAUTION,IMMOBILIER,0
INDUSTRIE,Béni Mellal-Khénifra,56,SALARIE_CDI,3741,1214,11260,24,33,1,0,0.263,HYPOTHEQUE,PROFESSIONNEL,0
AGRICULTURE,Drâa-Tafilalet,62,INDEPENDANT,11483,5773,81321,120,36,5,0,0.453,HYPOTHEQUE,PROFESSIONNEL,0
COMMERCE,Fès-Meknès,37,INDEPENDANT,14176,7137,52127,120,15,5,0,0.466,CAUTION,CONSOMMATION,1
SERVICES,Rabat-Salé-Kénitra,27,SALARIE_CDI,14219,3243,43061,60,2,5,0,0.277,AUCUNE,IMMOBILIER,1
SERVICES,Oriental,24,SALARIE_CDI,11109,6585,22866,36,2,2,0,0.494,CAUTION,AUTO,0
SERVICES,Béni Mellal-Khénifra,24,SALARIE_CDD,9495,5339,19459,36,6,5,0,0.544,AUCUNE,IMMOBILIER,1
AGRICULTURE,Guelmim-Oued Noun,70,INDEPENDANT,5172,2283,17375,84,45,4,1,0.453,CAUTION,IMMOBILIER,1
SERVICES,Casablanca-Settat,20,SALARIE_CDD,9357,1807,172182,24,2,2,0,0.251,NANTISSEMENT,IMMOBILIER,1
COMMERCE,Casablanca-Settat,48,SALARIE_CDI,6098,1425,51081,48,26,5,2,0.189,AUCUNE,CONSOMMATION,1
AGRICULTURE,Tanger-Tétouan-Al Hoceïma,56,SALARIE_CDI,10263,2012,14025,36,36,3,1,0.209,NANTISSEMENT,CONSOMMATION,0
AGRICULTURE,Oriental,60,SALARIE_CDD,5746,2194,17382,24,36,1,0,0.349,AUCUNE,CONSOMMATION,0
SERVICES,Casablanca-Settat,22,SALARIE_CDI,10234,2894,8799,60,4,4,0,0.219,HYPOTHEQUE,PROFESSIONNEL,0
SERVICES,Marrakech-Safi,72,FONCTIONNAIRE,14697,8310,83595,60,45,0,0,0.558,AUCUNE,IMMOBILIER,0
SERVICES,Souss-Massa,45,SALARIE_CDI,9602,3533,37485,24,26,1,0,0.352,AUCUNE,PROFESSIONNEL,0
SERVICES,Fès-Meknès,19,INDEPENDANT,9394,3533,51866,60,0,2,4,0.399,AUCUNE,CONSOMMATION,1
SERVICES,Drâa-Tafilalet,26,INDEPENDANT,12220,7466,36377,120,2,3,2,0.708,AUCUNE,IMMOBILIER,1
COMMERCE,Casablanca-Settat,72,INDEPENDANT,17973,7888,70507,120,45,3,3,0.459,CAUTION,PROFESSIONNEL,1
AGRICULTURE,Laâyoune-Sakia El Hamra,77,SALARIE_CDI,7721,2654,27507,120,45,4,1,0.342,NANTISSEMENT,AUTO,0
COMMERCE,Marrakech-Safi,65,FONCTIONNAIRE,10244,6574,44659,36,45,3,2,0.667,AUCUNE,CONSOMMATION,1
COMMERCE,Souss-Massa,39,INDEPENDANT,15995,6098,43995,60,15,3,0,0.342,CAUTION,CONSOMMATION,0
SERVICES,Dakhla-Oued Ed-Dahab,77,FONCTIONNAIRE,10951,4817,16120,84,45,4,2,0.477,AUCUNE,CONSOMMATION,1
TECH,Béni Mellal-Khénifra,35,SALARIE_CDI,3291,1122,21892,120,13,3,3,0.306,NANTISSEMENT,IMMOBILIER,1
COMMERCE,Dakhla-Oued Ed-Dahab,32,SALARIE_CDI,5872,2846,29377,48,5,5,0,0.499,CAUTION,PROFESSIONNEL,1
TECH,Casablanca-Settat,66,FONCTIONNAIRE,11361,6111,45465,84,40,2,1,0.524,CAUTION,CONSOMMATION,0
AGRICULTURE,Drâa-Tafilalet,38,SALARIE_CDD,6768,3143,95980,48,11,0,0,0.449,AUCUNE,AUTO,0
INDUSTRIE,Casablanca-Settat,50,RETRAITE,15493,4248,39380,84,31,3,1,0.351,HYPOTHEQUE,PROFESSIONNEL,0
SERVICES,Béni Mellal-Khénifra,59,INDEPENDANT,18696,11613,34153,36,38,5,3,0.574,HYPOTHEQUE,CONSOMMATION,0
SERVICES,Fès-Meknès,28,INDEPENDANT,6213,2522,45116,12,3,1,0,0.428,CAUTION,CONSOMMATION,1
INDUSTRIE,Guelmim-Oued Noun,76,RETRAITE,5092,2867,32534,36,45,0,0,0.539,CAUTION,IMMOBILIER,1
AGRICULTURE,Rabat-Salé-Kénitra,28,FONCTIONNAIRE,6888,1064,35743,36,3,2,0,0.197,AUCUNE,IMMOBILIER,0
INDUSTRIE,Laâyoune-Sakia El Hamra,80,SALARIE_CDI,6711,2744,104939,84,45,5,1,0.34,AUCUNE,IMMOBILIER,0
TECH,Souss-Massa,35,SALARIE_CDI,16175,9993,31066,60,11,1,0,0.599,CAUTION,IMMOBILIER,1
COMMERCE,Oriental,44,INDEPENDANT,5085,2513,43624,60,18,4,4,0.446,AUCUNE,PROFESSIONNEL,0
SERVICES,Oriental,33,SALARIE_CDD,11317,2344,23122,24,13,1,0,0.283,HYPOTHEQUE,AUTO,0
INDUSTRIE,Casablanca-Settat,51,RETRAITE,15131,7641,87780,60,26,4,0,0.567,CAUTION,CONSOMMATION,0
COMMERCE,Fès-Meknès,18,SALARIE_CDI,11715,1845,19188,60,0,1,4,0.12,CAUTION,IMMOBILIER,1
COMMERCE,Drâa-Tafilalet,28,SALARIE_CDI,9862,3297,34533,120,8,5,1,0.274,AUCUNE,PROFESSIONNEL,1
INDUSTRIE,Dakhla-Oued Ed-Dahab,50,INDEPENDANT,7533,2021,72240,24,31,2,0,0.244,CAUTION,PROFESSIONNEL,1
SERVICES,Dakhla-Oued Ed-Dahab,61,INDEPENDANT,18621,5138,19807,60,42,0,2,0.314,AUCUNE,CONSOMMATION,1
TECH,Oriental,78,INDEPENDANT,7256,1239,66670,12,45,5,2,0.183,HYPOTHEQUE,CONSOMMATION,1
SERVICES,Fès-Meknès,70,SALARIE_CDI,12416,5694,8653,84,44,3,2,0.437,AUCUNE,IMMOBILIER,1
AGRICULTURE,Souss-Massa,76,SALARIE_CDD,7544,3930,16910,84,45,0,0,0.576,HYPOTHEQUE,IMMOBILIER,0
SERVICES,Souss-Massa,68,FONCTIONNAIRE,3538,1047,33998,84,45,2,0,0.312,CAUTION,CONSOMMATION,0
SERVICES,Tanger-Tétouan-Al Hoceïma,66,INDEPENDANT,7177,3182,196172,48,45,5,0,0.399,AUCUNE,CONSOMMATION,1
COMMERCE,Tanger-Tétouan-Al Hoceïma,39,SALARIE_CDI,7553,3011,40208,48,16,2,1,0.294,CAUTION,AUTO,1
COMMERCE,Laâyoune-Sakia El Hamra,75,FONCTIONNAIRE,7597,4912,40812,12,45,5,0,0.749,HYPOTHEQUE,CONSOMMATION,1
COMMERCE,Tanger-Tétouan-Al Hoceïma,78,SALARIE_CDI,6020,3348,81097,48,45,3,0,0.541,NANTISSEMENT,PROFESSIONNEL,0
INDUSTRIE,Casablanca-Settat,50,INDEPENDANT,10739,6691,16976,84,30,0,0,0.503,CAUTION,PROFESSIONNEL,0
AGRICULTURE,Drâa-Tafilalet,25,SALARIE_CDI,11290,6347,5000,120,6,3,2,0.577,AUCUNE,IMMOBILIER,1
COMMERCE,Béni Mellal-Khénifra,20,RETRAITE,7061,3381,122234,12,2,0,0,0.395,CAUTION,PROFESSIONNEL,1
COMMERCE,Tanger-Tétouan-Al Hoceïma,49,SALARIE_CDI,7035,1306,55451,48,28,4,0,0.249,CAUTION,IMMOBILIER,0
INDUSTRIE,Béni Mellal-Khénifra,57,FONCTIONNAIRE,5050,2924,26590,24,36,0,0,0.64,AUCUNE,IMMOBILIER,1
SERVICES,Dakhla-Oued Ed-Dahab,52,INDEPENDANT,9086,4820,37803,36,32,3,1,0.518,AUCUNE,CONSOMMATION,0
COMMERCE,Dakhla-Oued Ed-Dahab,74,SALARIE_CDI,15064,4385,75849,84,45,0,4,0.235,CAUTION,CONSOMMATION,1
SERVICES,Guelmim-Oued Noun,51,SALARIE_CDI,15069,4290,33174,12,31,1,0,0.309,HYPOTHEQUE,PROFESSIONNEL,1
COMMERCE,Béni Mellal-Khénifra,59,FONCTIONNAIRE,6188,2550,40192,12,39,1,2,0.472,CAUTION,PROFESSIONNEL,0
SERVICES,Casablanca-Settat,65,FONCTIONNAIRE,19852,5787,150955,24,43,2,1,0.286,HYPOTHEQUE,PROFESSIONNEL,0
AGRICULTURE,Oriental,74,INDEPENDANT,6884,4373,15207,24,45,3,5,0.616,CAUTION,PROFESSIONNEL,0
COMMERCE,Guelmim-Oued Noun,56,FONCTIONNAIRE,5130,1266,52159,84,36,5,0,0.209,AUCUNE,IMMOBILIER,1
AGRICULTURE,Laâyoune-Sakia El Hamra,53,SALARIE_CDI,4390,995,15438,24,30,3,3,0.209,AUCUNE,PROFESSIONNEL,0
COMMERCE,Guelmim-Oued Noun,22,RETRAITE,4992,857,108473,120,0,4,2,0.164,HYPOTHEQUE,IMMOBILIER,1
SERVICES,Dakhla-Oued Ed-Dahab,58,SALARIE_CDI,9416,4014,44586,120,32,5,3,0.401,HYPOTHEQUE,IMMOBILIER,1
TECH,Oriental,29,FONCTIONNAIRE,7217,3754,22454,84,6,2,2,0.472,CAUTION,CONSOMMATION,1
COMMERCE,Rabat-Salé-Kénitra,41,RETRAITE,6097,2702,12703,48,16,0,0,0.526,AUCUNE,PROFESSIONNEL,0
TECH,Souss-Massa,51,INDEPENDANT,5534,1406,28420,84,33,1,0,0.242,CAUTION,CONSOMMATION,0
INDUSTRIE,Fès-Meknès,23,SALARIE_CDI,4970,3040,41355,24,0,5,0,0.585,CAUTION,PROFESSIONNEL,1
COMMERCE,Laâyoune-Sakia El Hamra,61,SALARIE_CDI,5429,1844,81708,120,41,4,0,0.349,HYPOTHEQUE,CONSOMMATION,1
TECH,Guelmim-Oued Noun,35,FONCTIONNAIRE,12797,2820,16890,36,15,5,4,0.232,HYPOTHEQUE,IMMOBILIER,1
COMMERCE,Souss-Massa,50,SALARIE_CDI,18242,4479,20389,48,28,1,2,0.242,CAUTION,PROFESSIONNEL,0
INDUSTRIE,Tanger-Tétouan-Al Hoceïma,40,INDEPENDANT,18757,6923,25644,120,14,0,0,0.312,NANTISSEMENT,AUTO,1
COMMERCE,Rabat-Salé-Kénitra,40,FONCTIONNAIRE,11039,4661,21107,12,18,5,0,0.422,HYPOTHEQUE,PROFESSIONNEL,1
COMMERCE,Casablanca-Settat,42,SALARIE_CDI,6493,2927,25332,12,22,5,0,0.458,AUCUNE,PROFESSIONNEL,0
AGRICULTURE,Fès-Meknès,21,SALARIE_CDD,6000,1120,18739,60,0,2,0,0.203,HYPOTHEQUE,CONSOMMATION,1
INDUSTRIE,Marrakech-Safi,30,FONCTIONNAIRE,11387,6647,48630,120,7,5,3,0.597,AUCUNE,CONSOMMATION,1
INDUSTRIE,Fès-Meknès,67,INDEPENDANT,7253,2308,25899,120,42,3,5,0.327,AUCUNE,CONSOMMATION,0
TECH,Dakhla-Oued Ed-Dahab,25,SALARIE_CDD,9753,2728,36591,120,2,5,0,0.226,NANTISSEMENT,CONSOMMATION,1
COMMERCE,Drâa-Tafilalet,49,SALARIE_CDI,19316,9538,44937,48,26,1,2,0.621,HYPOTHEQUE,PROFESSIONNEL,1
TECH,Oriental,26,SALARIE_CDD,8934,4081,13828,60,8,3,0,0.479,HYPOTHEQUE,AUTO,1
INDUSTRIE,Marrakech-Safi,51,FONCTIONNAIRE,22585,14599,55025,84,30,0,2,0.684,AUCUNE,CONSOMMATION,0
SERVICES,Laâyoune-Sakia El Hamra,58,INDEPENDANT,4880,1733,42050,24,40,4,0,0.386,CAUTION,PROFESSIONNEL,0
TECH,Béni Mellal-Khénifra,47,INDEPENDANT,9910,2394,42081,120,28,1,0,0.236,HYPOTHEQUE,PROFESSIONNEL,1
SERVICES,Oriental,66,RETRAITE,9332,5939,33080,84,40,5,1,0.586,AUCUNE,CONSOMMATION,1
SERVICES,Souss-Massa,34,FONCTIONNAIRE,5204,2035,30070,12,16,3,0,0.38,AUCUNE,PROFESSIONNEL,1
COMMERCE,Oriental,53,INDEPENDANT,11623,5588,37709,48,33,4,0,0.433,CAUTION,AUTO,0
TECH,Laâyoune-Sakia El Hamra,35,SALARIE_CDI,16137,2762,38832,36,17,4,0,0.095,CAUTION,CONSOMMATION,1
AGRICULTURE,Drâa-Tafilalet,50,FONCTIONNAIRE,21834,6942,15897,84,28,5,0,0.422,AUCUNE,IMMOBILIER,0
SERVICES,Souss-Massa,22,FONCTIONNAIRE,9751,6276,109394,48,0,2,0,0.684,AUCUNE,CONSOMMATION,0
SERVICES,Drâa-Tafilalet,34,INDEPENDANT,3446,2179,22314,120,9,2,0,0.637,CAUTION,PROFESSIONNEL,0
AGRICULTURE,Dakhla-Oued Ed-Dahab,62,INDEPENDANT,10043,6448,38051,48,44,4,0,0.645,CAUTION,PROFESSIONNEL,1
SERVICES,Fès-Meknès,67,SALARIE_CDI,11315,6359,82096,48,45,2,0,0.592,NANTISSEMENT,IMMOBILIER,1
SERVICES,Laâyoune-Sakia El Hamra,35,INDEPENDANT,7289,2917,28588,24,14,0,0,0.394,AUCUNE,CONSOMMATION,1
INDUSTRIE,Béni Mellal-Khénifra,34,INDEPENDANT,8927,3892,42868,84,16,3,0,0.405,CAUTION,PROFESSIONNEL,0
COMMERCE,Marrakech-Safi,36,RETRAITE,6519,1222,7833,48,18,5,1,0.255,AUCUNE,CONSOMMATION,1
AGRICULTURE,Dakhla-Oued Ed-Dahab,35,SALARIE_CDD,7630,4171,9070,48,12,3,0,0.5,AUCUNE,AUTO,1
TECH,Drâa-Tafilalet,80,RETRAITE,12809,6719,35671,84,45,3,0,0.583,HYPOTHEQUE,IMMOBILIER,1
COMMERCE,Tanger-Tétouan-Al Hoceïma,59,INDEPENDANT,15139,7632,41466,84,41,1,0,0.505,HYPOTHEQUE,IMMOBILIER,0
SERVICES,Marrakech-Safi,42,FONCTIONNAIRE,4574,1561,78770,60,22,1,0,0.353,HYPOTHEQUE,IMMOBILIER,0
INDUSTRIE,Laâyoune-Sakia El Hamra,47,SALARIE_CDD,6438,1821,63628,24,21,3,0,0.265,HYPOTHEQUE,PROFESSIONNEL,1
COMMERCE,Guelmim-Oued Noun,50,INDEPENDANT,3965,2200,11915,120,26,3,2,0.497,CAUTION,CONSOMMATION,0
SERVICES,Casablanca-Settat,52,INDEPENDANT,18532,11810,88237,84,32,5,0,0.6,AUCUNE,CONSOMMATION,0
SERVICES,Béni Mellal-Khénifra,42,FONCTIONNAIRE,11990,4337,15782,84,16,2,1,0.376,AUCUNE,IMMOBILIER,0
INDUSTRIE,Rabat-Salé-Kénitra,79,RETRAITE,3293,585,66433,48,45,4,0,0.133,CAUTION,PROFESSIONNEL,0
SERVICES,Fès-Meknès,36,SALARIE_CDI,7871,4725,26471,84,10,4,0,0.557,CAUTION,CONSOMMATION,1
COMMERCE,Oriental,44,FONCTIONNAIRE,7133,3529,243059,60,22,4,0,0.53,CAUTION,CONSOMMATION,0
COMMERCE,Marrakech-Safi,18,SALARIE_CDI,5767,2801,24023,36,0,1,0,0.505,HYPOTHEQUE,CONSOMMATION,1
SERVICES,Oriental,48,SALARIE_CDD,12917,8036,34482,48,27,4,1,0.556,HYPOTHEQUE,PROFESSIONNEL,1
COMMERCE,Souss-Massa,71,SALARIE_CDI,12785,6204,40571,12,45,3,1,0.543,AUCUNE,CONSOMMATION,0
TECH,Oriental,80,SALARIE_CDI,9148,4197,30645,12,45,2,0,0.521,HYPOTHEQUE,AUTO,0
TECH,Guelmim-Oued Noun,47,SALARIE_CDD,6071,3066,18070,48,27,4,0,0.491,AUCUNE,CONSOMMATION,1
TECH,Rabat-Salé-Kénitra,26,SALARIE_CDI,6094,2389,169884,84,7,4,0,0.306,CAUTION,CONSOMMATION,1
INDUSTRIE,Guelmim-Oued Noun,63,SALARIE_CDI,8265,2426,23684,84,41,5,0,0.222,CAUTION,CONSOMMATION,0
TECH,Marrakech-Safi,58,INDEPENDANT,6596,1820,23097,84,39,4,0,0.247,CAUTION,PROFESSIONNEL,0
SERVICES,Casablanca-Settat,78,SALARIE_CDI,8082,4147,33638,36,45,0,2,0.572,CAUTION,PROFESSIONNEL,1
INDUSTRIE,Souss-Massa,49,SALARIE_CDI,10416,2826,41576,48,27,3,1,0.278,AUCUNE,PROFESSIONNEL,1
SERVICES,Fès-Meknès,18,SALARIE_CDI,4064,2502,22485,84,0,3,0,0.554,CAUTION,CONSOMMATION,1
COMMERCE,Marrakech-Safi,74,SALARIE_CDI,5761,2025,70788,12,45,0,0,0.424,HYPOTHEQUE,CONSOMMATION,0
INDUSTRIE,Souss-Massa,60,SALARIE_CDI,7981,3725,40413,60,39,2,0,0.464,CAUTION,CONSOMMATION,0
SERVICES,Laâyoune-Sakia El Hamra,68,RETRAITE,16390,2809,36830,36,41,0,3,0.211,AUCUNE,CONSOMMATION,0
TECH,Béni Mellal-Khénifra,25,FONCTIONNAIRE,11854,4439,53673,36,7,2,0,0.358,HYPOTHEQUE,CONSOMMATION,0
INDUSTRIE,Drâa-Tafilalet,46,SALARIE_CDD,8090,2830,20050,48,19,2,0,0.253,CAUTION,IMMOBILIER,0
SERVICES,Rabat-Salé-Kénitra,46,FONCTIONNAIRE,9711,5121,24112,36,28,2,0,0.439,CAUTION,CONSOMMATION,0
SERVICES,Casablanca-Settat,34,SALARIE_CDI,7741,1376,35759,60,7,4,1,0.135,AUCUNE,PROFESSIONNEL,0
INDUSTRIE,Tanger-Tétouan-Al Hoceïma,71,INDEPENDANT,13158,4621,69630,60,45,2,5,0.366,HYPOTHEQUE,IMMOBILIER,0
INDUSTRIE,Guelmim-Oued Noun,29,RETRAITE,9850,5704,30616,48,5,2,0,0.6,AUCUNE,PROFESSIONNEL,1
INDUSTRIE,Laâyoune-Sakia El Hamra,22,SALARIE_CDI,14407,6977,29087,60,0,3,0,0.577,HYPOTHEQUE,IMMOBILIER,1
SERVICES,Rabat-Salé-Kénitra,32,SALARIE_CDI,4403,2372,8301,36,7,0,1,0.537,NANTISSEMENT,IMMOBILIER,0
TECH,Souss-Massa,80,FONCTIONNAIRE,5638,2997,22349,12,45,1,0,0.526,HYPOTHEQUE,PROFESSIONNEL,1
AGRICULTURE,Tanger-Tétouan-Al Hoceïma,25,SALARIE_CDI,9169,4410,11437,36,7,3,2,0.432,HYPOTHEQUE,CONSOMMATION,0
COMMERCE,Drâa-Tafilalet,54,SALARIE_CDI,10118,3497,13616,48,33,5,0,0.391,HYPOTHEQUE,CONSOMMATION,0
COMMERCE,Marrakech-Safi,29,FONCTIONNAIRE,23865,8346,46913,36,3,3,2,0.422,AUCUNE,AUTO,0
TECH,Souss-Massa,42,FONCTIONNAIRE,3592,631,370719,12,15,5,0,0.144,HYPOTHEQUE,CONSOMMATION,1
AGRICULTURE,Laâyoune-Sakia El Hamra,52,SALARIE_CDI,7983,1976,41604,48,32,1,1,0.241,CAUTION,AUTO,1
COMMERCE,Souss-Massa,19,INDEPENDANT,7824,3357,45841,48,0,0,1,0.446,NANTISSEMENT,CONSOMMATION,0
AGRICULTURE,Guelmim-Oued Noun,33,SALARIE_CDI,9018,5389,21325,120,11,4,0,0.557,AUCUNE,IMMOBILIER,1
AGRICULTURE,Béni Mellal-Khénifra,54,SALARIE_CDI,17676,8062,17433,120,28,0,0,0.367,CAUTION,PROFESSIONNEL,1
TECH,Béni Mellal-Khénifra,18,INDEPENDANT,12020,4129,153169,60,0,5,1,0.35,HYPOTHEQUE,PROFESSIONNEL,1
COMMERCE,Fès-Meknès,49,FONCTIONNAIRE,3937,2228,20666,12,23,2,1,0.594,NANTISSEMENT,PROFESSIONNEL,1
SERVICES,Dakhla-Oued Ed-Dahab,56,FONCTIONNAIRE,16158,6049,8956,84,31,0,0,0.327,HYPOTHEQUE,CONSOMMATION,0
SERVICES,Marrakech-Safi,31,FONCTIONNAIRE,15957,4467,43126,48,7,4,0,0.279,AUCUNE,AUTO,1
COMMERCE,Dakhla-Oued Ed-Dahab,28,FONCTIONNAIRE,9121,1733,26881,60,1,5,0,0.293,AUCUNE,IMMOBILIER,0
COMMERCE,Dakhla-Oued Ed-Dahab,48,INDEPENDANT,3913,2208,55111,84,21,3,0,0.619,CAUTION,CONSOMMATION,1
INDUSTRIE,Oriental,63,FONCTIONNAIRE,7569,3467,108808,60,42,4,1,0.483,CAUTION,AUTO,0
COMMERCE,Laâyoune-Sakia El Hamra,18,SALARIE_CDD,10006,4407,47019,48,0,1,0,0.413,NANTISSEMENT,PROFESSIONNEL,0
COMMERCE,Drâa-Tafilalet,39,INDEPENDANT,12688,6475,42567,84,18,5,0,0.542,AUCUNE,IMMOBILIER,0
TECH,Drâa-Tafilalet,80,SALARIE_CDI,3653,1653,57626,36,45,3,0,0.37,NANTISSEMENT,IMMOBILIER,1
SERVICES,Casablanca-Settat,39,INDEPENDANT,5732,1864,241178,60,13,4,2,0.32,AUCUNE,PROFESSIONNEL,1
SERVICES,Rabat-Salé-Kénitra,38,SALARIE_CDI,13281,6093,178966,60,18,0,0,0.432,HYPOTHEQUE,PROFESSIONNEL,0
TECH,Casablanca-Settat,64,SALARIE_CDD,15927,3504,29110,84,42,2,1,0.257,HYPOTHEQUE,IMMOBILIER,0
TECH,Casablanca-Settat,48,INDEPENDANT,9835,2932,70605,84,21,0,2,0.189,AUCUNE,CONSOMMATION,0
AGRICULTURE,Laâyoune-Sakia El Hamra,42,FONCTIONNAIRE,13586,5688,126787,24,22,5,1,0.544,CAUTION,PROFESSIONNEL,0
TECH,Marrakech-Safi,67,SALARIE_CDI,9946,1836,59006,120,42,1,0,0.162,AUCUNE,PROFESSIONNEL,0
AGRICULTURE,Casablanca-Settat,19,SALARIE_CDD,12499,7011,34668,60,0,3,1,0.641,CAUTION,CONSOMMATION,1
INDUSTRIE,Dakhla-Oued Ed-Dahab,62,INDEPENDANT,8650,1491,25630,24,42,4,2,0.209,HYPOTHEQUE,CONSOMMATION,1
INDUSTRIE,Fès-Meknès,41,RETRAITE,10057,3381,38911,60,21,1,0,0.352,AUCUNE,PROFESSIONNEL,0
SERVICES,Guelmim-Oued Noun,73,SALARIE_CDD,4676,1764,16352,120,45,4,3,0.389,HYPOTHEQUE,PROFESSIONNEL,1
COMMERCE,Dakhla-Oued Ed-Dahab,63,SALARIE_CDI,11214,5499,67964,60,37,3,1,0.494,NANTISSEMENT,CONSOMMATION,0
AGRICULTURE,Oriental,77,SALARIE_CDD,4612,1049,96148,24,45,0,1,0.203,CAUTION,IMMOBILIER,0
INDUSTRIE,Dakhla-Oued Ed-Dahab,26,SALARIE_CDD,11209,6285,27505,48,0,1,0,0.582,CAUTION,CONSOMMATION,0
COMMERCE,Dakhla-Oued Ed-Dahab,29,SALARIE_CDI,6651,2415,26493,24,6,1,0,0.353,NANTISSEMENT,PROFESSIONNEL,0
INDUSTRIE,Rabat-Salé-Kénitra,74,INDEPENDANT,9571,2638,17339,24,45,1,0,0.303,CAUTION,PROFESSIONNEL,0
SERVICES,Rabat-Salé-Kénitra,42,FONCTIONNAIRE,5278,1051,50355,60,17,1,2,0.22,AUCUNE,CONSOMMATION,1
SERVICES,Tanger-Tétouan-Al Hoceïma,69,SALARIE_CDD,6460,3958,36040,12,45,3,2,0.593,HYPOTHEQUE,PROFESSIONNEL,0
SERVICES,Oriental,61,SALARIE_CDD,9562,3363,13222,120,40,3,0,0.326,AUCUNE,CONSOMMATION,0
AGRICULTURE,Guelmim-Oued Noun,49,SALARIE_CDI,11378,3876,279411,120,28,2,1,0.354,HYPOTHEQUE,IMMOBILIER,0
INDUSTRIE,Marrakech-Safi,20,FONCTIONNAIRE,13256,3183,10459,24,0,0,1,0.261,AUCUNE,AUTO,0
TECH,Marrakech-Safi,22,SALARIE_CDD,4829,1947,13255,36,0,4,0,0.378,CAUTION,PROFESSIONNEL,1
COMMERCE,Fès-Meknès,63,SALARIE_CDI,4124,1278,70099,36,38,4,1,0.259,AUCUNE,IMMOBILIER,1
SERVICES,Fès-Meknès,24,FONCTIONNAIRE,5224,1217,57525,12,0,4,0,0.246,AUCUNE,PROFESSIONNEL,1
SERVICES,Dakhla-Oued Ed-Dahab,18,SALARIE_CDD,5016,2641,22026,12,0,4,0,0.544,NANTISSEMENT,CONSOMMATION,1
TECH,Tanger-Tétouan-Al Hoceïma,31,FONCTIONNAIRE,16401,9826,21055,84,4,3,0,0.605,CAUTION,CONSOMMATION,1
SERVICES,Laâyoune-Sakia El Hamra,75,INDEPENDANT,14811,4831,50037,48,45,4,0,0.321,HYPOTHEQUE,CONSOMMATION,0
AGRICULTURE,Casablanca-Settat,57,SALARIE_CDD,5175,1518,47320,24,33,2,0,0.333,AUCUNE,IMMOBILIER,1
SERVICES,Rabat-Salé-Kénitra,63,SALARIE_CDD,17494,5890,22187,48,43,1,0,0.288,AUCUNE,IMMOBILIER,1
COMMERCE,Guelmim-Oued Noun,59,INDEPENDANT,14418,8830,72817,24,41,3,1,0.571,AUCUNE,CONSOMMATION,0
TECH,Marrakech-Safi,53,SALARIE_CDD,3892,1719,54193,60,32,3,3,0.413,CAUTION,IMMOBILIER,0
SERVICES,Casablanca-Settat,34,SALARIE_CDD,5097,1187,92553,24,12,0,2,0.227,HYPOTHEQUE,CONSOMMATION,1
SERVICES,Béni Mellal-Khénifra,45,INDEPENDANT,3840,1790,35071,24,25,1,1,0.434,HYPOTHEQUE,CONSOMMATION,0
AGRICULTURE,Rabat-Salé-Kénitra,52,FONCTIONNAIRE,7793,2732,64032,84,27,0,1,0.32,CAUTION,IMMOBILIER,0
SERVICES,Casablanca-Settat,80,RETRAITE,8167,1296,30953,24,45,2,3,0.204,HYPOTHEQUE,CONSOMMATION,1
INDUSTRIE,Tanger-Tétouan-Al Hoceïma,74,SALARIE_CDD,8160,5181,53038,36,45,4,1,0.631,AUCUNE,CONSOMMATION,1
INDUSTRIE,Oriental,64,SALARIE_CDD,3255,675,46652,84,45,0,0,0.247,NANTISSEMENT,PROFESSIONNEL,0
SERVICES,Oriental,69,SALARIE_CDI,4263,1521,65753,36,45,3,0,0.357,HYPOTHEQUE,IMMOBILIER,0
TECH,Béni Mellal-Khénifra,68,SALARIE_CDI,9109,4362,52242,12,45,1,0,0.443,AUCUNE,CONSOMMATION,0
TECH,Casablanca-Settat,60,FONCTIONNAIRE,10721,4750,9680,84,40,3,5,0.498,CAUTION,CONSOMMATION,0
INDUSTRIE,Fès-Meknès,69,SALARIE_CDI,3265,497,23422,12,43,0,1,0.132,AUCUNE,CONSOMMATION,0
TECH,Tanger-Tétouan-Al Hoceïma,22,SALARIE_CDD,4553,2067,38493,48,0,1,0,0.471,CAUTION,AUTO,1
SERVICES,Fès-Meknès,19,SALARIE_CDI,12837,6594,50335,36,0,3,0,0.55,AUCUNE,CONSOMMATION,0
SERVICES,Oriental,45,SALARIE_CDI,4671,2684,64693,60,21,5,4,0.565,NANTISSEMENT,AUTO,1
COMMERCE,Marrakech-Safi,21,SALARIE_CDD,8050,1948,53321,60,0,4,2,0.229,HYPOTHEQUE,PROFESSIONNEL,0
AGRICULTURE,Béni Mellal-Khénifra,39,FONCTIONNAIRE,4475,753,22175,60,15,5,0,0.129,AUCUNE,AUTO,0
SERVICES,Dakhla-Oued Ed-Dahab,30,SALARIE_CDI,11780,7329,69057,120,10,5,0,0.627,HYPOTHEQUE,PROFESSIONNEL,1
SERVICES,Béni Mellal-Khénifra,78,INDEPENDANT,3269,1603,20613,60,45,3,0,0.452,HYPOTHEQUE,PROFESSIONNEL,0
COMMERCE,Tanger-Tétouan-Al Hoceïma,59,SALARIE_CDI,7066,2667,87928,12,39,4,5,0.364,CAUTION,CONSOMMATION,1
TECH,Souss-Massa,20,SALARIE_CDI,12371,6340,92132,12,0,2,1,0.494,HYPOTHEQUE,CONSOMMATION,0
SERVICES,Béni Mellal-Khénifra,57,RETRAITE,10663,2437,36060,36,39,5,0,0.2,HYPOTHEQUE,PROFESSIONNEL,0
INDUSTRIE,Drâa-Tafilalet,64,RETRAITE,6576,4138,23072,12,38,1,0,0.642,AUCUNE,CONSOMMATION,1
TECH,Fès-Meknès,38,SALARIE_CDD,5917,2823,22309,84,20,2,0,0.534,AUCUNE,IMMOBILIER,1
INDUSTRIE,Casablanca-Settat,73,SALARIE_CDD,7297,4294,16885,84,45,5,0,0.627,AUCUNE,CONSOMMATION,1
SERVICES,Drâa-Tafilalet,79,INDEPENDANT,4536,1943,19037,60,45,4,0,0.331,AUCUNE,IMMOBILIER,1
SERVICES,Béni Mellal-Khénifra,79,FONCTIONNAIRE,7747,4264,32006,60,45,0,1,0.552,AUCUNE,PROFESSIONNEL,0
INDUSTRIE,Rabat-Salé-Kénitra,23,SALARIE_CDI,7806,2450,24548,60,0,1,0,0.425,AUCUNE,PROFESSIONNEL,0
COMMERCE,Béni Mellal-Khénifra,46,SALARIE_CDI,6714,1454,11767,36,20,4,5,0.221,CAUTION,CONSOMMATION,1
TECH,Casablanca-Settat,66,SALARIE_CDI,12710,4155,25887,12,40,3,2,0.31,CAUTION,PROFESSIONNEL,0
COMMERCE,Béni Mellal-Khénifra,45,INDEPENDANT,5005,2995,38755,12,20,4,0,0.662,AUCUNE,IMMOBILIER,1
COMMERCE,Drâa-Tafilalet,48,FONCTIONNAIRE,3763,1878,28642,48,21,2,0,0.498,AUCUNE,CONSOMMATION,1
AGRICULTURE,Casablanca-Settat,38,SALARIE_CDI,6397,2419,19410,24,17,4,0,0.436,AUCUNE,CONSOMMATION,0
INDUSTRIE,Drâa-Tafilalet,44,SALARIE_CDI,8568,2293,6810,120,26,4,0,0.259,HYPOTHEQUE,CONSOMMATION,0
INDUSTRIE,Rabat-Salé-Kénitra,61,SALARIE_CDI,7723,3468,80968,84,38,3,2,0.47,HYPOTHEQUE,CONSOMMATION,0
AGRICULTURE,Fès-Meknès,19,INDEPENDANT,7570,3380,35322,60,0,3,3,0.415,CAUTION,PROFESSIONNEL,1
SERVICES,Drâa-Tafilalet,68,INDEPENDANT,4881,2028,45456,36,45,0,0,0.465,HYPOTHEQUE,CONSOMMATION,0
TECH,Tanger-Tétouan-Al Hoceïma,63,FONCTIONNAIRE,5208,2702,41216,84,43,4,3,0.516,AUCUNE,IMMOBILIER,0
TECH,Dakhla-Oued Ed-Dahab,26,INDEPENDANT,6504,1765,51439,36,8,3,4,0.278,HYPOTHEQUE,CONSOMMATION,0
SERVICES,Dakhla-Oued Ed-Dahab,66,SALARIE_CDI,6278,2546,42977,48,45,1,1,0.452,CAUTION,PROFESSIONNEL,1
COMMERCE,Dakhla-Oued Ed-Dahab,50,FONCTIONNAIRE,13282,4040,38911,60,25,0,0,0.327,HYPOTHEQUE,CONSOMMATION,0
SERVICES,Rabat-Salé-Kénitra,38,SALARIE_CDD,9125,2307,61964,36,18,5,2,0.244,AUCUNE,IMMOBILIER,0
SERVICES,Marrakech-Safi,46,SALARIE_CDI,6376,2017,72007,48,23,2,0,0.247,HYPOTHEQUE,PROFESSIONNEL,0
COMMERCE,Marrakech-Safi,50,SALARIE_CDD,13263,7314,95636,36,26,1,3,0.546,NANTISSEMENT,CONSOMMATION,0
INDUSTRIE,Béni Mellal-Khénifra,31,INDEPENDANT,9905,2050,20285,24,10,5,0,0.189,HYPOTHEQUE,CONSOMMATION,1
TECH,Souss-Massa,56,SALARIE_CDI,4399,1266,43243,84,34,0,0,0.289,AUCUNE,AUTO,1
AGRICULTURE,Drâa-Tafilalet,57,SALARIE_CDD,2500,1041,11804,120,35,5,0,0.406,CAUTION,CONSOMMATION,0
TECH,Fès-Meknès,41,INDEPENDANT,4461,1564,25926,48,14,2,0,0.413,AUCUNE,PROFESSIONNEL,0
SERVICES,Marrakech-Safi,47,INDEPENDANT,10591,5972,31638,12,20,4,0,0.591,HYPOTHEQUE,PROFESSIONNEL,0
SERVICES,Béni Mellal-Khénifra,56,SALARIE_CDD,12103,6531,61000,36,37,0,0,0.522,NANTISSEMENT,CONSOMMATION,0
SERVICES,Béni Mellal-Khénifra,49,SALARIE_CDI,3839,1877,33441,120,24,4,1,0.524,AUCUNE,PROFESSIONNEL,0
SERVICES,Drâa-Tafilalet,45,INDEPENDANT,10899,3174,58161,60,21,3,0,0.363,HYPOTHEQUE,CONSOMMATION,0
AGRICULTURE,Fès-Meknès,78,SALARIE_CDI,10714,1721,28522,24,45,5,1,0.129,NANTISSEMENT,IMMOBILIER,0
INDUSTRIE,Oriental,73,SALARIE_CDI,15181,4660,24236,120,45,1,1,0.295,CAUTION,CONSOMMATION,0
SERVICES,Dakhla-Oued Ed-Dahab,41,SALARIE_CDI,12428,5599,20713,12,19,0,3,0.417,AUCUNE,IMMOBILIER,1
TECH,Béni Mellal-Khénifra,63,SALARIE_CDD,14889,2989,58895,48,38,4,3,0.219,CAUTION,IMMOBILIER,1
INDUSTRIE,Dakhla-Oued Ed-Dahab,69,FONCTIONNAIRE,10095,5671,27865,48,45,4,0,0.666,AUCUNE,CONSOMMATION,0
SERVICES,Souss-Massa,24,INDEPENDANT,9944,6397,6644,24,2,5,0,0.702,HYPOTHEQUE,PROFESSIONNEL,1
SERVICES,Casablanca-Settat,55,SALARIE_CDD,6962,3612,56671,24,30,4,0,0.503,CAUTION,CONSOMMATION,1
COMMERCE,Guelmim-Oued Noun,68,RETRAITE,11721,4188,18949,60,45,3,0,0.389,HYPOTHEQUE,CONSOMMATION,1
TECH,Souss-Massa,21,FONCTIONNAIRE,4449,2441,41574,12,0,4,0,0.61,NANTISSEMENT,PROFESSIONNEL,1
SERVICES,Casablanca-Settat,39,FONCTIONNAIRE,7613,2180,16475,36,18,3,4,0.205,HYPOTHEQUE,CONSOMMATION,0
AGRICULTURE,Rabat-Salé-Kénitra,68,SALARIE_CDI,10331,6478,36692,60,45,0,2,0.577,AUCUNE,AUTO,1
TECH,Fès-Meknès,76,SALARIE_CDI,15271,5090,5000,60,45,2,3,0.38,AUCUNE,AUTO,0
TECH,Marrakech-Safi,80,FONCTIONNAIRE,6535,3234,35469,36,45,1,0,0.421,CAUTION,CONSOMMATION,1
SERVICES,Drâa-Tafilalet,56,INDEPENDANT,12518,1996,19680,120,35,0,2,0.163,HYPOTHEQUE,IMMOBILIER,0
SERVICES,Béni Mellal-Khénifra,20,SALARIE_CDI,7415,3451,14952,48,2,0,2,0.502,CAUTION,IMMOBILIER,1
TECH,Fès-Meknès,19,SALARIE_CDD,12634,3765,62002,48,0,2,0,0.314,CAUTION,CONSOMMATION,0
INDUSTRIE,Rabat-Salé-Kénitra,69,SALARIE_CDD,5650,1136,33421,60,44,3,0,0.196,HYPOTHEQUE,AUTO,0
COMMERCE,Casablanca-Settat,64,SALARIE_CDD,11234,4120,30611,36,40,2,1,0.436,HYPOTHEQUE,CONSOMMATION,0
TECH,Dakhla-Oued Ed-Dahab,30,SALARIE_CDI,7763,1575,21873,36,8,5,0,0.245,HYPOTHEQUE,CONSOMMATION,0
SERVICES,Tanger-Tétouan-Al Hoceïma,26,SALARIE_CDI,4754,1153,67928,120,0,2,0,0.353,HYPOTHEQUE,AUTO,0
TECH,Rabat-Salé-Kénitra,27,SALARIE_CDI,7563,4519,26787,24,2,2,5,0.542,AUCUNE,CONSOMMATION,1
AGRICULTURE,Drâa-Tafilalet,73,INDEPENDANT,14688,2669,102890,60,45,3,0,0.155,AUCUNE,CONSOMMATION,1
TECH,Laâyoune-Sakia El Hamra,66,INDEPENDANT,5122,2369,85879,84,43,1,0,0.459,CAUTION,IMMOBILIER,0
INDUSTRIE,Rabat-Salé-Kénitra,77,SALARIE_CDI,4155,748,98490,36,45,3,0,0.245,CAUTION,CONSOMMATION,0
TECH,Dakhla-Oued Ed-Dahab,25,SALARIE_CDI,9696,4936,71511,36,3,1,1,0.546,CAUTION,PROFESSIONNEL,1
COMMERCE,Drâa-Tafilalet,61,SALARIE_CDD,3809,2434,23757,36,41,5,1,0.619,HYPOTHEQUE,IMMOBILIER,0
TECH,Fès-Meknès,76,SALARIE_CDI,16375,5973,37674,48,45,2,2,0.316,HYPOTHEQUE,IMMOBILIER,1
TECH,Guelmim-Oued Noun,51,INDEPENDANT,16190,10266,31503,60,32,4,1,0.58,AUCUNE,PROFESSIONNEL,0
TECH,Souss-Massa,66,SALARIE_CDD,12929,6086,65298,84,45,2,3,0.558,NANTISSEMENT,AUTO,1
INDUSTRIE,Béni Mellal-Khénifra,55,INDEPENDANT,8062,3610,36047,36,34,4,1,0.447,AUCUNE,PROFESSIONNEL,0
SERVICES,Rabat-Salé-Kénitra,18,SALARIE_CDI,17139,4038,30630,48,0,0,0,0.246,CAUTION,CONSOMMATION,1
SERVICES,Marrakech-Safi,45,RETRAITE,14845,9296,115916,84,20,5,2,0.576,HYPOTHEQUE,PROFESSIONNEL,0
COMMERCE,Guelmim-Oued Noun,34,INDEPENDANT,6376,3703,28877,12,13,1,0,0.582,AUCUNE,IMMOBILIER,1
COMMERCE,Guelmim-Oued Noun,23,INDEPENDANT,15483,3342,23456,24,3,2,1,0.173,CAUTION,PROFESSIONNEL,0
COMMERCE,Casablanca-Settat,55,RETRAITE,5376,883,27409,12,34,4,0,0.171,AUCUNE,AUTO,0
INDUSTRIE,Marrakech-Safi,76,SALARIE_CDD,7416,2444,76869,24,45,5,0,0.313,CAUTION,AUTO,0
TECH,Béni Mellal-Khénifra,21,SALARIE_CDI,3615,830,41417,120,0,3,0,0.194,CAUTION,IMMOBILIER,1
AGRICULTURE,Laâyoune-Sakia El Hamra,38,SALARIE_CDD,8653,2752,50057,24,11,2,1,0.378,HYPOTHEQUE,PROFESSIONNEL,0
SERVICES,Drâa-Tafilalet,60,INDEPENDANT,7097,4466,42839,120,36,2,4,0.693,CAUTION,IMMOBILIER,1
TECH,Drâa-Tafilalet,37,INDEPENDANT,6611,3841,7824,120,13,1,1,0.606,HYPOTHEQUE,PROFESSIONNEL,1
COMMERCE,Tanger-Tétouan-Al Hoceïma,25,SALARIE_CDD,7521,2783,17186,36,4,2,0,0.28,HYPOTHEQUE,CONSOMMATION,0
COMMERCE,Casablanca-Settat,30,INDEPENDANT,6243,1797,29878,12,10,4,3,0.235,CAUTION,IMMOBILIER,1
SERVICES,Guelmim-Oued Noun,19,SALARIE_CDI,8256,3624,45267,24,0,4,0,0.388,CAUTION,PROFESSIONNEL,0
TECH,Guelmim-Oued Noun,80,SALARIE_CDI,14438,8933,18233,60,45,4,0,0.713,HYPOTHEQUE,AUTO,1
AGRICULTURE,Souss-Massa,48,FONCTIONNAIRE,5025,2740,17844,48,26,1,0,0.598,AUCUNE,PROFESSIONNEL,0
TECH,Oriental,77,SALARIE_CDD,11946,6975,29184,120,45,2,0,0.652,AUCUNE,CONSOMMATION,0
AGRICULTURE,Marrakech-Safi,61,SALARIE_CDI,8927,4736,91895,36,36,0,0,0.493,CAUTION,PROFESSIONNEL,0
AGRICULTURE,Souss-Massa,40,INDEPENDANT,9589,3853,8047,24,13,3,0,0.325,HYPOTHEQUE,IMMOBILIER,0
INDUSTRIE,Marrakech-Safi,77,FONCTIONNAIRE,7992,1764,5676,60,45,4,0,0.272,AUCUNE,CONSOMMATION,0
COMMERCE,Souss-Massa,34,FONCTIONNAIRE,5867,3281,122362,120,10,5,0,0.446,AUCUNE,CONSOMMATION,1
COMMERCE,Rabat-Salé-Kénitra,29,SALARIE_CDI,9899,4707,12441,48,5,5,0,0.48,AUCUNE,CONSOMMATION,1
AGRICULTURE,Béni Mellal-Khénifra,68,SALARIE_CDI,10234,5489,27345,60,45,0,0,0.567,HYPOTHEQUE,IMMOBILIER,0
SERVICES,Marrakech-Safi,52,FONCTIONNAIRE,5652,2922,12701,60,34,1,0,0.461,CAUTION,PROFESSIONNEL,0
INDUSTRIE,Drâa-Tafilalet,44,INDEPENDANT,4437,1212,29384,24,19,4,1,0.349,CAUTION,PROFESSIONNEL,0
TECH,Oriental,55,SALARIE_CDI,8420,2466,33015,48,35,2,1,0.279,AUCUNE,CONSOMMATION,1
INDUSTRIE,Laâyoune-Sakia El Hamra,78,INDEPENDANT,11380,6580,112136,120,45,2,1,0.595,CAUTION,IMMOBILIER,0
TECH,Marrakech-Safi,35,INDEPENDANT,12737,4504,60143,120,9,2,0,0.38,NANTISSEMENT,CONSOMMATION,0
INDUSTRIE,Fès-Meknès,74,INDEPENDANT,13926,3326,14792,84,45,5,0,0.248,CAUTION,IMMOBILIER,0
AGRICULTURE,Marrakech-Safi,75,FONCTIONNAIRE,9577,4514,9551,48,45,5,1,0.443,HYPOTHEQUE,PROFESSIONNEL,1
AGRICULTURE,Béni Mellal-Khénifra,65,SALARIE_CDD,7198,2153,51523,12,45,0,0,0.259,CAUTION,AUTO,0
INDUSTRIE,Rabat-Salé-Kénitra,27,INDEPENDANT,8095,3815,25242,48,3,3,0,0.49,AUCUNE,CONSOMMATION,1
TECH,Drâa-Tafilalet,23,SALARIE_CDD,4631,2061,21891,84,5,3,0,0.476,CAUTION,CONSOMMATION,1
INDUSTRIE,Guelmim-Oued Noun,25,SALARIE_CDI,5960,2870,83229,120,1,2,2,0.53,AUCUNE,AUTO,0
COMMERCE,Drâa-Tafilalet,62,SALARIE_CDD,7911,5116,10620,60,43,4,0,0.639,HYPOTHEQUE,IMMOBILIER,0
COMMERCE,Rabat-Salé-Kénitra,43,SALARIE_CDD,7187,2075,28102,12,20,1,0,0.293,HYPOTHEQUE,PROFESSIONNEL,0
TECH,Souss-Massa,80,FONCTIONNAIRE,8446,5387,56474,120,45,0,0,0.594,HYPOTHEQUE,IMMOBILIER,0
SERVICES,Oriental,18,INDEPENDANT,4365,2321,15895,84,0,2,0,0.583,HYPOTHEQUE,CONSOMMATION,1
SERVICES,Tanger-Tétouan-Al Hoceïma,41,SALARIE_CDD,4826,2788,90100,60,16,5,3,0.535,CAUTION,CONSOMMATION,1
TECH,Souss-Massa,34,SALARIE_CDI,11488,6333,17887,36,12,0,0,0.581,AUCUNE,CONSOMMATION,1
COMMERCE,Guelmim-Oued Noun,73,RETRAITE,5569,899,34569,84,45,2,3,0.212,CAUTION,CONSOMMATION,0
COMMERCE,Laâyoune-Sakia El Hamra,25,SALARIE_CDI,5977,2402,22352,36,5,3,4,0.452,AUCUNE,IMMOBILIER,1
SERVICES,Fès-Meknès,43,SALARIE_CDI,8457,1716,5334,84,16,0,0,0.135,AUCUNE,IMMOBILIER,0
INDUSTRIE,Fès-Meknès,72,INDEPENDANT,5329,2594,27054,36,45,1,0,0.41,NANTISSEMENT,CONSOMMATION,1
TECH,Marrakech-Safi,79,RETRAITE,13331,2397,63234,84,45,3,0,0.134,CAUTION,IMMOBILIER,1
SERVICES,Tanger-Tétouan-Al Hoceïma,75,FONCTIONNAIRE,4603,767,17603,60,45,4,1,0.114,AUCUNE,IMMOBILIER,1
INDUSTRIE,Oriental,59,SALARIE_CDD,8109,4893,23394,12,41,0,0,0.709,HYPOTHEQUE,PROFESSIONNEL,1
AGRICULTURE,Drâa-Tafilalet,28,FONCTIONNAIRE,5786,3521,25298,12,6,4,0,0.627,AUCUNE,CONSOMMATION,1
SERVICES,Fès-Meknès,24,INDEPENDANT,8693,4015,52852,60,2,5,0,0.399,HYPOTHEQUE,PROFESSIONNEL,1
TECH,Marrakech-Safi,43,INDEPENDANT,6478,2461,28231,48,22,2,0,0.33,NANTISSEMENT,PROFESSIONNEL,0
SERVICES,Casablanca-Settat,48,SALARIE_CDI,8017,4524,36909,120,30,3,0,0.643,CAUTION,AUTO,1
TECH,Rabat-Salé-Kénitra,50,INDEPENDANT,14039,8874,37248,84,23,4,0,0.697,CAUTION,CONSOMMATION,1
TECH,Casablanca-Settat,21,FONCTIONNAIRE,5947,1053,25175,120,0,5,0,0.111,CAUTION,PROFESSIONNEL,1
AGRICULTURE,Marrakech-Safi,60,SALARIE_CDI,5925,1195,118508,24,42,1,2,0.24,HYPOTHEQUE,CONSOMMATION,0
SERVICES,Drâa-Tafilalet,42,SALARIE_CDI,7029,4235,17717,84,23,4,0,0.587,CAUTION,IMMOBILIER,1
COMMERCE,Guelmim-Oued Noun,24,SALARIE_CDI,15730,3141,59402,48,0,4,1,0.189,AUCUNE,IMMOBILIER,1
TECH,Dakhla-Oued Ed-Dahab,75,RETRAITE,7782,3946,88704,36,45,5,0,0.439,HYPOTHEQUE,CONSOMMATION,0
SERVICES,Oriental,40,SALARIE_CDD,14121,6026,32965,36,21,2,1,0.407,CAUTION,IMMOBILIER,0
SERVICES,Souss-Massa,32,INDEPENDANT,7483,3074,37896,120,12,3,0,0.359,HYPOTHEQUE,CONSOMMATION,0
SERVICES,Laâyoune-Sakia El Hamra,49,SALARIE_CDI,13840,2752,52641,48,30,2,1,0.262,HYPOTHEQUE,CONSOMMATION,0
AGRICULTURE,Rabat-Salé-Kénitra,77,INDEPENDANT,9733,5006,28004,12,45,1,0,0.466,AUCUNE,IMMOBILIER,1
TECH,Béni Mellal-Khénifra,69,SALARIE_CDD,10400,4690,9631,48,45,2,1,0.509,AUCUNE,PROFESSIONNEL,1
COMMERCE,Guelmim-Oued Noun,24,RETRAITE,4247,2609,30499,84,0,0,0,0.595,NANTISSEMENT,PROFESSIONNEL,1
TECH,Oriental,61,FONCTIONNAIRE,3972,1551,114928,84,40,4,3,0.294,AUCUNE,PROFESSIONNEL,1
COMMERCE,Fès-Meknès,59,INDEPENDANT,13116,7951,54079,48,39,1,0,0.573,CAUTION,PROFESSIONNEL,0
COMMERCE,Béni Mellal-Khénifra,73,FONCTIONNAIRE,13043,3156,38330,84,45,3,1,0.178,CAUTION,PROFESSIONNEL,0
INDUSTRIE,Dakhla-Oued Ed-Dahab,78,FONCTIONNAIRE,24092,6070,61659,120,45,5,0,0.274,AUCUNE,CONSOMMATION,0
COMMERCE,Marrakech-Safi,64,RETRAITE,4152,2593,32824,12,42,2,1,0.563,AUCUNE,CONSOMMATION,0
SERVICES,Oriental,59,SALARIE_CDD,10083,2013,37073,48,39,5,3,0.174,AUCUNE,IMMOBILIER,1
AGRICULTURE,Casablanca-Settat,40,INDEPENDANT,5112,1371,26853,120,13,0,4,0.281,HYPOTHEQUE,IMMOBILIER,1
TECH,Marrakech-Safi,74,SALARIE_CDI,5806,1281,50729,36,45,0,2,0.157,AUCUNE,PROFESSIONNEL,0
INDUSTRIE,Guelmim-Oued Noun,77,FONCTIONNAIRE,6464,3263,24952,120,45,2,0,0.571,AUCUNE,IMMOBILIER,1
COMMERCE,Souss-Massa,80,INDEPENDANT,9624,5198,29124,84,45,1,0,0.547,HYPOTHEQUE,CONSOMMATION,1
SERVICES,Marrakech-Safi,78,INDEPENDANT,6010,3610,67190,24,45,4,0,0.601,AUCUNE,CONSOMMATION,0
AGRICULTURE,Tanger-Tétouan-Al Hoceïma,58,SALARIE_CDD,8227,1838,31697,36,36,1,2,0.144,AUCUNE,PROFESSIONNEL,0
AGRICULTURE,Rabat-Salé-Kénitra,78,SALARIE_CDD,11783,3663,53943,36,45,4,0,0.281,AUCUNE,PROFESSIONNEL,1
AGRICULTURE,Guelmim-Oued Noun,67,INDEPENDANT,13461,4154,57157,48,41,3,0,0.291,CAUTION,AUTO,0
INDUSTRIE,Dakhla-Oued Ed-Dahab,33,SALARIE_CDI,11066,7046,34417,60,15,1,0,0.571,NANTISSEMENT,PROFESSIONNEL,1
SERVICES,Rabat-Salé-Kénitra,20,RETRAITE,9930,4384,28434,84,0,2,0,0.481,HYPOTHEQUE,PROFESSIONNEL,1
SERVICES,Marrakech-Safi,79,SALARIE_CDI,7603,2423,14417,48,45,3,0,0.316,AUCUNE,CONSOMMATION,1
SERVICES,Laâyoune-Sakia El Hamra,44,SALARIE_CDI,6273,1878,16857,12,24,5,1,0.252,HYPOTHEQUE,PROFESSIONNEL,0
SERVICES,Laâyoune-Sakia El Hamra,73,INDEPENDANT,10327,3196,55624,84,45,0,0,0.288,CAUTION,IMMOBILIER,0
SERVICES,Guelmim-Oued Noun,36,SALARIE_CDD,5050,2556,54909,36,13,2,0,0.503,CAUTION,PROFESSIONNEL,0
AGRICULTURE,Drâa-Tafilalet,40,SALARIE_CDD,8549,3630,18162,36,18,2,2,0.52,HYPOTHEQUE,CONSOMMATION,0
SERVICES,Laâyoune-Sakia El Hamra,69,SALARIE_CDI,4994,2306,47929,84,43,3,0,0.477,AUCUNE,IMMOBILIER,1
SERVICES,Tanger-Tétouan-Al Hoceïma,51,RETRAITE,7954,3064,42253,84,32,5,1,0.34,AUCUNE,CONSOMMATION,1
TECH,Laâyoune-Sakia El Hamra,60,FONCTIONNAIRE,5043,823,69903,120,40,4,1,0.125,NANTISSEMENT,IMMOBILIER,1
COMMERCE,Laâyoune-Sakia El Hamra,38,RETRAITE,6767,3340,165354,120,12,3,0,0.468,CAUTION,PROFESSIONNEL,1
TECH,Marrakech-Safi,56,SALARIE_CDI,5978,3061,54305,24,37,0,3,0.536,CAUTION,IMMOBILIER,1
COMMERCE,Casablanca-Settat,48,SALARIE_CDD,5662,1360,22392,24,30,1,0,0.255,AUCUNE,IMMOBILIER,0
AGRICULTURE,Oriental,76,SALARIE_CDI,7791,3698,61106,48,45,4,2,0.493,AUCUNE,CONSOMMATION,1
COMMERCE,Guelmim-Oued Noun,49,SALARIE_CDD,2722,1603,17512,120,31,2,0,0.579,HYPOTHEQUE,AUTO,1
COMMERCE,Laâyoune-Sakia El Hamra,23,SALARIE_CDI,3601,1625,171953,36,0,4,2,0.368,AUCUNE,CONSOMMATION,1
TECH,Rabat-Salé-Kénitra,64,SALARIE_CDI,11634,5634,15391,36,38,4,0,0.506,AUCUNE,CONSOMMATION,0
INDUSTRIE,Tanger-Tétouan-Al Hoceïma,78,SALARIE_CDD,8659,4333,49363,120,45,5,0,0.456,CAUTION,AUTO,0
INDUSTRIE,Guelmim-Oued Noun,73,INDEPENDANT,5852,1827,36363,120,45,1,1,0.334,AUCUNE,PROFESSIONNEL,0
COMMERCE,Casablanca-Settat,24,SALARIE_CDD,12560,2853,27185,48,4,5,4,0.16,AUCUNE,CONSOMMATION,1
SERVICES,Drâa-Tafilalet,80,FONCTIONNAIRE,6078,2348,26014,60,45,4,0,0.38,AUCUNE,IMMOBILIER,1
TECH,Fès-Meknès,39,SALARIE_CDD,6243,1660,94208,36,14,3,3,0.298,NANTISSEMENT,PROFESSIONNEL,0
SERVICES,Casablanca-Settat,70,FONCTIONNAIRE,5696,2811,53988,84,45,0,1,0.588,AUCUNE,AUTO,1
SERVICES,Marrakech-Safi,57,INDEPENDANT,19110,9698,32642,120,37,4,2,0.476,HYPOTHEQUE,PROFESSIONNEL,1
SERVICES,Drâa-Tafilalet,79,INDEPENDANT,9007,1388,122093,24,45,5,2,0.222,NANTISSEMENT,CONSOMMATION,0
TECH,Laâyoune-Sakia El Hamra,39,INDEPENDANT,8849,5549,33420,60,15,5,0,0.674,CAUTION,PROFESSIONNEL,1
INDUSTRIE,Casablanca-Settat,56,SALARIE_CDI,9995,6122,60743,48,34,1,0,0.59,CAUTION,PROFESSIONNEL,0
COMMERCE,Souss-Massa,60,SALARIE_CDD,3520,760,14210,60,41,5,1,0.212,CAUTION,CONSOMMATION,1
TECH,Marrakech-Safi,27,INDEPENDANT,6202,2412,14752,36,5,5,2,0.357,CAUTION,AUTO,1
SERVICES,Drâa-Tafilalet,66,RETRAITE,9944,2531,59684,60,44,3,0,0.214,AUCUNE,CONSOMMATION,1
TECH,Guelmim-Oued Noun,27,FONCTIONNAIRE,8088,5111,45055,60,4,0,4,0.555,AUCUNE,CONSOMMATION,1
INDUSTRIE,Dakhla-Oued Ed-Dahab,70,SALARIE_CDD,21861,9466,163197,36,43,0,0,0.379,AUCUNE,AUTO,0
SERVICES,Tanger-Tétouan-Al Hoceïma,25,INDEPENDANT,6369,3185,22165,24,4,4,1,0.369,HYPOTHEQUE,PROFESSIONNEL,1
COMMERCE,Fès-Meknès,29,RETRAITE,12387,7915,58279,12,11,2,1,0.642,CAUTION,PROFESSIONNEL,0
AGRICULTURE,Fès-Meknès,49,SALARIE_CDD,11646,5666,30576,120,30,3,1,0.558,HYPOTHEQUE,IMMOBILIER,1
INDUSTRIE,Guelmim-Oued Noun,29,SALARIE_CDI,8641,5058,65760,60,10,5,0,0.594,AUCUNE,IMMOBILIER,1
COMMERCE,Souss-Massa,22,INDEPENDANT,9377,2534,62203,48,0,3,0,0.27,CAUTION,AUTO,0
INDUSTRIE,Casablanca-Settat,21,INDEPENDANT,7111,1882,35622,36,0,0,0,0.231,HYPOTHEQUE,PROFESSIONNEL,0
COMMERCE,Dakhla-Oued Ed-Dahab,36,SALARIE_CDI,3334,1236,21625,36,16,2,0,0.463,CAUTION,PROFESSIONNEL,0
COMMERCE,Rabat-Salé-Kénitra,48,SALARIE_CDI,9482,5601,28640,48,23,5,0,0.64,NANTISSEMENT,AUTO,0
COMMERCE,Dakhla-Oued Ed-Dahab,20,FONCTIONNAIRE,9826,1666,16665,48,0,4,2,0.103,HYPOTHEQUE,IMMOBILIER,1
COMMERCE,Rabat-Salé-Kénitra,26,INDEPENDANT,10546,3909,46880,120,4,3,0,0.473,HYPOTHEQUE,AUTO,0
SERVICES,Oriental,56,INDEPENDANT,8336,4689,5084,48,31,2,0,0.637,HYPOTHEQUE,PROFESSIONNEL,0
COMMERCE,Fès-Meknès,38,SALARIE_CDI,12540,2994,24178,84,13,4,2,0.184,HYPOTHEQUE,CONSOMMATION,0
COMMERCE,Drâa-Tafilalet,65,SALARIE_CDI,5488,2513,68383,48,45,3,1,0.495,CAUTION,IMMOBILIER,1
COMMERCE,Tanger-Tétouan-Al Hoceïma,70,INDEPENDANT,15690,2902,67247,84,43,2,0,0.174,CAUTION,IMMOBILIER,0
SERVICES,Tanger-Tétouan-Al Hoceïma,19,SALARIE_CDI,5195,806,11749,12,0,0,2,0.055,HYPOTHEQUE,CONSOMMATION,0
INDUSTRIE,Souss-Massa,77,SALARIE_CDD,7719,2389,54613,84,45,1,0,0.262,AUCUNE,IMMOBILIER,0
INDUSTRIE,Dakhla-Oued Ed-Dahab,61,FONCTIONNAIRE,11008,6085,16337,24,34,4,0,0.589,AUCUNE,PROFESSIONNEL,0
SERVICES,Marrakech-Safi,69,SALARIE_CDI,6427,1097,27866,48,45,5,1,0.201,CAUTION,IMMOBILIER,0
SERVICES,Marrakech-Safi,48,INDEPENDANT,11351,3773,62080,60,23,3,0,0.469,HYPOTHEQUE,AUTO,0
INDUSTRIE,Casablanca-Settat,18,SALARIE_CDI,6945,3572,18350,48,0,3,1,0.522,CAUTION,IMMOBILIER,0
TECH,Drâa-Tafilalet,73,INDEPENDANT,8545,2859,98603,12,45,3,1,0.242,HYPOTHEQUE,CONSOMMATION,0
SERVICES,Drâa-Tafilalet,53,FONCTIONNAIRE,7469,2908,43470,48,32,4,1,0.338,CAUTION,PROFESSIONNEL,0
TECH,Béni Mellal-Khénifra,20,FONCTIONNAIRE,6251,2501,50206,12,0,3,1,0.376,HYPOTHEQUE,CONSOMMATION,0
COMMERCE,Casablanca-Settat,28,INDEPENDANT,22314,13477,77192,24,10,5,0,0.587,NANTISSEMENT,IMMOBILIER,1
TECH,Guelmim-Oued Noun,30,SALARIE_CDI,5553,3265,67733,48,8,5,0,0.569,HYPOTHEQUE,PROFESSIONNEL,0
COMMERCE,Guelmim-Oued Noun,41,INDEPENDANT,2896,527,63720,60,22,2,0,0.196,CAUTION,PROFESSIONNEL,1
COMMERCE,Dakhla-Oued Ed-Dahab,45,SALARIE_CDI,5644,2800,22916,48,22,1,0,0.568,HYPOTHEQUE,CONSOMMATION,0
COMMERCE,Dakhla-Oued Ed-Dahab,44,RETRAITE,8596,3623,16686,36,22,0,0,0.439,CAUTION,PROFESSIONNEL,1
AGRICULTURE,Fès-Meknès,72,SALARIE_CDI,6839,2238,29804,12,45,3,0,0.228,CAUTION,IMMOBILIER,0
COMMERCE,Drâa-Tafilalet,77,FONCTIONNAIRE,12815,5078,50619,12,45,1,4,0.412,HYPOTHEQUE,CONSOMMATION,1
COMMERCE,Tanger-Tétouan-Al Hoceïma,60,SALARIE_CDI,12607,7437,14766,48,34,1,0,0.497,AUCUNE,CONSOMMATION,1
COMMERCE,Béni Mellal-Khénifra,57,SALARIE_CDD,7021,3767,54611,120,39,3,2,0.501,HYPOTHEQUE,CONSOMMATION,0
TECH,Fès-Meknès,72,SALARIE_CDI,3801,1650,47199,84,45,4,0,0.518,NANTISSEMENT,IMMOBILIER,0
SERVICES,Béni Mellal-Khénifra,34,SALARIE_CDI,4549,1082,31976,36,13,4,1,0.133,CAUTION,CONSOMMATION,1
COMMERCE,Dakhla-Oued Ed-Dahab,53,SALARIE_CDI,7987,3669,37914,24,28,2,0,0.554,HYPOTHEQUE,CONSOMMATION,1
COMMERCE,Béni Mellal-Khénifra,58,SALARIE_CDI,4008,1599,38009,36,32,3,3,0.421,HYPOTHEQUE,IMMOBILIER,1
AGRICULTURE,Dakhla-Oued Ed-Dahab,35,INDEPENDANT,6867,2564,49470,48,10,2,0,0.386,AUCUNE,AUTO,0
COMMERCE,Dakhla-Oued Ed-Dahab,77,SALARIE_CDD,15361,9553,61236,60,45,3,0,0.55,AUCUNE,AUTO,0
COMMERCE,Rabat-Salé-Kénitra,32,SALARIE_CDI,9455,6111,271035,48,11,2,4,0.646,CAUTION,IMMOBILIER,1
AGRICULTURE,Dakhla-Oued Ed-Dahab,21,RETRAITE,8271,5175,40878,48,0,4,0,0.597,NANTISSEMENT,AUTO,1
INDUSTRIE,Guelmim-Oued Noun,38,FONCTIONNAIRE,5073,2635,23135,60,13,1,0,0.472,CAUTION,CONSOMMATION,0
SERVICES,Souss-Massa,69,SALARIE_CDI,8794,3952,9563,120,45,0,0,0.439,AUCUNE,PROFESSIONNEL,1
SERVICES,Béni Mellal-Khénifra,41,SALARIE_CDD,7213,2234,13554,36,19,2,0,0.423,AUCUNE,IMMOBILIER,1
SERVICES,Béni Mellal-Khénifra,31,SALARIE_CDD,9022,5626,21372,12,9,2,0,0.658,CAUTION,CONSOMMATION,1
SERVICES,Guelmim-Oued Noun,72,FONCTIONNAIRE,11240,4247,58842,84,45,3,0,0.362,CAUTION,CONSOMMATION,0
INDUSTRIE,Guelmim-Oued Noun,27,INDEPENDANT,12139,3045,27545,84,1,5,0,0.265,AUCUNE,CONSOMMATION,0
TECH,Rabat-Salé-Kénitra,28,FONCTIONNAIRE,8587,1764,48277,60,3,1,0,0.18,AUCUNE,CONSOMMATION,1
TECH,Casablanca-Settat,74,RETRAITE,10202,5794,21754,12,45,0,1,0.599,AUCUNE,IMMOBILIER,0
SERVICES,Marrakech-Safi,38,INDEPENDANT,6436,2021,49952,120,18,1,1,0.248,CAUTION,PROFESSIONNEL,0
COMMERCE,Oriental,18,RETRAITE,13489,7191,66882,24,0,4,1,0.572,HYPOTHEQUE,IMMOBILIER,0
SERVICES,Laâyoune-Sakia El Hamra,45,FONCTIONNAIRE,5436,2521,27404,120,20,5,0,0.383,AUCUNE,IMMOBILIER,0
AGRICULTURE,Béni Mellal-Khénifra,64,FONCTIONNAIRE,7381,2153,49241,24,39,3,1,0.273,HYPOTHEQUE,CONSOMMATION,1
SERVICES,Rabat-Salé-Kénitra,65,INDEPENDANT,14136,8133,26681,12,38,1,3,0.626,CAUTION,IMMOBILIER,1
COMMERCE,Drâa-Tafilalet,23,INDEPENDANT,6524,3735,15332,36,0,4,4,0.659,HYPOTHEQUE,AUTO,1
INDUSTRIE,Souss-Massa,35,SALARIE_CDI,4432,1046,53508,48,16,1,3,0.119,NANTISSEMENT,AUTO,1
COMMERCE,Tanger-Tétouan-Al Hoceïma,56,SALARIE_CDI,6736,1420,48481,120,38,5,0,0.147,CAUTION,CONSOMMATION,0
INDUSTRIE,Guelmim-Oued Noun,59,SALARIE_CDI,15158,6825,55018,12,41,0,4,0.447,CAUTION,IMMOBILIER,0
TECH,Fès-Meknès,57,SALARIE_CDI,2917,778,70889,24,34,5,0,0.299,HYPOTHEQUE,IMMOBILIER,1
SERVICES,Béni Mellal-Khénifra,39,INDEPENDANT,8485,2682,30511,60,15,3,0,0.282,AUCUNE,IMMOBILIER,0
AGRICULTURE,Marrakech-Safi,72,INDEPENDANT,6092,3767,32125,48,45,4,0,0.613,AUCUNE,IMMOBILIER,0
COMMERCE,Tanger-Tétouan-Al Hoceïma,22,SALARIE_CDI,7514,1787,29750,84,1,3,0,0.236,CAUTION,CONSOMMATION,1
TECH,Oriental,69,SALARIE_CDD,6927,2669,46245,48,45,2,1,0.378,CAUTION,CONSOMMATION,0
TECH,Béni Mellal-Khénifra,77,SALARIE_CDI,12484,3713,32954,60,45,4,5,0.293,AUCUNE,PROFESSIONNEL,1
AGRICULTURE,Dakhla-Oued Ed-Dahab,61,INDEPENDANT,8302,2690,39662,24,41,1,1,0.323,AUCUNE,IMMOBILIER,1
SERVICES,Fès-Meknès,45,INDEPENDANT,12769,4278,21929,36,24,1,1,0.415,CAUTION,CONSOMMATION,1
INDUSTRIE,Laâyoune-Sakia El Hamra,41,SALARIE_CDI,14441,4043,17689,48,16,4,0,0.268,HYPOTHEQUE,IMMOBILIER,0
SERVICES,Guelmim-Oued Noun,45,SALARIE_CDD,8213,4367,19224,60,21,0,1,0.594,HYPOTHEQUE,PROFESSIONNEL,0
SERVICES,Tanger-Tétouan-Al Hoceïma,28,RETRAITE,6893,3832,48611,84,2,4,0,0.553,AUCUNE,CONSOMMATION,1
COMMERCE,Rabat-Salé-Kénitra,31,FONCTIONNAIRE,9602,4031,35242,36,5,0,0,0.384,AUCUNE,AUTO,0
AGRICULTURE,Fès-Meknès,58,INDEPENDANT,10473,6280,25707,60,38,0,0,0.586,AUCUNE,CONSOMMATION,1
AGRICULTURE,Béni Mellal-Khénifra,52,SALARIE_CDD,4822,1053,57776,24,31,0,3,0.132,AUCUNE,IMMOBILIER,1
COMMERCE,Guelmim-Oued Noun,49,SALARIE_CDI,9011,3634,100758,36,25,4,0,0.348,AUCUNE,CONSOMMATION,0
COMMERCE,Béni Mellal-Khénifra,47,FONCTIONNAIRE,7229,4079,25685,12,24,0,3,0.527,HYPOTHEQUE,PROFESSIONNEL,0
TECH,Drâa-Tafilalet,22,SALARIE_CDI,6707,3088,17004,24,0,4,0,0.467,NANTISSEMENT,CONSOMMATION,0
AGRICULTURE,Rabat-Salé-Kénitra,72,INDEPENDANT,5938,3815,70375,84,45,4,0,0.724,AUCUNE,PROFESSIONNEL,0
SERVICES,Oriental,78,INDEPENDANT,6115,2739,36710,48,45,3,1,0.43,CAUTION,CONSOMMATION,1
COMMERCE,Laâyoune-Sakia El Hamra,33,SALARIE_CDI,14258,8983,31941,120,9,0,1,0.578,AUCUNE,IMMOBILIER,0
TECH,Tanger-Tétouan-Al Hoceïma,37,SALARIE_CDD,6879,1371,74045,24,10,5,4,0.241,HYPOTHEQUE,PROFESSIONNEL,0
INDUSTRIE,Laâyoune-Sakia El Hamra,57,INDEPENDANT,13557,2322,30219,48,34,1,0,0.18,AUCUNE,AUTO,0
INDUSTRIE,Rabat-Salé-Kénitra,18,RETRAITE,8595,2821,47951,24,0,5,0,0.386,AUCUNE,CONSOMMATION,0
AGRICULTURE,Dakhla-Oued Ed-Dahab,24,SALARIE_CDD,4867,2777,40627,36,0,3,0,0.619,AUCUNE,PROFESSIONNEL,0
AGRICULTURE,Guelmim-Oued Noun,74,INDEPENDANT,8829,1547,351917,12,45,1,0,0.203,AUCUNE,CONSOMMATION,1
AGRICULTURE,Béni Mellal-Khénifra,28,SALARIE_CDI,4748,1311,33057,24,4,0,0,0.294,AUCUNE,CONSOMMATION,0
TECH,Béni Mellal-Khénifra,54,INDEPENDANT,10649,6842,69966,12,35,1,1,0.691,AUCUNE,PROFESSIONNEL,1
SERVICES,Dakhla-Oued Ed-Dahab,73,FONCTIONNAIRE,7380,3472,30471,60,45,3,0,0.516,AUCUNE,CONSOMMATION,0
INDUSTRIE,Tanger-Tétouan-Al Hoceïma,64,SALARIE_CDI,11906,4126,49763,120,37,0,4,0.394,AUCUNE,PROFESSIONNEL,0
COMMERCE,Rabat-Salé-Kénitra,35,INDEPENDANT,15446,2918,31660,12,15,2,0,0.235,NANTISSEMENT,PROFESSIONNEL,0
COMMERCE,Dakhla-Oued Ed-Dahab,27,INDEPENDANT,3711,1958,63372,36,3,5,0,0.524,CAUTION,IMMOBILIER,1
COMMERCE,Rabat-Salé-Kénitra,63,INDEPENDANT,6585,4034,33963,120,41,5,0,0.572,AUCUNE,CONSOMMATION,1
COMMERCE,Béni Mellal-Khénifra,43,SALARIE_CDI,4702,2449,51661,12,24,0,0,0.522,CAUTION,CONSOMMATION,0
INDUSTRIE,Fès-Meknès,78,INDEPENDANT,21402,4456,21393,60,45,3,0,0.188,HYPOTHEQUE,CONSOMMATION,1
TECH,Dakhla-Oued Ed-Dahab,58,INDEPENDANT,6647,2765,20793,60,37,3,1,0.37,HYPOTHEQUE,IMMOBILIER,0
INDUSTRIE,Dakhla-Oued Ed-Dahab,18,SALARIE_CDI,4484,1576,9726,84,0,2,0,0.431,AUCUNE,IMMOBILIER,1
INDUSTRIE,Souss-Massa,33,SALARIE_CDI,22207,13369,46914,48,12,0,4,0.601,CAUTION,PROFESSIONNEL,0
SERVICES,Oriental,64,INDEPENDANT,5845,3105,23057,12,41,2,0,0.479,AUCUNE,CONSOMMATION,0
SERVICES,Souss-Massa,62,FONCTIONNAIRE,3906,2152,168864,60,36,3,1,0.618,HYPOTHEQUE,CONSOMMATION,0
TECH,Souss-Massa,64,SALARIE_CDD,4811,1717,26092,120,42,3,0,0.363,CAUTION,CONSOMMATION,0
INDUSTRIE,Dakhla-Oued Ed-Dahab,32,INDEPENDANT,8642,1404,86897,48,11,2,0,0.212,NANTISSEMENT,AUTO,0
SERVICES,Fès-Meknès,33,SALARIE_CDI,8272,4382,80907,12,12,5,0,0.511,AUCUNE,CONSOMMATION,1
TECH,Dakhla-Oued Ed-Dahab,31,INDEPENDANT,5562,2596,30571,12,13,1,0,0.496,AUCUNE,CONSOMMATION,0
COMMERCE,Béni Mellal-Khénifra,61,SALARIE_CDD,6514,1438,21683,48,36,3,0,0.253,HYPOTHEQUE,CONSOMMATION,0
SERVICES,Dakhla-Oued Ed-Dahab,18,SALARIE_CDI,8299,4385,33048,84,0,4,0,0.534,HYPOTHEQUE,IMMOBILIER,1
INDUSTRIE,Béni Mellal-Khénifra,69,RETRAITE,14702,3303,80373,24,44,1,0,0.193,HYPOTHEQUE,CONSOMMATION,1
SERVICES,Guelmim-Oued Noun,35,INDEPENDANT,9414,4894,179843,36,12,2,0,0.54,CAUTION,CONSOMMATION,0
COMMERCE,Souss-Massa,48,SALARIE_CDI,6289,3187,15300,120,30,0,0,0.537,CAUTION,IMMOBILIER,0
SERVICES,Souss-Massa,33,RETRAITE,7312,1124,36680,120,14,2,4,0.094,CAUTION,CONSOMMATION,1
SERVICES,Fès-Meknès,44,RETRAITE,11457,6157,23786,120,26,3,3,0.658,CAUTION,IMMOBILIER,1
SERVICES,Marrakech-Safi,66,INDEPENDANT,17258,6106,28192,60,39,5,1,0.435,NANTISSEMENT,PROFESSIONNEL,0
COMMERCE,Casablanca-Settat,30,SALARIE_CDI,4929,1988,119947,120,12,0,4,0.411,CAUTION,PROFESSIONNEL,1
SERVICES,Tanger-Tétouan-Al Hoceïma,53,SALARIE_CDI,13378,8460,21190,48,26,1,0,0.675,AUCUNE,CONSOMMATION,0
TECH,Dakhla-Oued Ed-Dahab,21,INDEPENDANT,7039,4293,11788,120,3,1,0,0.609,CAUTION,CONSOMMATION,1
SERVICES,Dakhla-Oued Ed-Dahab,29,INDEPENDANT,3901,1332,41832,36,6,5,0,0.31,AUCUNE,PROFESSIONNEL,1
COMMERCE,Drâa-Tafilalet,61,SALARIE_CDI,3569,1802,47368,120,38,5,1,0.552,AUCUNE,PROFESSIONNEL,1
INDUSTRIE,Tanger-Tétouan-Al Hoceïma,53,SALARIE_CDD,14770,6005,27045,48,29,5,1,0.366,NANTISSEMENT,CONSOMMATION,1
INDUSTRIE,Oriental,56,SALARIE_CDI,15584,8744,22540,120,34,5,1,0.58,NANTISSEMENT,PROFESSIONNEL,0
SERVICES,Guelmim-Oued Noun,32,SALARIE_CDD,6272,1943,40629,48,13,0,0,0.277,AUCUNE,CONSOMMATION,1
TECH,Casablanca-Settat,30,FONCTIONNAIRE,7365,2839,14116,120,10,1,0,0.344,HYPOTHEQUE,CONSOMMATION,1
AGRICULTURE,Dakhla-Oued Ed-Dahab,44,SALARIE_CDI,3633,749,48788,48,26,2,0,0.213,NANTISSEMENT,IMMOBILIER,1
SERVICES,Laâyoune-Sakia El Hamra,26,FONCTIONNAIRE,11418,7003,28470,84,0,4,0,0.665,AUCUNE,IMMOBILIER,1
SERVICES,Dakhla-Oued Ed-Dahab,73,FONCTIONNAIRE,8000,4803,95885,120,45,1,0,0.613,NANTISSEMENT,IMMOBILIER,1
AGRICULTURE,Rabat-Salé-Kénitra,34,SALARIE_CDD,4030,1161,45383,12,10,4,1,0.291,NANTISSEMENT,PROFESSIONNEL,1
COMMERCE,Dakhla-Oued Ed-Dahab,63,INDEPENDANT,8885,3923,32616,36,40,4,1,0.352,CAUTION,CONSOMMATION,0
SERVICES,Béni Mellal-Khénifra,27,SALARIE_CDI,4336,1471,30922,12,7,4,0,0.329,CAUTION,CONSOMMATION,1
SERVICES,Oriental,59,SALARIE_CDI,10414,2373,9381,24,40,1,1,0.157,HYPOTHEQUE,IMMOBILIER,1
COMMERCE,Marrakech-Safi,30,SALARIE_CDD,4978,859,33294,12,7,3,0,0.175,NANTISSEMENT,AUTO,0
TECH,Souss-Massa,35,FONCTIONNAIRE,9430,5294,31500,36,10,1,0,0.561,AUCUNE,IMMOBILIER,1
COMMERCE,Tanger-Tétouan-Al Hoceïma,43,SALARIE_CDI,6040,1779,37646,36,21,3,1,0.292,AUCUNE,CONSOMMATION,1
AGRICULTURE,Dakhla-Oued Ed-Dahab,25,RETRAITE,2795,1140,31786,12,0,4,2,0.406,CAUTION,PROFESSIONNEL,1
COMMERCE,Tanger-Tétouan-Al Hoceïma,25,SALARIE_CDI,12686,7629,98698,36,1,2,1,0.626,AUCUNE,IMMOBILIER,0
INDUSTRIE,Marrakech-Safi,65,SALARIE_CDI,13003,2080,30084,48,38,4,0,0.188,CAUTION,CONSOMMATION,1
COMMERCE,Dakhla-Oued Ed-Dahab,39,INDEPENDANT,6407,2715,20116,12,19,1,0,0.441,CAUTION,CONSOMMATION,1
INDUSTRIE,Marrakech-Safi,53,RETRAITE,9168,5755,11324,120,28,4,2,0.676,CAUTION,PROFESSIONNEL,1
SERVICES,Laâyoune-Sakia El Hamra,58,FONCTIONNAIRE,9869,5474,26578,36,37,1,0,0.434,AUCUNE,AUTO,0
SERVICES,Dakhla-Oued Ed-Dahab,57,SALARIE_CDI,10014,2600,17450,24,34,2,4,0.21,NANTISSEMENT,PROFESSIONNEL,1
INDUSTRIE,Fès-Meknès,57,SALARIE_CDD,17615,4411,14639,12,35,5,0,0.272,CAUTION,CONSOMMATION,0
TECH,Drâa-Tafilalet,79,SALARIE_CDI,9775,5193,29196,12,45,4,0,0.532,AUCUNE,PROFESSIONNEL,0
SERVICES,Guelmim-Oued Noun,57,FONCTIONNAIRE,6898,1310,80563,60,33,2,1,0.147,HYPOTHEQUE,CONSOMMATION,0
INDUSTRIE,Oriental,39,FONCTIONNAIRE,9824,4418,69879,12,12,3,0,0.472,HYPOTHEQUE,CONSOMMATION,1
COMMERCE,Drâa-Tafilalet,35,SALARIE_CDD,6678,1783,14803,12,13,3,1,0.304,CAUTION,PROFESSIONNEL,0
COMMERCE,Rabat-Salé-Kénitra,68,FONCTIONNAIRE,5017,2858,37260,60,45,5,0,0.532,HYPOTHEQUE,PROFESSIONNEL,0
TECH,Oriental,44,INDEPENDANT,14029,4766,48835,36,22,1,2,0.307,AUCUNE,PROFESSIONNEL,1
TECH,Oriental,53,SALARIE_CDI,10305,3684,54682,84,34,4,4,0.276,CAUTION,PROFESSIONNEL,1
TECH,Oriental,69,SALARIE_CDI,3506,1919,111587,60,45,5,2,0.542,HYPOTHEQUE,PROFESSIONNEL,1
SERVICES,Dakhla-Oued Ed-Dahab,32,INDEPENDANT,5957,1156,16014,60,8,3,1,0.192,NANTISSEMENT,PROFESSIONNEL,0
COMMERCE,Guelmim-Oued Noun,32,SALARIE_CDI,11395,5133,19534,12,10,4,0,0.397,HYPOTHEQUE,CONSOMMATION,1
COMMERCE,Béni Mellal-Khénifra,21,SALARIE_CDI,4009,2531,22838,60,0,3,1,0.605,HYPOTHEQUE,CONSOMMATION,0
SERVICES,Tanger-Tétouan-Al Hoceïma,22,SALARIE_CDI,5774,2744,46932,120,2,5,2,0.473,HYPOTHEQUE,CONSOMMATION,1
SERVICES,Tanger-Tétouan-Al Hoceïma,56,FONCTIONNAIRE,26841,5124,5403,84,38,1,2,0.237,HYPOTHEQUE,CONSOMMATION,0
SERVICES,Casablanca-Settat,49,FONCTIONNAIRE,6981,4218,30944,120,25,5,0,0.585,NANTISSEMENT,CONSOMMATION,0
INDUSTRIE,Oriental,36,FONCTIONNAIRE,13190,2829,10429,84,9,3,1,0.169,AUCUNE,CONSOMMATION,0
INDUSTRIE,Fès-Meknès,31,SALARIE_CDD,15918,5323,36256,120,13,3,0,0.408,CAUTION,AUTO,0
SERVICES,Laâyoune-Sakia El Hamra,61,FONCTIONNAIRE,5384,1297,154671,36,40,5,0,0.276,CAUTION,PROFESSIONNEL,0
TECH,Guelmim-Oued Noun,23,SALARIE_CDI,9135,4667,68234,24,0,0,1,0.446,CAUTION,CONSOMMATION,1
AGRICULTURE,Laâyoune-Sakia El Hamra,62,INDEPENDANT,20465,5780,15393,60,38,5,4,0.318,HYPOTHEQUE,CONSOMMATION,1
SERVICES,Dakhla-Oued Ed-Dahab,75,RETRAITE,9965,2796,27091,24,45,5,0,0.254,HYPOTHEQUE,PROFESSIONNEL,0
AGRICULTURE,Tanger-Tétouan-Al Hoceïma,46,FONCTIONNAIRE,23494,8382,19480,60,22,0,0,0.408,CAUTION,CONSOMMATION,0
SERVICES,Souss-Massa,49,SALARIE_CDD,6084,1783,89877,120,22,3,0,0.272,NANTISSEMENT,AUTO,0
AGRICULTURE,Béni Mellal-Khénifra,51,INDEPENDANT,18191,9865,7775,36,28,2,2,0.453,AUCUNE,AUTO,1
AGRICULTURE,Souss-Massa,23,SALARIE_CDI,8164,3375,26703,36,3,1,0,0.385,NANTISSEMENT,PROFESSIONNEL,0
SERVICES,Fès-Meknès,57,SALARIE_CDI,6993,2993,22302,60,30,1,0,0.384,AUCUNE,CONSOMMATION,0
TECH,Drâa-Tafilalet,41,RETRAITE,10808,2495,15975,60,20,0,0,0.198,HYPOTHEQUE,PROFESSIONNEL,0
AGRICULTURE,Souss-Massa,47,SALARIE_CDI,7707,4676,115957,60,26,4,1,0.492,HYPOTHEQUE,CONSOMMATION,0
AGRICULTURE,Dakhla-Oued Ed-Dahab,19,SALARIE_CDI,7801,2531,12133,36,0,1,0,0.318,AUCUNE,IMMOBILIER,1
AGRICULTURE,Marrakech-Safi,73,FONCTIONNAIRE,10080,3414,15741,12,45,3,0,0.237,AUCUNE,CONSOMMATION,0
COMMERCE,Souss-Massa,39,FONCTIONNAIRE,3592,974,110954,24,15,2,0,0.265,CAUTION,IMMOBILIER,1
SERVICES,Oriental,22,FONCTIONNAIRE,5657,3564,33870,12,0,5,1,0.509,NANTISSEMENT,CONSOMMATION,1
TECH,Laâyoune-Sakia El Hamra,67,SALARIE_CDI,11217,5087,32117,24,43,0,0,0.399,NANTISSEMENT,PROFESSIONNEL,0
COMMERCE,Oriental,79,INDEPENDANT,12660,2285,23441,84,45,0,0,0.208,AUCUNE,IMMOBILIER,0
COMMERCE,Casablanca-Settat,50,SALARIE_CDI,9516,2344,36260,12,30,4,2,0.281,AUCUNE,IMMOBILIER,0
INDUSTRIE,Tanger-Tétouan-Al Hoceïma,20,RETRAITE,9174,3580,26892,12,0,3,0,0.35,AUCUNE,PROFESSIONNEL,1
COMMERCE,Laâyoune-Sakia El Hamra,80,SALARIE_CDI,9711,2369,21715,24,45,3,0,0.271,CAUTION,CONSOMMATION,0
SERVICES,Fès-Meknès,31,SALARIE_CDI,12469,5642,13616,48,10,2,1,0.361,AUCUNE,CONSOMMATION,0
TECH,Tanger-Tétouan-Al Hoceïma,33,FONCTIONNAIRE,4265,1296,37353,12,12,3,0,0.353,CAUTION,CONSOMMATION,1
SERVICES,Rabat-Salé-Kénitra,62,SALARIE_CDI,6443,2093,23910,12,44,3,0,0.384,AUCUNE,IMMOBILIER,0
TECH,Drâa-Tafilalet,38,FONCTIONNAIRE,7836,4258,26150,120,16,5,0,0.533,CAUTION,CONSOMMATION,1
TECH,Rabat-Salé-Kénitra,23,SALARIE_CDI,8849,3647,57628,84,0,4,0,0.39,AUCUNE,IMMOBILIER,0
COMMERCE,Tanger-Tétouan-Al Hoceïma,61,SALARIE_CDD,3136,648,25489,24,34,5,0,0.089,NANTISSEMENT,PROFESSIONNEL,0
COMMERCE,Drâa-Tafilalet,34,SALARIE_CDI,4602,1546,33626,48,15,5,2,0.333,AUCUNE,AUTO,1
INDUSTRIE,Laâyoune-Sakia El Hamra,72,SALARIE_CDD,8043,4811,117194,84,45,1,0,0.631,AUCUNE,CONSOMMATION,0
AGRICULTURE,Marrakech-Safi,27,SALARIE_CDI,12784,7326,47503,24,7,0,5,0.591,AUCUNE,IMMOBILIER,1
TECH,Fès-Meknès,75,SALARIE_CDI,6711,3556,24889,48,45,3,0,0.537,AUCUNE,CONSOMMATION,0
INDUSTRIE,Rabat-Salé-Kénitra,63,SALARIE_CDI,6002,3432,16848,120,40,5,0,0.5,CAUTION,IMMOBILIER,0
SERVICES,Souss-Massa,33,INDEPENDANT,10279,2012,33096,12,15,2,0,0.202,HYPOTHEQUE,CONSOMMATION,0
SERVICES,Dakhla-Oued Ed-Dahab,54,INDEPENDANT,6991,1476,63032,12,35,5,2,0.168,HYPOTHEQUE,CONSOMMATION,0
COMMERCE,Fès-Meknès,77,SALARIE_CDI,12045,1919,24027,84,45,1,0,0.23,HYPOTHEQUE,IMMOBILIER,1
AGRICULTURE,Fès-Meknès,22,SALARIE_CDI,7335,1559,35231,120,0,4,0,0.243,CAUTION,CONSOMMATION,0
TECH,Tanger-Tétouan-Al Hoceïma,69,SALARIE_CDI,4906,2756,23602,60,45,0,0,0.575,CAUTION,IMMOBILIER,0
SERVICES,Laâyoune-Sakia El Hamra,46,SALARIE_CDI,15356,2595,27298,120,26,1,0,0.171,HYPOTHEQUE,IMMOBILIER,0
TECH,Oriental,77,SALARIE_CDD,14140,5410,14851,84,45,5,1,0.335,AUCUNE,IMMOBILIER,1
INDUSTRIE,Béni Mellal-Khénifra,31,SALARIE_CDD,5271,1442,42078,60,10,1,0,0.233,AUCUNE,CONSOMMATION,1
TECH,Guelmim-Oued Noun,63,RETRAITE,9682,5482,38506,12,43,5,0,0.662,AUCUNE,AUTO,1
SERVICES,Drâa-Tafilalet,78,INDEPENDANT,6995,3857,97717,84,45,0,3,0.507,AUCUNE,CONSOMMATION,1
COMMERCE,Béni Mellal-Khénifra,39,SALARIE_CDI,10706,5706,37434,36,21,5,0,0.534,HYPOTHEQUE,CONSOMMATION,1
AGRICULTURE,Oriental,24,SALARIE_CDI,5464,1853,21065,84,5,5,0,0.344,NANTISSEMENT,IMMOBILIER,0
SERVICES,Oriental,42,SALARIE_CDI,11996,7351,95875,12,21,5,1,0.613,AUCUNE,PROFESSIONNEL,1
COMMERCE,Marrakech-Safi,55,SALARIE_CDI,13873,8295,44765,48,31,2,2,0.607,NANTISSEMENT,CONSOMMATION,1
AGRICULTURE,Tanger-Tétouan-Al Hoceïma,57,FONCTIONNAIRE,5291,2515,39595,60,39,2,0,0.569,CAUTION,CONSOMMATION,0
SERVICES,Laâyoune-Sakia El Hamra,48,SALARIE_CDI,8354,3812,34335,12,30,5,2,0.463,AUCUNE,PROFESSIONNEL,0
SERVICES,Casablanca-Settat,76,SALARIE_CDI,14005,4460,38543,36,45,0,0,0.343,CAUTION,PROFESSIONNEL,0
COMMERCE,Guelmim-Oued Noun,54,SALARIE_CDI,5164,2675,18915,12,30,4,0,0.503,CAUTION,CONSOMMATION,0
INDUSTRIE,Oriental,58,FONCTIONNAIRE,5997,3714,32627,48,33,0,1,0.61,CAUTION,PROFESSIONNEL,0
SERVICES,Tanger-Tétouan-Al Hoceïma,78,SALARIE_CDI,10914,3363,29632,12,45,2,2,0.332,AUCUNE,CONSOMMATION,0
COMMERCE,Rabat-Salé-Kénitra,77,RETRAITE,7538,2208,44348,24,45,4,0,0.363,AUCUNE,PROFESSIONNEL,1
TECH,Guelmim-Oued Noun,39,SALARIE_CDD,3988,1124,75485,48,14,1,1,0.346,CAUTION,CONSOMMATION,1
INDUSTRIE,Casablanca-Settat,36,SALARIE_CDI,7016,4501,67939,48,11,0,2,0.483,CAUTION,CONSOMMATION,0
INDUSTRIE,Oriental,65,SALARIE_CDD,17781,7471,49415,12,45,2,0,0.336,HYPOTHEQUE,IMMOBILIER,0
TECH,Rabat-Salé-Kénitra,51,FONCTIONNAIRE,20502,12994,10339,84,26,3,0,0.738,CAUTION,AUTO,0
COMMERCE,Laâyoune-Sakia El Hamra,46,SALARIE_CDD,6083,2790,25483,48,19,2,0,0.432,HYPOTHEQUE,AUTO,1
TECH,Marrakech-Safi,61,SALARIE_CDD,5372,1594,9650,36,37,3,0,0.278,HYPOTHEQUE,IMMOBILIER,0
INDUSTRIE,Guelmim-Oued Noun,59,SALARIE_CDI,6594,2922,73693,36,38,3,0,0.414,NANTISSEMENT,IMMOBILIER,0
AGRICULTURE,Oriental,75,SALARIE_CDI,18231,4152,31757,12,45,4,2,0.162,AUCUNE,IMMOBILIER,0
COMMERCE,Casablanca-Settat,41,SALARIE_CDI,11836,4427,31168,120,20,0,0,0.335,AUCUNE,CONSOMMATION,0
SERVICES,Drâa-Tafilalet,65,FONCTIONNAIRE,15660,5817,21380,84,44,1,1,0.344,AUCUNE,CONSOMMATION,0
AGRICULTURE,Laâyoune-Sakia El Hamra,32,FONCTIONNAIRE,12701,5566,83704,12,13,3,2,0.413,AUCUNE,PROFESSIONNEL,0
COMMERCE,Marrakech-Safi,77,FONCTIONNAIRE,4475,1538,37102,120,45,2,0,0.295,CAUTION,PROFESSIONNEL,0
SERVICES,Dakhla-Oued Ed-Dahab,23,RETRAITE,5287,1996,31896,60,4,5,1,0.423,CAUTION,PROFESSIONNEL,0
SERVICES,Guelmim-Oued Noun,65,SALARIE_CDD,5924,3484,37721,60,45,1,1,0.584,HYPOTHEQUE,CONSOMMATION,1
COMMERCE,Drâa-Tafilalet,24,INDEPENDANT,6407,1539,39803,12,6,1,0,0.248,AUCUNE,CONSOMMATION,0
SERVICES,Tanger-Tétouan-Al Hoceïma,73,SALARIE_CDD,5972,3651,31445,24,45,0,0,0.616,HYPOTHEQUE,PROFESSIONNEL,0
INDUSTRIE,Rabat-Salé-Kénitra,78,SALARIE_CDD,6293,2638,83628,48,45,2,0,0.393,HYPOTHEQUE,AUTO,1
SERVICES,Souss-Massa,69,FONCTIONNAIRE,10810,5021,83028,60,44,0,2,0.429,AUCUNE,CONSOMMATION,0
INDUSTRIE,Guelmim-Oued Noun,67,SALARIE_CDI,8614,1741,36904,36,44,5,0,0.128,AUCUNE,CONSOMMATION,0
INDUSTRIE,Béni Mellal-Khénifra,48,SALARIE_CDI,14029,3123,20049,84,25,3,0,0.259,AUCUNE,CONSOMMATION,1
COMMERCE,Béni Mellal-Khénifra,33,FONCTIONNAIRE,9075,4685,43444,48,8,4,0,0.509,CAUTION,AUTO,0
SERVICES,Guelmim-Oued Noun,80,SALARIE_CDI,5977,3588,22782,84,45,3,0,0.662,HYPOTHEQUE,IMMOBILIER,1
SERVICES,Tanger-Tétouan-Al Hoceïma,51,SALARIE_CDI,8820,3611,93839,12,32,0,0,0.428,CAUTION,CONSOMMATION,1
COMMERCE,Casablanca-Settat,69,INDEPENDANT,4105,960,103779,36,45,3,1,0.313,AUCUNE,IMMOBILIER,1
INDUSTRIE,Laâyoune-Sakia El Hamra,62,SALARIE_CDD,2863,1570,57233,48,43,2,3,0.529,AUCUNE,CONSOMMATION,1
COMMERCE,Béni Mellal-Khénifra,62,SALARIE_CDI,10823,6589,15341,84,44,4,0,0.56,AUCUNE,PROFESSIONNEL,0
SERVICES,Oriental,40,SALARIE_CDI,12813,6215,24950,48,22,0,1,0.578,CAUTION,IMMOBILIER,0
SERVICES,Oriental,44,INDEPENDANT,8370,2021,30049,36,24,2,0,0.299,AUCUNE,IMMOBILIER,0
SERVICES,Laâyoune-Sakia El Hamra,45,RETRAITE,6795,2421,19197,84,23,1,2,0.263,AUCUNE,PROFESSIONNEL,0
INDUSTRIE,Guelmim-Oued Noun,55,FONCTIONNAIRE,4430,2746,27974,12,35,2,0,0.643,CAUTION,CONSOMMATION,0
INDUSTRIE,Drâa-Tafilalet,63,SALARIE_CDI,13700,3367,40702,12,43,4,1,0.281,CAUTION,CONSOMMATION,0
TECH,Guelmim-Oued Noun,30,SALARIE_CDD,10114,2381,50026,36,3,0,5,0.224,CAUTION,CONSOMMATION,1
INDUSTRIE,Fès-Meknès,32,SALARIE_CDI,9238,4627,85207,12,13,0,2,0.437,CAUTION,CONSOMMATION,0
COMMERCE,Drâa-Tafilalet,21,INDEPENDANT,8086,3409,34076,36,3,4,0,0.412,CAUTION,CONSOMMATION,0
COMMERCE,Dakhla-Oued Ed-Dahab,51,FONCTIONNAIRE,6560,1656,28044,120,29,1,0,0.262,CAUTION,PROFESSIONNEL,0
SERVICES,Marrakech-Safi,60,INDEPENDANT,4910,2250,14045,36,36,0,0,0.423,AUCUNE,PROFESSIONNEL,0
COMMERCE,Oriental,31,SALARIE_CDD,9079,5614,44129,48,8,0,1,0.654,HYPOTHEQUE,CONSOMMATION,1
INDUSTRIE,Drâa-Tafilalet,62,INDEPENDANT,6359,3673,25208,36,38,0,1,0.497,AUCUNE,CONSOMMATION,0
INDUSTRIE,Oriental,18,SALARIE_CDD,6696,1026,29913,60,0,4,1,0.162,HYPOTHEQUE,CONSOMMATION,1
SERVICES,Dakhla-Oued Ed-Dahab,72,SALARIE_CDD,17554,10329,23299,36,45,4,0,0.685,CAUTION,PROFESSIONNEL,0
TECH,Tanger-Tétouan-Al Hoceïma,61,SALARIE_CDD,7930,3675,23765,36,36,2,1,0.493,HYPOTHEQUE,CONSOMMATION,0
AGRICULTURE,Marrakech-Safi,61,FONCTIONNAIRE,2687,762,57234,12,40,3,0,0.356,AUCUNE,PROFESSIONNEL,0
SERVICES,Rabat-Salé-Kénitra,62,INDEPENDANT,6368,1253,33281,60,39,2,0,0.19,NANTISSEMENT,CONSOMMATION,1
COMMERCE,Laâyoune-Sakia El Hamra,40,SALARIE_CDD,5163,3282,103366,84,21,2,0,0.646,AUCUNE,CONSOMMATION,1
TECH,Drâa-Tafilalet,80,RETRAITE,7611,1252,15836,36,45,0,1,0.143,AUCUNE,IMMOBILIER,0
INDUSTRIE,Oriental,65,SALARIE_CDD,4268,1034,83120,36,38,0,0,0.222,HYPOTHEQUE,IMMOBILIER,1
TECH,Souss-Massa,29,SALARIE_CDI,9849,4783,24528,84,8,5,1,0.511,HYPOTHEQUE,IMMOBILIER,0
COMMERCE,Tanger-Tétouan-Al Hoceïma,76,SALARIE_CDI,7092,3751,33326,120,45,1,2,0.482,AUCUNE,CONSOMMATION,1
AGRICULTURE,Dakhla-Oued Ed-Dahab,64,SALARIE_CDI,6542,1854,48967,48,43,5,1,0.325,AUCUNE,CONSOMMATION,0
AGRICULTURE,Drâa-Tafilalet,37,INDEPENDANT,8667,4494,71070,24,11,4,1,0.543,NANTISSEMENT,CONSOMMATION,1
SERVICES,Dakhla-Oued Ed-Dahab,77,SALARIE_CDI,7828,4169,73058,60,45,4,3,0.472,HYPOTHEQUE,PROFESSIONNEL,0
INDUSTRIE,Guelmim-Oued Noun,33,SALARIE_CDI,7626,4205,72072,60,10,1,5,0.6,HYPOTHEQUE,CONSOMMATION,1
COMMERCE,Guelmim-Oued Noun,58,SALARIE_CDI,7325,3860,29954,36,34,4,0,0.632,AUCUNE,AUTO,1
SERVICES,Oriental,60,INDEPENDANT,8029,1335,123256,84,36,3,0,0.211,HYPOTHEQUE,CONSOMMATION,1
INDUSTRIE,Marrakech-Safi,78,RETRAITE,9456,5637,53297,24,45,5,0,0.499,HYPOTHEQUE,PROFESSIONNEL,0
AGRICULTURE,Béni Mellal-Khénifra,53,INDEPENDANT,8938,3856,5000,12,34,5,0,0.55,HYPOTHEQUE,PROFESSIONNEL,1
SERVICES,Drâa-Tafilalet,80,SALARIE_CDI,13455,4918,36125,24,45,3,0,0.255,AUCUNE,IMMOBILIER,1
INDUSTRIE,Oriental,35,SALARIE_CDD,6336,1028,27035,84,13,3,1,0.076,HYPOTHEQUE,IMMOBILIER,1
TECH,Casablanca-Settat,68,SALARIE_CDI,9020,4018,28352,48,43,5,2,0.358,AUCUNE,CONSOMMATION,0
INDUSTRIE,Dakhla-Oued Ed-Dahab,33,RETRAITE,24361,5637,55127,60,12,3,2,0.218,AUCUNE,CONSOMMATION,1
COMMERCE,Guelmim-Oued Noun,80,SALARIE_CDI,7955,3372,43771,48,45,5,0,0.327,NANTISSEMENT,IMMOBILIER,0
AGRICULTURE,Tanger-Tétouan-Al Hoceïma,66,RETRAITE,8095,1980,21995,12,41,5,0,0.132,AUCUNE,CONSOMMATION,0
COMMERCE,Souss-Massa,57,INDEPENDANT,4589,2267,101125,60,34,2,4,0.459,HYPOTHEQUE,IMMOBILIER,1
SERVICES,Rabat-Salé-Kénitra,22,INDEPENDANT,5878,1143,14363,60,0,5,1,0.158,HYPOTHEQUE,PROFESSIONNEL,0
SERVICES,Dakhla-Oued Ed-Dahab,49,INDEPENDANT,7724,3477,13700,84,26,1,5,0.435,CAUTION,CONSOMMATION,1
AGRICULTURE,Marrakech-Safi,27,SALARIE_CDI,10302,4862,16510,12,7,2,0,0.495,AUCUNE,IMMOBILIER,0
SERVICES,Tanger-Tétouan-Al Hoceïma,75,SALARIE_CDI,10852,3772,48195,12,45,3,0,0.42,NANTISSEMENT,AUTO,0
COMMERCE,Souss-Massa,41,SALARIE_CDD,9385,5712,45669,36,22,4,0,0.606,CAUTION,CONSOMMATION,0
SERVICES,Fès-Meknès,70,SALARIE_CDI,11636,4809,19997,84,45,4,2,0.435,AUCUNE,PROFESSIONNEL,1
INDUSTRIE,Béni Mellal-Khénifra,75,INDEPENDANT,5168,2715,23280,12,45,0,0,0.51,CAUTION,CONSOMMATION,0
AGRICULTURE,Dakhla-Oued Ed-Dahab,24,SALARIE_CDD,10097,3759,35212,120,6,4,0,0.43,CAUTION,IMMOBILIER,1
COMMERCE,Laâyoune-Sakia El Hamra,65,INDEPENDANT,8152,4450,16715,120,43,1,2,0.621,CAUTION,CONSOMMATION,1
AGRICULTURE,Oriental,37,INDEPENDANT,8572,5132,61763,60,11,4,0,0.568,HYPOTHEQUE,CONSOMMATION,1
SERVICES,Rabat-Salé-Kénitra,24,SALARIE_CDI,6884,2454,105704,120,0,5,0,0.288,CAUTION,CONSOMMATION,1
COMMERCE,Laâyoune-Sakia El Hamra,34,SALARIE_CDI,5277,3344,31186,60,10,1,3,0.603,CAUTION,CONSOMMATION,1
TECH,Fès-Meknès,52,SALARIE_CDD,4690,1063,45014,12,32,2,0,0.202,AUCUNE,CONSOMMATION,0
INDUSTRIE,Laâyoune-Sakia El Hamra,71,SALARIE_CDI,9361,5365,38102,120,45,0,0,0.561,HYPOTHEQUE,IMMOBILIER,0
SERVICES,Tanger-Tétouan-Al Hoceïma,61,FONCTIONNAIRE,10138,4186,91981,84,41,0,0,0.412,HYPOTHEQUE,PROFESSIONNEL,0
TECH,Oriental,32,INDEPENDANT,7644,1676,137414,120,8,1,4,0.207,NANTISSEMENT,PROFESSIONNEL,1
INDUSTRIE,Souss-Massa,36,INDEPENDANT,8049,3724,27496,12,10,1,1,0.399,HYPOTHEQUE,AUTO,1
COMMERCE,Souss-Massa,37,SALARIE_CDD,5860,1264,36127,36,17,3,4,0.202,AUCUNE,IMMOBILIER,0
AGRICULTURE,Rabat-Salé-Kénitra,64,INDEPENDANT,10162,6034,64403,24,39,1,2,0.607,AUCUNE,CONSOMMATION,1
SERVICES,Oriental,50,FONCTIONNAIRE,8327,4646,44966,60,32,1,2,0.633,CAUTION,IMMOBILIER,0
INDUSTRIE,Tanger-Tétouan-Al Hoceïma,19,RETRAITE,6874,3280,18657,60,0,5,0,0.447,CAUTION,IMMOBILIER,1
SERVICES,Laâyoune-Sakia El Hamra,22,INDEPENDANT,11965,3189,9955,48,0,1,0,0.264,NANTISSEMENT,AUTO,0
INDUSTRIE,Souss-Massa,22,INDEPENDANT,10832,6839,23252,24,0,4,0,0.624,CAUTION,IMMOBILIER,1
SERVICES,Dakhla-Oued Ed-Dahab,78,SALARIE_CDI,4060,2341,44434,12,45,5,1,0.549,CAUTION,PROFESSIONNEL,0
COMMERCE,Fès-Meknès,49,INDEPENDANT,8284,4205,26807,120,31,5,4,0.482,HYPOTHEQUE,AUTO,0
SERVICES,Fès-Meknès,48,SALARIE_CDI,5265,1752,16881,24,22,4,0,0.238,CAUTION,PROFESSIONNEL,0
COMMERCE,Casablanca-Settat,65,SALARIE_CDD,8628,3383,23531,120,45,5,0,0.413,HYPOTHEQUE,PROFESSIONNEL,0
SERVICES,Drâa-Tafilalet,29,SALARIE_CDD,2500,798,127241,48,5,2,0,0.351,AUCUNE,AUTO,1
INDUSTRIE,Casablanca-Settat,19,SALARIE_CDI,8855,5089,16032,12,0,5,1,0.553,HYPOTHEQUE,PROFESSIONNEL,1
INDUSTRIE,Fès-Meknès,35,SALARIE_CDI,11163,3398,28338,48,14,0,3,0.328,CAUTION,PROFESSIONNEL,0
TECH,Laâyoune-Sakia El Hamra,31,SALARIE_CDI,7709,2075,24613,120,13,2,1,0.181,CAUTION,CONSOMMATION,0
COMMERCE,Béni Mellal-Khénifra,68,INDEPENDANT,4798,1234,138920,60,45,0,2,0.33,CAUTION,IMMOBILIER,1
INDUSTRIE,Oriental,69,FONCTIONNAIRE,19543,6851,12602,120,45,3,0,0.311,CAUTION,AUTO,1
TECH,Guelmim-Oued Noun,57,RETRAITE,13632,6291,20387,84,34,2,0,0.447,AUCUNE,CONSOMMATION,0
COMMERCE,Guelmim-Oued Noun,75,INDEPENDANT,6381,3611,36964,120,45,4,0,0.611,NANTISSEMENT,CONSOMMATION,1
SERVICES,Laâyoune-Sakia El Hamra,47,SALARIE_CDD,7205,4412,39765,84,22,1,0,0.538,AUCUNE,PROFESSIONNEL,1
AGRICULTURE,Béni Mellal-Khénifra,33,INDEPENDANT,3323,632,77521,60,13,1,2,0.165,AUCUNE,CONSOMMATION,0
INDUSTRIE,Souss-Massa,38,FONCTIONNAIRE,10027,1741,72114,24,13,0,1,0.136,AUCUNE,PROFESSIONNEL,0
SERVICES,Rabat-Salé-Kénitra,26,SALARIE_CDI,4376,1450,21600,60,6,1,0,0.357,AUCUNE,IMMOBILIER,1
COMMERCE,Tanger-Tétouan-Al Hoceïma,74,RETRAITE,10937,6071,44033,24,45,4,0,0.507,AUCUNE,IMMOBILIER,0
SERVICES,Drâa-Tafilalet,56,RETRAITE,12857,7762,31323,60,36,1,1,0.64,AUCUNE,CONSOMMATION,1
SERVICES,Fès-Meknès,66,SALARIE_CDI,7851,1839,25665,60,40,1,2,0.246,NANTISSEMENT,CONSOMMATION,1
TECH,Drâa-Tafilalet,35,INDEPENDANT,5019,1470,72014,84,13,0,0,0.214,HYPOTHEQUE,IMMOBILIER,1
SERVICES,Rabat-Salé-Kénitra,63,SALARIE_CDI,14215,8543,42252,36,42,5,0,0.642,AUCUNE,CONSOMMATION,0
TECH,Casablanca-Settat,38,RETRAITE,8111,3552,107958,36,11,2,0,0.53,HYPOTHEQUE,IMMOBILIER,0
AGRICULTURE,Tanger-Tétouan-Al Hoceïma,46,FONCTIONNAIRE,8450,2990,49342,120,20,5,0,0.307,HYPOTHEQUE,PROFESSIONNEL,0
COMMERCE,Marrakech-Safi,59,SALARIE_CDI,5328,1448,67671,36,40,1,0,0.245,CAUTION,CONSOMMATION,0
TECH,Laâyoune-Sakia El Hamra,79,INDEPENDANT,8839,1825,5289,60,45,2,3,0.14,HYPOTHEQUE,CONSOMMATION,1
TECH,Tanger-Tétouan-Al Hoceïma,53,FONCTIONNAIRE,7396,1510,37674,120,27,4,5,0.2,CAUTION,CONSOMMATION,1
AGRICULTURE,Souss-Massa,62,SALARIE_CDI,4457,2171,47914,24,36,1,1,0.541,AUCUNE,IMMOBILIER,0
INDUSTRIE,Tanger-Tétouan-Al Hoceïma,55,INDEPENDANT,14809,7556,51113,36,35,4,2,0.475,CAUTION,PROFESSIONNEL,1
SERVICES,Fès-Meknès,44,INDEPENDANT,17883,5952,104552,12,23,3,0,0.286,CAUTION,CONSOMMATION,1
COMMERCE,Dakhla-Oued Ed-Dahab,76,SALARIE_CDD,12813,5804,54654,24,45,4,1,0.516,AUCUNE,CONSOMMATION,0
COMMERCE,Drâa-Tafilalet,78,INDEPENDANT,11980,2732,15178,84,45,5,2,0.189,HYPOTHEQUE,AUTO,0
SERVICES,Rabat-Salé-Kénitra,37,SALARIE_CDI,17931,2878,51727,12,15,4,3,0.124,CAUTION,CONSOMMATION,0
COMMERCE,Marrakech-Safi,74,SALARIE_CDI,5057,1011,63766,36,45,4,0,0.187,AUCUNE,AUTO,0
SERVICES,Casablanca-Settat,46,FONCTIONNAIRE,5030,1021,23159,12,25,2,2,0.115,AUCUNE,CONSOMMATION,1
AGRICULTURE,Fès-Meknès,64,SALARIE_CDI,6725,4320,26616,24,43,0,0,0.599,AUCUNE,IMMOBILIER,0
SERVICES,Béni Mellal-Khénifra,50,SALARIE_CDD,9265,2483,61619,84,28,1,0,0.36,AUCUNE,PROFESSIONNEL,0
SERVICES,Dakhla-Oued Ed-Dahab,66,RETRAITE,7103,1542,35620,24,45,4,0,0.252,AUCUNE,AUTO,0
SERVICES,Souss-Massa,72,INDEPENDANT,5120,2804,76488,48,45,0,0,0.577,CAUTION,IMMOBILIER,0
SERVICES,Casablanca-Settat,44,FONCTIONNAIRE,8124,2708,40523,60,19,3,0,0.364,AUCUNE,AUTO,1
SERVICES,Casablanca-Settat,62,FONCTIONNAIRE,7766,1966,7726,120,39,4,3,0.284,HYPOTHEQUE,AUTO,1
SERVICES,Tanger-Tétouan-Al Hoceïma,49,INDEPENDANT,11832,3079,37096,60,28,2,0,0.239,NANTISSEMENT,CONSOMMATION,0
SERVICES,Fès-Meknès,68,INDEPENDANT,8267,1815,26970,36,45,3,0,0.215,NANTISSEMENT,CONSOMMATION,0
SERVICES,Oriental,30,SALARIE_CDI,3439,653,54853,12,9,1,2,0.208,CAUTION,PROFESSIONNEL,1
INDUSTRIE,Rabat-Salé-Kénitra,63,SALARIE_CDD,9638,4723,47948,48,43,4,1,0.466,HYPOTHEQUE,IMMOBILIER,0
INDUSTRIE,Marrakech-Safi,55,SALARIE_CDI,16511,6109,18435,60,31,3,2,0.435,AUCUNE,PROFESSIONNEL,1
INDUSTRIE,Oriental,46,SALARIE_CDI,8209,1841,40976,12,27,1,0,0.139,HYPOTHEQUE,CONSOMMATION,0
INDUSTRIE,Fès-Meknès,41,SALARIE_CDI,12634,6901,51905,60,17,4,0,0.53,CAUTION,CONSOMMATION,0
SERVICES,Tanger-Tétouan-Al Hoceïma,62,FONCTIONNAIRE,6456,1030,48673,12,38,4,0,0.215,AUCUNE,IMMOBILIER,0
SERVICES,Marrakech-Safi,39,INDEPENDANT,10452,3818,70687,84,21,2,2,0.415,AUCUNE,CONSOMMATION,1
SERVICES,Casablanca-Settat,20,INDEPENDANT,5796,1238,17439,120,1,4,0,0.188,AUCUNE,IMMOBILIER,1
TECH,Tanger-Tétouan-Al Hoceïma,77,SALARIE_CDD,7252,1188,31980,12,45,5,0,0.179,HYPOTHEQUE,IMMOBILIER,0
AGRICULTURE,Fès-Meknès,46,SALARIE_CDD,7278,3096,7499,120,28,4,0,0.441,AUCUNE,IMMOBILIER,0
AGRICULTURE,Laâyoune-Sakia El Hamra,28,SALARIE_CDI,10042,2287,81485,24,2,1,0,0.336,NANTISSEMENT,IMMOBILIER,1
COMMERCE,Laâyoune-Sakia El Hamra,32,SALARIE_CDI,5592,1030,38856,12,9,2,1,0.144,HYPOTHEQUE,PROFESSIONNEL,1
COMMERCE,Souss-Massa,70,SALARIE_CDI,4191,1632,33582,84,45,0,0,0.4,CAUTION,CONSOMMATION,0
INDUSTRIE,Fès-Meknès,38,RETRAITE,10012,5725,33202,36,16,4,0,0.551,CAUTION,CONSOMMATION,0
TECH,Souss-Massa,35,SALARIE_CDI,9844,3867,50826,48,14,3,3,0.469,CAUTION,IMMOBILIER,1
TECH,Béni Mellal-Khénifra,48,INDEPENDANT,8524,1618,75243,120,24,1,0,0.183,AUCUNE,PROFESSIONNEL,0
TECH,Tanger-Tétouan-Al Hoceïma,19,SALARIE_CDI,12330,3726,29619,120,0,1,0,0.271,CAUTION,PROFESSIONNEL,1
AGRICULTURE,Guelmim-Oued Noun,53,FONCTIONNAIRE,7397,2759,48371,48,35,0,1,0.41,CAUTION,CONSOMMATION,1
INDUSTRIE,Dakhla-Oued Ed-Dahab,20,INDEPENDANT,9197,2672,47978,60,1,3,1,0.251,HYPOTHEQUE,PROFESSIONNEL,1
TECH,Tanger-Tétouan-Al Hoceïma,70,RETRAITE,6923,2207,7794,24,44,1,0,0.328,CAUTION,CONSOMMATION,0
TECH,Rabat-Salé-Kénitra,45,SALARIE_CDI,7213,2886,22123,12,18,2,0,0.434,HYPOTHEQUE,IMMOBILIER,0
INDUSTRIE,Rabat-Salé-Kénitra,31,INDEPENDANT,9444,5867,49259,60,5,1,3,0.535,AUCUNE,CONSOMMATION,1
AGRICULTURE,Laâyoune-Sakia El Hamra,46,SALARIE_CDI,22471,12414,86137,48,26,2,3,0.512,AUCUNE,CONSOMMATION,0
SERVICES,Tanger-Tétouan-Al Hoceïma,29,INDEPENDANT,11317,2854,94028,120,3,2,0,0.348,CAUTION,AUTO,0
AGRICULTURE,Fès-Meknès,38,SALARIE_CDI,10372,5628,15409,36,14,2,0,0.554,HYPOTHEQUE,IMMOBILIER,1
TECH,Béni Mellal-Khénifra,26,FONCTIONNAIRE,11476,3985,73100,24,6,2,0,0.29,CAUTION,CONSOMMATION,1
SERVICES,Dakhla-Oued Ed-Dahab,60,INDEPENDANT,2817,1571,74848,84,36,0,3,0.565,CAUTION,CONSOMMATION,1
COMMERCE,Souss-Massa,79,INDEPENDANT,9355,4290,48480,48,45,5,4,0.365,CAUTION,CONSOMMATION,1
SERVICES,Fès-Meknès,48,INDEPENDANT,12206,5975,8832,24,23,1,0,0.498,HYPOTHEQUE,CONSOMMATION,0
TECH,Laâyoune-Sakia El Hamra,24,SALARIE_CDI,8417,2786,24935,60,0,0,1,0.351,AUCUNE,PROFESSIONNEL,0
TECH,Casablanca-Settat,22,INDEPENDANT,7947,4026,39176,120,0,2,0,0.502,HYPOTHEQUE,CONSOMMATION,1
COMMERCE,Laâyoune-Sakia El Hamra,70,SALARIE_CDI,5308,2298,30787,60,45,1,1,0.396,HYPOTHEQUE,CONSOMMATION,1
TECH,Oriental,39,SALARIE_CDI,6667,3062,7958,84,16,4,0,0.549,CAUTION,IMMOBILIER,0
SERVICES,Casablanca-Settat,36,SALARIE_CDI,5569,2359,30245,24,12,2,0,0.407,HYPOTHEQUE,IMMOBILIER,0
SERVICES,Marrakech-Safi,24,SALARIE_CDI,12705,2260,18931,60,0,5,0,0.083,HYPOTHEQUE,CONSOMMATION,0
INDUSTRIE,Drâa-Tafilalet,59,SALARIE_CDI,15927,6166,54917,60,37,1,2,0.379,CAUTION,AUTO,0
SERVICES,Guelmim-Oued Noun,21,FONCTIONNAIRE,19356,3399,50815,48,0,1,0,0.234,CAUTION,PROFESSIONNEL,0
INDUSTRIE,Marrakech-Safi,74,SALARIE_CDI,5528,1295,52374,120,45,0,0,0.315,HYPOTHEQUE,IMMOBILIER,0
SERVICES,Béni Mellal-Khénifra,31,FONCTIONNAIRE,5998,2326,28041,120,4,0,1,0.253,CAUTION,IMMOBILIER,0
INDUSTRIE,Dakhla-Oued Ed-Dahab,22,SALARIE_CDI,5783,2042,36835,48,0,1,0,0.311,HYPOTHEQUE,IMMOBILIER,0
INDUSTRIE,Drâa-Tafilalet,62,INDEPENDANT,5124,891,34244,120,44,2,0,0.155,HYPOTHEQUE,IMMOBILIER,1
TECH,Drâa-Tafilalet,40,SALARIE_CDI,5161,1128,68840,12,21,1,0,0.227,HYPOTHEQUE,CONSOMMATION,0
SERVICES,Marrakech-Safi,61,SALARIE_CDI,6425,2459,25001,120,35,2,0,0.315,CAUTION,PROFESSIONNEL,0
AGRICULTURE,Béni Mellal-Khénifra,20,FONCTIONNAIRE,12010,7612,21375,24,0,0,0,0.662,HYPOTHEQUE,AUTO,0
INDUSTRIE,Drâa-Tafilalet,72,RETRAITE,5866,2306,71187,84,45,2,3,0.44,CAUTION,IMMOBILIER,1
INDUSTRIE,Rabat-Salé-Kénitra,37,RETRAITE,13015,6980,64512,48,18,0,1,0.492,HYPOTHEQUE,AUTO,0
COMMERCE,Fès-Meknès,65,SALARIE_CDD,14993,5570,50320,36,39,3,1,0.369,AUCUNE,CONSOMMATION,0
INDUSTRIE,Laâyoune-Sakia El Hamra,76,RETRAITE,9212,2265,109704,84,45,1,0,0.287,HYPOTHEQUE,CONSOMMATION,1
SERVICES,Dakhla-Oued Ed-Dahab,51,FONCTIONNAIRE,14088,2262,156668,24,30,2,1,0.249,HYPOTHEQUE,AUTO,0
COMMERCE,Marrakech-Safi,39,INDEPENDANT,4392,1483,85944,60,13,2,0,0.39,CAUTION,IMMOBILIER,1
SERVICES,Drâa-Tafilalet,37,SALARIE_CDI,6303,3843,21523,36,13,1,3,0.584,CAUTION,IMMOBILIER,1
INDUSTRIE,Oriental,61,SALARIE_CDI,8824,2757,64976,24,35,0,1,0.335,AUCUNE,CONSOMMATION,1
COMMERCE,Béni Mellal-Khénifra,18,SALARIE_CDI,8959,2995,39229,120,0,0,1,0.323,CAUTION,IMMOBILIER,0
INDUSTRIE,Oriental,27,INDEPENDANT,15416,7652,24499,24,5,5,0,0.459,CAUTION,CONSOMMATION,1
TECH,Laâyoune-Sakia El Hamra,58,SALARIE_CDI,5169,2680,21616,120,33,4,0,0.543,CAUTION,PROFESSIONNEL,0
SERVICES,Souss-Massa,19,SALARIE_CDI,6364,2890,43848,12,1,0,0,0.478,HYPOTHEQUE,CONSOMMATION,1
AGRICULTURE,Béni Mellal-Khénifra,36,FONCTIONNAIRE,7799,2489,64331,24,12,4,0,0.319,AUCUNE,AUTO,1
TECH,Drâa-Tafilalet,58,RETRAITE,6416,3995,95371,36,31,2,0,0.673,AUCUNE,PROFESSIONNEL,1
AGRICULTURE,Oriental,33,FONCTIONNAIRE,5069,1654,58214,24,7,5,0,0.312,HYPOTHEQUE,PROFESSIONNEL,0
TECH,Laâyoune-Sakia El Hamra,76,INDEPENDANT,6539,1936,54271,24,45,2,0,0.291,CAUTION,IMMOBILIER,0
SERVICES,Marrakech-Safi,79,SALARIE_CDI,7255,4147,31442,60,45,1,1,0.581,NANTISSEMENT,PROFESSIONNEL,1
COMMERCE,Dakhla-Oued Ed-Dahab,20,INDEPENDANT,15543,9600,42259,12,0,4,0,0.634,HYPOTHEQUE,IMMOBILIER,0
SERVICES,Drâa-Tafilalet,28,SALARIE_CDI,5120,3217,12754,48,5,5,3,0.582,CAUTION,PROFESSIONNEL,1
TECH,Dakhla-Oued Ed-Dahab,75,SALARIE_CDI,11694,4872,53943,36,45,0,1,0.511,CAUTION,CONSOMMATION,0
COMMERCE,Tanger-Tétouan-Al Hoceïma,20,SALARIE_CDD,14364,8399,49129,48,0,5,0,0.618,AUCUNE,CONSOMMATION,1
SERVICES,Souss-Massa,48,SALARIE_CDI,6434,1556,138684,36,22,2,0,0.242,HYPOTHEQUE,PROFESSIONNEL,1
AGRICULTURE,Casablanca-Settat,77,FONCTIONNAIRE,9108,5415,35320,120,45,5,0,0.596,AUCUNE,AUTO,1
SERVICES,Dakhla-Oued Ed-Dahab,55,FONCTIONNAIRE,10500,5556,83608,36,35,3,0,0.525,HYPOTHEQUE,CONSOMMATION,1
COMMERCE,Guelmim-Oued Noun,37,SALARIE_CDI,9749,3408,26054,48,15,0,0,0.423,CAUTION,PROFESSIONNEL,0
TECH,Fès-Meknès,18,SALARIE_CDI,8408,2292,119124,48,0,5,0,0.321,CAUTION,PROFESSIONNEL,0
SERVICES,Casablanca-Settat,42,SALARIE_CDI,5970,3163,100171,60,20,2,0,0.562,CAUTION,IMMOBILIER,0
COMMERCE,Drâa-Tafilalet,52,SALARIE_CDI,10917,3988,80206,36,32,0,0,0.489,NANTISSEMENT,PROFESSIONNEL,0
TECH,Drâa-Tafilalet,23,INDEPENDANT,6847,4377,37879,60,0,5,0,0.669,AUCUNE,PROFESSIONNEL,1
SERVICES,Oriental,51,FONCTIONNAIRE,8208,4738,31084,24,27,2,1,0.532,HYPOTHEQUE,PROFESSIONNEL,0
COMMERCE,Rabat-Salé-Kénitra,43,SALARIE_CDI,8770,4782,28010,48,16,3,2,0.582,AUCUNE,CONSOMMATION,0
SERVICES,Dakhla-Oued Ed-Dahab,38,SALARIE_CDI,11911,3775,18381,84,20,2,0,0.344,AUCUNE,AUTO,0
COMMERCE,Souss-Massa,79,INDEPENDANT,19294,9759,50380,60,45,4,0,0.575,CAUTION,IMMOBILIER,0
SERVICES,Drâa-Tafilalet,74,INDEPENDANT,5814,3070,30520,24,45,1,3,0.565,CAUTION,CONSOMMATION,1
AGRICULTURE,Laâyoune-Sakia El Hamra,61,RETRAITE,8297,2943,47471,84,41,1,3,0.362,AUCUNE,IMMOBILIER,1
AGRICULTURE,Oriental,55,SALARIE_CDI,4155,820,40900,36,36,5,0,0.246,CAUTION,CONSOMMATION,1
SERVICES,Rabat-Salé-Kénitra,47,FONCTIONNAIRE,15782,8169,17126,120,28,2,0,0.434,AUCUNE,IMMOBILIER,1
INDUSTRIE,Laâyoune-Sakia El Hamra,22,SALARIE_CDI,8265,2457,76336,84,0,1,0,0.321,AUCUNE,PROFESSIONNEL,1
COMMERCE,Drâa-Tafilalet,37,INDEPENDANT,7081,1532,38842,120,18,2,1,0.245,HYPOTHEQUE,IMMOBILIER,1
TECH,Laâyoune-Sakia El Hamra,18,SALARIE_CDD,8296,1421,66406,84,0,2,2,0.105,HYPOTHEQUE,CONSOMMATION,1
INDUSTRIE,Béni Mellal-Khénifra,41,FONCTIONNAIRE,8487,2662,16062,60,23,4,0,0.32,CAUTION,IMMOBILIER,1
SERVICES,Laâyoune-Sakia El Hamra,47,SALARIE_CDI,5829,2361,21274,60,23,0,1,0.372,CAUTION,CONSOMMATION,1
SERVICES,Laâyoune-Sakia El Hamra,56,INDEPENDANT,13830,2340,27594,24,31,0,1,0.147,CAUTION,CONSOMMATION,1
AGRICULTURE,Marrakech-Safi,40,SALARIE_CDI,10831,4676,43046,36,14,3,0,0.478,HYPOTHEQUE,CONSOMMATION,0
INDUSTRIE,Marrakech-Safi,34,INDEPENDANT,11532,6893,33776,120,13,2,0,0.546,AUCUNE,AUTO,1
TECH,Rabat-Salé-Kénitra,62,SALARIE_CDI,5967,2679,94376,60,41,0,0,0.438,AUCUNE,CONSOMMATION,0
COMMERCE,Guelmim-Oued Noun,27,INDEPENDANT,5823,2401,74924,60,5,5,0,0.366,NANTISSEMENT,IMMOBILIER,1
AGRICULTURE,Marrakech-Safi,25,SALARIE_CDI,7699,2049,21771,24,0,0,0,0.277,AUCUNE,CONSOMMATION,0
SERVICES,Souss-Massa,61,FONCTIONNAIRE,11614,4293,285611,36,35,5,0,0.386,HYPOTHEQUE,CONSOMMATION,0
SERVICES,Guelmim-Oued Noun,54,INDEPENDANT,10155,4573,34222,24,31,3,4,0.386,CAUTION,CONSOMMATION,0
AGRICULTURE,Souss-Massa,72,SALARIE_CDD,5710,3326,89667,60,45,4,0,0.565,HYPOTHEQUE,PROFESSIONNEL,0
AGRICULTURE,Casablanca-Settat,64,SALARIE_CDI,10943,6466,29757,48,44,5,0,0.581,NANTISSEMENT,IMMOBILIER,0
INDUSTRIE,Tanger-Tétouan-Al Hoceïma,74,SALARIE_CDI,5232,1967,56236,36,45,0,1,0.382,NANTISSEMENT,IMMOBILIER,0
INDUSTRIE,Rabat-Salé-Kénitra,59,SALARIE_CDI,6017,1455,70610,84,40,3,4,0.289,CAUTION,CONSOMMATION,1
INDUSTRIE,Tanger-Tétouan-Al Hoceïma,71,FONCTIONNAIRE,8699,4382,12670,84,45,3,1,0.456,HYPOTHEQUE,CONSOMMATION,0
INDUSTRIE,Drâa-Tafilalet,28,SALARIE_CDI,4783,2991,123358,120,4,2,2,0.605,CAUTION,CONSOMMATION,1
SERVICES,Oriental,51,SALARIE_CDI,5252,3303,21017,36,29,1,0,0.694,CAUTION,AUTO,0
AGRICULTURE,Drâa-Tafilalet,77,SALARIE_CDI,16292,10554,28442,48,45,3,0,0.687,CAUTION,IMMOBILIER,0
SERVICES,Rabat-Salé-Kénitra,67,SALARIE_CDI,14985,4138,23775,48,40,5,5,0.228,AUCUNE,CONSOMMATION,1
COMMERCE,Guelmim-Oued Noun,43,SALARIE_CDI,22706,12907,24415,120,21,5,4,0.563,AUCUNE,PROFESSIONNEL,0
SERVICES,Souss-Massa,76,INDEPENDANT,9924,1745,25233,84,45,3,0,0.197,HYPOTHEQUE,IMMOBILIER,0
SERVICES,Fès-Meknès,37,SALARIE_CDI,10831,1706,15744,120,14,2,2,0.202,HYPOTHEQUE,AUTO,1
COMMERCE,Béni Mellal-Khénifra,19,RETRAITE,7557,3679,61875,24,0,5,0,0.503,HYPOTHEQUE,CONSOMMATION,0
INDUSTRIE,Rabat-Salé-Kénitra,68,INDEPENDANT,6921,1453,39367,48,45,1,0,0.23,CAUTION,CONSOMMATION,0
COMMERCE,Souss-Massa,43,SALARIE_CDD,11996,4129,32965,48,16,1,1,0.366,CAUTION,PROFESSIONNEL,0
SERVICES,Souss-Massa,20,INDEPENDANT,14956,2337,73959,36,0,1,0,0.158,AUCUNE,IMMOBILIER,1
AGRICULTURE,Rabat-Salé-Kénitra,30,FONCTIONNAIRE,11545,2233,125054,48,9,4,0,0.114,AUCUNE,IMMOBILIER,1
TECH,Dakhla-Oued Ed-Dahab,22,FONCTIONNAIRE,5553,1412,12185,84,0,1,0,0.229,CAUTION,CONSOMMATION,0
TECH,Tanger-Tétouan-Al Hoceïma,80,SALARIE_CDI,9665,4129,113152,36,45,2,1,0.489,HYPOTHEQUE,AUTO,0
SERVICES,Casablanca-Settat,71,FONCTIONNAIRE,5730,1811,35731,48,45,0,0,0.359,AUCUNE,PROFESSIONNEL,0
INDUSTRIE,Souss-Massa,76,SALARIE_CDI,7002,3024,14106,12,45,2,0,0.431,AUCUNE,IMMOBILIER,0
INDUSTRIE,Dakhla-Oued Ed-Dahab,29,FONCTIONNAIRE,16921,8029,48479,60,10,2,3,0.462,AUCUNE,IMMOBILIER,1
COMMERCE,Drâa-Tafilalet,68,SALARIE_CDI,4723,716,33462,12,45,4,3,0.115,AUCUNE,IMMOBILIER,0
INDUSTRIE,Béni Mellal-Khénifra,53,SALARIE_CDD,21502,12339,66329,84,31,0,3,0.531,AUCUNE,CONSOMMATION,1
SERVICES,Laâyoune-Sakia El Hamra,36,FONCTIONNAIRE,10376,1856,40206,60,16,1,1,0.226,NANTISSEMENT,CONSOMMATION,0
INDUSTRIE,Rabat-Salé-Kénitra,60,SALARIE_CDI,6570,3853,46619,120,39,4,3,0.571,NANTISSEMENT,CONSOMMATION,1
SERVICES,Oriental,77,SALARIE_CDI,8356,5331,26778,48,45,0,2,0.653,AUCUNE,CONSOMMATION,0
INDUSTRIE,Fès-Meknès,47,INDEPENDANT,5954,3583,17678,84,25,2,0,0.722,CAUTION,IMMOBILIER,0
SERVICES,Drâa-Tafilalet,19,SALARIE_CDI,6335,2668,61037,120,0,0,0,0.426,CAUTION,PROFESSIONNEL,1
SERVICES,Laâyoune-Sakia El Hamra,71,SALARIE_CDI,8375,4479,25148,24,45,3,1,0.497,HYPOTHEQUE,CONSOMMATION,1
COMMERCE,Casablanca-Settat,29,SALARIE_CDI,6988,1652,48130,36,2,3,0,0.28,HYPOTHEQUE,IMMOBILIER,1
INDUSTRIE,Rabat-Salé-Kénitra,29,RETRAITE,5325,3294,102754,48,5,3,0,0.672,AUCUNE,CONSOMMATION,0
INDUSTRIE,Dakhla-Oued Ed-Dahab,56,FONCTIONNAIRE,7335,1186,32472,12,34,4,3,0.065,CAUTION,IMMOBILIER,1
COMMERCE,Souss-Massa,68,FONCTIONNAIRE,4485,1909,59282,24,44,1,0,0.488,AUCUNE,IMMOBILIER,0
TECH,Fès-Meknès,67,INDEPENDANT,4572,1740,35546,48,41,5,0,0.335,HYPOTHEQUE,IMMOBILIER,1
INDUSTRIE,Rabat-Salé-Kénitra,72,FONCTIONNAIRE,4551,2496,28134,24,45,5,4,0.629,HYPOTHEQUE,CONSOMMATION,0
COMMERCE,Tanger-Tétouan-Al Hoceïma,73,INDEPENDANT,17190,8982,12165,12,45,4,2,0.586,CAUTION,CONSOMMATION,0
AGRICULTURE,Casablanca-Settat,26,FONCTIONNAIRE,9726,3065,35328,84,0,5,1,0.322,CAUTION,CONSOMMATION,0
COMMERCE,Marrakech-Safi,36,INDEPENDANT,10595,2456,32372,24,9,3,5,0.19,HYPOTHEQUE,PROFESSIONNEL,1
AGRICULTURE,Marrakech-Safi,63,FONCTIONNAIRE,8144,4456,19741,12,38,5,2,0.602,AUCUNE,PROFESSIONNEL,1
TECH,Rabat-Salé-Kénitra,42,SALARIE_CDI,10176,6500,8738,60,17,3,0,0.66,HYPOTHEQUE,PROFESSIONNEL,0
SERVICES,Dakhla-Oued Ed-Dahab,63,SALARIE_CDI,13755,2736,11281,24,36,4,1,0.16,HYPOTHEQUE,CONSOMMATION,0
INDUSTRIE,Guelmim-Oued Noun,46,SALARIE_CDI,9735,5028,126712,48,28,2,0,0.543,HYPOTHEQUE,PROFESSIONNEL,1
COMMERCE,Dakhla-Oued Ed-Dahab,46,FONCTIONNAIRE,16952,6914,37290,84,23,4,2,0.351,HYPOTHEQUE,CONSOMMATION,0
AGRICULTURE,Marrakech-Safi,19,RETRAITE,7969,2438,13288,36,0,2,0,0.319,AUCUNE,PROFESSIONNEL,0
INDUSTRIE,Fès-Meknès,56,INDEPENDANT,10610,1668,23826,60,29,2,0,0.172,HYPOTHEQUE,CONSOMMATION,0
SERVICES,Fès-Meknès,72,INDEPENDANT,11123,5695,36574,84,45,4,2,0.536,HYPOTHEQUE,CONSOMMATION,0
COMMERCE,Oriental,69,FONCTIONNAIRE,5327,1151,49721,84,45,0,0,0.277,HYPOTHEQUE,IMMOBILIER,0
SERVICES,Marrakech-Safi,39,INDEPENDANT,8260,4753,30845,36,16,2,4,0.551,CAUTION,CONSOMMATION,1
TECH,Marrakech-Safi,60,INDEPENDANT,3538,999,149470,36,39,5,0,0.25,CAUTION,PROFESSIONNEL,0
COMMERCE,Dakhla-Oued Ed-Dahab,30,SALARIE_CDI,7643,3410,154485,24,4,1,0,0.448,CAUTION,CONSOMMATION,1
TECH,Tanger-Tétouan-Al Hoceïma,57,SALARIE_CDD,7147,2088,47481,24,37,3,0,0.333,AUCUNE,PROFESSIONNEL,1
TECH,Guelmim-Oued Noun,43,SALARIE_CDD,6957,3486,28103,24,18,5,2,0.491,HYPOTHEQUE,AUTO,0
COMMERCE,Marrakech-Safi,76,SALARIE_CDI,6745,1407,47468,120,45,5,0,0.128,HYPOTHEQUE,IMMOBILIER,0
COMMERCE,Dakhla-Oued Ed-Dahab,62,SALARIE_CDI,10203,3280,14325,120,39,5,0,0.308,AUCUNE,IMMOBILIER,0
TECH,Drâa-Tafilalet,22,SALARIE_CDI,5439,2200,73104,84,0,1,2,0.412,AUCUNE,PROFESSIONNEL,0
TECH,Laâyoune-Sakia El Hamra,72,SALARIE_CDI,18713,8285,40954,24,45,4,0,0.404,CAUTION,IMMOBILIER,0
TECH,Oriental,63,SALARIE_CDI,10461,4601,15601,60,44,4,4,0.322,NANTISSEMENT,IMMOBILIER,0
SERVICES,Laâyoune-Sakia El Hamra,31,INDEPENDANT,5646,1071,24125,36,4,3,0,0.205,AUCUNE,IMMOBILIER,1
COMMERCE,Tanger-Tétouan-Al Hoceïma,35,SALARIE_CDI,10843,1810,54253,24,8,4,0,0.102,AUCUNE,CONSOMMATION,0
SERVICES,Souss-Massa,28,INDEPENDANT,12679,3406,11320,24,6,2,2,0.317,AUCUNE,CONSOMMATION,1
TECH,Casablanca-Settat,37,SALARIE_CDI,9567,1615,19429,120,16,4,3,0.284,CAUTION,CONSOMMATION,0
COMMERCE,Marrakech-Safi,77,RETRAITE,5153,1341,26210,60,45,4,1,0.216,CAUTION,IMMOBILIER,0
INDUSTRIE,Guelmim-Oued Noun,74,INDEPENDANT,22176,3983,71873,60,45,5,0,0.197,NANTISSEMENT,CONSOMMATION,0
SERVICES,Fès-Meknès,52,INDEPENDANT,10805,4470,120578,24,34,4,2,0.429,NANTISSEMENT,AUTO,1
INDUSTRIE,Rabat-Salé-Kénitra,40,FONCTIONNAIRE,4622,935,47340,120,19,3,0,0.126,AUCUNE,CONSOMMATION,1
COMMERCE,Fès-Meknès,41,FONCTIONNAIRE,8903,3184,5000,24,23,3,0,0.236,AUCUNE,PROFESSIONNEL,1
SERVICES,Tanger-Tétouan-Al Hoceïma,78,SALARIE_CDD,7338,3924,16618,24,45,3,2,0.467,AUCUNE,PROFESSIONNEL,0
SERVICES,Drâa-Tafilalet,30,SALARIE_CDD,8127,4358,419556,60,11,2,0,0.521,HYPOTHEQUE,AUTO,1
AGRICULTURE,Rabat-Salé-Kénitra,65,INDEPENDANT,4735,2041,40546,120,38,5,2,0.553,CAUTION,CONSOMMATION,1
TECH,Casablanca-Settat,80,SALARIE_CDI,8304,1373,5858,84,45,0,1,0.194,CAUTION,PROFESSIONNEL,0
SERVICES,Drâa-Tafilalet,71,SALARIE_CDI,5574,2332,191174,120,45,5,2,0.374,AUCUNE,IMMOBILIER,0
INDUSTRIE,Rabat-Salé-Kénitra,63,INDEPENDANT,6924,1913,14254,60,38,3,0,0.232,HYPOTHEQUE,CONSOMMATION,0
AGRICULTURE,Souss-Massa,74,SALARIE_CDI,9646,4188,54254,24,45,1,1,0.4,CAUTION,IMMOBILIER,1
COMMERCE,Drâa-Tafilalet,31,INDEPENDANT,6539,3951,16278,48,4,3,1,0.51,AUCUNE,IMMOBILIER,1
COMMERCE,Oriental,79,SALARIE_CDI,7110,3195,169655,48,45,0,0,0.405,AUCUNE,CONSOMMATION,0
INDUSTRIE,Rabat-Salé-Kénitra,23,SALARIE_CDD,11721,7270,13469,120,2,3,0,0.643,CAUTION,PROFESSIONNEL,0
INDUSTRIE,Drâa-Tafilalet,18,SALARIE_CDI,5432,1381,24108,36,0,5,3,0.243,HYPOTHEQUE,CONSOMMATION,1
SERVICES,Casablanca-Settat,30,SALARIE_CDD,6052,1720,75682,24,11,0,0,0.264,AUCUNE,IMMOBILIER,0
TECH,Marrakech-Safi,56,INDEPENDANT,4607,1034,24657,36,30,2,0,0.266,CAUTION,IMMOBILIER,1
SERVICES,Rabat-Salé-Kénitra,33,INDEPENDANT,5595,1058,51044,48,15,3,0,0.133,NANTISSEMENT,CONSOMMATION,1
SERVICES,Oriental,57,SALARIE_CDI,8588,1333,64957,60,34,3,3,0.177,CAUTION,CONSOMMATION,0
TECH,Drâa-Tafilalet,24,SALARIE_CDI,10805,6634,41109,24,2,4,4,0.557,HYPOTHEQUE,IMMOBILIER,0
AGRICULTURE,Béni Mellal-Khénifra,61,INDEPENDANT,5638,2119,16685,84,40,4,3,0.417,CAUTION,CONSOMMATION,1
TECH,Rabat-Salé-Kénitra,32,SALARIE_CDI,10662,6604,20933,48,5,3,2,0.623,CAUTION,CONSOMMATION,1
COMMERCE,Tanger-Tétouan-Al Hoceïma,50,SALARIE_CDI,8496,4945,27767,48,28,5,0,0.59,HYPOTHEQUE,AUTO,0
COMMERCE,Rabat-Salé-Kénitra,25,SALARIE_CDD,4350,2271,54784,48,7,2,1,0.515,AUCUNE,IMMOBILIER,0
INDUSTRIE,Tanger-Tétouan-Al Hoceïma,79,INDEPENDANT,8765,5337,64099,120,45,1,1,0.636,NANTISSEMENT,PROFESSIONNEL,1
INDUSTRIE,Marrakech-Safi,41,SALARIE_CDI,13870,3911,41923,84,14,5,0,0.239,HYPOTHEQUE,IMMOBILIER,0
COMMERCE,Drâa-Tafilalet,56,SALARIE_CDI,3458,1999,59368,48,35,4,2,0.629,AUCUNE,CONSOMMATION,1
INDUSTRIE,Guelmim-Oued Noun,48,RETRAITE,19977,9789,11919,48,28,3,5,0.477,AUCUNE,IMMOBILIER,1
COMMERCE,Guelmim-Oued Noun,55,RETRAITE,6157,2769,44730,24,30,2,4,0.474,HYPOTHEQUE,CONSOMMATION,1
AGRICULTURE,Marrakech-Safi,46,FONCTIONNAIRE,3858,1772,34703,24,28,4,0,0.492,HYPOTHEQUE,CONSOMMATION,0
AGRICULTURE,Casablanca-Settat,22,FONCTIONNAIRE,8624,5201,51362,120,0,0,0,0.565,AUCUNE,CONSOMMATION,1
SERVICES,Casablanca-Settat,70,RETRAITE,11778,7237,61488,120,45,1,0,0.639,HYPOTHEQUE,IMMOBILIER,1
INDUSTRIE,Laâyoune-Sakia El Hamra,58,FONCTIONNAIRE,7142,1703,17400,24,38,5,0,0.201,AUCUNE,CONSOMMATION,1
SERVICES,Laâyoune-Sakia El Hamra,34,INDEPENDANT,9323,1775,33624,24,16,1,1,0.111,NANTISSEMENT,CONSOMMATION,0
INDUSTRIE,Marrakech-Safi,23,SALARIE_CDD,21034,6022,92423,84,0,0,1,0.296,CAUTION,IMMOBILIER,0
INDUSTRIE,Laâyoune-Sakia El Hamra,73,SALARIE_CDI,8889,4934,44926,24,45,5,0,0.663,HYPOTHEQUE,IMMOBILIER,1
SERVICES,Oriental,38,INDEPENDANT,31012,6157,33854,60,16,2,1,0.166,CAUTION,IMMOBILIER,0
TECH,Marrakech-Safi,75,FONCTIONNAIRE,14315,6884,15483,120,45,5,0,0.506,NANTISSEMENT,AUTO,0
COMMERCE,Fès-Meknès,66,SALARIE_CDI,8293,2899,53103,120,45,0,5,0.391,AUCUNE,AUTO,0
AGRICULTURE,Fès-Meknès,78,FONCTIONNAIRE,9239,5600,13723,60,45,0,0,0.548,CAUTION,PROFESSIONNEL,1
SERVICES,Guelmim-Oued Noun,59,INDEPENDANT,7018,3930,32052,12,33,3,0,0.529,HYPOTHEQUE,IMMOBILIER,1
SERVICES,Marrakech-Safi,29,SALARIE_CDI,9066,3662,25749,120,11,5,2,0.466,CAUTION,CONSOMMATION,1
INDUSTRIE,Marrakech-Safi,20,INDEPENDANT,10433,3551,47830,24,0,2,2,0.373,HYPOTHEQUE,IMMOBILIER,0
SERVICES,Drâa-Tafilalet,33,SALARIE_CDI,6756,3833,23883,36,10,4,0,0.571,AUCUNE,PROFESSIONNEL,1
SERVICES,Fès-Meknès,45,FONCTIONNAIRE,4355,1185,28856,24,21,0,0,0.193,CAUTION,CONSOMMATION,0
AGRICULTURE,Fès-Meknès,57,RETRAITE,14685,6192,19197,12,35,1,1,0.393,AUCUNE,IMMOBILIER,0
SERVICES,Guelmim-Oued Noun,74,INDEPENDANT,12557,7733,30519,24,45,3,1,0.642,CAUTION,IMMOBILIER,0
SERVICES,Dakhla-Oued Ed-Dahab,26,INDEPENDANT,4283,1935,42206,48,6,1,3,0.295,AUCUNE,PROFESSIONNEL,0
COMMERCE,Oriental,58,FONCTIONNAIRE,8751,5382,28476,12,35,1,0,0.656,HYPOTHEQUE,CONSOMMATION,0
COMMERCE,Guelmim-Oued Noun,23,SALARIE_CDD,12864,4773,29160,24,0,3,2,0.428,CAUTION,PROFESSIONNEL,0
COMMERCE,Laâyoune-Sakia El Hamra,48,FONCTIONNAIRE,12279,5705,40748,24,27,1,0,0.555,AUCUNE,CONSOMMATION,0
INDUSTRIE,Béni Mellal-Khénifra,22,SALARIE_CDI,5930,3678,73187,84,2,0,0,0.684,CAUTION,IMMOBILIER,1
TECH,Guelmim-Oued Noun,41,FONCTIONNAIRE,12606,6538,61159,60,18,1,1,0.539,AUCUNE,CONSOMMATION,1
SERVICES,Casablanca-Settat,56,FONCTIONNAIRE,8158,4918,14682,24,36,4,2,0.642,AUCUNE,IMMOBILIER,1
INDUSTRIE,Casablanca-Settat,64,FONCTIONNAIRE,9652,5463,62142,120,42,3,0,0.548,NANTISSEMENT,IMMOBILIER,0
COMMERCE,Laâyoune-Sakia El Hamra,68,SALARIE_CDD,5357,1012,94608,12,41,4,0,0.161,AUCUNE,PROFESSIONNEL,1
TECH,Rabat-Salé-Kénitra,51,SALARIE_CDD,2500,698,59515,24,26,0,1,0.301,AUCUNE,IMMOBILIER,1
INDUSTRIE,Drâa-Tafilalet,34,SALARIE_CDI,5711,2974,6705,48,9,3,1,0.48,CAUTION,IMMOBILIER,0
COMMERCE,Souss-Massa,75,SALARIE_CDI,10316,6138,43710,120,45,5,4,0.574,HYPOTHEQUE,PROFESSIONNEL,0
SERVICES,Guelmim-Oued Noun,76,SALARIE_CDD,7388,4072,95649,24,45,4,0,0.661,AUCUNE,IMMOBILIER,1
SERVICES,Béni Mellal-Khénifra,78,SALARIE_CDI,10857,3329,26528,120,45,3,1,0.27,AUCUNE,PROFESSIONNEL,1
SERVICES,Casablanca-Settat,67,INDEPENDANT,13330,6139,276538,24,44,4,3,0.472,AUCUNE,PROFESSIONNEL,1
TECH,Tanger-Tétouan-Al Hoceïma,67,SALARIE_CDI,6983,3357,7894,60,45,0,0,0.4,AUCUNE,IMMOBILIER,1
INDUSTRIE,Drâa-Tafilalet,22,INDEPENDANT,6681,2463,40227,36,0,3,0,0.328,AUCUNE,PROFESSIONNEL,0
TECH,Dakhla-Oued Ed-Dahab,54,SALARIE_CDI,3029,1344,60257,60,33,0,1,0.403,HYPOTHEQUE,CONSOMMATION,1
SERVICES,Guelmim-Oued Noun,43,INDEPENDANT,4038,2596,40964,36,22,2,1,0.637,HYPOTHEQUE,AUTO,1
TECH,Laâyoune-Sakia El Hamra,34,INDEPENDANT,4434,1873,40449,24,8,1,3,0.378,CAUTION,CONSOMMATION,1
TECH,Dakhla-Oued Ed-Dahab,22,RETRAITE,10410,2573,17534,48,3,3,0,0.233,CAUTION,CONSOMMATION,1
SERVICES,Laâyoune-Sakia El Hamra,31,INDEPENDANT,7015,2820,24277,36,7,4,0,0.376,HYPOTHEQUE,IMMOBILIER,0
SERVICES,Oriental,75,INDEPENDANT,6372,1516,54261,60,45,5,0,0.228,AUCUNE,CONSOMMATION,0
SERVICES,Tanger-Tétouan-Al Hoceïma,75,SALARIE_CDI,6052,2990,8270,48,45,5,1,0.411,HYPOTHEQUE,PROFESSIONNEL,0
TECH,Oriental,64,FONCTIONNAIRE,5707,3430,68441,48,40,0,0,0.523,HYPOTHEQUE,PROFESSIONNEL,0
SERVICES,Guelmim-Oued Noun,24,SALARIE_CDI,12278,5991,33529,24,5,0,1,0.526,AUCUNE,AUTO,1
COMMERCE,Souss-Massa,61,INDEPENDANT,8451,4976,53455,60,38,1,0,0.56,HYPOTHEQUE,CONSOMMATION,1
INDUSTRIE,Guelmim-Oued Noun,25,INDEPENDANT,12659,6505,65675,84,4,4,0,0.523,NANTISSEMENT,CONSOMMATION,1
TECH,Drâa-Tafilalet,61,SALARIE_CDI,3020,1114,494440,12,37,3,0,0.388,AUCUNE,CONSOMMATION,1
COMMERCE,Marrakech-Safi,20,FONCTIONNAIRE,10298,4316,96674,24,0,3,1,0.422,AUCUNE,CONSOMMATION,1
COMMERCE,Dakhla-Oued Ed-Dahab,35,SALARIE_CDI,6518,2713,15659,12,8,5,0,0.348,AUCUNE,CONSOMMATION,0
AGRICULTURE,Laâyoune-Sakia El Hamra,25,FONCTIONNAIRE,7139,2472,164917,24,7,2,0,0.243,AUCUNE,AUTO,1
SERVICES,Béni Mellal-Khénifra,76,FONCTIONNAIRE,14895,2926,5435,120,45,2,1,0.175,HYPOTHEQUE,IMMOBILIER,0
TECH,Marrakech-Safi,53,FONCTIONNAIRE,6799,3406,26619,12,28,4,4,0.502,AUCUNE,CONSOMMATION,1
SERVICES,Marrakech-Safi,76,INDEPENDANT,10111,1755,41008,24,45,2,3,0.243,CAUTION,IMMOBILIER,0
COMMERCE,Laâyoune-Sakia El Hamra,19,SALARIE_CDI,5125,1292,28946,12,0,1,3,0.35,NANTISSEMENT,IMMOBILIER,1
AGRICULTURE,Casablanca-Settat,64,INDEPENDANT,8236,3104,44233,84,45,5,2,0.394,NANTISSEMENT,PROFESSIONNEL,0
COMMERCE,Souss-Massa,48,FONCTIONNAIRE,3960,2548,32269,60,30,5,2,0.638,HYPOTHEQUE,CONSOMMATION,1
COMMERCE,Béni Mellal-Khénifra,47,SALARIE_CDI,7897,2396,89262,12,29,1,1,0.298,AUCUNE,PROFESSIONNEL,0
SERVICES,Marrakech-Safi,73,SALARIE_CDD,9638,5275,25911,24,45,0,0,0.544,CAUTION,AUTO,0
INDUSTRIE,Laâyoune-Sakia El Hamra,20,SALARIE_CDI,13331,4796,33492,60,0,1,0,0.324,CAUTION,AUTO,0
INDUSTRIE,Oriental,77,FONCTIONNAIRE,5608,1462,125499,84,45,2,2,0.327,AUCUNE,PROFESSIONNEL,0
COMMERCE,Casablanca-Settat,19,INDEPENDANT,6387,1043,71517,60,1,2,1,0.141,HYPOTHEQUE,CONSOMMATION,0
COMMERCE,Fès-Meknès,40,SALARIE_CDI,6064,1178,32244,48,13,5,2,0.21,AUCUNE,CONSOMMATION,0
INDUSTRIE,Tanger-Tétouan-Al Hoceïma,26,SALARIE_CDI,7228,2590,50545,48,2,3,4,0.374,CAUTION,PROFESSIONNEL,1
INDUSTRIE,Marrakech-Safi,50,SALARIE_CDD,5251,1838,134707,84,27,4,0,0.232,CAUTION,CONSOMMATION,1
SERVICES,Dakhla-Oued Ed-Dahab,55,SALARIE_CDI,3069,1421,13778,36,33,0,3,0.411,AUCUNE,PROFESSIONNEL,0
INDUSTRIE,Tanger-Tétouan-Al Hoceïma,58,SALARIE_CDI,5068,918,16963,120,38,0,0,0.197,AUCUNE,IMMOBILIER,0
SERVICES,Oriental,68,FONCTIONNAIRE,7927,2314,24289,120,45,2,0,0.353,HYPOTHEQUE,PROFESSIONNEL,1
TECH,Oriental,65,SALARIE_CDD,7581,1226,42279,120,38,0,0,0.171,AUCUNE,PROFESSIONNEL,0
COMMERCE,Marrakech-Safi,77,INDEPENDANT,10388,6087,71530,60,45,3,3,0.619,HYPOTHEQUE,CONSOMMATION,1
SERVICES,Oriental,46,SALARIE_CDD,11837,4128,21260,36,22,1,4,0.293,NANTISSEMENT,IMMOBILIER,1
COMMERCE,Tanger-Tétouan-Al Hoceïma,29,FONCTIONNAIRE,6619,2927,18786,60,8,0,0,0.444,AUCUNE,CONSOMMATION,0
TECH,Casablanca-Settat,27,SALARIE_CDD,3970,2006,14499,48,6,0,1,0.446,AUCUNE,CONSOMMATION,1
SERVICES,Tanger-Tétouan-Al Hoceïma,35,SALARIE_CDI,9715,2759,18778,120,17,2,0,0.323,HYPOTHEQUE,IMMOBILIER,0
SERVICES,Béni Mellal-Khénifra,55,SALARIE_CDD,8067,1754,22948,120,35,1,3,0.22,HYPOTHEQUE,IMMOBILIER,1
SERVICES,Rabat-Salé-Kénitra,21,INDEPENDANT,7213,3175,7987,12,1,1,2,0.527,AUCUNE,CONSOMMATION,1
SERVICES,Guelmim-Oued Noun,78,RETRAITE,14033,8443,24516,84,45,1,0,0.601,CAUTION,CONSOMMATION,0
TECH,Béni Mellal-Khénifra,80,SALARIE_CDI,9924,5918,17419,84,45,0,0,0.517,AUCUNE,CONSOMMATION,0
AGRICULTURE,Fès-Meknès,28,FONCTIONNAIRE,8564,2604,32379,60,4,0,0,0.32,AUCUNE,AUTO,0
SERVICES,Béni Mellal-Khénifra,67,FONCTIONNAIRE,8723,2469,119210,120,40,5,3,0.26,CAUTION,PROFESSIONNEL,0
TECH,Fès-Meknès,55,SALARIE_CDI,11877,3881,11903,12,32,0,1,0.374,CAUTION,CONSOMMATION,0
SERVICES,Béni Mellal-Khénifra,48,INDEPENDANT,5941,1620,73847,120,28,2,0,0.236,HYPOTHEQUE,PROFESSIONNEL,1
COMMERCE,Rabat-Salé-Kénitra,64,SALARIE_CDI,5453,3448,116703,12,41,1,1,0.695,AUCUNE,PROFESSIONNEL,0
TECH,Béni Mellal-Khénifra,54,INDEPENDANT,7293,1220,71354,24,31,2,0,0.098,NANTISSEMENT,CONSOMMATION,1
INDUSTRIE,Casablanca-Settat,38,FONCTIONNAIRE,4769,1172,46151,60,18,4,1,0.316,AUCUNE,CONSOMMATION,1
SERVICES,Casablanca-Settat,53,SALARIE_CDI,7939,1303,91107,84,30,3,1,0.096,HYPOTHEQUE,CONSOMMATION,0
COMMERCE,Fès-Meknès,26,INDEPENDANT,8464,4884,56558,120,0,4,1,0.538,NANTISSEMENT,PROFESSIONNEL,1
AGRICULTURE,Marrakech-Safi,34,SALARIE_CDI,7856,3030,79022,12,7,0,0,0.42,CAUTION,IMMOBILIER,0
SERVICES,Souss-Massa,79,INDEPENDANT,6887,1818,39461,84,45,3,3,0.371,HYPOTHEQUE,PROFESSIONNEL,0
SERVICES,Rabat-Salé-Kénitra,29,INDEPENDANT,17049,5928,17288,60,5,3,3,0.352,HYPOTHEQUE,CONSOMMATION,1
SERVICES,Marrakech-Safi,55,FONCTIONNAIRE,12373,2512,82012,36,31,0,0,0.133,AUCUNE,CONSOMMATION,0
COMMERCE,Rabat-Salé-Kénitra,36,SALARIE_CDI,7757,1581,225650,60,10,1,1,0.087,CAUTION,IMMOBILIER,0
COMMERCE,Laâyoune-Sakia El Hamra,47,SALARIE_CDD,8450,5268,28616,36,26,3,0,0.671,NANTISSEMENT,PROFESSIONNEL,1
TECH,Drâa-Tafilalet,33,FONCTIONNAIRE,15053,7497,36894,48,14,3,0,0.58,CAUTION,CONSOMMATION,1
TECH,Marrakech-Safi,53,FONCTIONNAIRE,6229,2924,39277,24,35,1,0,0.524,HYPOTHEQUE,PROFESSIONNEL,0
AGRICULTURE,Rabat-Salé-Kénitra,53,FONCTIONNAIRE,5247,2027,12987,36,31,0,0,0.395,NANTISSEMENT,PROFESSIONNEL,0
TECH,Laâyoune-Sakia El Hamra,56,SALARIE_CDD,8974,3544,20055,60,37,0,1,0.357,AUCUNE,CONSOMMATION,0
SERVICES,Drâa-Tafilalet,37,INDEPENDANT,9762,5233,44944,24,12,4,0,0.562,AUCUNE,PROFESSIONNEL,0
COMMERCE,Laâyoune-Sakia El Hamra,54,INDEPENDANT,10095,1779,34006,84,34,0,0,0.194,CAUTION,CONSOMMATION,0
INDUSTRIE,Marrakech-Safi,63,FONCTIONNAIRE,11760,5689,36743,36,45,5,1,0.583,NANTISSEMENT,CONSOMMATION,0
INDUSTRIE,Tanger-Tétouan-Al Hoceïma,63,SALARIE_CDI,5827,2478,36996,120,42,0,0,0.451,NANTISSEMENT,AUTO,0
AGRICULTURE,Rabat-Salé-Kénitra,53,SALARIE_CDD,4299,1304,33478,12,31,5,5,0.348,HYPOTHEQUE,CONSOMMATION,1
COMMERCE,Souss-Massa,36,SALARIE_CDD,6229,1606,21248,36,13,3,1,0.252,NANTISSEMENT,CONSOMMATION,0
AGRICULTURE,Rabat-Salé-Kénitra,51,INDEPENDANT,10528,6115,49239,36,24,5,1,0.531,CAUTION,CONSOMMATION,1
INDUSTRIE,Casablanca-Settat,51,INDEPENDANT,5352,3296,45705,48,28,2,0,0.614,CAUTION,IMMOBILIER,0
COMMERCE,Oriental,77,INDEPENDANT,3394,672,19611,48,45,3,0,0.077,HYPOTHEQUE,AUTO,0
COMMERCE,Dakhla-Oued Ed-Dahab,41,SALARIE_CDI,8647,2031,48548,12,16,2,3,0.234,AUCUNE,CONSOMMATION,0
SERVICES,Béni Mellal-Khénifra,38,INDEPENDANT,6278,3036,23473,48,19,0,0,0.499,AUCUNE,PROFESSIONNEL,0
SERVICES,Guelmim-Oued Noun,65,INDEPENDANT,3725,2000,57363,48,45,4,2,0.509,CAUTION,CONSOMMATION,1
COMMERCE,Guelmim-Oued Noun,58,SALARIE_CDI,8379,3315,35235,60,36,0,0,0.413,CAUTION,PROFESSIONNEL,0
SERVICES,Dakhla-Oued Ed-Dahab,44,SALARIE_CDI,6810,4178,47855,48,23,2,1,0.667,CAUTION,PROFESSIONNEL,1
AGRICULTURE,Rabat-Salé-Kénitra,18,SALARIE_CDI,17226,10103,41077,84,0,0,0,0.593,HYPOTHEQUE,PROFESSIONNEL,1
SERVICES,Fès-Meknès,62,FONCTIONNAIRE,8434,1798,34912,84,42,3,0,0.208,HYPOTHEQUE,CONSOMMATION,0
SERVICES,Béni Mellal-Khénifra,64,SALARIE_CDD,10548,2333,45659,12,45,5,5,0.201,HYPOTHEQUE,CONSOMMATION,1
TECH,Guelmim-Oued Noun,76,SALARIE_CDI,8041,1551,65479,60,45,1,5,0.18,NANTISSEMENT,CONSOMMATION,0
SERVICES,Guelmim-Oued Noun,49,FONCTIONNAIRE,6193,3640,39512,84,28,4,0,0.686,AUCUNE,IMMOBILIER,1
AGRICULTURE,Drâa-Tafilalet,50,INDEPENDANT,6507,2790,39065,48,27,1,3,0.389,HYPOTHEQUE,CONSOMMATION,1
TECH,Fès-Meknès,31,INDEPENDANT,13180,8181,28347,36,12,1,0,0.589,AUCUNE,CONSOMMATION,0
SERVICES,Tanger-Tétouan-Al Hoceïma,46,INDEPENDANT,11345,5838,10167,48,22,5,1,0.562,HYPOTHEQUE,CONSOMMATION,0
COMMERCE,Casablanca-Settat,18,INDEPENDANT,4147,2140,37184,24,0,1,2,0.477,HYPOTHEQUE,PROFESSIONNEL,1
COMMERCE,Fès-Meknès,49,FONCTIONNAIRE,4620,982,14967,48,27,3,0,0.256,AUCUNE,PROFESSIONNEL,1
TECH,Rabat-Salé-Kénitra,62,INDEPENDANT,4737,970,24437,24,39,0,1,0.158,AUCUNE,IMMOBILIER,0
TECH,Dakhla-Oued Ed-Dahab,67,SALARIE_CDD,13057,8036,19807,36,45,0,1,0.615,CAUTION,PROFESSIONNEL,1
TECH,Rabat-Salé-Kénitra,59,INDEPENDANT,3718,1455,21976,84,40,5,0,0.438,AUCUNE,CONSOMMATION,0
COMMERCE,Tanger-Tétouan-Al Hoceïma,68,INDEPENDANT,11544,7469,22957,120,45,2,2,0.586,NANTISSEMENT,CONSOMMATION,0
INDUSTRIE,Laâyoune-Sakia El Hamra,59,FONCTIONNAIRE,9694,3020,51015,48,37,1,1,0.348,AUCUNE,CONSOMMATION,1
COMMERCE,Dakhla-Oued Ed-Dahab,67,SALARIE_CDD,8657,3988,45840,120,45,5,2,0.506,NANTISSEMENT,CONSOMMATION,1
AGRICULTURE,Tanger-Tétouan-Al Hoceïma,45,SALARIE_CDI,6550,2858,39249,24,27,5,0,0.423,HYPOTHEQUE,CONSOMMATION,1
COMMERCE,Souss-Massa,55,SALARIE_CDI,13834,2546,84678,24,33,1,0,0.248,CAUTION,IMMOBILIER,0
COMMERCE,Oriental,58,SALARIE_CDI,8528,3492,308952,120,32,4,1,0.401,AUCUNE,CONSOMMATION,1
INDUSTRIE,Guelmim-Oued Noun,54,SALARIE_CDI,4231,2590,51804,60,28,1,2,0.607,AUCUNE,IMMOBILIER,1
TECH,Guelmim-Oued Noun,53,SALARIE_CDD,4698,1771,68572,60,29,4,2,0.413,CAUTION,IMMOBILIER,0
AGRICULTURE,Oriental,67,SALARIE_CDI,3866,1493,44189,36,42,1,0,0.448,NANTISSEMENT,CONSOMMATION,0
SERVICES,Tanger-Tétouan-Al Hoceïma,33,INDEPENDANT,13907,6959,57157,60,10,3,2,0.359,NANTISSEMENT,AUTO,0
SERVICES,Tanger-Tétouan-Al Hoceïma,37,FONCTIONNAIRE,15381,8311,11649,120,16,5,3,0.436,CAUTION,CONSOMMATION,0
COMMERCE,Béni Mellal-Khénifra,50,INDEPENDANT,13211,7451,5469,24,25,1,1,0.5,CAUTION,CONSOMMATION,1
COMMERCE,Laâyoune-Sakia El Hamra,58,SALARIE_CDD,7598,2857,8268,84,32,1,0,0.407,NANTISSEMENT,PROFESSIONNEL,0
COMMERCE,Casablanca-Settat,50,SALARIE_CDI,4265,1587,23454,36,29,1,1,0.383,CAUTION,CONSOMMATION,1
SERVICES,Guelmim-Oued Noun,30,SALARIE_CDI,5043,1950,94543,36,8,2,0,0.292,HYPOTHEQUE,IMMOBILIER,0
INDUSTRIE,Souss-Massa,69,INDEPENDANT,5193,3295,43423,36,45,5,0,0.731,AUCUNE,IMMOBILIER,1
COMMERCE,Rabat-Salé-Kénitra,52,SALARIE_CDI,7938,4879,27627,120,27,5,3,0.643,HYPOTHEQUE,CONSOMMATION,1
COMMERCE,Rabat-Salé-Kénitra,45,FONCTIONNAIRE,15129,6980,54101,24,27,3,5,0.448,NANTISSEMENT,CONSOMMATION,1
COMMERCE,Tanger-Tétouan-Al Hoceïma,73,SALARIE_CDI,15102,4412,46499,36,45,2,1,0.317,AUCUNE,CONSOMMATION,0
TECH,Marrakech-Safi,45,SALARIE_CDD,6504,3904,14064,120,25,4,0,0.585,NANTISSEMENT,IMMOBILIER,0
COMMERCE,Rabat-Salé-Kénitra,28,SALARIE_CDI,2962,697,50424,48,6,5,0,0.29,NANTISSEMENT,IMMOBILIER,0
TECH,Fès-Meknès,80,SALARIE_CDD,4793,975,65032,12,45,3,0,0.271,AUCUNE,PROFESSIONNEL,1
COMMERCE,Laâyoune-Sakia El Hamra,42,SALARIE_CDI,13834,4943,158035,120,16,3,0,0.436,AUCUNE,IMMOBILIER,1
COMMERCE,Drâa-Tafilalet,74,INDEPENDANT,8993,4430,34349,12,45,2,0,0.517,CAUTION,CONSOMMATION,1
COMMERCE,Marrakech-Safi,50,SALARIE_CDI,6905,1217,118852,120,30,5,1,0.182,AUCUNE,PROFESSIONNEL,0
SERVICES,Drâa-Tafilalet,33,SALARIE_CDI,6691,2050,27355,36,9,4,0,0.358,CAUTION,IMMOBILIER,0
SERVICES,Souss-Massa,41,SALARIE_CDI,5780,3133,185076,60,20,3,0,0.627,HYPOTHEQUE,IMMOBILIER,1
COMMERCE,Drâa-Tafilalet,75,RETRAITE,4714,2261,23945,60,45,5,5,0.467,AUCUNE,PROFESSIONNEL,1
TECH,Marrakech-Safi,77,FONCTIONNAIRE,20587,3958,56946,24,45,3,1,0.265,AUCUNE,AUTO,0
COMMERCE,Casablanca-Settat,26,FONCTIONNAIRE,17559,4406,44384,36,8,1,1,0.223,CAUTION,CONSOMMATION,0
SERVICES,Fès-Meknès,80,FONCTIONNAIRE,5598,2869,103037,12,45,4,0,0.473,NANTISSEMENT,PROFESSIONNEL,0
COMMERCE,Dakhla-Oued Ed-Dahab,71,INDEPENDANT,3680,767,93748,24,45,0,4,0.227,AUCUNE,PROFESSIONNEL,1
SERVICES,Oriental,58,SALARIE_CDI,8743,1354,17506,12,35,1,1,0.118,AUCUNE,CONSOMMATION,1
TECH,Casablanca-Settat,29,INDEPENDANT,7583,4901,28699,12,8,0,0,0.551,CAUTION,IMMOBILIER,1
TECH,Dakhla-Oued Ed-Dahab,54,INDEPENDANT,10750,4912,160883,36,30,0,1,0.447,NANTISSEMENT,AUTO,0
COMMERCE,Guelmim-Oued Noun,44,SALARIE_CDI,11903,4338,38924,84,25,5,0,0.485,NANTISSEMENT,PROFESSIONNEL,1
COMMERCE,Oriental,25,SALARIE_CDI,4786,2147,64200,36,7,0,5,0.356,CAUTION,CONSOMMATION,1
INDUSTRIE,Drâa-Tafilalet,79,FONCTIONNAIRE,14416,6993,17167,84,45,4,0,0.529,HYPOTHEQUE,IMMOBILIER,0
INDUSTRIE,Marrakech-Safi,56,SALARIE_CDI,6912,2749,30573,36,30,5,2,0.385,AUCUNE,CONSOMMATION,0
TECH,Béni Mellal-Khénifra,24,SALARIE_CDI,10653,5103,22113,60,0,4,2,0.444,AUCUNE,PROFESSIONNEL,1
TECH,Laâyoune-Sakia El Hamra,39,SALARIE_CDD,7204,3633,69438,48,21,1,0,0.462,AUCUNE,IMMOBILIER,1
COMMERCE,Souss-Massa,70,SALARIE_CDI,12273,2942,60859,84,45,0,4,0.245,HYPOTHEQUE,CONSOMMATION,1
INDUSTRIE,Casablanca-Settat,45,INDEPENDANT,2799,1013,85522,60,26,2,0,0.348,AUCUNE,PROFESSIONNEL,1
SERVICES,Guelmim-Oued Noun,49,SALARIE_CDD,11297,3415,16989,84,26,2,2,0.333,NANTISSEMENT,AUTO,1
SERVICES,Drâa-Tafilalet,26,FONCTIONNAIRE,5573,3058,53320,48,0,4,1,0.659,CAUTION,IMMOBILIER,1
SERVICES,Drâa-Tafilalet,24,SALARIE_CDD,8375,4480,36832,24,0,0,0,0.547,CAUTION,CONSOMMATION,1
INDUSTRIE,Béni Mellal-Khénifra,79,SALARIE_CDD,14187,7878,6560,12,45,4,0,0.525,NANTISSEMENT,PROFESSIONNEL,1
AGRICULTURE,Rabat-Salé-Kénitra,78,SALARIE_CDD,5645,2082,50223,84,45,4,0,0.388,HYPOTHEQUE,CONSOMMATION,0
COMMERCE,Rabat-Salé-Kénitra,24,INDEPENDANT,5261,2303,89716,24,4,1,1,0.406,AUCUNE,CONSOMMATION,0
SERVICES,Guelmim-Oued Noun,52,SALARIE_CDD,6854,3446,109046,12,31,2,0,0.48,AUCUNE,PROFESSIONNEL,0
SERVICES,Laâyoune-Sakia El Hamra,60,FONCTIONNAIRE,6662,2072,35428,36,34,4,0,0.277,CAUTION,PROFESSIONNEL,0
INDUSTRIE,Casablanca-Settat,73,INDEPENDANT,5051,3227,64905,120,45,5,0,0.687,AUCUNE,PROFESSIONNEL,0
TECH,Oriental,53,FONCTIONNAIRE,8500,2884,53197,36,28,2,0,0.383,HYPOTHEQUE,PROFESSIONNEL,1
INDUSTRIE,Oriental,72,SALARIE_CDI,8701,3641,21331,48,45,4,0,0.41,HYPOTHEQUE,PROFESSIONNEL,0
TECH,Tanger-Tétouan-Al Hoceïma,25,SALARIE_CDI,9980,5623,19387,48,0,3,0,0.49,HYPOTHEQUE,CONSOMMATION,0
TECH,Béni Mellal-Khénifra,18,FONCTIONNAIRE,5604,2934,35119,84,0,0,0,0.479,NANTISSEMENT,CONSOMMATION,0
SERVICES,Laâyoune-Sakia El Hamra,47,INDEPENDANT,5299,2124,30791,84,20,4,1,0.399,AUCUNE,CONSOMMATION,1
COMMERCE,Guelmim-Oued Noun,34,INDEPENDANT,7682,2721,38629,48,12,1,0,0.413,CAUTION,CONSOMMATION,1
AGRICULTURE,Rabat-Salé-Kénitra,65,FONCTIONNAIRE,7257,3400,27108,48,44,0,0,0.317,AUCUNE,CONSOMMATION,0
INDUSTRIE,Souss-Massa,39,SALARIE_CDI,7320,2693,42139,36,18,0,0,0.38,AUCUNE,PROFESSIONNEL,0
SERVICES,Dakhla-Oued Ed-Dahab,43,INDEPENDANT,5894,2629,17215,60,20,2,0,0.48,CAUTION,IMMOBILIER,0
AGRICULTURE,Marrakech-Safi,51,FONCTIONNAIRE,9400,5170,105501,60,24,1,0,0.585,HYPOTHEQUE,IMMOBILIER,0
AGRICULTURE,Laâyoune-Sakia El Hamra,78,RETRAITE,5302,1118,10158,24,45,2,1,0.247,AUCUNE,CONSOMMATION,0
COMMERCE,Souss-Massa,22,INDEPENDANT,7670,3825,34313,36,0,5,1,0.552,HYPOTHEQUE,PROFESSIONNEL,0
COMMERCE,Oriental,52,SALARIE_CDD,7060,1249,31492,84,32,0,0,0.166,NANTISSEMENT,CONSOMMATION,1
SERVICES,Fès-Meknès,42,FONCTIONNAIRE,7982,4127,33030,60,23,5,0,0.555,AUCUNE,CONSOMMATION,0
TECH,Dakhla-Oued Ed-Dahab,20,FONCTIONNAIRE,13813,3516,20115,84,0,1,2,0.162,AUCUNE,AUTO,1
COMMERCE,Oriental,69,SALARIE_CDI,4485,1779,12610,12,42,1,0,0.374,CAUTION,CONSOMMATION,0
SERVICES,Oriental,75,FONCTIONNAIRE,2763,783,42969,120,45,0,5,0.301,CAUTION,CONSOMMATION,1
COMMERCE,Souss-Massa,28,SALARIE_CDI,6202,1929,31463,84,5,1,0,0.286,HYPOTHEQUE,CONSOMMATION,1
AGRICULTURE,Rabat-Salé-Kénitra,65,SALARIE_CDI,4827,2241,47531,120,45,5,1,0.414,HYPOTHEQUE,CONSOMMATION,0
TECH,Guelmim-Oued Noun,62,INDEPENDANT,2500,914,11442,24,36,1,0,0.334,AUCUNE,PROFESSIONNEL,0
SERVICES,Fès-Meknès,62,SALARIE_CDD,17781,7002,120765,48,37,4,1,0.427,AUCUNE,PROFESSIONNEL,1
SERVICES,Marrakech-Safi,47,INDEPENDANT,10424,6770,34341,60,26,3,0,0.644,NANTISSEMENT,IMMOBILIER,0
AGRICULTURE,Guelmim-Oued Noun,38,SALARIE_CDD,10940,2306,5000,36,12,0,1,0.209,AUCUNE,IMMOBILIER,1
AGRICULTURE,Marrakech-Safi,22,INDEPENDANT,7126,2438,41446,84,2,2,3,0.362,CAUTION,CONSOMMATION,1
COMMERCE,Drâa-Tafilalet,20,INDEPENDANT,9792,4065,26099,12,0,0,0,0.429,HYPOTHEQUE,CONSOMMATION,1
COMMERCE,Souss-Massa,29,INDEPENDANT,6700,3731,16428,60,10,2,1,0.63,CAUTION,IMMOBILIER,0
COMMERCE,Guelmim-Oued Noun,51,SALARIE_CDD,11689,3404,86027,60,28,2,0,0.35,AUCUNE,PROFESSIONNEL,1
INDUSTRIE,Casablanca-Settat,26,RETRAITE,8823,3061,69620,48,1,0,0,0.368,CAUTION,AUTO,1
SERVICES,Guelmim-Oued Noun,61,SALARIE_CDD,7971,4469,46131,84,36,3,0,0.547,CAUTION,IMMOBILIER,1
SERVICES,Marrakech-Safi,57,INDEPENDANT,8246,3424,38327,48,30,1,1,0.483,CAUTION,CONSOMMATION,1
SERVICES,Laâyoune-Sakia El Hamra,39,SALARIE_CDD,15669,9057,51709,12,14,4,3,0.663,NANTISSEMENT,CONSOMMATION,1
TECH,Tanger-Tétouan-Al Hoceïma,23,SALARIE_CDI,8737,1592,12034,48,0,2,1,0.106,CAUTION,PROFESSIONNEL,0
SERVICES,Casablanca-Settat,50,FONCTIONNAIRE,5098,1496,41530,120,24,5,1,0.29,CAUTION,CONSOMMATION,1
SERVICES,Souss-Massa,69,SALARIE_CDD,9427,4043,86363,12,44,1,0,0.42,AUCUNE,IMMOBILIER,1
COMMERCE,Casablanca-Settat,42,SALARIE_CDI,10098,2131,75210,12,21,3,0,0.164,HYPOTHEQUE,AUTO,0
SERVICES,Fès-Meknès,68,SALARIE_CDD,7592,2968,17406,84,43,3,1,0.367,CAUTION,AUTO,1
SERVICES,Drâa-Tafilalet,36,SALARIE_CDI,7915,1257,41353,12,18,0,0,0.141,NANTISSEMENT,IMMOBILIER,1
COMMERCE,Oriental,23,RETRAITE,5015,2018,16548,120,3,0,3,0.457,AUCUNE,IMMOBILIER,1
INDUSTRIE,Drâa-Tafilalet,58,FONCTIONNAIRE,8465,5165,40536,48,36,1,2,0.541,AUCUNE,CONSOMMATION,1
COMMERCE,Laâyoune-Sakia El Hamra,73,SALARIE_CDI,4691,2928,21450,84,45,2,0,0.637,CAUTION,CONSOMMATION,0
AGRICULTURE,Souss-Massa,73,INDEPENDANT,7238,2241,19752,60,45,5,0,0.272,AUCUNE,CONSOMMATION,0
SERVICES,Oriental,78,FONCTIONNAIRE,5996,910,46662,120,45,4,0,0.214,CAUTION,IMMOBILIER,0
AGRICULTURE,Casablanca-Settat,24,INDEPENDANT,12611,7643,21850,120,0,1,0,0.612,AUCUNE,CONSOMMATION,0
AGRICULTURE,Fès-Meknès,20,FONCTIONNAIRE,16276,7057,20821,120,0,3,0,0.481,NANTISSEMENT,CONSOMMATION,0
TECH,Drâa-Tafilalet,53,SALARIE_CDI,4842,2132,46451,60,31,0,0,0.446,CAUTION,AUTO,0
COMMERCE,Casablanca-Settat,77,SALARIE_CDI,8086,4508,12874,36,45,5,2,0.477,HYPOTHEQUE,CONSOMMATION,1
COMMERCE,Tanger-Tétouan-Al Hoceïma,80,INDEPENDANT,7047,2443,28987,36,45,4,0,0.321,AUCUNE,IMMOBILIER,0
COMMERCE,Rabat-Salé-Kénitra,35,INDEPENDANT,9987,3596,12383,36,11,1,4,0.447,HYPOTHEQUE,CONSOMMATION,1
COMMERCE,Laâyoune-Sakia El Hamra,41,INDEPENDANT,8462,4872,14066,120,19,4,1,0.605,AUCUNE,CONSOMMATION,1
SERVICES,Oriental,59,SALARIE_CDI,6807,2694,82413,48,37,0,2,0.497,AUCUNE,IMMOBILIER,1
AGRICULTURE,Béni Mellal-Khénifra,75,INDEPENDANT,8452,4377,27134,12,45,1,0,0.596,CAUTION,CONSOMMATION,1
COMMERCE,Drâa-Tafilalet,29,SALARIE_CDD,7357,4433,21981,12,8,3,0,0.573,AUCUNE,CONSOMMATION,1
TECH,Marrakech-Safi,79,FONCTIONNAIRE,16566,5745,65885,48,45,3,0,0.282,AUCUNE,IMMOBILIER,0
INDUSTRIE,Casablanca-Settat,69,SALARIE_CDI,5670,3371,112555,12,45,1,3,0.651,HYPOTHEQUE,CONSOMMATION,0
SERVICES,Tanger-Tétouan-Al Hoceïma,22,INDEPENDANT,9099,2854,43310,60,0,3,2,0.366,NANTISSEMENT,CONSOMMATION,0
COMMERCE,Marrakech-Safi,71,RETRAITE,10192,6266,74199,12,45,0,0,0.617,CAUTION,IMMOBILIER,0
COMMERCE,Fès-Meknès,58,SALARIE_CDI,9871,2988,24683,60,37,0,0,0.23,HYPOTHEQUE,CONSOMMATION,0
INDUSTRIE,Fès-Meknès,79,INDEPENDANT,7087,1893,37725,48,45,0,0,0.241,AUCUNE,IMMOBILIER,0
INDUSTRIE,Guelmim-Oued Noun,31,FONCTIONNAIRE,14999,7656,36502,60,6,4,0,0.519,AUCUNE,CONSOMMATION,1
SERVICES,Fès-Meknès,80,SALARIE_CDI,3165,1934,45556,48,45,3,4,0.65,CAUTION,CONSOMMATION,1
COMMERCE,Rabat-Salé-Kénitra,20,SALARIE_CDI,4953,2645,71342,36,0,1,1,0.485,AUCUNE,CONSOMMATION,0
INDUSTRIE,Dakhla-Oued Ed-Dahab,22,INDEPENDANT,10923,5681,12982,12,2,2,0,0.572,HYPOTHEQUE,IMMOBILIER,0
AGRICULTURE,Casablanca-Settat,46,SALARIE_CDI,5453,3471,19476,60,27,4,0,0.677,NANTISSEMENT,CONSOMMATION,1
SERVICES,Marrakech-Safi,59,SALARIE_CDI,5312,2277,25856,24,37,1,0,0.47,HYPOTHEQUE,PROFESSIONNEL,1
INDUSTRIE,Tanger-Tétouan-Al Hoceïma,28,INDEPENDANT,6567,3900,18414,120,4,1,0,0.621,NANTISSEMENT,IMMOBILIER,0
INDUSTRIE,Casablanca-Settat,35,FONCTIONNAIRE,5690,959,42653,84,17,2,2,0.06,CAUTION,IMMOBILIER,0
COMMERCE,Laâyoune-Sakia El Hamra,42,INDEPENDANT,10793,2332,42283,120,24,1,1,0.232,CAUTION,CONSOMMATION,0
COMMERCE,Tanger-Tétouan-Al Hoceïma,25,FONCTIONNAIRE,12173,3478,37836,48,7,4,2,0.267,HYPOTHEQUE,PROFESSIONNEL,1
COMMERCE,Guelmim-Oued Noun,29,FONCTIONNAIRE,8432,5254,27395,120,11,5,2,0.652,AUCUNE,PROFESSIONNEL,1
AGRICULTURE,Rabat-Salé-Kénitra,27,INDEPENDANT,13024,3236,93287,84,5,1,2,0.169,AUCUNE,AUTO,0
INDUSTRIE,Oriental,78,SALARIE_CDI,4342,1483,42262,84,45,5,1,0.241,AUCUNE,CONSOMMATION,1
COMMERCE,Rabat-Salé-Kénitra,76,SALARIE_CDI,8385,1407,32691,24,45,3,2,0.198,CAUTION,IMMOBILIER,0
SERVICES,Marrakech-Safi,57,FONCTIONNAIRE,14862,2810,38047,84,39,3,0,0.145,HYPOTHEQUE,IMMOBILIER,0
SERVICES,Tanger-Tétouan-Al Hoceïma,61,RETRAITE,12576,5550,61147,60,43,5,0,0.335,HYPOTHEQUE,IMMOBILIER,0
COMMERCE,Laâyoune-Sakia El Hamra,26,SALARIE_CDD,15465,3076,42182,84,2,5,2,0.146,AUCUNE,CONSOMMATION,0
SERVICES,Fès-Meknès,21,RETRAITE,6213,3725,19832,24,0,0,0,0.591,AUCUNE,PROFESSIONNEL,1
COMMERCE,Guelmim-Oued Noun,41,INDEPENDANT,12243,7259,124740,24,22,0,0,0.649,CAUTION,IMMOBILIER,0
COMMERCE,Rabat-Salé-Kénitra,80,SALARIE_CDD,6687,3083,50180,120,45,3,1,0.463,AUCUNE,AUTO,0
TECH,Fès-Meknès,48,SALARIE_CDD,10592,3688,16213,36,28,3,1,0.319,AUCUNE,PROFESSIONNEL,0
COMMERCE,Béni Mellal-Khénifra,68,SALARIE_CDI,14616,8681,10187,120,45,4,0,0.581,HYPOTHEQUE,CONSOMMATION,0
COMMERCE,Souss-Massa,41,FONCTIONNAIRE,5668,2233,58816,24,22,1,1,0.432,CAUTION,PROFESSIONNEL,0
INDUSTRIE,Oriental,37,SALARIE_CDI,3515,862,89751,36,16,2,0,0.273,AUCUNE,CONSOMMATION,0
SERVICES,Drâa-Tafilalet,69,SALARIE_CDD,18609,6008,49831,36,45,2,0,0.359,AUCUNE,CONSOMMATION,0
SERVICES,Casablanca-Settat,47,SALARIE_CDI,10094,3347,55764,24,24,4,4,0.419,CAUTION,IMMOBILIER,1
COMMERCE,Drâa-Tafilalet,64,RETRAITE,7722,3397,56755,36,42,3,0,0.442,HYPOTHEQUE,CONSOMMATION,0
AGRICULTURE,Laâyoune-Sakia El Hamra,63,SALARIE_CDD,7533,2641,36437,24,38,4,0,0.386,AUCUNE,AUTO,1
SERVICES,Guelmim-Oued Noun,63,SALARIE_CDD,3155,1764,11192,24,38,2,0,0.452,CAUTION,CONSOMMATION,0
COMMERCE,Fès-Meknès,60,SALARIE_CDD,8901,4123,22265,24,39,4,4,0.472,AUCUNE,AUTO,0
TECH,Tanger-Tétouan-Al Hoceïma,68,SALARIE_CDI,6382,1762,63335,36,42,0,0,0.209,AUCUNE,CONSOMMATION,0
TECH,Dakhla-Oued Ed-Dahab,47,SALARIE_CDD,8297,2913,54734,60,20,0,0,0.32,HYPOTHEQUE,IMMOBILIER,0
COMMERCE,Guelmim-Oued Noun,37,INDEPENDANT,8214,4202,31668,36,15,2,0,0.489,NANTISSEMENT,CONSOMMATION,0
COMMERCE,Dakhla-Oued Ed-Dahab,50,FONCTIONNAIRE,2500,678,24743,24,27,3,0,0.271,HYPOTHEQUE,PROFESSIONNEL,0
COMMERCE,Laâyoune-Sakia El Hamra,38,SALARIE_CDD,10102,1978,41015,120,16,1,0,0.167,AUCUNE,AUTO,1
TECH,Souss-Massa,20,INDEPENDANT,8822,4460,28561,24,0,1,0,0.486,HYPOTHEQUE,IMMOBILIER,1
SERVICES,Rabat-Salé-Kénitra,40,SALARIE_CDI,9372,3311,34349,60,21,3,0,0.386,HYPOTHEQUE,IMMOBILIER,1
AGRICULTURE,Marrakech-Safi,49,INDEPENDANT,7461,1583,39838,36,27,0,3,0.217,AUCUNE,PROFESSIONNEL,1
SERVICES,Fès-Meknès,50,SALARIE_CDI,8283,3228,21077,12,28,1,0,0.386,AUCUNE,CONSOMMATION,1
TECH,Laâyoune-Sakia El Hamra,39,INDEPENDANT,8758,3767,63579,84,12,2,2,0.43,HYPOTHEQUE,PROFESSIONNEL,0
SERVICES,Fès-Meknès,63,RETRAITE,9167,1493,32361,12,37,3,4,0.151,NANTISSEMENT,CONSOMMATION,0
SERVICES,Tanger-Tétouan-Al Hoceïma,35,INDEPENDANT,10037,5476,51088,12,12,0,2,0.595,CAUTION,CONSOMMATION,1
SERVICES,Laâyoune-Sakia El Hamra,58,SALARIE_CDI,9203,3642,37966,12,35,4,2,0.391,CAUTION,IMMOBILIER,1
INDUSTRIE,Rabat-Salé-Kénitra,34,FONCTIONNAIRE,18627,3032,106893,24,9,0,2,0.276,AUCUNE,IMMOBILIER,0
INDUSTRIE,Béni Mellal-Khénifra,80,INDEPENDANT,5845,3395,53106,36,45,2,0,0.604,HYPOTHEQUE,CONSOMMATION,1
SERVICES,Oriental,58,FONCTIONNAIRE,6845,3030,48306,12,35,5,0,0.48,AUCUNE,CONSOMMATION,0
INDUSTRIE,Dakhla-Oued Ed-Dahab,53,SALARIE_CDD,17358,10964,47094,24,31,5,0,0.616,HYPOTHEQUE,CONSOMMATION,0
INDUSTRIE,Souss-Massa,45,SALARIE_CDD,7559,2197,156183,12,19,5,1,0.318,CAUTION,CONSOMMATION,0
TECH,Oriental,65,SALARIE_CDI,12323,4391,35211,24,40,4,0,0.407,AUCUNE,PROFESSIONNEL,1
AGRICULTURE,Laâyoune-Sakia El Hamra,44,SALARIE_CDD,8613,4147,40731,24,19,1,0,0.492,CAUTION,AUTO,0
COMMERCE,Dakhla-Oued Ed-Dahab,68,SALARIE_CDI,7314,4440,39080,24,45,3,2,0.588,CAUTION,CONSOMMATION,0
SERVICES,Drâa-Tafilalet,28,FONCTIONNAIRE,12630,6891,9171,84,2,0,0,0.6,CAUTION,CONSOMMATION,0
INDUSTRIE,Drâa-Tafilalet,69,SALARIE_CDD,10232,4824,38759,12,45,5,2,0.569,CAUTION,CONSOMMATION,1
AGRICULTURE,Laâyoune-Sakia El Hamra,78,SALARIE_CDI,4063,2226,73968,120,45,2,1,0.473,AUCUNE,PROFESSIONNEL,0
SERVICES,Dakhla-Oued Ed-Dahab,33,SALARIE_CDI,8761,1730,52070,48,9,0,1,0.174,NANTISSEMENT,PROFESSIONNEL,0
INDUSTRIE,Drâa-Tafilalet,32,RETRAITE,5178,2652,104584,24,9,0,0,0.51,HYPOTHEQUE,CONSOMMATION,0
AGRICULTURE,Fès-Meknès,78,FONCTIONNAIRE,14357,6307,62937,24,45,0,0,0.421,HYPOTHEQUE,CONSOMMATION,0
AGRICULTURE,Béni Mellal-Khénifra,43,FONCTIONNAIRE,17839,5122,51608,24,20,2,1,0.284,CAUTION,PROFESSIONNEL,0
INDUSTRIE,Marrakech-Safi,61,INDEPENDANT,18832,5071,67656,84,35,1,2,0.219,CAUTION,PROFESSIONNEL,0
COMMERCE,Oriental,29,FONCTIONNAIRE,9517,2799,46879,24,8,4,2,0.341,CAUTION,PROFESSIONNEL,0
INDUSTRIE,Souss-Massa,44,SALARIE_CDD,6583,1392,29839,48,24,4,2,0.213,HYPOTHEQUE,IMMOBILIER,0
TECH,Dakhla-Oued Ed-Dahab,62,FONCTIONNAIRE,9366,2685,33191,12,42,1,0,0.299,CAUTION,CONSOMMATION,1
SERVICES,Oriental,74,SALARIE_CDI,5309,985,6849,48,45,0,1,0.171,CAUTION,PROFESSIONNEL,0
SERVICES,Dakhla-Oued Ed-Dahab,45,FONCTIONNAIRE,23283,11324,110918,84,19,4,1,0.452,HYPOTHEQUE,CONSOMMATION,1
COMMERCE,Guelmim-Oued Noun,22,SALARIE_CDI,13870,5633,31609,84,0,0,0,0.373,HYPOTHEQUE,PROFESSIONNEL,0
SERVICES,Laâyoune-Sakia El Hamra,44,INDEPENDANT,9293,1987,17493,48,24,5,0,0.294,HYPOTHEQUE,PROFESSIONNEL,1
COMMERCE,Marrakech-Safi,58,FONCTIONNAIRE,12691,6328,28101,24,36,1,0,0.449,CAUTION,AUTO,1
INDUSTRIE,Guelmim-Oued Noun,73,SALARIE_CDI,6495,1552,124244,36,45,0,1,0.219,CAUTION,CONSOMMATION,0
AGRICULTURE,Fès-Meknès,70,FONCTIONNAIRE,4922,1956,38189,36,45,4,3,0.307,AUCUNE,CONSOMMATION,1
TECH,Oriental,65,SALARIE_CDI,2993,1826,43472,24,43,3,3,0.634,CAUTION,IMMOBILIER,0
COMMERCE,Souss-Massa,28,SALARIE_CDD,8412,4462,156426,60,4,5,0,0.575,HYPOTHEQUE,CONSOMMATION,1
TECH,Fès-Meknès,50,INDEPENDANT,7379,3262,65173,24,27,0,1,0.354,AUCUNE,AUTO,0
SERVICES,Dakhla-Oued Ed-Dahab,54,INDEPENDANT,10236,4529,29681,120,36,2,1,0.406,AUCUNE,CONSOMMATION,0
COMMERCE,Laâyoune-Sakia El Hamra,47,INDEPENDANT,8151,1484,11049,12,20,3,1,0.142,HYPOTHEQUE,PROFESSIONNEL,0
SERVICES,Oriental,76,SALARIE_CDD,10029,3646,56801,60,45,1,0,0.346,AUCUNE,CONSOMMATION,1
TECH,Casablanca-Settat,78,SALARIE_CDD,11672,3543,22590,60,45,0,0,0.331,AUCUNE,IMMOBILIER,0
TECH,Marrakech-Safi,31,SALARIE_CDI,4200,1627,57638,60,9,0,0,0.386,CAUTION,CONSOMMATION,0
AGRICULTURE,Marrakech-Safi,78,FONCTIONNAIRE,11980,7496,35110,60,45,2,2,0.626,HYPOTHEQUE,PROFESSIONNEL,1
TECH,Dakhla-Oued Ed-Dahab,71,FONCTIONNAIRE,6748,3666,48346,48,45,3,2,0.472,AUCUNE,IMMOBILIER,1
AGRICULTURE,Tanger-Tétouan-Al Hoceïma,62,SALARIE_CDI,10228,4654,67989,12,42,2,1,0.453,CAUTION,IMMOBILIER,0
SERVICES,Casablanca-Settat,42,SALARIE_CDI,12836,6448,10824,60,23,3,0,0.55,HYPOTHEQUE,IMMOBILIER,0
AGRICULTURE,Béni Mellal-Khénifra,65,SALARIE_CDI,12876,6635,39740,24,45,5,1,0.521,AUCUNE,CONSOMMATION,0
COMMERCE,Dakhla-Oued Ed-Dahab,54,SALARIE_CDI,8588,3248,35856,24,28,0,3,0.278,AUCUNE,CONSOMMATION,0
INDUSTRIE,Oriental,74,SALARIE_CDI,8781,5121,44425,84,45,1,0,0.647,NANTISSEMENT,IMMOBILIER,0
COMMERCE,Souss-Massa,62,SALARIE_CDD,12105,5552,51693,12,38,3,2,0.526,HYPOTHEQUE,CONSOMMATION,1
INDUSTRIE,Marrakech-Safi,78,SALARIE_CDD,4124,2140,40393,48,45,0,0,0.547,CAUTION,CONSOMMATION,1
INDUSTRIE,Laâyoune-Sakia El Hamra,44,SALARIE_CDD,5281,821,23075,36,26,2,4,0.202,NANTISSEMENT,AUTO,0
SERVICES,Rabat-Salé-Kénitra,23,SALARIE_CDI,7146,2994,16472,24,4,0,4,0.443,AUCUNE,CONSOMMATION,1
SERVICES,Dakhla-Oued Ed-Dahab,48,FONCTIONNAIRE,4448,1477,11951,120,22,0,5,0.365,AUCUNE,CONSOMMATION,1
COMMERCE,Marrakech-Safi,80,INDEPENDANT,7170,1274,39489,60,45,0,0,0.149,HYPOTHEQUE,IMMOBILIER,0
AGRICULTURE,Rabat-Salé-Kénitra,59,SALARIE_CDI,6996,3310,52507,48,36,0,2,0.513,AUCUNE,CONSOMMATION,0
COMMERCE,Tanger-Tétouan-Al Hoceïma,62,SALARIE_CDI,8427,5177,28584,84,41,3,0,0.502,HYPOTHEQUE,IMMOBILIER,0
COMMERCE,Casablanca-Settat,57,FONCTIONNAIRE,7898,4078,64959,36,34,3,0,0.508,AUCUNE,PROFESSIONNEL,1
INDUSTRIE,Casablanca-Settat,55,SALARIE_CDI,13111,2490,33519,36,37,5,0,0.236,CAUTION,PROFESSIONNEL,0
COMMERCE,Marrakech-Safi,21,SALARIE_CDI,10487,1870,34203,12,0,5,2,0.252,AUCUNE,IMMOBILIER,1
SERVICES,Drâa-Tafilalet,44,SALARIE_CDD,7848,2531,13270,84,19,3,0,0.343,CAUTION,AUTO,0
TECH,Guelmim-Oued Noun,23,SALARIE_CDD,6975,1878,26626,120,0,5,0,0.329,HYPOTHEQUE,CONSOMMATION,0
SERVICES,Marrakech-Safi,39,INDEPENDANT,7932,1299,69181,84,12,3,1,0.161,HYPOTHEQUE,PROFESSIONNEL,1
TECH,Béni Mellal-Khénifra,63,INDEPENDANT,7995,1359,96595,12,36,5,2,0.202,AUCUNE,CONSOMMATION,1
TECH,Tanger-Tétouan-Al Hoceïma,68,SALARIE_CDD,25171,8119,31786,36,45,3,0,0.358,CAUTION,IMMOBILIER,0
COMMERCE,Souss-Massa,32,SALARIE_CDD,4205,912,66636,120,5,5,0,0.099,CAUTION,CONSOMMATION,0
TECH,Tanger-Tétouan-Al Hoceïma,59,RETRAITE,5341,1321,97744,120,38,1,0,0.286,CAUTION,CONSOMMATION,0
INDUSTRIE,Laâyoune-Sakia El Hamra,32,FONCTIONNAIRE,5000,2924,18842,24,6,5,1,0.591,AUCUNE,IMMOBILIER,0
AGRICULTURE,Oriental,30,RETRAITE,9147,5917,45352,36,12,5,1,0.658,HYPOTHEQUE,CONSOMMATION,1
TECH,Oriental,78,INDEPENDANT,8985,4962,41491,48,45,0,0,0.597,CAUTION,CONSOMMATION,0
TECH,Laâyoune-Sakia El Hamra,56,SALARIE_CDI,6261,1668,77073,12,38,5,0,0.24,AUCUNE,CONSOMMATION,0
COMMERCE,Béni Mellal-Khénifra,30,SALARIE_CDI,12128,2886,20240,36,4,2,0,0.239,CAUTION,CONSOMMATION,0
TECH,Rabat-Salé-Kénitra,26,SALARIE_CDI,9570,4204,45297,84,2,0,0,0.443,CAUTION,IMMOBILIER,1
AGRICULTURE,Marrakech-Safi,21,INDEPENDANT,12359,6698,30308,84,3,4,0,0.561,NANTISSEMENT,AUTO,0
INDUSTRIE,Tanger-Tétouan-Al Hoceïma,49,SALARIE_CDI,13927,6667,48897,24,26,1,0,0.371,HYPOTHEQUE,IMMOBILIER,0
TECH,Rabat-Salé-Kénitra,24,FONCTIONNAIRE,3106,1714,85389,48,4,4,3,0.585,AUCUNE,CONSOMMATION,1
TECH,Drâa-Tafilalet,54,FONCTIONNAIRE,11032,4341,102141,24,29,3,0,0.429,AUCUNE,IMMOBILIER,0
INDUSTRIE,Souss-Massa,45,INDEPENDANT,4535,2920,85916,84,26,3,0,0.579,CAUTION,CONSOMMATION,1
AGRICULTURE,Casablanca-Settat,58,INDEPENDANT,9066,4927,18157,60,35,5,2,0.506,HYPOTHEQUE,IMMOBILIER,1
INDUSTRIE,Tanger-Tétouan-Al Hoceïma,31,SALARIE_CDI,7842,1376,26081,60,7,4,0,0.232,AUCUNE,CONSOMMATION,0
COMMERCE,Guelmim-Oued Noun,27,SALARIE_CDI,7994,2654,73457,48,8,3,0,0.283,CAUTION,CONSOMMATION,0
SERVICES,Laâyoune-Sakia El Hamra,24,FONCTIONNAIRE,4712,2025,55458,36,6,1,0,0.504,CAUTION,IMMOBILIER,0
SERVICES,Dakhla-Oued Ed-Dahab,24,INDEPENDANT,12884,3377,30215,12,0,2,0,0.216,AUCUNE,CONSOMMATION,0
TECH,Dakhla-Oued Ed-Dahab,22,INDEPENDANT,4534,1594,19120,84,3,0,3,0.4,CAUTION,PROFESSIONNEL,1
INDUSTRIE,Béni Mellal-Khénifra,34,FONCTIONNAIRE,11359,5280,5000,84,8,2,4,0.417,CAUTION,CONSOMMATION,1
INDUSTRIE,Dakhla-Oued Ed-Dahab,68,INDEPENDANT,4254,1813,11898,36,45,0,0,0.468,AUCUNE,CONSOMMATION,0
SERVICES,Dakhla-Oued Ed-Dahab,56,SALARIE_CDD,8038,4668,29324,12,31,2,0,0.592,AUCUNE,PROFESSIONNEL,0
COMMERCE,Béni Mellal-Khénifra,33,SALARIE_CDI,18251,5133,29638,48,9,0,0,0.293,NANTISSEMENT,CONSOMMATION,0
TECH,Tanger-Tétouan-Al Hoceïma,76,INDEPENDANT,23453,14320,48424,24,45,5,0,0.559,CAUTION,CONSOMMATION,0
AGRICULTURE,Dakhla-Oued Ed-Dahab,65,FONCTIONNAIRE,3911,1217,55334,120,43,1,0,0.311,CAUTION,CONSOMMATION,1
SERVICES,Tanger-Tétouan-Al Hoceïma,67,INDEPENDANT,5901,3601,176543,60,41,4,0,0.571,HYPOTHEQUE,PROFESSIONNEL,0
COMMERCE,Rabat-Salé-Kénitra,74,SALARIE_CDD,6405,1756,21187,120,45,0,1,0.23,NANTISSEMENT,PROFESSIONNEL,0
COMMERCE,Rabat-Salé-Kénitra,64,FONCTIONNAIRE,22354,9026,9267,84,42,4,0,0.47,HYPOTHEQUE,IMMOBILIER,0
COMMERCE,Oriental,78,SALARIE_CDI,7858,4841,18954,120,45,0,1,0.759,HYPOTHEQUE,PROFESSIONNEL,0
INDUSTRIE,Casablanca-Settat,38,SALARIE_CDD,13142,3795,117444,48,12,0,4,0.25,AUCUNE,AUTO,1
INDUSTRIE,Rabat-Salé-Kénitra,71,SALARIE_CDI,9273,5326,36645,120,45,1,3,0.596,AUCUNE,IMMOBILIER,1
COMMERCE,Marrakech-Safi,25,INDEPENDANT,4724,1893,73767,48,0,1,0,0.448,HYPOTHEQUE,PROFESSIONNEL,1
COMMERCE,Oriental,36,SALARIE_CDI,3509,1263,24490,36,10,4,0,0.328,NANTISSEMENT,CONSOMMATION,1
COMMERCE,Souss-Massa,74,SALARIE_CDI,6149,2963,25566,120,45,4,3,0.438,HYPOTHEQUE,CONSOMMATION,1
COMMERCE,Oriental,26,SALARIE_CDD,22985,5730,10939,36,2,3,4,0.249,NANTISSEMENT,IMMOBILIER,1
TECH,Oriental,49,SALARIE_CDD,9099,4362,28810,36,27,0,1,0.48,AUCUNE,CONSOMMATION,1
TECH,Dakhla-Oued Ed-Dahab,39,FONCTIONNAIRE,13023,3104,36593,48,13,4,0,0.112,AUCUNE,CONSOMMATION,1
INDUSTRIE,Marrakech-Safi,24,FONCTIONNAIRE,4280,2163,66654,48,0,1,0,0.518,AUCUNE,CONSOMMATION,1
TECH,Souss-Massa,32,FONCTIONNAIRE,7000,3187,53784,48,7,4,0,0.496,HYPOTHEQUE,IMMOBILIER,1
TECH,Béni Mellal-Khénifra,51,SALARIE_CDD,11504,2530,145942,60,33,4,0,0.245,HYPOTHEQUE,CONSOMMATION,0
SERVICES,Fès-Meknès,57,SALARIE_CDD,4959,993,32608,48,38,1,0,0.187,CAUTION,CONSOMMATION,1
COMMERCE,Marrakech-Safi,60,SALARIE_CDI,7873,3572,43035,120,36,3,1,0.381,HYPOTHEQUE,PROFESSIONNEL,1
INDUSTRIE,Casablanca-Settat,26,FONCTIONNAIRE,5454,1149,35921,120,8,4,1,0.234,AUCUNE,IMMOBILIER,0
TECH,Fès-Meknès,38,INDEPENDANT,11753,5436,22324,84,16,3,1,0.424,AUCUNE,IMMOBILIER,1
SERVICES,Fès-Meknès,24,SALARIE_CDD,9695,6297,48376,36,0,2,4,0.634,CAUTION,CONSOMMATION,1
COMMERCE,Marrakech-Safi,18,RETRAITE,11021,2331,29942,12,0,1,2,0.212,CAUTION,IMMOBILIER,1
SERVICES,Fès-Meknès,42,SALARIE_CDI,11992,4640,116335,12,24,4,0,0.427,AUCUNE,PROFESSIONNEL,0
COMMERCE,Drâa-Tafilalet,57,INDEPENDANT,7314,4478,20898,84,35,0,2,0.664,AUCUNE,IMMOBILIER,1
AGRICULTURE,Guelmim-Oued Noun,41,INDEPENDANT,12727,7872,28628,24,22,3,0,0.629,CAUTION,CONSOMMATION,1
INDUSTRIE,Oriental,20,FONCTIONNAIRE,6214,1025,15205,60,0,5,0,0.167,HYPOTHEQUE,IMMOBILIER,1
TECH,Casablanca-Settat,31,FONCTIONNAIRE,10738,5949,46021,48,6,1,0,0.592,HYPOTHEQUE,IMMOBILIER,0
AGRICULTURE,Drâa-Tafilalet,45,SALARIE_CDI,3338,899,14339,84,18,1,3,0.225,AUCUNE,CONSOMMATION,1
TECH,Rabat-Salé-Kénitra,40,INDEPENDANT,5791,3030,36110,84,18,3,0,0.489,AUCUNE,CONSOMMATION,1
SERVICES,Casablanca-Settat,69,SALARIE_CDD,22974,7524,16022,12,42,3,0,0.4,CAUTION,CONSOMMATION,0
TECH,Oriental,55,FONCTIONNAIRE,10667,2799,18242,48,30,0,2,0.336,HYPOTHEQUE,AUTO,1
SERVICES,Souss-Massa,80,SALARIE_CDI,10669,4111,21259,120,45,3,4,0.297,HYPOTHEQUE,PROFESSIONNEL,0
INDUSTRIE,Fès-Meknès,29,SALARIE_CDI,5593,1331,60515,36,8,0,2,0.213,CAUTION,CONSOMMATION,0
TECH,Dakhla-Oued Ed-Dahab,41,INDEPENDANT,4952,1793,33989,84,15,2,0,0.408,CAUTION,AUTO,1
COMMERCE,Rabat-Salé-Kénitra,23,SALARIE_CDI,7194,2499,33325,84,0,0,5,0.366,AUCUNE,PROFESSIONNEL,1
COMMERCE,Casablanca-Settat,19,SALARIE_CDD,7862,4964,53836,84,0,4,0,0.624,NANTISSEMENT,PROFESSIONNEL,1
INDUSTRIE,Béni Mellal-Khénifra,76,SALARIE_CDI,19178,8075,22878,12,45,5,0,0.36,CAUTION,AUTO,1
TECH,Souss-Massa,49,FONCTIONNAIRE,12817,6390,9173,120,26,0,0,0.473,AUCUNE,IMMOBILIER,1
COMMERCE,Guelmim-Oued Noun,59,INDEPENDANT,8510,2021,16827,12,38,3,0,0.195,HYPOTHEQUE,IMMOBILIER,0
COMMERCE,Casablanca-Settat,35,RETRAITE,8346,5414,29728,12,14,2,1,0.717,HYPOTHEQUE,PROFESSIONNEL,1
AGRICULTURE,Souss-Massa,21,FONCTIONNAIRE,11398,4546,35092,24,1,0,1,0.361,CAUTION,AUTO,1
SERVICES,Rabat-Salé-Kénitra,74,SALARIE_CDI,4476,840,53698,84,45,4,1,0.194,NANTISSEMENT,PROFESSIONNEL,0
SERVICES,Casablanca-Settat,59,SALARIE_CDI,3413,1552,32805,24,39,5,0,0.476,AUCUNE,PROFESSIONNEL,1
COMMERCE,Souss-Massa,62,SALARIE_CDI,11322,3499,74002,60,37,0,1,0.304,CAUTION,PROFESSIONNEL,1
AGRICULTURE,Drâa-Tafilalet,51,FONCTIONNAIRE,8370,2486,46773,36,31,0,3,0.295,HYPOTHEQUE,CONSOMMATION,0
SERVICES,Rabat-Salé-Kénitra,43,RETRAITE,4490,1385,13552,60,25,5,0,0.245,NANTISSEMENT,IMMOBILIER,0
SERVICES,Laâyoune-Sakia El Hamra,44,SALARIE_CDI,3157,1185,6105,60,25,0,0,0.356,AUCUNE,PROFESSIONNEL,1
SERVICES,Oriental,66,SALARIE_CDD,12115,3557,17940,36,40,2,3,0.277,CAUTION,CONSOMMATION,1
TECH,Souss-Massa,32,FONCTIONNAIRE,6408,3456,39994,120,11,5,0,0.509,NANTISSEMENT,PROFESSIONNEL,0
SERVICES,Dakhla-Oued Ed-Dahab,39,FONCTIONNAIRE,9702,2323,47086,24,12,3,0,0.309,HYPOTHEQUE,IMMOBILIER,0
COMMERCE,Fès-Meknès,37,FONCTIONNAIRE,7196,1590,33732,12,16,1,0,0.317,AUCUNE,PROFESSIONNEL,1
AGRICULTURE,Marrakech-Safi,50,SALARIE_CDD,7979,1614,39504,60,29,0,1,0.252,CAUTION,PROFESSIONNEL,0
SERVICES,Guelmim-Oued Noun,78,SALARIE_CDI,6207,2205,91527,12,45,3,0,0.431,AUCUNE,IMMOBILIER,1
COMMERCE,Rabat-Salé-Kénitra,76,SALARIE_CDD,7829,1616,36674,36,45,3,0,0.175,HYPOTHEQUE,CONSOMMATION,1
COMMERCE,Laâyoune-Sakia El Hamra,52,SALARIE_CDD,10506,1708,46393,48,33,3,0,0.152,HYPOTHEQUE,AUTO,0
TECH,Guelmim-Oued Noun,30,INDEPENDANT,7158,2127,111030,120,5,1,0,0.254,AUCUNE,AUTO,1
INDUSTRIE,Dakhla-Oued Ed-Dahab,77,SALARIE_CDI,6976,4465,10220,60,45,5,3,0.646,NANTISSEMENT,CONSOMMATION,1
INDUSTRIE,Souss-Massa,37,SALARIE_CDD,10651,1656,120184,60,11,2,0,0.111,HYPOTHEQUE,CONSOMMATION,1
SERVICES,Béni Mellal-Khénifra,40,RETRAITE,10975,1997,6055,48,20,5,3,0.129,CAUTION,CONSOMMATION,1
TECH,Laâyoune-Sakia El Hamra,73,FONCTIONNAIRE,4857,2145,20369,36,45,5,0,0.305,AUCUNE,CONSOMMATION,0
TECH,Rabat-Salé-Kénitra,34,SALARIE_CDI,7998,3191,24553,84,14,1,1,0.422,AUCUNE,CONSOMMATION,0
SERVICES,Fès-Meknès,47,RETRAITE,6402,1294,11576,12,22,4,1,0.261,NANTISSEMENT,IMMOBILIER,0
INDUSTRIE,Souss-Massa,75,SALARIE_CDI,8153,4870,32357,24,45,2,0,0.651,HYPOTHEQUE,CONSOMMATION,0
AGRICULTURE,Béni Mellal-Khénifra,38,INDEPENDANT,15449,7527,35038,24,13,3,0,0.526,HYPOTHEQUE,IMMOBILIER,0
SERVICES,Drâa-Tafilalet,57,SALARIE_CDI,9524,3784,60963,60,37,3,0,0.438,CAUTION,IMMOBILIER,1
INDUSTRIE,Dakhla-Oued Ed-Dahab,20,INDEPENDANT,21459,9053,59604,36,0,5,0,0.406,AUCUNE,IMMOBILIER,1
COMMERCE,Souss-Massa,80,SALARIE_CDI,8945,4903,41007,12,45,3,1,0.469,CAUTION,CONSOMMATION,1
INDUSTRIE,Marrakech-Safi,44,SALARIE_CDD,7518,1496,79451,24,26,1,2,0.145,AUCUNE,IMMOBILIER,0
SERVICES,Marrakech-Safi,60,RETRAITE,8032,4952,57036,60,35,5,0,0.601,AUCUNE,PROFESSIONNEL,0
COMMERCE,Guelmim-Oued Noun,49,FONCTIONNAIRE,8640,1783,28928,48,22,0,0,0.098,NANTISSEMENT,IMMOBILIER,0
SERVICES,Souss-Massa,45,SALARIE_CDI,9370,3554,39472,48,25,4,0,0.407,AUCUNE,AUTO,0
COMMERCE,Béni Mellal-Khénifra,43,SALARIE_CDI,5185,1420,23272,84,18,4,0,0.295,CAUTION,IMMOBILIER,0
COMMERCE,Oriental,19,SALARIE_CDI,7296,3521,15401,48,0,3,0,0.509,HYPOTHEQUE,AUTO,1
COMMERCE,Guelmim-Oued Noun,35,SALARIE_CDI,5849,3333,48998,120,12,0,4,0.615,AUCUNE,IMMOBILIER,0
SERVICES,Marrakech-Safi,41,FONCTIONNAIRE,12879,5903,12718,48,22,2,3,0.368,HYPOTHEQUE,PROFESSIONNEL,1
TECH,Marrakech-Safi,41,SALARIE_CDD,3407,893,31850,60,20,4,4,0.222,AUCUNE,AUTO,1
SERVICES,Drâa-Tafilalet,35,RETRAITE,8696,4693,7269,36,10,5,1,0.482,AUCUNE,CONSOMMATION,0
TECH,Souss-Massa,58,INDEPENDANT,4092,2542,38165,60,31,3,2,0.593,AUCUNE,PROFESSIONNEL,1
INDUSTRIE,Guelmim-Oued Noun,70,RETRAITE,9843,2269,21832,24,45,2,2,0.195,HYPOTHEQUE,PROFESSIONNEL,0
TECH,Rabat-Salé-Kénitra,74,FONCTIONNAIRE,6772,1874,54054,24,45,1,0,0.168,CAUTION,CONSOMMATION,0
SERVICES,Fès-Meknès,79,SALARIE_CDD,3578,1484,31078,120,45,2,1,0.449,AUCUNE,IMMOBILIER,0
SERVICES,Dakhla-Oued Ed-Dahab,58,FONCTIONNAIRE,12382,6437,33213,120,33,3,0,0.587,AUCUNE,PROFESSIONNEL,0
COMMERCE,Laâyoune-Sakia El Hamra,43,SALARIE_CDD,2611,557,37667,36,22,5,1,0.177,HYPOTHEQUE,CONSOMMATION,1
SERVICES,Casablanca-Settat,58,SALARIE_CDI,7989,1401,23670,36,39,2,0,0.144,HYPOTHEQUE,CONSOMMATION,0
SERVICES,Guelmim-Oued Noun,26,INDEPENDANT,11059,4794,24426,60,6,0,0,0.476,CAUTION,CONSOMMATION,1
TECH,Casablanca-Settat,69,FONCTIONNAIRE,15056,8260,24434,60,45,1,2,0.545,AUCUNE,CONSOMMATION,0
TECH,Rabat-Salé-Kénitra,51,SALARIE_CDI,3926,1173,33269,12,32,2,0,0.327,AUCUNE,IMMOBILIER,0
SERVICES,Laâyoune-Sakia El Hamra,28,SALARIE_CDD,6424,2836,24591,84,6,4,0,0.391,HYPOTHEQUE,CONSOMMATION,1
AGRICULTURE,Rabat-Salé-Kénitra,44,SALARIE_CDI,13196,7281,49778,12,23,3,2,0.582,HYPOTHEQUE,CONSOMMATION,1
TECH,Fès-Meknès,36,FONCTIONNAIRE,13603,2236,10522,12,17,1,3,0.184,AUCUNE,CONSOMMATION,1
TECH,Rabat-Salé-Kénitra,40,SALARIE_CDD,14419,4586,12716,48,22,5,3,0.295,AUCUNE,AUTO,1
COMMERCE,Béni Mellal-Khénifra,21,INDEPENDANT,25661,7739,136217,60,2,1,4,0.299,CAUTION,CONSOMMATION,1
COMMERCE,Casablanca-Settat,19,FONCTIONNAIRE,6445,3297,26798,36,0,0,0,0.405,AUCUNE,IMMOBILIER,0
COMMERCE,Fès-Meknès,40,SALARIE_CDD,9581,4629,17849,120,19,4,0,0.469,CAUTION,CONSOMMATION,0
COMMERCE,Fès-Meknès,37,INDEPENDANT,6935,3907,35673,36,16,0,0,0.565,CAUTION,IMMOBILIER,1
AGRICULTURE,Béni Mellal-Khénifra,80,INDEPENDANT,3332,1414,62129,60,45,2,0,0.403,HYPOTHEQUE,CONSOMMATION,0
SERVICES,Souss-Massa,34,INDEPENDANT,7781,2054,56881,48,16,0,1,0.221,HYPOTHEQUE,IMMOBILIER,1
INDUSTRIE,Marrakech-Safi,38,SALARIE_CDD,3303,1211,21510,48,18,2,4,0.436,CAUTION,IMMOBILIER,1
SERVICES,Souss-Massa,75,SALARIE_CDD,6410,2231,25365,36,45,2,4,0.41,HYPOTHEQUE,IMMOBILIER,1
AGRICULTURE,Souss-Massa,72,FONCTIONNAIRE,4185,2025,28750,36,45,3,1,0.486,AUCUNE,IMMOBILIER,0
INDUSTRIE,Tanger-Tétouan-Al Hoceïma,21,INDEPENDANT,9872,6189,45160,36,0,5,0,0.645,AUCUNE,CONSOMMATION,1
COMMERCE,Oriental,23,RETRAITE,5708,2162,37490,24,0,3,0,0.288,NANTISSEMENT,CONSOMMATION,1
TECH,Fès-Meknès,23,SALARIE_CDD,3629,1704,19112,84,5,0,0,0.413,CAUTION,CONSOMMATION,1
AGRICULTURE,Tanger-Tétouan-Al Hoceïma,46,FONCTIONNAIRE,11963,2857,25421,24,21,0,0,0.216,CAUTION,PROFESSIONNEL,0
SERVICES,Guelmim-Oued Noun,54,SALARIE_CDI,6175,2700,30161,12,32,2,0,0.384,AUCUNE,AUTO,1
TECH,Fès-Meknès,40,SALARIE_CDI,6671,3430,102481,120,19,5,0,0.564,AUCUNE,PROFESSIONNEL,0
AGRICULTURE,Fès-Meknès,18,SALARIE_CDI,5219,2776,32075,60,0,2,0,0.501,HYPOTHEQUE,IMMOBILIER,0
SERVICES,Rabat-Salé-Kénitra,30,SALARIE_CDI,13590,8654,368095,36,6,2,4,0.576,CAUTION,CONSOMMATION,1
TECH,Drâa-Tafilalet,56,FONCTIONNAIRE,9152,5892,30078,84,33,1,0,0.744,CAUTION,CONSOMMATION,0
INDUSTRIE,Drâa-Tafilalet,41,SALARIE_CDD,6149,2507,11179,24,17,1,0,0.5,AUCUNE,CONSOMMATION,0
COMMERCE,Drâa-Tafilalet,25,FONCTIONNAIRE,3424,1987,46437,36,2,2,1,0.617,CAUTION,CONSOMMATION,1
COMMERCE,Marrakech-Safi,59,FONCTIONNAIRE,25079,13005,75587,36,34,0,0,0.421,HYPOTHEQUE,IMMOBILIER,0
SERVICES,Souss-Massa,56,SALARIE_CDI,19746,8141,50643,48,31,2,3,0.486,AUCUNE,IMMOBILIER,0
SERVICES,Fès-Meknès,48,FONCTIONNAIRE,15512,2560,41676,48,21,5,3,0.237,AUCUNE,PROFESSIONNEL,1
SERVICES,Guelmim-Oued Noun,77,SALARIE_CDI,5905,3770,27840,36,45,0,0,0.552,HYPOTHEQUE,IMMOBILIER,1
SERVICES,Tanger-Tétouan-Al Hoceïma,71,SALARIE_CDI,6468,4092,29747,36,44,0,0,0.519,AUCUNE,CONSOMMATION,0
COMMERCE,Tanger-Tétouan-Al Hoceïma,20,RETRAITE,9704,3970,7121,36,0,1,0,0.381,HYPOTHEQUE,CONSOMMATION,1
INDUSTRIE,Souss-Massa,75,SALARIE_CDI,5420,1746,66260,12,45,4,3,0.34,AUCUNE,CONSOMMATION,0
SERVICES,Guelmim-Oued Noun,21,SALARIE_CDI,5191,1069,27850,12,0,0,0,0.277,AUCUNE,AUTO,0
COMMERCE,Drâa-Tafilalet,48,FONCTIONNAIRE,15621,2774,81021,36,23,0,2,0.083,CAUTION,CONSOMMATION,0
COMMERCE,Guelmim-Oued Noun,74,SALARIE_CDD,7904,4361,25014,60,45,0,2,0.642,NANTISSEMENT,CONSOMMATION,1
COMMERCE,Souss-Massa,79,SALARIE_CDD,4895,1736,34981,120,45,5,3,0.271,CAUTION,IMMOBILIER,0
AGRICULTURE,Guelmim-Oued Noun,19,INDEPENDANT,12440,5367,87067,120,1,0,1,0.475,AUCUNE,IMMOBILIER,1
INDUSTRIE,Laâyoune-Sakia El Hamra,22,FONCTIONNAIRE,6259,1882,92515,24,3,5,0,0.299,NANTISSEMENT,CONSOMMATION,1
TECH,Oriental,33,FONCTIONNAIRE,3325,1520,65438,48,6,3,1,0.52,AUCUNE,CONSOMMATION,0
SERVICES,Drâa-Tafilalet,35,INDEPENDANT,4863,2574,9801,36,11,1,0,0.548,AUCUNE,PROFESSIONNEL,0
TECH,Laâyoune-Sakia El Hamra,35,SALARIE_CDI,6423,3831,14855,12,9,5,0,0.593,AUCUNE,AUTO,1
AGRICULTURE,Laâyoune-Sakia El Hamra,44,SALARIE_CDD,8946,3561,59325,84,21,0,2,0.432,AUCUNE,CONSOMMATION,0
TECH,Fès-Meknès,38,SALARIE_CDI,8754,2627,22272,12,19,1,0,0.261,CAUTION,CONSOMMATION,0
COMMERCE,Drâa-Tafilalet,54,SALARIE_CDI,14080,2653,38240,24,31,0,3,0.182,AUCUNE,CONSOMMATION,1
COMMERCE,Souss-Massa,71,RETRAITE,7283,4202,41991,120,44,1,0,0.51,HYPOTHEQUE,AUTO,0
INDUSTRIE,Rabat-Salé-Kénitra,52,INDEPENDANT,6571,3790,43448,84,27,5,0,0.613,NANTISSEMENT,CONSOMMATION,1
COMMERCE,Tanger-Tétouan-Al Hoceïma,38,SALARIE_CDI,14190,4636,17344,60,18,3,0,0.386,HYPOTHEQUE,PROFESSIONNEL,0
TECH,Dakhla-Oued Ed-Dahab,53,SALARIE_CDD,12587,3192,74310,48,29,3,0,0.276,AUCUNE,IMMOBILIER,1
AGRICULTURE,Dakhla-Oued Ed-Dahab,57,SALARIE_CDI,7361,3583,25157,84,33,1,1,0.498,HYPOTHEQUE,IMMOBILIER,0
COMMERCE,Guelmim-Oued Noun,74,FONCTIONNAIRE,9241,4882,54880,48,45,5,0,0.513,CAUTION,AUTO,0
SERVICES,Dakhla-Oued Ed-Dahab,77,SALARIE_CDD,6543,3343,31413,84,45,5,1,0.631,HYPOTHEQUE,CONSOMMATION,1
COMMERCE,Oriental,35,INDEPENDANT,4803,892,139330,12,8,2,0,0.184,AUCUNE,PROFESSIONNEL,0
SERVICES,Guelmim-Oued Noun,75,SALARIE_CDI,21780,13985,100103,120,45,2,0,0.564,AUCUNE,PROFESSIONNEL,0
SERVICES,Rabat-Salé-Kénitra,69,SALARIE_CDI,6350,2681,161478,12,43,4,1,0.45,CAUTION,IMMOBILIER,0
INDUSTRIE,Fès-Meknès,26,RETRAITE,9253,4202,115492,84,2,2,0,0.457,AUCUNE,PROFESSIONNEL,1
TECH,Marrakech-Safi,53,INDEPENDANT,4097,707,33057,84,34,5,4,0.276,AUCUNE,PROFESSIONNEL,1
SERVICES,Dakhla-Oued Ed-Dahab,27,SALARIE_CDI,11287,1760,24990,12,4,1,1,0.155,HYPOTHEQUE,CONSOMMATION,0
SERVICES,Béni Mellal-Khénifra,48,SALARIE_CDD,4710,1004,16403,24,25,1,0,0.145,AUCUNE,CONSOMMATION,0
SERVICES,Dakhla-Oued Ed-Dahab,20,INDEPENDANT,17242,5957,43755,24,0,1,1,0.43,NANTISSEMENT,CONSOMMATION,0
TECH,Tanger-Tétouan-Al Hoceïma,36,FONCTIONNAIRE,18194,11324,36940,48,9,0,1,0.637,CAUTION,CONSOMMATION,1
COMMERCE,Tanger-Tétouan-Al Hoceïma,55,FONCTIONNAIRE,10452,5372,35238,24,34,5,4,0.485,NANTISSEMENT,IMMOBILIER,1
SERVICES,Drâa-Tafilalet,37,FONCTIONNAIRE,8533,5543,20326,48,13,1,0,0.763,CAUTION,CONSOMMATION,1
SERVICES,Oriental,18,RETRAITE,7448,3649,46756,120,0,3,1,0.488,AUCUNE,CONSOMMATION,1
COMMERCE,Tanger-Tétouan-Al Hoceïma,42,FONCTIONNAIRE,7932,1585,27797,12,19,3,0,0.172,CAUTION,PROFESSIONNEL,0
INDUSTRIE,Fès-Meknès,52,SALARIE_CDI,9742,4844,25906,120,34,0,0,0.545,HYPOTHEQUE,IMMOBILIER,0
COMMERCE,Oriental,66,SALARIE_CDD,8437,3971,40730,60,39,4,1,0.519,AUCUNE,PROFESSIONNEL,1
INDUSTRIE,Casablanca-Settat,26,INDEPENDANT,12604,7476,34389,48,6,0,1,0.639,HYPOTHEQUE,PROFESSIONNEL,0
AGRICULTURE,Marrakech-Safi,48,SALARIE_CDD,5360,2263,13382,48,23,5,2,0.49,NANTISSEMENT,CONSOMMATION,1
INDUSTRIE,Casablanca-Settat,30,SALARIE_CDI,16117,4397,20923,24,5,2,0,0.178,AUCUNE,IMMOBILIER,0
COMMERCE,Rabat-Salé-Kénitra,27,FONCTIONNAIRE,6700,3460,52724,120,3,4,0,0.558,NANTISSEMENT,CONSOMMATION,0
SERVICES,Marrakech-Safi,25,SALARIE_CDD,5793,3051,35122,12,0,3,1,0.531,AUCUNE,PROFESSIONNEL,1
AGRICULTURE,Casablanca-Settat,65,RETRAITE,9539,3883,9323,12,43,0,0,0.414,AUCUNE,CONSOMMATION,0
AGRICULTURE,Casablanca-Settat,75,SALARIE_CDD,9818,1938,59229,60,45,4,0,0.172,NANTISSEMENT,CONSOMMATION,1
TECH,Guelmim-Oued Noun,59,INDEPENDANT,3709,1324,35080,24,34,5,0,0.336,AUCUNE,CONSOMMATION,1
COMMERCE,Marrakech-Safi,41,FONCTIONNAIRE,6526,3720,17271,12,18,3,0,0.558,NANTISSEMENT,IMMOBILIER,1
SERVICES,Oriental,77,SALARIE_CDI,3049,920,22737,24,45,5,0,0.309,CAUTION,CONSOMMATION,0
TECH,Rabat-Salé-Kénitra,49,SALARIE_CDD,5979,3084,40768,48,28,1,1,0.406,CAUTION,CONSOMMATION,1
TECH,Dakhla-Oued Ed-Dahab,51,SALARIE_CDI,6096,1687,7738,36,32,1,1,0.313,CAUTION,PROFESSIONNEL,1
SERVICES,Marrakech-Safi,57,INDEPENDANT,9264,2912,48745,84,38,4,0,0.363,AUCUNE,IMMOBILIER,1
INDUSTRIE,Drâa-Tafilalet,59,INDEPENDANT,5684,1810,72455,120,35,5,0,0.342,CAUTION,CONSOMMATION,1
COMMERCE,Béni Mellal-Khénifra,49,SALARIE_CDI,6324,1377,67738,36,31,1,0,0.247,CAUTION,PROFESSIONNEL,0
TECH,Guelmim-Oued Noun,48,SALARIE_CDD,14570,4744,81469,48,24,1,3,0.374,AUCUNE,CONSOMMATION,1
COMMERCE,Béni Mellal-Khénifra,38,RETRAITE,20514,10499,21037,60,18,1,0,0.524,AUCUNE,PROFESSIONNEL,0
COMMERCE,Oriental,60,SALARIE_CDI,5354,1877,74890,24,41,3,0,0.46,HYPOTHEQUE,PROFESSIONNEL,0
COMMERCE,Guelmim-Oued Noun,60,INDEPENDANT,12819,3844,43942,48,39,4,1,0.3,AUCUNE,CONSOMMATION,0
SERVICES,Guelmim-Oued Noun,45,SALARIE_CDI,9648,4827,20237,24,19,4,0,0.549,AUCUNE,PROFESSIONNEL,1
INDUSTRIE,Tanger-Tétouan-Al Hoceïma,62,SALARIE_CDI,3705,1511,50350,120,44,0,4,0.363,CAUTION,CONSOMMATION,1
SERVICES,Dakhla-Oued Ed-Dahab,26,FONCTIONNAIRE,5676,2088,49291,48,0,0,0,0.361,CAUTION,CONSOMMATION,0
TECH,Dakhla-Oued Ed-Dahab,44,SALARIE_CDI,2500,1370,106762,36,17,4,0,0.603,HYPOTHEQUE,IMMOBILIER,1
INDUSTRIE,Drâa-Tafilalet,80,INDEPENDANT,9373,3196,83954,24,45,4,5,0.333,HYPOTHEQUE,CONSOMMATION,1
INDUSTRIE,Dakhla-Oued Ed-Dahab,64,FONCTIONNAIRE,4991,2107,22395,24,43,2,4,0.394,HYPOTHEQUE,CONSOMMATION,0
SERVICES,Rabat-Salé-Kénitra,63,FONCTIONNAIRE,8606,1428,46095,12,38,3,0,0.183,AUCUNE,IMMOBILIER,0
SERVICES,Oriental,72,FONCTIONNAIRE,25769,8239,45751,36,45,1,0,0.322,CAUTION,CONSOMMATION,0
COMMERCE,Béni Mellal-Khénifra,56,FONCTIONNAIRE,16596,4455,43300,60,36,3,4,0.222,AUCUNE,CONSOMMATION,0
SERVICES,Dakhla-Oued Ed-Dahab,59,INDEPENDANT,5738,3402,29337,120,36,1,0,0.574,AUCUNE,CONSOMMATION,1
SERVICES,Rabat-Salé-Kénitra,48,FONCTIONNAIRE,5146,826,124030,60,28,3,2,0.171,AUCUNE,IMMOBILIER,0
TECH,Guelmim-Oued Noun,70,INDEPENDANT,14499,7250,23478,24,45,5,0,0.379,HYPOTHEQUE,IMMOBILIER,0
INDUSTRIE,Casablanca-Settat,62,FONCTIONNAIRE,5156,2723,116596,12,43,0,2,0.53,NANTISSEMENT,PROFESSIONNEL,0
INDUSTRIE,Tanger-Tétouan-Al Hoceïma,50,SALARIE_CDD,12658,4003,13395,48,23,5,1,0.271,NANTISSEMENT,AUTO,0
INDUSTRIE,Drâa-Tafilalet,25,SALARIE_CDD,27754,7731,27806,48,1,0,2,0.266,AUCUNE,CONSOMMATION,0
TECH,Fès-Meknès,68,SALARIE_CDD,10981,2552,62019,12,42,1,0,0.169,HYPOTHEQUE,CONSOMMATION,0
INDUSTRIE,Laâyoune-Sakia El Hamra,38,SALARIE_CDI,13805,3983,17379,60,11,1,5,0.271,HYPOTHEQUE,CONSOMMATION,1
TECH,Dakhla-Oued Ed-Dahab,40,SALARIE_CDD,13103,7953,21709,12,21,0,0,0.697,HYPOTHEQUE,CONSOMMATION,0
AGRICULTURE,Rabat-Salé-Kénitra,25,SALARIE_CDD,6306,1083,52811,60,2,0,0,0.121,AUCUNE,IMMOBILIER,1
COMMERCE,Fès-Meknès,31,SALARIE_CDI,9233,3493,10831,120,10,4,2,0.345,CAUTION,PROFESSIONNEL,1
INDUSTRIE,Casablanca-Settat,25,INDEPENDANT,5269,1487,78696,12,5,2,0,0.263,HYPOTHEQUE,CONSOMMATION,1
TECH,Drâa-Tafilalet,24,INDEPENDANT,14479,7210,102231,24,3,2,0,0.391,CAUTION,IMMOBILIER,1
INDUSTRIE,Laâyoune-Sakia El Hamra,19,SALARIE_CDI,4973,1576,105349,84,0,3,1,0.23,AUCUNE,CONSOMMATION,0
INDUSTRIE,Béni Mellal-Khénifra,36,RETRAITE,11108,3588,45609,84,13,1,2,0.35,CAUTION,PROFESSIONNEL,1
COMMERCE,Rabat-Salé-Kénitra,65,RETRAITE,13484,2416,26918,48,45,0,1,0.149,CAUTION,AUTO,0
INDUSTRIE,Marrakech-Safi,72,INDEPENDANT,6495,3931,28178,120,45,2,0,0.695,AUCUNE,CONSOMMATION,0
SERVICES,Casablanca-Settat,32,SALARIE_CDI,5858,2406,44407,36,12,4,0,0.363,CAUTION,CONSOMMATION,0
INDUSTRIE,Souss-Massa,44,SALARIE_CDD,7507,1385,39764,60,20,0,0,0.277,HYPOTHEQUE,CONSOMMATION,0
SERVICES,Drâa-Tafilalet,70,SALARIE_CDD,5423,2852,27829,48,45,5,1,0.438,AUCUNE,IMMOBILIER,1
INDUSTRIE,Rabat-Salé-Kénitra,62,INDEPENDANT,8694,4695,110059,120,36,0,0,0.531,HYPOTHEQUE,CONSOMMATION,1
COMMERCE,Laâyoune-Sakia El Hamra,74,FONCTIONNAIRE,5363,2041,30567,48,45,0,2,0.335,HYPOTHEQUE,PROFESSIONNEL,0
AGRICULTURE,Fès-Meknès,44,FONCTIONNAIRE,5541,3544,99320,12,24,1,4,0.677,HYPOTHEQUE,CONSOMMATION,0
SERVICES,Oriental,28,INDEPENDANT,10364,2726,38947,84,1,1,3,0.229,AUCUNE,PROFESSIONNEL,1
COMMERCE,Drâa-Tafilalet,27,RETRAITE,10699,6121,37292,36,7,2,0,0.544,CAUTION,AUTO,0
INDUSTRIE,Oriental,62,FONCTIONNAIRE,7100,4070,52189,60,44,2,0,0.567,NANTISSEMENT,CONSOMMATION,0
SERVICES,Souss-Massa,19,INDEPENDANT,3863,1586,51717,36,0,3,0,0.538,CAUTION,PROFESSIONNEL,0
SERVICES,Tanger-Tétouan-Al Hoceïma,46,INDEPENDANT,13724,5765,32821,36,26,3,1,0.488,CAUTION,CONSOMMATION,1
SERVICES,Souss-Massa,40,SALARIE_CDI,6622,1365,53921,24,20,1,2,0.182,CAUTION,IMMOBILIER,0
SERVICES,Marrakech-Safi,75,INDEPENDANT,20497,4440,58764,12,45,0,2,0.168,AUCUNE,AUTO,0
SERVICES,Fès-Meknès,80,SALARIE_CDI,7634,2759,115528,12,45,0,0,0.316,AUCUNE,IMMOBILIER,1
INDUSTRIE,Guelmim-Oued Noun,48,SALARIE_CDI,8614,5246,38175,36,24,2,0,0.553,AUCUNE,CONSOMMATION,1
COMMERCE,Laâyoune-Sakia El Hamra,54,RETRAITE,6672,1716,21024,84,35,4,1,0.308,AUCUNE,CONSOMMATION,0
SERVICES,Laâyoune-Sakia El Hamra,41,SALARIE_CDD,9041,3503,22599,24,21,5,0,0.349,AUCUNE,CONSOMMATION,0
SERVICES,Fès-Meknès,66,SALARIE_CDD,38733,7054,190526,60,43,4,1,0.242,AUCUNE,AUTO,0
SERVICES,Fès-Meknès,36,RETRAITE,6925,2075,9742,60,9,3,1,0.359,HYPOTHEQUE,IMMOBILIER,1
COMMERCE,Casablanca-Settat,64,SALARIE_CDD,14391,4835,15789,60,45,3,1,0.327,AUCUNE,PROFESSIONNEL,0
INDUSTRIE,Fès-Meknès,74,SALARIE_CDI,8440,5329,36982,60,45,1,0,0.556,CAUTION,CONSOMMATION,0
COMMERCE,Béni Mellal-Khénifra,28,SALARIE_CDI,13742,3388,23610,84,1,1,1,0.285,NANTISSEMENT,AUTO,0
SERVICES,Fès-Meknès,32,FONCTIONNAIRE,3397,681,64421,36,9,3,0,0.137,AUCUNE,CONSOMMATION,1
SERVICES,Drâa-Tafilalet,41,SALARIE_CDI,19442,3439,60596,60,21,0,0,0.177,AUCUNE,IMMOBILIER,0
AGRICULTURE,Casablanca-Settat,70,SALARIE_CDI,9447,3883,24978,120,44,2,1,0.486,AUCUNE,CONSOMMATION,1
SERVICES,Tanger-Tétouan-Al Hoceïma,58,INDEPENDANT,7183,2943,104049,60,39,3,0,0.288,AUCUNE,AUTO,1
SERVICES,Fès-Meknès,30,SALARIE_CDI,12167,3017,16775,120,9,5,3,0.234,HYPOTHEQUE,CONSOMMATION,0
SERVICES,Souss-Massa,41,FONCTIONNAIRE,8645,2367,21675,84,22,5,0,0.241,CAUTION,CONSOMMATION,0
AGRICULTURE,Casablanca-Settat,58,SALARIE_CDI,4834,1496,109176,48,33,5,2,0.286,AUCUNE,CONSOMMATION,0
COMMERCE,Souss-Massa,78,FONCTIONNAIRE,2723,421,14563,84,45,3,4,0.083,CAUTION,PROFESSIONNEL,0
COMMERCE,Guelmim-Oued Noun,46,FONCTIONNAIRE,18430,10294,46296,48,19,1,0,0.662,NANTISSEMENT,PROFESSIONNEL,0
AGRICULTURE,Laâyoune-Sakia El Hamra,22,SALARIE_CDD,7330,3932,108855,120,4,1,0,0.545,AUCUNE,CONSOMMATION,1
SERVICES,Fès-Meknès,24,SALARIE_CDI,6150,1907,5887,12,0,5,0,0.207,HYPOTHEQUE,AUTO,1
AGRICULTURE,Souss-Massa,19,SALARIE_CDI,6369,2784,28670,120,0,4,2,0.455,AUCUNE,PROFESSIONNEL,1
SERVICES,Drâa-Tafilalet,25,SALARIE_CDI,15662,4919,70495,120,7,4,0,0.37,CAUTION,CONSOMMATION,1
COMMERCE,Souss-Massa,43,SALARIE_CDI,6499,1062,30060,36,24,3,3,0.16,AUCUNE,CONSOMMATION,0
INDUSTRIE,Oriental,35,SALARIE_CDD,10829,4818,37855,24,17,0,1,0.526,AUCUNE,CONSOMMATION,1
INDUSTRIE,Tanger-Tétouan-Al Hoceïma,36,SALARIE_CDI,6970,3560,41424,60,14,3,2,0.406,AUCUNE,PROFESSIONNEL,1
AGRICULTURE,Laâyoune-Sakia El Hamra,66,SALARIE_CDI,4607,1460,45203,60,41,4,2,0.374,CAUTION,CONSOMMATION,0
SERVICES,Béni Mellal-Khénifra,48,SALARIE_CDI,12156,3290,20659,36,26,1,2,0.258,HYPOTHEQUE,CONSOMMATION,0
AGRICULTURE,Dakhla-Oued Ed-Dahab,63,INDEPENDANT,13311,3755,62092,60,45,1,0,0.237,CAUTION,CONSOMMATION,0
INDUSTRIE,Guelmim-Oued Noun,52,SALARIE_CDD,5969,1937,43412,48,31,2,1,0.364,AUCUNE,IMMOBILIER,1
COMMERCE,Tanger-Tétouan-Al Hoceïma,30,FONCTIONNAIRE,7967,3058,16281,36,6,0,1,0.422,AUCUNE,PROFESSIONNEL,1
AGRICULTURE,Fès-Meknès,77,FONCTIONNAIRE,8465,4465,26214,48,45,0,1,0.603,AUCUNE,CONSOMMATION,0
SERVICES,Rabat-Salé-Kénitra,48,SALARIE_CDD,9900,2470,13505,12,22,4,2,0.323,CAUTION,IMMOBILIER,0
AGRICULTURE,Béni Mellal-Khénifra,70,SALARIE_CDI,19675,9900,42180,48,45,5,0,0.507,CAUTION,IMMOBILIER,1
COMMERCE,Drâa-Tafilalet,24,SALARIE_CDD,7004,4428,51198,60,6,2,1,0.552,AUCUNE,CONSOMMATION,1
COMMERCE,Tanger-Tétouan-Al Hoceïma,71,FONCTIONNAIRE,6985,1677,42130,120,45,0,0,0.149,CAUTION,IMMOBILIER,0
SERVICES,Casablanca-Settat,63,SALARIE_CDD,7488,3024,53363,36,45,5,1,0.317,CAUTION,CONSOMMATION,0
COMMERCE,Guelmim-Oued Noun,33,SALARIE_CDI,5303,1753,39872,12,15,5,3,0.309,AUCUNE,CONSOMMATION,1
COMMERCE,Marrakech-Safi,67,INDEPENDANT,3733,1681,61913,24,44,2,1,0.463,AUCUNE,AUTO,1
INDUSTRIE,Oriental,64,INDEPENDANT,8606,5081,33205,120,37,5,0,0.618,CAUTION,CONSOMMATION,0
SERVICES,Casablanca-Settat,74,SALARIE_CDI,10273,6094,59353,120,45,3,0,0.622,AUCUNE,PROFESSIONNEL,1
SERVICES,Casablanca-Settat,31,INDEPENDANT,8112,3014,14763,84,6,4,4,0.33,AUCUNE,IMMOBILIER,1
TECH,Laâyoune-Sakia El Hamra,73,SALARIE_CDI,7878,4165,13656,48,45,4,0,0.597,CAUTION,PROFESSIONNEL,0
SERVICES,Drâa-Tafilalet,66,SALARIE_CDI,5408,2194,38585,120,41,1,3,0.486,CAUTION,AUTO,1
COMMERCE,Casablanca-Settat,39,SALARIE_CDI,9078,4866,58637,60,12,5,2,0.485,AUCUNE,PROFESSIONNEL,0
AGRICULTURE,Rabat-Salé-Kénitra,40,RETRAITE,8747,5180,29919,24,13,0,0,0.587,AUCUNE,IMMOBILIER,1
SERVICES,Souss-Massa,34,SALARIE_CDI,10034,5076,56765,36,9,1,3,0.54,AUCUNE,PROFESSIONNEL,1
SERVICES,Drâa-Tafilalet,48,INDEPENDANT,9374,1691,45112,120,29,0,1,0.253,CAUTION,PROFESSIONNEL,0
COMMERCE,Souss-Massa,74,FONCTIONNAIRE,9674,2638,8654,24,45,1,4,0.303,AUCUNE,IMMOBILIER,1
SERVICES,Laâyoune-Sakia El Hamra,70,FONCTIONNAIRE,14668,7963,184677,84,45,4,0,0.513,AUCUNE,CONSOMMATION,1
COMMERCE,Béni Mellal-Khénifra,27,SALARIE_CDD,10483,1675,15047,12,7,5,1,0.108,HYPOTHEQUE,CONSOMMATION,1
COMMERCE,Béni Mellal-Khénifra,26,SALARIE_CDI,10060,4114,18745,60,0,0,0,0.355,AUCUNE,PROFESSIONNEL,0
COMMERCE,Fès-Meknès,21,INDEPENDANT,3699,1684,81202,36,0,1,0,0.442,CAUTION,AUTO,0
INDUSTRIE,Drâa-Tafilalet,56,SALARIE_CDD,13018,7290,36821,12,34,1,0,0.534,AUCUNE,CONSOMMATION,0
COMMERCE,Laâyoune-Sakia El Hamra,37,FONCTIONNAIRE,7087,3921,21217,12,16,3,1,0.489,HYPOTHEQUE,AUTO,0
COMMERCE,Casablanca-Settat,65,SALARIE_CDI,8397,1567,26141,24,39,5,0,0.222,AUCUNE,IMMOBILIER,0
SERVICES,Drâa-Tafilalet,65,INDEPENDANT,4570,2239,19608,120,45,0,3,0.472,AUCUNE,IMMOBILIER,0
COMMERCE,Laâyoune-Sakia El Hamra,30,FONCTIONNAIRE,20753,11314,20739,120,5,2,0,0.567,HYPOTHEQUE,CONSOMMATION,0
AGRICULTURE,Souss-Massa,61,FONCTIONNAIRE,2661,539,63102,24,40,4,1,0.138,CAUTION,CONSOMMATION,0
COMMERCE,Guelmim-Oued Noun,66,SALARIE_CDD,15830,6217,25625,36,45,5,4,0.443,AUCUNE,PROFESSIONNEL,1
COMMERCE,Tanger-Tétouan-Al Hoceïma,80,SALARIE_CDI,9812,4658,17190,12,45,1,0,0.516,AUCUNE,CONSOMMATION,0
INDUSTRIE,Marrakech-Safi,63,SALARIE_CDI,3438,1104,21333,48,44,3,0,0.379,HYPOTHEQUE,PROFESSIONNEL,0
SERVICES,Guelmim-Oued Noun,40,SALARIE_CDI,20259,6792,32574,84,13,4,0,0.329,HYPOTHEQUE,IMMOBILIER,0
SERVICES,Fès-Meknès,80,FONCTIONNAIRE,10211,2057,21496,48,45,5,5,0.19,HYPOTHEQUE,IMMOBILIER,1
SERVICES,Guelmim-Oued Noun,35,SALARIE_CDI,2804,1506,29273,84,8,4,4,0.568,CAUTION,IMMOBILIER,0
AGRICULTURE,Fès-Meknès,68,SALARIE_CDI,6700,1799,46336,120,44,4,1,0.333,HYPOTHEQUE,IMMOBILIER,0
SERVICES,Tanger-Tétouan-Al Hoceïma,41,SALARIE_CDI,10307,3787,25937,120,16,3,1,0.366,AUCUNE,AUTO,1
TECH,Drâa-Tafilalet,76,SALARIE_CDI,17518,7151,19894,36,45,0,0,0.33,HYPOTHEQUE,CONSOMMATION,0
SERVICES,Tanger-Tétouan-Al Hoceïma,67,FONCTIONNAIRE,6740,1305,22298,24,45,0,0,0.171,AUCUNE,PROFESSIONNEL,1
INDUSTRIE,Guelmim-Oued Noun,55,FONCTIONNAIRE,2500,914,96230,48,37,4,1,0.433,HYPOTHEQUE,PROFESSIONNEL,1
INDUSTRIE,Casablanca-Settat,31,SALARIE_CDD,15624,3534,166452,12,9,1,0,0.265,AUCUNE,IMMOBILIER,0
INDUSTRIE,Casablanca-Settat,29,SALARIE_CDD,10139,2700,37507,48,9,4,2,0.282,HYPOTHEQUE,PROFESSIONNEL,1
TECH,Casablanca-Settat,77,FONCTIONNAIRE,2967,974,60321,84,45,0,3,0.307,CAUTION,CONSOMMATION,0
AGRICULTURE,Fès-Meknès,68,FONCTIONNAIRE,9454,3733,18809,24,45,3,2,0.48,NANTISSEMENT,CONSOMMATION,1
TECH,Casablanca-Settat,50,INDEPENDANT,9916,3640,24026,84,27,1,0,0.315,CAUTION,CONSOMMATION,1
SERVICES,Tanger-Tétouan-Al Hoceïma,73,INDEPENDANT,7001,1301,49760,84,45,3,0,0.187,AUCUNE,IMMOBILIER,0
TECH,Casablanca-Settat,67,INDEPENDANT,5584,1816,6943,36,43,2,4,0.349,HYPOTHEQUE,IMMOBILIER,0
SERVICES,Guelmim-Oued Noun,42,INDEPENDANT,6159,1045,62370,36,16,4,0,0.191,AUCUNE,CONSOMMATION,0
AGRICULTURE,Rabat-Salé-Kénitra,70,INDEPENDANT,6999,1927,24460,120,45,2,0,0.236,HYPOTHEQUE,CONSOMMATION,0
COMMERCE,Dakhla-Oued Ed-Dahab,68,FONCTIONNAIRE,9505,1830,17077,84,42,4,0,0.234,HYPOTHEQUE,AUTO,0
INDUSTRIE,Laâyoune-Sakia El Hamra,48,FONCTIONNAIRE,11554,2700,47654,84,28,5,0,0.264,CAUTION,CONSOMMATION,0
SERVICES,Drâa-Tafilalet,19,INDEPENDANT,3082,1237,99679,36,0,2,0,0.411,AUCUNE,CONSOMMATION,1
SERVICES,Guelmim-Oued Noun,64,SALARIE_CDI,9092,5579,29170,36,37,4,0,0.635,HYPOTHEQUE,CONSOMMATION,0
SERVICES,Guelmim-Oued Noun,39,SALARIE_CDD,10093,2497,44556,60,21,2,1,0.221,CAUTION,IMMOBILIER,1
AGRICULTURE,Laâyoune-Sakia El Hamra,40,INDEPENDANT,8744,4507,49890,84,22,2,0,0.608,CAUTION,CONSOMMATION,0
TECH,Oriental,62,FONCTIONNAIRE,6753,1161,42959,24,39,4,0,0.24,HYPOTHEQUE,CONSOMMATION,0
AGRICULTURE,Béni Mellal-Khénifra,69,SALARIE_CDI,15351,4880,18076,12,44,5,2,0.285,HYPOTHEQUE,PROFESSIONNEL,0
SERVICES,Souss-Massa,23,SALARIE_CDD,14839,5204,42466,12,4,1,0,0.343,HYPOTHEQUE,AUTO,1
COMMERCE,Béni Mellal-Khénifra,69,SALARIE_CDI,6872,1403,41312,36,45,2,0,0.262,AUCUNE,AUTO,1
SERVICES,Tanger-Tétouan-Al Hoceïma,36,SALARIE_CDD,7806,3656,5373,48,18,2,1,0.502,AUCUNE,IMMOBILIER,1
COMMERCE,Rabat-Salé-Kénitra,53,FONCTIONNAIRE,11468,2555,66191,24,30,2,1,0.23,HYPOTHEQUE,IMMOBILIER,1
INDUSTRIE,Dakhla-Oued Ed-Dahab,72,FONCTIONNAIRE,14432,7942,12676,12,45,1,0,0.502,CAUTION,CONSOMMATION,0
INDUSTRIE,Drâa-Tafilalet,31,SALARIE_CDD,5614,2503,39726,36,12,0,0,0.403,NANTISSEMENT,PROFESSIONNEL,0
COMMERCE,Drâa-Tafilalet,31,SALARIE_CDI,5060,2634,105075,120,4,1,4,0.526,AUCUNE,PROFESSIONNEL,1
SERVICES,Fès-Meknès,79,SALARIE_CDD,9167,2128,30617,24,45,4,0,0.317,AUCUNE,IMMOBILIER,1
COMMERCE,Guelmim-Oued Noun,41,SALARIE_CDI,4887,1508,17461,60,20,5,0,0.368,CAUTION,CONSOMMATION,0
COMMERCE,Oriental,77,SALARIE_CDD,3377,1698,53713,84,45,1,0,0.536,HYPOTHEQUE,PROFESSIONNEL,1
SERVICES,Casablanca-Settat,40,FONCTIONNAIRE,5602,2110,96890,60,13,2,1,0.416,CAUTION,AUTO,1
AGRICULTURE,Dakhla-Oued Ed-Dahab,57,SALARIE_CDI,9776,4557,16714,84,33,1,1,0.353,HYPOTHEQUE,CONSOMMATION,0
COMMERCE,Dakhla-Oued Ed-Dahab,50,INDEPENDANT,16303,5816,6962,36,25,5,3,0.374,HYPOTHEQUE,IMMOBILIER,1
TECH,Laâyoune-Sakia El Hamra,79,FONCTIONNAIRE,5890,2863,83106,24,45,2,1,0.503,NANTISSEMENT,CONSOMMATION,0
COMMERCE,Souss-Massa,52,SALARIE_CDI,7662,3607,66034,24,29,0,0,0.399,CAUTION,CONSOMMATION,0
TECH,Marrakech-Safi,49,SALARIE_CDD,8691,2605,47544,36,30,4,2,0.413,AUCUNE,CONSOMMATION,1
TECH,Casablanca-Settat,47,SALARIE_CDI,6052,3576,10302,48,29,0,0,0.616,CAUTION,IMMOBILIER,1
TECH,Drâa-Tafilalet,41,SALARIE_CDI,5842,3016,55181,60,19,5,3,0.546,AUCUNE,CONSOMMATION,0
COMMERCE,Laâyoune-Sakia El Hamra,45,INDEPENDANT,9421,1735,74868,120,22,3,0,0.148,AUCUNE,CONSOMMATION,0
SERVICES,Rabat-Salé-Kénitra,47,FONCTIONNAIRE,4728,798,164305,24,22,3,0,0.184,AUCUNE,IMMOBILIER,1
SERVICES,Drâa-Tafilalet,66,INDEPENDANT,5737,2915,29822,60,45,2,4,0.518,HYPOTHEQUE,PROFESSIONNEL,1
COMMERCE,Casablanca-Settat,20,FONCTIONNAIRE,7397,3447,40592,36,0,5,2,0.564,CAUTION,CONSOMMATION,1
SERVICES,Guelmim-Oued Noun,49,INDEPENDANT,9368,5735,8048,60,28,1,0,0.662,CAUTION,CONSOMMATION,1
SERVICES,Casablanca-Settat,52,INDEPENDANT,4098,1999,71528,24,27,2,1,0.5,CAUTION,CONSOMMATION,1
SERVICES,Dakhla-Oued Ed-Dahab,65,SALARIE_CDI,7640,1941,70329,12,42,0,0,0.18,CAUTION,IMMOBILIER,0
COMMERCE,Marrakech-Safi,59,SALARIE_CDI,4533,775,48180,48,38,3,0,0.11,NANTISSEMENT,CONSOMMATION,1
SERVICES,Tanger-Tétouan-Al Hoceïma,45,SALARIE_CDD,5956,2479,83395,36,20,3,0,0.289,AUCUNE,CONSOMMATION,1
COMMERCE,Drâa-Tafilalet,24,SALARIE_CDI,11555,4601,21010,120,0,5,4,0.383,CAUTION,CONSOMMATION,1
TECH,Laâyoune-Sakia El Hamra,41,FONCTIONNAIRE,7838,4849,31173,84,17,3,1,0.646,HYPOTHEQUE,CONSOMMATION,1
TECH,Tanger-Tétouan-Al Hoceïma,34,SALARIE_CDI,17173,8658,32037,48,8,3,0,0.51,HYPOTHEQUE,CONSOMMATION,0
INDUSTRIE,Dakhla-Oued Ed-Dahab,30,INDEPENDANT,7844,4707,78390,36,7,4,1,0.634,AUCUNE,CONSOMMATION,1
COMMERCE,Casablanca-Settat,63,SALARIE_CDI,12527,6618,79631,60,37,2,3,0.637,NANTISSEMENT,AUTO,1
COMMERCE,Souss-Massa,48,INDEPENDANT,11587,5565,45360,48,23,5,1,0.434,CAUTION,CONSOMMATION,1
COMMERCE,Dakhla-Oued Ed-Dahab,67,SALARIE_CDD,8055,3476,43727,84,43,0,0,0.385,CAUTION,IMMOBILIER,1
COMMERCE,Fès-Meknès,26,SALARIE_CDI,4483,1973,53404,84,4,2,4,0.448,AUCUNE,IMMOBILIER,0
SERVICES,Oriental,80,INDEPENDANT,7729,3120,28694,120,45,5,4,0.327,CAUTION,CONSOMMATION,1
AGRICULTURE,Souss-Massa,47,SALARIE_CDD,6376,3631,94201,36,23,3,0,0.568,HYPOTHEQUE,IMMOBILIER,0
SERVICES,Tanger-Tétouan-Al Hoceïma,33,INDEPENDANT,6266,1675,26467,60,7,1,2,0.246,AUCUNE,IMMOBILIER,1
TECH,Guelmim-Oued Noun,40,INDEPENDANT,8692,5281,49054,48,15,4,0,0.545,AUCUNE,AUTO,0
COMMERCE,Oriental,71,SALARIE_CDI,4220,1814,23923,24,45,2,0,0.366,NANTISSEMENT,CONSOMMATION,1
SERVICES,Drâa-Tafilalet,62,SALARIE_CDI,5469,2017,70459,24,44,3,0,0.344,AUCUNE,CONSOMMATION,1
TECH,Oriental,28,SALARIE_CDI,5139,1313,33870,12,1,4,3,0.222,CAUTION,PROFESSIONNEL,0
SERVICES,Dakhla-Oued Ed-Dahab,80,SALARIE_CDI,7227,2082,154291,36,45,4,2,0.271,AUCUNE,AUTO,0
TECH,Souss-Massa,26,RETRAITE,5735,2535,33239,12,0,3,5,0.511,CAUTION,CONSOMMATION,1
COMMERCE,Guelmim-Oued Noun,35,INDEPENDANT,5907,1334,69993,24,17,4,2,0.28,AUCUNE,IMMOBILIER,0
SERVICES,Béni Mellal-Khénifra,63,SALARIE_CDD,8612,1306,23357,12,43,4,2,0.173,HYPOTHEQUE,CONSOMMATION,0
SERVICES,Guelmim-Oued Noun,51,FONCTIONNAIRE,6631,1854,29288,12,33,3,2,0.315,AUCUNE,PROFESSIONNEL,1
TECH,Laâyoune-Sakia El Hamra,46,INDEPENDANT,8121,2453,35262,48,25,5,0,0.252,CAUTION,CONSOMMATION,0
INDUSTRIE,Marrakech-Safi,76,SALARIE_CDI,4905,3044,46442,120,45,2,1,0.653,AUCUNE,CONSOMMATION,0
AGRICULTURE,Fès-Meknès,68,SALARIE_CDI,5581,2461,21535,48,42,5,0,0.392,CAUTION,CONSOMMATION,0
TECH,Fès-Meknès,78,INDEPENDANT,20300,7164,24354,48,45,4,0,0.384,CAUTION,IMMOBILIER,0
COMMERCE,Souss-Massa,35,INDEPENDANT,5920,3798,38658,60,15,0,0,0.734,HYPOTHEQUE,CONSOMMATION,1
SERVICES,Souss-Massa,71,SALARIE_CDI,3140,1048,48006,60,45,2,2,0.385,NANTISSEMENT,IMMOBILIER,0
COMMERCE,Casablanca-Settat,31,SALARIE_CDD,9452,5946,35404,12,13,1,4,0.675,CAUTION,PROFESSIONNEL,1
AGRICULTURE,Laâyoune-Sakia El Hamra,68,SALARIE_CDI,5892,3657,32029,48,45,1,0,0.569,AUCUNE,PROFESSIONNEL,1
SERVICES,Laâyoune-Sakia El Hamra,52,FONCTIONNAIRE,9043,4476,14340,84,34,5,3,0.496,HYPOTHEQUE,PROFESSIONNEL,0
INDUSTRIE,Béni Mellal-Khénifra,55,FONCTIONNAIRE,7783,3211,51548,24,37,4,1,0.429,AUCUNE,CONSOMMATION,0
SERVICES,Fès-Meknès,25,SALARIE_CDI,10378,5821,65513,12,0,1,1,0.615,CAUTION,IMMOBILIER,0
INDUSTRIE,Guelmim-Oued Noun,73,INDEPENDANT,7748,2417,71171,60,45,3,1,0.278,CAUTION,CONSOMMATION,0
TECH,Fès-Meknès,35,SALARIE_CDD,7318,2444,40340,60,14,4,0,0.332,AUCUNE,IMMOBILIER,1
COMMERCE,Fès-Meknès,55,INDEPENDANT,13583,3443,23805,84,35,0,0,0.337,AUCUNE,CONSOMMATION,0
COMMERCE,Dakhla-Oued Ed-Dahab,28,FONCTIONNAIRE,2986,829,28991,60,8,3,0,0.283,AUCUNE,AUTO,1
INDUSTRIE,Dakhla-Oued Ed-Dahab,76,SALARIE_CDD,4463,974,40457,36,45,3,0,0.109,CAUTION,PROFESSIONNEL,0
SERVICES,Béni Mellal-Khénifra,38,SALARIE_CDI,5590,3216,35842,48,18,5,0,0.522,CAUTION,IMMOBILIER,1
SERVICES,Marrakech-Safi,66,SALARIE_CDI,3783,570,20098,84,40,2,0,0.121,AUCUNE,IMMOBILIER,0
TECH,Rabat-Salé-Kénitra,66,INDEPENDANT,6531,2366,11185,24,43,1,2,0.315,CAUTION,IMMOBILIER,1
COMMERCE,Dakhla-Oued Ed-Dahab,52,FONCTIONNAIRE,6247,2075,24614,60,34,2,1,0.348,HYPOTHEQUE,PROFESSIONNEL,1
INDUSTRIE,Fès-Meknès,25,SALARIE_CDI,12564,4320,29917,60,3,4,1,0.405,CAUTION,PROFESSIONNEL,0
TECH,Drâa-Tafilalet,35,RETRAITE,7788,4454,45090,24,16,0,0,0.642,CAUTION,PROFESSIONNEL,1
SERVICES,Tanger-Tétouan-Al Hoceïma,56,INDEPENDANT,7362,4127,27261,120,37,2,0,0.634,AUCUNE,CONSOMMATION,1
SERVICES,Souss-Massa,51,SALARIE_CDI,6830,3290,30453,24,27,0,3,0.456,CAUTION,CONSOMMATION,1
SERVICES,Dakhla-Oued Ed-Dahab,54,SALARIE_CDI,5047,2496,39267,84,32,1,2,0.487,HYPOTHEQUE,PROFESSIONNEL,1
AGRICULTURE,Béni Mellal-Khénifra,33,FONCTIONNAIRE,12099,6676,108735,48,14,0,1,0.551,HYPOTHEQUE,CONSOMMATION,0
COMMERCE,Souss-Massa,51,SALARIE_CDI,13968,4784,32323,12,27,2,1,0.493,HYPOTHEQUE,IMMOBILIER,0
COMMERCE,Tanger-Tétouan-Al Hoceïma,23,RETRAITE,4696,1762,12282,48,1,4,3,0.399,NANTISSEMENT,CONSOMMATION,0
SERVICES,Marrakech-Safi,48,FONCTIONNAIRE,16798,4575,22490,36,27,3,0,0.27,AUCUNE,CONSOMMATION,0
SERVICES,Oriental,23,SALARIE_CDI,5991,1612,128746,36,5,0,0,0.228,CAUTION,IMMOBILIER,0
COMMERCE,Oriental,59,SALARIE_CDD,5775,3565,99100,84,35,0,1,0.682,CAUTION,PROFESSIONNEL,0
INDUSTRIE,Rabat-Salé-Kénitra,53,SALARIE_CDI,10024,5316,70103,60,33,2,0,0.472,NANTISSEMENT,CONSOMMATION,1
AGRICULTURE,Tanger-Tétouan-Al Hoceïma,71,SALARIE_CDD,10435,3929,59342,24,45,1,0,0.393,CAUTION,CONSOMMATION,0
TECH,Béni Mellal-Khénifra,47,SALARIE_CDI,7847,1330,59819,84,26,0,3,0.17,HYPOTHEQUE,IMMOBILIER,0
INDUSTRIE,Casablanca-Settat,28,INDEPENDANT,6934,3615,30722,84,4,5,0,0.509,AUCUNE,PROFESSIONNEL,1
TECH,Dakhla-Oued Ed-Dahab,32,INDEPENDANT,13733,8573,66643,12,8,2,2,0.724,CAUTION,IMMOBILIER,0
AGRICULTURE,Laâyoune-Sakia El Hamra,69,INDEPENDANT,6121,3754,68484,120,45,3,0,0.645,CAUTION,IMMOBILIER,0
COMMERCE,Béni Mellal-Khénifra,78,SALARIE_CDI,7856,3984,65587,12,45,2,0,0.563,AUCUNE,CONSOMMATION,0
COMMERCE,Casablanca-Settat,21,SALARIE_CDD,17365,8229,23884,24,0,4,0,0.419,HYPOTHEQUE,AUTO,1
AGRICULTURE,Oriental,60,INDEPENDANT,4440,934,28932,36,40,2,0,0.266,AUCUNE,PROFESSIONNEL,0
SERVICES,Laâyoune-Sakia El Hamra,48,SALARIE_CDD,6592,1271,23174,12,21,2,0,0.266,AUCUNE,CONSOMMATION,0
AGRICULTURE,Casablanca-Settat,34,SALARIE_CDD,12853,3632,72974,60,15,5,1,0.299,CAUTION,CONSOMMATION,0
SERVICES,Guelmim-Oued Noun,50,RETRAITE,10276,4438,44900,48,31,3,0,0.413,AUCUNE,IMMOBILIER,0
COMMERCE,Laâyoune-Sakia El Hamra,76,INDEPENDANT,12116,7350,47786,84,45,4,0,0.569,CAUTION,IMMOBILIER,1
TECH,Casablanca-Settat,30,INDEPENDANT,4468,2616,54333,36,4,0,0,0.589,AUCUNE,IMMOBILIER,1
COMMERCE,Marrakech-Safi,70,SALARIE_CDD,9363,2837,13515,84,45,1,0,0.296,HYPOTHEQUE,CONSOMMATION,0
COMMERCE,Drâa-Tafilalet,23,FONCTIONNAIRE,7127,2374,67326,48,1,0,0,0.306,HYPOTHEQUE,AUTO,0
COMMERCE,Laâyoune-Sakia El Hamra,63,SALARIE_CDD,22530,6876,24869,12,36,0,0,0.332,CAUTION,CONSOMMATION,0
SERVICES,Guelmim-Oued Noun,22,SALARIE_CDD,11664,4842,26503,36,0,5,2,0.428,AUCUNE,CONSOMMATION,1
SERVICES,Oriental,21,SALARIE_CDI,8022,4448,20231,36,0,4,1,0.538,AUCUNE,CONSOMMATION,0
SERVICES,Béni Mellal-Khénifra,20,INDEPENDANT,9216,4991,38407,48,0,1,0,0.526,HYPOTHEQUE,PROFESSIONNEL,0
COMMERCE,Oriental,68,SALARIE_CDD,8303,4925,34656,60,45,1,0,0.51,CAUTION,AUTO,0
INDUSTRIE,Oriental,54,FONCTIONNAIRE,11098,4560,13715,24,29,2,0,0.405,AUCUNE,CONSOMMATION,0
SERVICES,Guelmim-Oued Noun,61,INDEPENDANT,5512,2641,10380,84,41,1,1,0.419,AUCUNE,CONSOMMATION,0
AGRICULTURE,Casablanca-Settat,27,INDEPENDANT,14978,9390,31516,24,8,5,1,0.61,AUCUNE,PROFESSIONNEL,1
INDUSTRIE,Marrakech-Safi,76,SALARIE_CDI,4464,2177,64201,120,45,2,0,0.505,NANTISSEMENT,PROFESSIONNEL,1
INDUSTRIE,Casablanca-Settat,68,FONCTIONNAIRE,8886,2075,60007,36,43,3,1,0.143,AUCUNE,PROFESSIONNEL,0
INDUSTRIE,Guelmim-Oued Noun,48,SALARIE_CDD,5592,1753,73163,120,21,4,0,0.301,CAUTION,CONSOMMATION,0
SERVICES,Drâa-Tafilalet,74,SALARIE_CDI,8261,1552,31621,12,45,0,0,0.207,NANTISSEMENT,IMMOBILIER,0
TECH,Casablanca-Settat,27,SALARIE_CDI,12640,2594,28351,24,1,3,0,0.13,HYPOTHEQUE,IMMOBILIER,0
INDUSTRIE,Rabat-Salé-Kénitra,36,FONCTIONNAIRE,3750,1485,33599,120,17,2,0,0.367,AUCUNE,CONSOMMATION,1
SERVICES,Fès-Meknès,21,INDEPENDANT,7508,3899,63776,24,0,4,0,0.454,HYPOTHEQUE,CONSOMMATION,1
AGRICULTURE,Marrakech-Safi,28,RETRAITE,4239,1036,112288,36,10,2,1,0.289,NANTISSEMENT,IMMOBILIER,1
TECH,Oriental,71,SALARIE_CDD,7146,2215,26311,48,45,0,0,0.279,AUCUNE,CONSOMMATION,0
TECH,Souss-Massa,43,SALARIE_CDD,4234,1348,30150,24,17,2,0,0.285,CAUTION,PROFESSIONNEL,0
TECH,Tanger-Tétouan-Al Hoceïma,58,SALARIE_CDI,8715,4968,37110,36,39,5,0,0.614,HYPOTHEQUE,IMMOBILIER,0
AGRICULTURE,Rabat-Salé-Kénitra,73,RETRAITE,6689,1619,30161,60,45,5,2,0.23,HYPOTHEQUE,PROFESSIONNEL,0
INDUSTRIE,Béni Mellal-Khénifra,66,INDEPENDANT,11341,1894,24186,48,45,1,0,0.258,AUCUNE,AUTO,0
COMMERCE,Guelmim-Oued Noun,43,RETRAITE,14085,6506,33258,36,22,3,2,0.489,HYPOTHEQUE,CONSOMMATION,0
COMMERCE,Béni Mellal-Khénifra,39,SALARIE_CDD,8142,3366,20880,60,20,3,4,0.437,AUCUNE,PROFESSIONNEL,1
SERVICES,Guelmim-Oued Noun,24,SALARIE_CDI,12114,1834,60349,120,6,4,1,0.176,CAUTION,CONSOMMATION,1
SERVICES,Laâyoune-Sakia El Hamra,70,FONCTIONNAIRE,15095,8036,101895,84,45,1,1,0.598,CAUTION,AUTO,0
SERVICES,Laâyoune-Sakia El Hamra,80,SALARIE_CDD,5351,1937,29769,12,45,2,2,0.207,AUCUNE,PROFESSIONNEL,1
COMMERCE,Béni Mellal-Khénifra,49,SALARIE_CDI,15456,6552,116326,60,23,5,2,0.459,HYPOTHEQUE,CONSOMMATION,1
TECH,Casablanca-Settat,49,SALARIE_CDI,7970,3869,33673,48,30,4,0,0.445,HYPOTHEQUE,CONSOMMATION,0
TECH,Tanger-Tétouan-Al Hoceïma,71,SALARIE_CDI,5217,916,22288,48,45,0,0,0.116,CAUTION,IMMOBILIER,0
INDUSTRIE,Souss-Massa,39,SALARIE_CDD,9268,2190,58714,24,20,2,0,0.229,CAUTION,CONSOMMATION,1
SERVICES,Drâa-Tafilalet,43,RETRAITE,7844,2993,19016,24,16,0,0,0.377,HYPOTHEQUE,AUTO,0
INDUSTRIE,Laâyoune-Sakia El Hamra,74,INDEPENDANT,4302,1015,56205,60,45,4,0,0.148,CAUTION,PROFESSIONNEL,0
COMMERCE,Béni Mellal-Khénifra,41,INDEPENDANT,4937,1028,43380,120,15,2,3,0.149,AUCUNE,PROFESSIONNEL,1
AGRICULTURE,Tanger-Tétouan-Al Hoceïma,76,SALARIE_CDI,16929,5290,27376,48,45,4,2,0.242,HYPOTHEQUE,CONSOMMATION,0
TECH,Guelmim-Oued Noun,28,INDEPENDANT,9185,3337,25423,24,9,5,0,0.321,HYPOTHEQUE,PROFESSIONNEL,0
AGRICULTURE,Drâa-Tafilalet,49,SALARIE_CDD,15785,9075,19713,24,22,2,0,0.6,AUCUNE,CONSOMMATION,0
TECH,Guelmim-Oued Noun,48,SALARIE_CDI,6718,3006,74766,24,29,5,1,0.428,CAUTION,IMMOBILIER,0
AGRICULTURE,Béni Mellal-Khénifra,37,SALARIE_CDD,5649,3472,31073,48,13,2,0,0.629,HYPOTHEQUE,CONSOMMATION,0
COMMERCE,Béni Mellal-Khénifra,78,SALARIE_CDI,3799,1438,45155,60,45,1,0,0.339,CAUTION,PROFESSIONNEL,0
SERVICES,Tanger-Tétouan-Al Hoceïma,48,INDEPENDANT,12526,4838,36037,84,27,4,2,0.454,HYPOTHEQUE,AUTO,1
SERVICES,Tanger-Tétouan-Al Hoceïma,73,INDEPENDANT,9748,2980,31305,60,45,0,3,0.283,AUCUNE,IMMOBILIER,1
INDUSTRIE,Fès-Meknès,31,SALARIE_CDI,6745,1287,45637,120,6,3,0,0.236,HYPOTHEQUE,CONSOMMATION,0
SERVICES,Fès-Meknès,39,FONCTIONNAIRE,5672,1339,51969,120,15,0,1,0.239,AUCUNE,PROFESSIONNEL,0
SERVICES,Béni Mellal-Khénifra,48,SALARIE_CDD,13455,2474,40013,24,23,3,0,0.145,AUCUNE,IMMOBILIER,0
AGRICULTURE,Tanger-Tétouan-Al Hoceïma,53,SALARIE_CDI,7482,3754,31818,120,33,1,4,0.61,HYPOTHEQUE,PROFESSIONNEL,1
SERVICES,Rabat-Salé-Kénitra,32,FONCTIONNAIRE,7518,2440,16972,12,12,5,0,0.386,AUCUNE,CONSOMMATION,0
AGRICULTURE,Casablanca-Settat,37,INDEPENDANT,6184,1025,23802,84,15,1,0,0.155,AUCUNE,IMMOBILIER,0
TECH,Laâyoune-Sakia El Hamra,57,INDEPENDANT,6746,3549,29312,48,38,1,0,0.572,HYPOTHEQUE,IMMOBILIER,0
COMMERCE,Souss-Massa,35,SALARIE_CDI,10379,2879,36726,12,16,4,0,0.277,CAUTION,CONSOMMATION,0
COMMERCE,Oriental,65,FONCTIONNAIRE,4284,2557,10750,36,45,3,0,0.583,CAUTION,IMMOBILIER,1
INDUSTRIE,Laâyoune-Sakia El Hamra,48,SALARIE_CDI,8403,4719,56029,120,30,3,0,0.526,AUCUNE,PROFESSIONNEL,0
COMMERCE,Rabat-Salé-Kénitra,79,SALARIE_CDI,12457,3761,45468,84,45,1,1,0.301,HYPOTHEQUE,PROFESSIONNEL,0
SERVICES,Dakhla-Oued Ed-Dahab,32,SALARIE_CDI,7800,2089,24164,48,12,1,2,0.283,NANTISSEMENT,PROFESSIONNEL,0
AGRICULTURE,Drâa-Tafilalet,71,SALARIE_CDI,13022,8419,19122,84,45,1,0,0.657,AUCUNE,IMMOBILIER,1
INDUSTRIE,Béni Mellal-Khénifra,48,SALARIE_CDI,14813,8293,22457,24,24,4,0,0.589,AUCUNE,AUTO,0
SERVICES,Souss-Massa,23,SALARIE_CDD,12169,7463,14378,24,1,3,0,0.612,AUCUNE,CONSOMMATION,0
TECH,Drâa-Tafilalet,62,FONCTIONNAIRE,6363,1009,28637,60,41,1,0,0.093,CAUTION,IMMOBILIER,1
COMMERCE,Marrakech-Safi,31,SALARIE_CDI,7975,3582,32028,48,11,0,0,0.469,NANTISSEMENT,IMMOBILIER,0
INDUSTRIE,Fès-Meknès,26,SALARIE_CDI,9467,2682,69073,24,4,3,1,0.247,CAUTION,CONSOMMATION,1
COMMERCE,Dakhla-Oued Ed-Dahab,51,RETRAITE,6559,2213,50615,12,26,0,1,0.254,CAUTION,PROFESSIONNEL,0
SERVICES,Fès-Meknès,67,INDEPENDANT,6461,1263,86941,48,45,5,4,0.183,CAUTION,AUTO,0
COMMERCE,Drâa-Tafilalet,34,SALARIE_CDI,6289,3297,39283,84,13,1,4,0.496,CAUTION,IMMOBILIER,1
SERVICES,Dakhla-Oued Ed-Dahab,57,SALARIE_CDD,25453,10508,19191,36,35,2,0,0.369,AUCUNE,IMMOBILIER,0
SERVICES,Béni Mellal-Khénifra,18,SALARIE_CDI,7172,3916,122821,48,0,3,1,0.479,CAUTION,IMMOBILIER,0
SERVICES,Fès-Meknès,29,RETRAITE,13107,2729,29057,24,3,1,1,0.22,AUCUNE,PROFESSIONNEL,0
INDUSTRIE,Laâyoune-Sakia El Hamra,65,SALARIE_CDD,5479,3554,12309,120,41,5,2,0.614,AUCUNE,CONSOMMATION,1
INDUSTRIE,Guelmim-Oued Noun,18,SALARIE_CDI,17427,5651,42370,84,0,3,0,0.275,CAUTION,CONSOMMATION,0
INDUSTRIE,Oriental,40,INDEPENDANT,6834,4276,11933,36,15,4,0,0.643,NANTISSEMENT,CONSOMMATION,1
SERVICES,Rabat-Salé-Kénitra,49,INDEPENDANT,8299,4052,34227,48,25,0,0,0.476,CAUTION,AUTO,1
SERVICES,Souss-Massa,22,SALARIE_CDI,3552,726,26037,60,0,3,0,0.22,AUCUNE,CONSOMMATION,0
COMMERCE,Souss-Massa,79,SALARIE_CDI,13393,7246,52396,24,45,4,2,0.531,CAUTION,IMMOBILIER,1
SERVICES,Marrakech-Safi,50,SALARIE_CDD,14764,6353,70790,60,29,2,2,0.445,HYPOTHEQUE,PROFESSIONNEL,1
COMMERCE,Tanger-Tétouan-Al Hoceïma,39,SALARIE_CDI,4749,1160,28931,24,13,4,0,0.168,AUCUNE,IMMOBILIER,0
AGRICULTURE,Rabat-Salé-Kénitra,79,SALARIE_CDI,13748,3349,27521,48,45,0,0,0.313,CAUTION,CONSOMMATION,0
INDUSTRIE,Drâa-Tafilalet,53,INDEPENDANT,4439,2781,61741,48,29,3,0,0.537,AUCUNE,PROFESSIONNEL,1
AGRICULTURE,Souss-Massa,60,INDEPENDANT,10769,6992,21232,36,42,4,0,0.689,AUCUNE,IMMOBILIER,1
SERVICES,Drâa-Tafilalet,23,FONCTIONNAIRE,7118,3118,37992,60,0,3,0,0.429,CAUTION,IMMOBILIER,0
SERVICES,Souss-Massa,28,FONCTIONNAIRE,14784,3601,53053,36,9,0,0,0.35,NANTISSEMENT,PROFESSIONNEL,0
TECH,Drâa-Tafilalet,20,FONCTIONNAIRE,9065,2902,20881,84,0,2,0,0.32,HYPOTHEQUE,CONSOMMATION,0
TECH,Drâa-Tafilalet,50,SALARIE_CDD,12322,3154,29424,24,30,4,1,0.287,AUCUNE,CONSOMMATION,0
TECH,Rabat-Salé-Kénitra,70,INDEPENDANT,14143,6417,38973,12,45,0,0,0.348,AUCUNE,AUTO,1
SERVICES,Souss-Massa,74,SALARIE_CDI,7108,2489,92181,60,45,2,0,0.41,HYPOTHEQUE,PROFESSIONNEL,0
TECH,Drâa-Tafilalet,54,SALARIE_CDI,7998,2712,15574,60,30,4,2,0.36,AUCUNE,PROFESSIONNEL,0
INDUSTRIE,Béni Mellal-Khénifra,21,SALARIE_CDI,4915,2707,32714,60,0,2,1,0.459,CAUTION,IMMOBILIER,0
INDUSTRIE,Marrakech-Safi,57,INDEPENDANT,7080,4473,93678,36,32,2,0,0.596,CAUTION,IMMOBILIER,0
SERVICES,Guelmim-Oued Noun,58,FONCTIONNAIRE,19287,4793,71678,60,36,3,1,0.231,CAUTION,PROFESSIONNEL,0
AGRICULTURE,Marrakech-Safi,55,SALARIE_CDD,11386,4067,29945,12,28,3,0,0.41,HYPOTHEQUE,CONSOMMATION,0
SERVICES,Dakhla-Oued Ed-Dahab,63,SALARIE_CDD,5064,2118,34547,120,37,1,0,0.403,AUCUNE,PROFESSIONNEL,0
TECH,Drâa-Tafilalet,53,INDEPENDANT,16884,4608,50091,120,35,0,4,0.206,NANTISSEMENT,AUTO,0
COMMERCE,Fès-Meknès,62,SALARIE_CDI,9653,3388,50822,36,41,4,2,0.326,CAUTION,PROFESSIONNEL,0
TECH,Marrakech-Safi,48,SALARIE_CDD,11774,2095,95292,36,24,4,0,0.203,HYPOTHEQUE,AUTO,0
TECH,Laâyoune-Sakia El Hamra,27,INDEPENDANT,10105,1724,80179,24,3,1,0,0.163,AUCUNE,IMMOBILIER,0
TECH,Oriental,23,FONCTIONNAIRE,9788,5317,13800,120,0,1,0,0.574,NANTISSEMENT,PROFESSIONNEL,1
SERVICES,Guelmim-Oued Noun,75,SALARIE_CDD,3298,1054,11890,12,45,0,1,0.196,AUCUNE,PROFESSIONNEL,0
SERVICES,Guelmim-Oued Noun,45,SALARIE_CDI,13335,6717,24821,84,23,1,0,0.593,CAUTION,PROFESSIONNEL,0
COMMERCE,Casablanca-Settat,38,RETRAITE,2938,563,9929,12,19,2,0,0.188,AUCUNE,CONSOMMATION,0
INDUSTRIE,Drâa-Tafilalet,36,SALARIE_CDD,12800,6212,91008,120,9,4,0,0.5,AUCUNE,CONSOMMATION,1
SERVICES,Tanger-Tétouan-Al Hoceïma,21,INDEPENDANT,8474,4039,12745,24,0,5,3,0.518,AUCUNE,PROFESSIONNEL,1
SERVICES,Laâyoune-Sakia El Hamra,77,INDEPENDANT,11801,6617,29454,48,45,5,0,0.622,HYPOTHEQUE,IMMOBILIER,0
INDUSTRIE,Marrakech-Safi,23,INDEPENDANT,8702,2196,19736,12,0,2,3,0.308,NANTISSEMENT,CONSOMMATION,0
SERVICES,Casablanca-Settat,31,SALARIE_CDI,12961,5516,11957,36,7,0,0,0.384,NANTISSEMENT,CONSOMMATION,0
SERVICES,Béni Mellal-Khénifra,46,SALARIE_CDD,8162,4902,82994,120,27,5,0,0.515,AUCUNE,CONSOMMATION,1
AGRICULTURE,Oriental,40,SALARIE_CDI,9195,2390,24253,60,17,0,2,0.284,CAUTION,CONSOMMATION,0
INDUSTRIE,Oriental,20,SALARIE_CDI,9722,2065,137990,36,0,0,0,0.271,HYPOTHEQUE,AUTO,0
AGRICULTURE,Fès-Meknès,38,SALARIE_CDI,18871,6084,97128,120,14,4,2,0.346,CAUTION,IMMOBILIER,0
AGRICULTURE,Souss-Massa,67,SALARIE_CDD,10616,6716,36235,120,45,0,0,0.527,AUCUNE,AUTO,0
SERVICES,Dakhla-Oued Ed-Dahab,33,SALARIE_CDD,4480,1025,8378,36,14,3,0,0.33,AUCUNE,CONSOMMATION,1
TECH,Guelmim-Oued Noun,72,FONCTIONNAIRE,6287,1318,28620,36,45,5,1,0.183,HYPOTHEQUE,IMMOBILIER,1
COMMERCE,Dakhla-Oued Ed-Dahab,40,SALARIE_CDI,10605,6881,179895,84,13,5,0,0.691,CAUTION,IMMOBILIER,1
COMMERCE,Fès-Meknès,18,SALARIE_CDI,14284,4951,49008,48,0,1,2,0.251,NANTISSEMENT,PROFESSIONNEL,0
SERVICES,Laâyoune-Sakia El Hamra,24,SALARIE_CDD,5855,1315,32302,24,4,1,0,0.294,NANTISSEMENT,CONSOMMATION,0
SERVICES,Tanger-Tétouan-Al Hoceïma,69,FONCTIONNAIRE,22202,9532,23670,60,45,1,2,0.479,CAUTION,IMMOBILIER,1
SERVICES,Dakhla-Oued Ed-Dahab,43,SALARIE_CDI,8769,1376,67578,36,18,2,0,0.135,CAUTION,CONSOMMATION,1
COMMERCE,Laâyoune-Sakia El Hamra,79,INDEPENDANT,9791,3552,47042,36,45,4,0,0.427,AUCUNE,PROFESSIONNEL,0
AGRICULTURE,Rabat-Salé-Kénitra,67,SALARIE_CDI,4609,775,44299,60,44,1,0,0.177,HYPOTHEQUE,IMMOBILIER,0
COMMERCE,Dakhla-Oued Ed-Dahab,19,FONCTIONNAIRE,13386,5792,80441,36,0,1,2,0.474,CAUTION,CONSOMMATION,0
TECH,Béni Mellal-Khénifra,37,INDEPENDANT,6630,3066,77472,48,16,2,2,0.456,HYPOTHEQUE,CONSOMMATION,1
AGRICULTURE,Guelmim-Oued Noun,63,FONCTIONNAIRE,5793,879,49319,60,41,3,0,0.116,AUCUNE,CONSOMMATION,0
COMMERCE,Oriental,21,FONCTIONNAIRE,7025,2855,11958,120,0,1,0,0.497,AUCUNE,CONSOMMATION,0
SERVICES,Marrakech-Safi,80,INDEPENDANT,15097,9398,18259,120,45,0,0,0.646,HYPOTHEQUE,CONSOMMATION,1
TECH,Dakhla-Oued Ed-Dahab,28,SALARIE_CDI,9992,3488,23586,120,9,5,1,0.279,CAUTION,AUTO,1
INDUSTRIE,Rabat-Salé-Kénitra,68,SALARIE_CDI,5431,3407,35380,84,45,5,0,0.635,AUCUNE,IMMOBILIER,1
SERVICES,Guelmim-Oued Noun,70,RETRAITE,6383,4032,103705,48,45,2,4,0.666,AUCUNE,CONSOMMATION,0
COMMERCE,Marrakech-Safi,49,INDEPENDANT,15280,4128,152791,48,29,3,1,0.326,NANTISSEMENT,CONSOMMATION,1
AGRICULTURE,Guelmim-Oued Noun,68,FONCTIONNAIRE,7285,3196,47771,12,45,2,0,0.546,AUCUNE,CONSOMMATION,1
SERVICES,Souss-Massa,73,SALARIE_CDI,10427,5893,53377,84,45,2,1,0.596,AUCUNE,PROFESSIONNEL,0
COMMERCE,Marrakech-Safi,64,SALARIE_CDI,11641,5874,12609,120,43,4,3,0.468,HYPOTHEQUE,CONSOMMATION,0
SERVICES,Marrakech-Safi,62,INDEPENDANT,2500,1325,27013,60,40,2,0,0.519,CAUTION,PROFESSIONNEL,0
SERVICES,Fès-Meknès,42,FONCTIONNAIRE,14314,4015,24657,120,21,4,0,0.346,NANTISSEMENT,PROFESSIONNEL,0
SERVICES,Laâyoune-Sakia El Hamra,36,SALARIE_CDI,5522,3363,23257,48,17,1,1,0.574,HYPOTHEQUE,PROFESSIONNEL,0
TECH,Guelmim-Oued Noun,72,SALARIE_CDI,6889,1845,54492,12,45,1,0,0.278,AUCUNE,IMMOBILIER,1
TECH,Drâa-Tafilalet,32,INDEPENDANT,16199,7652,26485,120,12,1,0,0.448,HYPOTHEQUE,CONSOMMATION,0
SERVICES,Béni Mellal-Khénifra,44,FONCTIONNAIRE,15539,9205,9637,36,23,2,0,0.577,HYPOTHEQUE,IMMOBILIER,1
INDUSTRIE,Souss-Massa,50,RETRAITE,10115,3335,65501,48,25,5,2,0.318,AUCUNE,IMMOBILIER,1
SERVICES,Laâyoune-Sakia El Hamra,42,SALARIE_CDD,11246,4792,84326,60,16,3,2,0.437,CAUTION,CONSOMMATION,1
SERVICES,Fès-Meknès,41,SALARIE_CDI,12583,6232,44435,48,22,1,2,0.488,AUCUNE,AUTO,1
COMMERCE,Dakhla-Oued Ed-Dahab,55,SALARIE_CDI,15422,9473,32281,48,36,0,0,0.534,NANTISSEMENT,PROFESSIONNEL,0
COMMERCE,Tanger-Tétouan-Al Hoceïma,38,SALARIE_CDD,16331,6108,19350,60,17,1,0,0.435,AUCUNE,CONSOMMATION,0
COMMERCE,Tanger-Tétouan-Al Hoceïma,80,SALARIE_CDI,8505,3841,20209,36,45,2,3,0.507,CAUTION,IMMOBILIER,0
INDUSTRIE,Souss-Massa,29,SALARIE_CDI,5815,1285,76855,48,2,2,1,0.231,CAUTION,IMMOBILIER,0
COMMERCE,Drâa-Tafilalet,42,SALARIE_CDI,7224,1319,21507,24,16,1,0,0.245,HYPOTHEQUE,PROFESSIONNEL,1
SERVICES,Drâa-Tafilalet,71,SALARIE_CDI,8580,1379,148577,36,45,1,1,0.198,AUCUNE,IMMOBILIER,0
SERVICES,Guelmim-Oued Noun,47,INDEPENDANT,7912,3072,70596,84,22,1,1,0.428,HYPOTHEQUE,CONSOMMATION,0
AGRICULTURE,Rabat-Salé-Kénitra,62,SALARIE_CDI,5138,2173,46063,48,35,1,1,0.439,CAUTION,PROFESSIONNEL,1
TECH,Rabat-Salé-Kénitra,58,SALARIE_CDD,9863,1905,242847,36,39,5,0,0.231,HYPOTHEQUE,IMMOBILIER,0
AGRICULTURE,Laâyoune-Sakia El Hamra,38,FONCTIONNAIRE,4002,963,88700,120,17,1,1,0.189,HYPOTHEQUE,IMMOBILIER,0
AGRICULTURE,Dakhla-Oued Ed-Dahab,64,SALARIE_CDI,8420,2384,26868,24,44,1,0,0.267,HYPOTHEQUE,IMMOBILIER,0
COMMERCE,Rabat-Salé-Kénitra,32,FONCTIONNAIRE,8667,5162,17738,48,12,0,3,0.523,CAUTION,PROFESSIONNEL,0
AGRICULTURE,Laâyoune-Sakia El Hamra,65,INDEPENDANT,8534,1704,26990,12,44,0,2,0.14,CAUTION,CONSOMMATION,0
INDUSTRIE,Fès-Meknès,26,FONCTIONNAIRE,11885,4693,33797,120,0,5,3,0.457,NANTISSEMENT,CONSOMMATION,1
SERVICES,Dakhla-Oued Ed-Dahab,61,SALARIE_CDD,11197,6097,21358,84,43,4,0,0.566,AUCUNE,IMMOBILIER,0
SERVICES,Dakhla-Oued Ed-Dahab,25,INDEPENDANT,22031,12890,16529,84,3,1,0,0.56,CAUTION,IMMOBILIER,1
SERVICES,Béni Mellal-Khénifra,72,RETRAITE,6419,3187,42822,24,45,1,1,0.448,CAUTION,PROFESSIONNEL,0
SERVICES,Marrakech-Safi,57,INDEPENDANT,9188,2598,67626,48,38,0,0,0.214,NANTISSEMENT,IMMOBILIER,0
INDUSTRIE,Guelmim-Oued Noun,20,SALARIE_CDD,8927,1881,133304,48,0,0,0,0.15,HYPOTHEQUE,CONSOMMATION,1
COMMERCE,Rabat-Salé-Kénitra,24,FONCTIONNAIRE,8740,2001,38318,36,0,4,2,0.198,NANTISSEMENT,IMMOBILIER,1
TECH,Tanger-Tétouan-Al Hoceïma,29,FONCTIONNAIRE,4586,2454,55368,12,9,2,0,0.393,AUCUNE,IMMOBILIER,0
COMMERCE,Béni Mellal-Khénifra,78,SALARIE_CDI,4757,1419,9939,60,45,2,0,0.343,HYPOTHEQUE,IMMOBILIER,1
SERVICES,Casablanca-Settat,55,SALARIE_CDD,8127,2592,66240,12,35,4,2,0.335,HYPOTHEQUE,CONSOMMATION,1
TECH,Tanger-Tétouan-Al Hoceïma,35,INDEPENDANT,3987,948,17923,120,13,2,0,0.259,AUCUNE,PROFESSIONNEL,1
INDUSTRIE,Guelmim-Oued Noun,35,SALARIE_CDI,6972,2561,44953,24,9,5,3,0.399,HYPOTHEQUE,PROFESSIONNEL,1
SERVICES,Rabat-Salé-Kénitra,19,INDEPENDANT,6055,1921,35236,36,0,3,1,0.316,AUCUNE,PROFESSIONNEL,1
INDUSTRIE,Tanger-Tétouan-Al Hoceïma,30,RETRAITE,7086,2328,30659,36,8,1,1,0.339,CAUTION,IMMOBILIER,0
INDUSTRIE,Casablanca-Settat,71,SALARIE_CDI,13488,2251,12854,24,45,3,0,0.165,HYPOTHEQUE,IMMOBILIER,0
SERVICES,Béni Mellal-Khénifra,55,SALARIE_CDI,4988,1902,21378,120,37,1,0,0.454,AUCUNE,PROFESSIONNEL,0
TECH,Casablanca-Settat,41,RETRAITE,11985,2468,18617,12,23,2,3,0.161,HYPOTHEQUE,CONSOMMATION,0
TECH,Fès-Meknès,19,SALARIE_CDI,6266,2618,23960,84,1,4,1,0.459,AUCUNE,CONSOMMATION,1
COMMERCE,Oriental,39,INDEPENDANT,6627,3211,83092,48,19,5,0,0.431,AUCUNE,CONSOMMATION,1
SERVICES,Marrakech-Safi,42,SALARIE_CDI,9992,4227,28371,60,19,3,0,0.365,HYPOTHEQUE,AUTO,0
TECH,Marrakech-Safi,25,SALARIE_CDI,7163,1599,22674,48,0,5,0,0.149,AUCUNE,IMMOBILIER,1
COMMERCE,Laâyoune-Sakia El Hamra,56,SALARIE_CDI,5423,2485,57222,12,30,2,2,0.362,HYPOTHEQUE,CONSOMMATION,0
SERVICES,Guelmim-Oued Noun,59,SALARIE_CDI,6859,2445,45643,48,40,2,0,0.369,HYPOTHEQUE,AUTO,0
COMMERCE,Casablanca-Settat,80,INDEPENDANT,3643,1201,150633,12,45,5,0,0.278,AUCUNE,AUTO,1
COMMERCE,Laâyoune-Sakia El Hamra,40,SALARIE_CDI,9619,2158,73702,48,13,1,2,0.24,AUCUNE,CONSOMMATION,0
INDUSTRIE,Souss-Massa,35,SALARIE_CDI,2500,1618,9025,60,12,0,0,0.729,CAUTION,CONSOMMATION,1
SERVICES,Rabat-Salé-Kénitra,69,FONCTIONNAIRE,12084,4185,63807,60,45,2,0,0.323,CAUTION,CONSOMMATION,0
COMMERCE,Laâyoune-Sakia El Hamra,40,RETRAITE,10688,4042,58707,60,19,0,0,0.396,AUCUNE,PROFESSIONNEL,0
SERVICES,Tanger-Tétouan-Al Hoceïma,57,SALARIE_CDD,16658,3285,116035,36,35,0,2,0.249,AUCUNE,IMMOBILIER,0
SERVICES,Fès-Meknès,64,INDEPENDANT,21632,10551,31605,120,44,3,0,0.502,CAUTION,IMMOBILIER,0
SERVICES,Rabat-Salé-Kénitra,73,SALARIE_CDI,12346,3597,78234,48,45,1,4,0.298,CAUTION,IMMOBILIER,0
AGRICULTURE,Laâyoune-Sakia El Hamra,38,INDEPENDANT,6110,3178,28333,60,14,0,0,0.436,HYPOTHEQUE,PROFESSIONNEL,0
INDUSTRIE,Fès-Meknès,57,INDEPENDANT,21540,3954,44503,36,38,2,0,0.19,HYPOTHEQUE,AUTO,1
INDUSTRIE,Béni Mellal-Khénifra,26,INDEPENDANT,4735,1413,17353,36,8,5,0,0.329,AUCUNE,IMMOBILIER,0
INDUSTRIE,Marrakech-Safi,67,FONCTIONNAIRE,3442,1800,13876,48,45,2,1,0.613,CAUTION,CONSOMMATION,1
AGRICULTURE,Laâyoune-Sakia El Hamra,20,RETRAITE,18650,6490,66751,84,0,1,0,0.33,HYPOTHEQUE,IMMOBILIER,0
COMMERCE,Guelmim-Oued Noun,61,SALARIE_CDD,10622,1775,36406,48,41,1,0,0.228,AUCUNE,IMMOBILIER,0
AGRICULTURE,Oriental,31,INDEPENDANT,3484,1898,14816,12,8,1,0,0.514,HYPOTHEQUE,CONSOMMATION,1
INDUSTRIE,Tanger-Tétouan-Al Hoceïma,47,INDEPENDANT,4403,2786,64226,60,25,3,0,0.679,AUCUNE,CONSOMMATION,1
SERVICES,Béni Mellal-Khénifra,22,SALARIE_CDI,10385,3513,5351,36,1,2,0,0.297,AUCUNE,PROFESSIONNEL,0
COMMERCE,Souss-Massa,61,RETRAITE,5478,2524,20601,60,40,3,0,0.467,HYPOTHEQUE,CONSOMMATION,0
INDUSTRIE,Dakhla-Oued Ed-Dahab,48,INDEPENDANT,5844,1965,11356,84,23,2,0,0.304,AUCUNE,PROFESSIONNEL,0
TECH,Drâa-Tafilalet,59,INDEPENDANT,19631,8392,84072,36,41,3,2,0.428,AUCUNE,CONSOMMATION,1
TECH,Casablanca-Settat,39,SALARIE_CDD,21305,11063,26809,120,18,5,0,0.52,HYPOTHEQUE,IMMOBILIER,1
COMMERCE,Guelmim-Oued Noun,18,INDEPENDANT,8656,4038,38378,84,0,4,2,0.471,CAUTION,IMMOBILIER,1
AGRICULTURE,Marrakech-Safi,54,SALARIE_CDI,7572,2327,44934,60,29,5,1,0.268,HYPOTHEQUE,PROFESSIONNEL,1
COMMERCE,Fès-Meknès,62,RETRAITE,12162,3011,63960,120,36,0,0,0.245,NANTISSEMENT,PROFESSIONNEL,1
SERVICES,Souss-Massa,59,SALARIE_CDI,6294,2657,59085,120,33,1,4,0.439,AUCUNE,CONSOMMATION,1
COMMERCE,Marrakech-Safi,34,FONCTIONNAIRE,2970,1425,63632,84,11,0,0,0.463,HYPOTHEQUE,CONSOMMATION,0
SERVICES,Dakhla-Oued Ed-Dahab,63,SALARIE_CDI,2500,1093,30156,120,36,4,4,0.394,HYPOTHEQUE,IMMOBILIER,0
TECH,Dakhla-Oued Ed-Dahab,52,INDEPENDANT,7839,1678,65985,84,25,2,3,0.177,AUCUNE,AUTO,1
SERVICES,Rabat-Salé-Kénitra,31,SALARIE_CDD,12050,3947,22953,84,4,0,0,0.377,AUCUNE,CONSOMMATION,1
INDUSTRIE,Fès-Meknès,25,INDEPENDANT,8162,4263,27408,84,5,2,0,0.523,AUCUNE,CONSOMMATION,1
COMMERCE,Tanger-Tétouan-Al Hoceïma,38,INDEPENDANT,11667,2606,12385,48,17,3,0,0.293,CAUTION,IMMOBILIER,0
SERVICES,Drâa-Tafilalet,19,SALARIE_CDD,12203,7220,117415,36,0,1,1,0.58,HYPOTHEQUE,AUTO,1
SERVICES,Béni Mellal-Khénifra,63,INDEPENDANT,15119,5795,18114,84,39,1,0,0.376,CAUTION,IMMOBILIER,0
COMMERCE,Drâa-Tafilalet,18,FONCTIONNAIRE,8812,4808,97497,120,0,1,2,0.572,AUCUNE,PROFESSIONNEL,0
SERVICES,Casablanca-Settat,21,SALARIE_CDD,9174,2939,52897,60,0,3,5,0.348,HYPOTHEQUE,IMMOBILIER,1
COMMERCE,Oriental,27,SALARIE_CDI,7970,2627,41751,24,9,0,0,0.396,AUCUNE,IMMOBILIER,1
INDUSTRIE,Marrakech-Safi,38,SALARIE_CDI,7214,4570,46953,84,19,2,0,0.525,NANTISSEMENT,PROFESSIONNEL,0
SERVICES,Marrakech-Safi,19,SALARIE_CDI,3994,1732,17229,36,0,3,4,0.457,AUCUNE,IMMOBILIER,1
SERVICES,Guelmim-Oued Noun,57,FONCTIONNAIRE,13731,2759,111736,84,30,3,0,0.148,NANTISSEMENT,CONSOMMATION,0
TECH,Rabat-Salé-Kénitra,26,FONCTIONNAIRE,6818,4287,28193,24,5,2,0,0.623,NANTISSEMENT,CONSOMMATION,0
AGRICULTURE,Casablanca-Settat,68,SALARIE_CDD,6644,2242,73794,120,45,4,1,0.282,NANTISSEMENT,AUTO,1
SERVICES,Souss-Massa,53,RETRAITE,6350,3207,24828,48,29,4,2,0.516,CAUTION,IMMOBILIER,0
AGRICULTURE,Drâa-Tafilalet,23,SALARIE_CDI,4433,950,13333,36,0,2,0,0.161,HYPOTHEQUE,CONSOMMATION,0
COMMERCE,Oriental,43,INDEPENDANT,7797,4504,145567,84,24,3,0,0.482,CAUTION,CONSOMMATION,0
COMMERCE,Rabat-Salé-Kénitra,26,INDEPENDANT,10223,6436,23803,60,5,0,1,0.572,AUCUNE,PROFESSIONNEL,1
COMMERCE,Guelmim-Oued Noun,79,INDEPENDANT,5899,2014,50176,24,45,1,0,0.398,AUCUNE,PROFESSIONNEL,0
COMMERCE,Tanger-Tétouan-Al Hoceïma,55,FONCTIONNAIRE,12925,2874,5000,12,28,1,0,0.256,NANTISSEMENT,IMMOBILIER,0
TECH,Drâa-Tafilalet,68,SALARIE_CDI,6865,2944,34557,120,42,4,0,0.492,AUCUNE,AUTO,0
COMMERCE,Marrakech-Safi,41,INDEPENDANT,4066,939,55428,120,20,2,0,0.133,AUCUNE,CONSOMMATION,0
COMMERCE,Laâyoune-Sakia El Hamra,27,INDEPENDANT,15035,5579,40125,60,4,0,0,0.46,CAUTION,AUTO,0
INDUSTRIE,Fès-Meknès,32,INDEPENDANT,8860,4087,33907,12,6,3,1,0.58,CAUTION,IMMOBILIER,1
SERVICES,Dakhla-Oued Ed-Dahab,44,SALARIE_CDI,11950,2625,31328,120,22,3,1,0.167,AUCUNE,CONSOMMATION,0
COMMERCE,Tanger-Tétouan-Al Hoceïma,66,FONCTIONNAIRE,12077,7536,66796,48,40,5,0,0.643,CAUTION,CONSOMMATION,0
SERVICES,Drâa-Tafilalet,45,SALARIE_CDD,5294,2662,14683,60,21,3,0,0.471,HYPOTHEQUE,CONSOMMATION,0
SERVICES,Oriental,76,FONCTIONNAIRE,6407,2118,30770,60,45,5,1,0.369,CAUTION,CONSOMMATION,0
SERVICES,Casablanca-Settat,40,INDEPENDANT,12906,4618,99139,60,20,1,0,0.44,CAUTION,IMMOBILIER,0
SERVICES,Rabat-Salé-Kénitra,32,SALARIE_CDI,18506,10624,12863,24,9,2,1,0.525,HYPOTHEQUE,CONSOMMATION,1
COMMERCE,Tanger-Tétouan-Al Hoceïma,49,SALARIE_CDI,8337,3235,33707,120,26,1,3,0.322,AUCUNE,IMMOBILIER,1
COMMERCE,Marrakech-Safi,25,SALARIE_CDI,6111,3933,16776,48,0,2,0,0.63,CAUTION,AUTO,0
INDUSTRIE,Béni Mellal-Khénifra,60,SALARIE_CDI,17276,3128,44833,120,40,0,2,0.363,HYPOTHEQUE,PROFESSIONNEL,0
SERVICES,Rabat-Salé-Kénitra,24,SALARIE_CDI,6112,1746,37165,12,0,2,0,0.328,NANTISSEMENT,AUTO,1
INDUSTRIE,Béni Mellal-Khénifra,58,SALARIE_CDI,9396,3845,18755,60,31,3,1,0.434,CAUTION,PROFESSIONNEL,0
INDUSTRIE,Marrakech-Safi,42,SALARIE_CDD,6684,1457,36937,24,17,1,3,0.269,AUCUNE,IMMOBILIER,1
TECH,Marrakech-Safi,40,FONCTIONNAIRE,9146,3001,38026,12,18,2,3,0.386,AUCUNE,CONSOMMATION,1
COMMERCE,Tanger-Tétouan-Al Hoceïma,56,INDEPENDANT,5295,2171,23707,120,29,3,0,0.427,CAUTION,AUTO,1
COMMERCE,Oriental,62,SALARIE_CDI,6846,1920,27130,12,39,5,2,0.278,AUCUNE,IMMOBILIER,0
COMMERCE,Tanger-Tétouan-Al Hoceïma,76,SALARIE_CDI,6110,1419,23072,12,45,1,0,0.203,CAUTION,CONSOMMATION,0
AGRICULTURE,Tanger-Tétouan-Al Hoceïma,36,INDEPENDANT,10916,3102,7359,12,11,3,1,0.295,NANTISSEMENT,PROFESSIONNEL,1
TECH,Tanger-Tétouan-Al Hoceïma,69,SALARIE_CDD,8721,1668,69483,36,45,5,0,0.248,HYPOTHEQUE,PROFESSIONNEL,0
COMMERCE,Tanger-Tétouan-Al Hoceïma,70,SALARIE_CDI,12041,2986,83817,24,45,0,1,0.302,CAUTION,IMMOBILIER,0
COMMERCE,Tanger-Tétouan-Al Hoceïma,80,SALARIE_CDD,5588,1009,10666,12,45,2,0,0.153,AUCUNE,IMMOBILIER,1
SERVICES,Laâyoune-Sakia El Hamra,78,RETRAITE,7378,4621,84595,48,45,2,2,0.621,HYPOTHEQUE,AUTO,0
AGRICULTURE,Oriental,67,SALARIE_CDD,10735,2474,48100,24,45,5,0,0.171,CAUTION,CONSOMMATION,0
INDUSTRIE,Souss-Massa,36,RETRAITE,11925,1796,16789,48,12,0,0,0.204,AUCUNE,PROFESSIONNEL,0
SERVICES,Drâa-Tafilalet,61,SALARIE_CDI,4228,2658,31368,12,42,5,0,0.655,AUCUNE,PROFESSIONNEL,0
AGRICULTURE,Oriental,67,SALARIE_CDI,9349,4948,22161,60,41,3,0,0.516,AUCUNE,CONSOMMATION,0
TECH,Dakhla-Oued Ed-Dahab,36,SALARIE_CDI,5620,1593,69309,36,18,0,0,0.262,NANTISSEMENT,CONSOMMATION,0
SERVICES,Oriental,69,INDEPENDANT,12200,7191,19105,120,45,5,0,0.541,HYPOTHEQUE,CONSOMMATION,0
SERVICES,Marrakech-Safi,62,FONCTIONNAIRE,18718,10965,160499,84,40,4,0,0.59,AUCUNE,PROFESSIONNEL,0
SERVICES,Oriental,48,FONCTIONNAIRE,2501,1302,81714,36,29,4,3,0.595,AUCUNE,PROFESSIONNEL,1
COMMERCE,Guelmim-Oued Noun,72,RETRAITE,6032,2691,15406,36,45,1,0,0.407,HYPOTHEQUE,CONSOMMATION,0
SERVICES,Marrakech-Safi,23,FONCTIONNAIRE,9124,4036,114336,120,0,1,2,0.374,AUCUNE,IMMOBILIER,0
AGRICULTURE,Marrakech-Safi,61,SALARIE_CDI,8089,5132,60530,36,34,4,1,0.64,AUCUNE,CONSOMMATION,0
AGRICULTURE,Béni Mellal-Khénifra,67,INDEPENDANT,12368,4732,32681,120,41,1,0,0.442,HYPOTHEQUE,AUTO,0
COMMERCE,Laâyoune-Sakia El Hamra,20,SALARIE_CDI,8397,4654,58280,12,1,2,0,0.602,CAUTION,CONSOMMATION,1
COMMERCE,Tanger-Tétouan-Al Hoceïma,43,FONCTIONNAIRE,6384,1317,69373,60,24,5,2,0.267,AUCUNE,CONSOMMATION,1
INDUSTRIE,Oriental,50,INDEPENDANT,5120,2562,21358,48,23,5,1,0.475,HYPOTHEQUE,IMMOBILIER,1
SERVICES,Béni Mellal-Khénifra,31,SALARIE_CDD,4746,3060,65152,84,11,0,0,0.689,CAUTION,CONSOMMATION,1
TECH,Béni Mellal-Khénifra,73,SALARIE_CDI,5801,899,26825,12,45,4,0,0.174,AUCUNE,PROFESSIONNEL,0
SERVICES,Rabat-Salé-Kénitra,57,FONCTIONNAIRE,6284,1753,64214,120,37,4,1,0.266,CAUTION,IMMOBILIER,0
SERVICES,Tanger-Tétouan-Al Hoceïma,35,SALARIE_CDI,9630,5224,33008,120,10,5,2,0.544,CAUTION,PROFESSIONNEL,0
INDUSTRIE,Dakhla-Oued Ed-Dahab,45,SALARIE_CDI,7551,3903,17941,48,19,1,1,0.558,AUCUNE,CONSOMMATION,0
SERVICES,Laâyoune-Sakia El Hamra,25,FONCTIONNAIRE,6046,3126,56452,60,6,4,0,0.546,HYPOTHEQUE,IMMOBILIER,0
INDUSTRIE,Guelmim-Oued Noun,23,SALARIE_CDI,5145,3299,27859,48,0,1,0,0.669,NANTISSEMENT,CONSOMMATION,0
COMMERCE,Casablanca-Settat,65,SALARIE_CDI,5907,1169,40464,60,44,2,0,0.232,HYPOTHEQUE,AUTO,0
TECH,Souss-Massa,79,FONCTIONNAIRE,6287,3065,48349,48,45,0,0,0.467,CAUTION,IMMOBILIER,0
COMMERCE,Casablanca-Settat,35,SALARIE_CDD,5787,2723,101568,60,8,4,0,0.404,CAUTION,PROFESSIONNEL,0
TECH,Fès-Meknès,33,SALARIE_CDD,10970,2774,26768,48,6,1,1,0.218,CAUTION,CONSOMMATION,0
INDUSTRIE,Laâyoune-Sakia El Hamra,61,RETRAITE,14997,3846,20057,120,37,2,1,0.301,AUCUNE,IMMOBILIER,0
TECH,Tanger-Tétouan-Al Hoceïma,50,SALARIE_CDI,4773,2268,114928,120,32,0,1,0.404,NANTISSEMENT,IMMOBILIER,0
COMMERCE,Marrakech-Safi,26,SALARIE_CDI,13409,6400,36397,84,5,3,0,0.478,AUCUNE,IMMOBILIER,0
SERVICES,Drâa-Tafilalet,60,INDEPENDANT,11070,4982,24795,12,39,3,0,0.458,AUCUNE,CONSOMMATION,0
AGRICULTURE,Guelmim-Oued Noun,31,SALARIE_CDI,8786,3347,46799,24,4,4,0,0.417,CAUTION,PROFESSIONNEL,0
SERVICES,Béni Mellal-Khénifra,25,INDEPENDANT,16107,7950,28551,36,6,2,0,0.43,AUCUNE,AUTO,0
SERVICES,Guelmim-Oued Noun,47,FONCTIONNAIRE,7505,2334,30109,12,21,4,0,0.198,HYPOTHEQUE,CONSOMMATION,0
SERVICES,Drâa-Tafilalet,64,FONCTIONNAIRE,9709,2601,220041,120,37,3,0,0.239,HYPOTHEQUE,IMMOBILIER,0
INDUSTRIE,Béni Mellal-Khénifra,50,SALARIE_CDI,8567,3836,18186,24,30,0,0,0.476,NANTISSEMENT,CONSOMMATION,0
INDUSTRIE,Laâyoune-Sakia El Hamra,58,SALARIE_CDD,8285,3800,13271,84,39,0,0,0.528,AUCUNE,CONSOMMATION,0
COMMERCE,Fès-Meknès,32,INDEPENDANT,9962,5540,85637,120,5,1,0,0.523,AUCUNE,CONSOMMATION,1
AGRICULTURE,Souss-Massa,49,SALARIE_CDI,8274,2962,27849,36,22,4,0,0.316,AUCUNE,CONSOMMATION,0
INDUSTRIE,Oriental,62,INDEPENDANT,9994,5317,45405,84,40,2,1,0.544,AUCUNE,CONSOMMATION,1
COMMERCE,Drâa-Tafilalet,51,INDEPENDANT,5994,3649,56770,60,26,0,1,0.713,NANTISSEMENT,IMMOBILIER,0
INDUSTRIE,Souss-Massa,33,INDEPENDANT,6079,2206,10669,60,6,2,0,0.386,CAUTION,PROFESSIONNEL,0
TECH,Souss-Massa,78,SALARIE_CDI,5982,2520,80694,12,45,4,5,0.448,CAUTION,AUTO,0
SERVICES,Rabat-Salé-Kénitra,22,INDEPENDANT,6876,4161,24515,48,1,4,0,0.703,CAUTION,CONSOMMATION,1
SERVICES,Béni Mellal-Khénifra,75,INDEPENDANT,12784,3837,137202,48,45,1,0,0.347,HYPOTHEQUE,CONSOMMATION,0
COMMERCE,Rabat-Salé-Kénitra,63,SALARIE_CDI,6581,3365,20798,12,45,1,2,0.52,CAUTION,AUTO,0
COMMERCE,Souss-Massa,25,INDEPENDANT,10868,4767,108663,120,2,2,0,0.383,AUCUNE,IMMOBILIER,1
TECH,Tanger-Tétouan-Al Hoceïma,34,SALARIE_CDI,9131,3260,123341,84,16,1,0,0.361,CAUTION,IMMOBILIER,1
COMMERCE,Guelmim-Oued Noun,41,RETRAITE,6643,3867,25780,60,22,3,0,0.618,CAUTION,CONSOMMATION,1
TECH,Souss-Massa,78,SALARIE_CDI,14605,3335,31786,36,45,4,0,0.176,AUCUNE,AUTO,0
INDUSTRIE,Casablanca-Settat,50,SALARIE_CDI,11285,1892,29149,120,31,3,3,0.214,AUCUNE,AUTO,1
SERVICES,Oriental,34,FONCTIONNAIRE,8110,2056,105214,36,14,5,2,0.248,CAUTION,AUTO,1
SERVICES,Marrakech-Safi,75,SALARIE_CDI,7813,4595,41175,12,45,3,3,0.578,AUCUNE,PROFESSIONNEL,1
SERVICES,Tanger-Tétouan-Al Hoceïma,25,SALARIE_CDI,8452,2720,52729,120,0,4,0,0.275,CAUTION,PROFESSIONNEL,0
INDUSTRIE,Fès-Meknès,69,SALARIE_CDI,4071,2003,32844,48,45,2,0,0.51,HYPOTHEQUE,CONSOMMATION,0
COMMERCE,Rabat-Salé-Kénitra,70,INDEPENDANT,5590,1484,50538,60,45,1,0,0.3,HYPOTHEQUE,CONSOMMATION,0
INDUSTRIE,Dakhla-Oued Ed-Dahab,42,SALARIE_CDI,9978,3946,52893,60,20,2,1,0.342,HYPOTHEQUE,CONSOMMATION,1
COMMERCE,Fès-Meknès,20,FONCTIONNAIRE,3975,1635,23915,24,0,3,0,0.437,CAUTION,IMMOBILIER,0
COMMERCE,Oriental,73,FONCTIONNAIRE,5788,1578,125584,12,45,0,0,0.317,CAUTION,CONSOMMATION,0
COMMERCE,Guelmim-Oued Noun,78,FONCTIONNAIRE,6791,2334,31489,48,45,2,0,0.386,AUCUNE,PROFESSIONNEL,0
COMMERCE,Tanger-Tétouan-Al Hoceïma,41,SALARIE_CDD,29931,8407,74682,120,18,0,4,0.292,CAUTION,AUTO,1
INDUSTRIE,Dakhla-Oued Ed-Dahab,29,SALARIE_CDI,10973,2198,15014,120,6,1,2,0.184,CAUTION,IMMOBILIER,0
INDUSTRIE,Tanger-Tétouan-Al Hoceïma,35,RETRAITE,13277,4857,58618,24,17,4,1,0.353,CAUTION,IMMOBILIER,1
COMMERCE,Dakhla-Oued Ed-Dahab,26,INDEPENDANT,5640,2435,76528,120,0,2,2,0.362,CAUTION,PROFESSIONNEL,1
COMMERCE,Souss-Massa,56,RETRAITE,9537,1860,43745,120,37,4,2,0.164,AUCUNE,IMMOBILIER,1
INDUSTRIE,Casablanca-Settat,50,INDEPENDANT,3670,1207,77121,84,32,3,0,0.314,HYPOTHEQUE,IMMOBILIER,1
INDUSTRIE,Laâyoune-Sakia El Hamra,40,INDEPENDANT,6983,2663,22135,24,21,2,0,0.341,CAUTION,PROFESSIONNEL,0
COMMERCE,Laâyoune-Sakia El Hamra,58,RETRAITE,10172,6269,50553,84,34,2,0,0.624,HYPOTHEQUE,CONSOMMATION,0
COMMERCE,Dakhla-Oued Ed-Dahab,57,SALARIE_CDD,4282,1949,12525,120,38,4,0,0.53,NANTISSEMENT,PROFESSIONNEL,1
SERVICES,Rabat-Salé-Kénitra,18,INDEPENDANT,9671,6007,40295,60,0,3,1,0.705,CAUTION,CONSOMMATION,0
INDUSTRIE,Laâyoune-Sakia El Hamra,43,SALARIE_CDI,10039,4138,20847,120,19,4,0,0.383,CAUTION,IMMOBILIER,0
AGRICULTURE,Tanger-Tétouan-Al Hoceïma,72,SALARIE_CDI,6179,3409,34609,24,45,1,1,0.64,CAUTION,CONSOMMATION,0
SERVICES,Laâyoune-Sakia El Hamra,68,SALARIE_CDD,5565,1103,95365,84,45,3,1,0.255,AUCUNE,AUTO,1
TECH,Dakhla-Oued Ed-Dahab,71,SALARIE_CDD,5873,2538,122576,24,45,1,0,0.397,CAUTION,PROFESSIONNEL,0
SERVICES,Marrakech-Safi,78,SALARIE_CDD,6932,2263,14799,60,45,5,0,0.351,AUCUNE,CONSOMMATION,0
COMMERCE,Tanger-Tétouan-Al Hoceïma,21,FONCTIONNAIRE,7027,3613,86829,36,0,5,3,0.513,CAUTION,CONSOMMATION,1
INDUSTRIE,Fès-Meknès,35,FONCTIONNAIRE,10192,6001,96702,36,11,1,1,0.486,AUCUNE,CONSOMMATION,0
SERVICES,Fès-Meknès,46,INDEPENDANT,6371,3225,45582,84,25,1,2,0.442,AUCUNE,PROFESSIONNEL,0
AGRICULTURE,Béni Mellal-Khénifra,50,SALARIE_CDI,16663,3235,93954,48,31,1,0,0.23,CAUTION,PROFESSIONNEL,0
INDUSTRIE,Tanger-Tétouan-Al Hoceïma,67,SALARIE_CDI,16609,7649,27160,84,41,0,1,0.383,HYPOTHEQUE,IMMOBILIER,1
AGRICULTURE,Béni Mellal-Khénifra,63,INDEPENDANT,9012,4705,25343,60,41,0,0,0.612,AUCUNE,PROFESSIONNEL,0
INDUSTRIE,Drâa-Tafilalet,62,FONCTIONNAIRE,6939,1144,25420,48,35,0,0,0.215,NANTISSEMENT,CONSOMMATION,0
TECH,Marrakech-Safi,27,INDEPENDANT,6374,1497,59860,24,8,0,0,0.269,HYPOTHEQUE,PROFESSIONNEL,0
AGRICULTURE,Casablanca-Settat,60,SALARIE_CDI,9344,4580,33925,60,36,4,0,0.412,HYPOTHEQUE,PROFESSIONNEL,0
COMMERCE,Drâa-Tafilalet,68,SALARIE_CDI,10110,3108,22003,24,45,4,4,0.36,HYPOTHEQUE,PROFESSIONNEL,1
SERVICES,Marrakech-Safi,65,RETRAITE,7402,1340,22753,84,45,0,1,0.229,HYPOTHEQUE,CONSOMMATION,0
COMMERCE,Marrakech-Safi,54,SALARIE_CDI,6789,4037,36346,48,29,3,0,0.64,AUCUNE,CONSOMMATION,1
COMMERCE,Béni Mellal-Khénifra,23,FONCTIONNAIRE,9497,5946,20042,48,5,3,2,0.673,AUCUNE,IMMOBILIER,1
AGRICULTURE,Fès-Meknès,27,SALARIE_CDI,8359,2815,57980,48,4,1,0,0.424,HYPOTHEQUE,PROFESSIONNEL,0
INDUSTRIE,Marrakech-Safi,64,SALARIE_CDD,6264,4049,83831,12,42,3,0,0.61,CAUTION,CONSOMMATION,0
SERVICES,Fès-Meknès,72,INDEPENDANT,8526,4930,71804,84,45,4,0,0.568,HYPOTHEQUE,CONSOMMATION,1
SERVICES,Oriental,69,SALARIE_CDD,6171,2641,278667,120,45,5,0,0.384,NANTISSEMENT,CONSOMMATION,0
COMMERCE,Laâyoune-Sakia El Hamra,44,SALARIE_CDI,5778,3025,48416,84,17,0,0,0.563,CAUTION,CONSOMMATION,1
AGRICULTURE,Dakhla-Oued Ed-Dahab,54,INDEPENDANT,8085,4998,118974,24,27,0,3,0.606,CAUTION,PROFESSIONNEL,1
SERVICES,Drâa-Tafilalet,29,SALARIE_CDI,6257,3214,41302,60,9,2,1,0.447,AUCUNE,CONSOMMATION,0
TECH,Laâyoune-Sakia El Hamra,55,SALARIE_CDI,5826,1857,29885,24,31,4,3,0.323,AUCUNE,CONSOMMATION,1
AGRICULTURE,Oriental,30,FONCTIONNAIRE,12972,3198,39474,60,4,5,0,0.146,AUCUNE,CONSOMMATION,0
SERVICES,Tanger-Tétouan-Al Hoceïma,68,SALARIE_CDD,6792,2485,40801,48,41,3,0,0.369,CAUTION,CONSOMMATION,1
SERVICES,Guelmim-Oued Noun,67,FONCTIONNAIRE,18574,4520,33305,120,45,1,1,0.249,NANTISSEMENT,CONSOMMATION,1
COMMERCE,Fès-Meknès,21,SALARIE_CDD,10743,1727,17022,60,1,1,1,0.138,AUCUNE,CONSOMMATION,0
COMMERCE,Guelmim-Oued Noun,76,SALARIE_CDD,5601,2117,18295,12,45,4,1,0.428,CAUTION,CONSOMMATION,1
SERVICES,Dakhla-Oued Ed-Dahab,68,SALARIE_CDI,13655,4296,80276,120,45,4,1,0.224,AUCUNE,CONSOMMATION,0
TECH,Tanger-Tétouan-Al Hoceïma,41,INDEPENDANT,5869,1160,65114,48,18,0,0,0.202,CAUTION,CONSOMMATION,1
COMMERCE,Béni Mellal-Khénifra,46,SALARIE_CDI,19693,11535,126137,120,19,5,1,0.596,AUCUNE,PROFESSIONNEL,0
AGRICULTURE,Guelmim-Oued Noun,22,RETRAITE,8971,1897,27586,12,0,1,2,0.209,AUCUNE,IMMOBILIER,1
TECH,Guelmim-Oued Noun,76,SALARIE_CDD,10344,4812,25842,24,45,3,1,0.527,HYPOTHEQUE,CONSOMMATION,1
TECH,Marrakech-Safi,24,SALARIE_CDD,8217,3572,16245,12,0,1,2,0.402,HYPOTHEQUE,IMMOBILIER,1
COMMERCE,Dakhla-Oued Ed-Dahab,76,INDEPENDANT,9133,5841,76051,36,45,1,0,0.635,AUCUNE,AUTO,0
SERVICES,Oriental,59,SALARIE_CDD,7309,2024,19448,48,32,5,0,0.282,HYPOTHEQUE,CONSOMMATION,1
COMMERCE,Casablanca-Settat,75,FONCTIONNAIRE,5342,1430,35540,60,45,3,3,0.248,AUCUNE,IMMOBILIER,1
SERVICES,Rabat-Salé-Kénitra,41,INDEPENDANT,9441,4377,45218,36,19,1,2,0.385,HYPOTHEQUE,CONSOMMATION,1
COMMERCE,Drâa-Tafilalet,74,INDEPENDANT,12851,5515,12156,48,45,2,0,0.505,HYPOTHEQUE,CONSOMMATION,1
SERVICES,Souss-Massa,44,FONCTIONNAIRE,4742,2636,62558,84,18,1,0,0.517,AUCUNE,IMMOBILIER,0
COMMERCE,Rabat-Salé-Kénitra,40,INDEPENDANT,16207,3833,73647,36,16,4,0,0.198,HYPOTHEQUE,PROFESSIONNEL,1
SERVICES,Oriental,39,SALARIE_CDD,10620,3189,44079,84,12,0,0,0.188,NANTISSEMENT,PROFESSIONNEL,0
INDUSTRIE,Béni Mellal-Khénifra,77,INDEPENDANT,6657,1015,34175,12,45,2,0,0.155,HYPOTHEQUE,CONSOMMATION,0
SERVICES,Casablanca-Settat,47,SALARIE_CDI,6603,3373,35504,84,22,2,2,0.52,AUCUNE,IMMOBILIER,1
COMMERCE,Tanger-Tétouan-Al Hoceïma,48,SALARIE_CDI,18749,5863,96775,84,21,0,0,0.375,AUCUNE,CONSOMMATION,0
TECH,Souss-Massa,58,FONCTIONNAIRE,12363,3314,37697,60,34,1,0,0.249,CAUTION,PROFESSIONNEL,0
SERVICES,Guelmim-Oued Noun,53,SALARIE_CDI,13535,6124,35806,36,34,3,0,0.465,CAUTION,PROFESSIONNEL,1
TECH,Béni Mellal-Khénifra,52,INDEPENDANT,7237,1996,22457,12,29,1,0,0.326,CAUTION,CONSOMMATION,0
TECH,Rabat-Salé-Kénitra,41,SALARIE_CDI,10404,1856,5119,120,16,3,0,0.247,CAUTION,IMMOBILIER,0
INDUSTRIE,Béni Mellal-Khénifra,28,SALARIE_CDI,9483,2543,78230,12,4,2,0,0.287,AUCUNE,CONSOMMATION,1
COMMERCE,Laâyoune-Sakia El Hamra,80,FONCTIONNAIRE,7491,4306,36242,12,45,5,3,0.557,NANTISSEMENT,PROFESSIONNEL,0
INDUSTRIE,Casablanca-Settat,48,FONCTIONNAIRE,8511,3810,19678,24,29,2,0,0.508,CAUTION,CONSOMMATION,0
SERVICES,Dakhla-Oued Ed-Dahab,79,RETRAITE,13353,5149,159088,24,45,2,2,0.447,NANTISSEMENT,CONSOMMATION,1
COMMERCE,Rabat-Salé-Kénitra,47,SALARIE_CDI,16644,6586,49394,24,27,1,0,0.309,HYPOTHEQUE,AUTO,0
SERVICES,Béni Mellal-Khénifra,55,SALARIE_CDI,7236,4692,31439,24,30,0,4,0.666,CAUTION,CONSOMMATION,0
TECH,Tanger-Tétouan-Al Hoceïma,52,SALARIE_CDI,4488,744,74068,48,31,5,1,0.215,HYPOTHEQUE,IMMOBILIER,1
AGRICULTURE,Drâa-Tafilalet,78,SALARIE_CDD,16977,3915,46984,120,45,1,3,0.267,AUCUNE,CONSOMMATION,1
TECH,Laâyoune-Sakia El Hamra,24,SALARIE_CDI,17073,9949,46349,36,0,0,3,0.569,NANTISSEMENT,AUTO,0
COMMERCE,Laâyoune-Sakia El Hamra,50,INDEPENDANT,9703,4050,23717,12,24,0,0,0.393,HYPOTHEQUE,PROFESSIONNEL,0
COMMERCE,Laâyoune-Sakia El Hamra,27,SALARIE_CDI,18155,11756,59126,24,7,4,0,0.716,AUCUNE,CONSOMMATION,1
AGRICULTURE,Guelmim-Oued Noun,72,RETRAITE,9390,4620,70136,84,45,2,0,0.504,CAUTION,PROFESSIONNEL,0
SERVICES,Fès-Meknès,51,FONCTIONNAIRE,5383,2755,23807,12,32,3,0,0.503,HYPOTHEQUE,CONSOMMATION,0
SERVICES,Souss-Massa,76,FONCTIONNAIRE,4490,1975,9639,120,45,0,0,0.433,AUCUNE,CONSOMMATION,0
COMMERCE,Drâa-Tafilalet,35,SALARIE_CDI,4470,709,70618,12,13,2,0,0.159,CAUTION,PROFESSIONNEL,1
INDUSTRIE,Marrakech-Safi,28,SALARIE_CDI,8120,4905,56383,12,7,1,0,0.597,HYPOTHEQUE,CONSOMMATION,1
INDUSTRIE,Oriental,57,SALARIE_CDD,6569,2703,65478,12,36,4,0,0.469,HYPOTHEQUE,CONSOMMATION,1
SERVICES,Oriental,27,FONCTIONNAIRE,6245,965,37509,120,2,4,2,0.176,CAUTION,IMMOBILIER,0
COMMERCE,Dakhla-Oued Ed-Dahab,41,FONCTIONNAIRE,7722,1969,71246,12,14,0,2,0.274,CAUTION,IMMOBILIER,1
SERVICES,Casablanca-Settat,37,SALARIE_CDI,11921,3877,22994,120,19,5,2,0.315,AUCUNE,PROFESSIONNEL,1
SERVICES,Rabat-Salé-Kénitra,31,SALARIE_CDI,6335,1857,31869,12,10,5,0,0.322,AUCUNE,CONSOMMATION,1
SERVICES,Casablanca-Settat,26,RETRAITE,5873,962,17451,84,6,0,4,0.119,HYPOTHEQUE,CONSOMMATION,0
INDUSTRIE,Oriental,59,SALARIE_CDI,6526,1893,81653,48,36,4,0,0.299,HYPOTHEQUE,PROFESSIONNEL,0
TECH,Oriental,65,SALARIE_CDI,12264,7336,35146,24,45,4,0,0.517,AUCUNE,IMMOBILIER,1
INDUSTRIE,Béni Mellal-Khénifra,42,SALARIE_CDD,7852,3490,42714,60,15,4,0,0.432,NANTISSEMENT,PROFESSIONNEL,1
COMMERCE,Marrakech-Safi,35,SALARIE_CDI,9191,2881,49183,60,11,5,0,0.287,AUCUNE,IMMOBILIER,0
TECH,Fès-Meknès,27,SALARIE_CDD,16299,3163,30730,36,1,5,0,0.193,AUCUNE,IMMOBILIER,1
INDUSTRIE,Souss-Massa,60,FONCTIONNAIRE,29129,15312,64582,12,36,2,5,0.505,AUCUNE,IMMOBILIER,0
TECH,Casablanca-Settat,68,FONCTIONNAIRE,10809,5504,115915,24,41,5,1,0.535,AUCUNE,CONSOMMATION,1
COMMERCE,Guelmim-Oued Noun,52,FONCTIONNAIRE,10338,1563,72098,12,31,1,0,0.117,AUCUNE,IMMOBILIER,1
COMMERCE,Casablanca-Settat,45,SALARIE_CDI,4755,3075,10869,60,20,1,0,0.69,AUCUNE,IMMOBILIER,0
SERVICES,Drâa-Tafilalet,58,SALARIE_CDI,9565,2705,39217,36,37,4,1,0.361,CAUTION,PROFESSIONNEL,0
SERVICES,Souss-Massa,75,INDEPENDANT,8332,2343,40484,60,45,5,0,0.227,CAUTION,AUTO,0
AGRICULTURE,Dakhla-Oued Ed-Dahab,80,SALARIE_CDI,12107,3638,86645,48,45,1,3,0.331,AUCUNE,CONSOMMATION,1
TECH,Drâa-Tafilalet,30,SALARIE_CDI,6793,4285,24727,60,5,4,0,0.617,CAUTION,PROFESSIONNEL,0
AGRICULTURE,Souss-Massa,48,SALARIE_CDD,8869,5060,17531,48,23,4,0,0.617,CAUTION,IMMOBILIER,1
AGRICULTURE,Drâa-Tafilalet,73,INDEPENDANT,10640,4986,65181,24,45,2,0,0.414,HYPOTHEQUE,IMMOBILIER,0
SERVICES,Rabat-Salé-Kénitra,57,SALARIE_CDI,19041,7562,35830,60,37,5,1,0.457,HYPOTHEQUE,CONSOMMATION,0
TECH,Marrakech-Safi,69,INDEPENDANT,16378,5135,23467,120,45,3,1,0.295,AUCUNE,PROFESSIONNEL,1
INDUSTRIE,Souss-Massa,80,SALARIE_CDI,14325,4549,30270,60,45,3,1,0.306,HYPOTHEQUE,PROFESSIONNEL,0
TECH,Laâyoune-Sakia El Hamra,24,RETRAITE,11240,3516,13524,24,1,3,0,0.302,HYPOTHEQUE,PROFESSIONNEL,0
SERVICES,Guelmim-Oued Noun,56,SALARIE_CDI,6674,3880,40908,24,34,3,0,0.525,HYPOTHEQUE,PROFESSIONNEL,0
INDUSTRIE,Tanger-Tétouan-Al Hoceïma,51,INDEPENDANT,11237,5514,29359,120,25,3,0,0.53,AUCUNE,CONSOMMATION,1
TECH,Fès-Meknès,35,SALARIE_CDD,5724,2023,52738,84,17,5,2,0.324,AUCUNE,IMMOBILIER,1
TECH,Dakhla-Oued Ed-Dahab,59,INDEPENDANT,7385,4776,31462,60,41,2,0,0.672,CAUTION,IMMOBILIER,0
COMMERCE,Oriental,24,SALARIE_CDD,18039,4307,37229,84,4,1,0,0.226,AUCUNE,PROFESSIONNEL,0
INDUSTRIE,Rabat-Salé-Kénitra,49,INDEPENDANT,10323,1944,26404,24,23,3,0,0.178,CAUTION,CONSOMMATION,0
INDUSTRIE,Marrakech-Safi,44,INDEPENDANT,8975,2998,30387,120,25,2,0,0.384,CAUTION,PROFESSIONNEL,0
AGRICULTURE,Laâyoune-Sakia El Hamra,42,FONCTIONNAIRE,9510,6095,16468,24,17,4,1,0.566,CAUTION,AUTO,0
INDUSTRIE,Laâyoune-Sakia El Hamra,56,SALARIE_CDI,7768,1258,74798,120,29,5,0,0.047,HYPOTHEQUE,PROFESSIONNEL,0
INDUSTRIE,Laâyoune-Sakia El Hamra,77,SALARIE_CDI,3071,585,35271,24,45,5,0,0.155,AUCUNE,CONSOMMATION,0
COMMERCE,Casablanca-Settat,77,RETRAITE,4587,1471,9024,36,45,5,0,0.316,HYPOTHEQUE,AUTO,0
INDUSTRIE,Guelmim-Oued Noun,62,RETRAITE,10697,6886,11971,60,40,3,0,0.631,CAUTION,IMMOBILIER,1
COMMERCE,Rabat-Salé-Kénitra,38,SALARIE_CDI,5355,1723,75078,48,16,2,0,0.284,HYPOTHEQUE,IMMOBILIER,0
INDUSTRIE,Guelmim-Oued Noun,78,SALARIE_CDI,7720,3775,35233,120,45,5,0,0.573,CAUTION,CONSOMMATION,1
TECH,Laâyoune-Sakia El Hamra,80,SALARIE_CDI,4664,2715,35813,84,45,2,1,0.645,AUCUNE,PROFESSIONNEL,1
AGRICULTURE,Tanger-Tétouan-Al Hoceïma,71,SALARIE_CDI,5864,2846,36247,120,45,5,0,0.352,CAUTION,CONSOMMATION,0
AGRICULTURE,Marrakech-Safi,73,SALARIE_CDI,8088,1576,51081,48,45,5,0,0.161,HYPOTHEQUE,CONSOMMATION,1
COMMERCE,Drâa-Tafilalet,69,INDEPENDANT,12280,2754,106023,120,45,3,0,0.244,HYPOTHEQUE,IMMOBILIER,0
INDUSTRIE,Casablanca-Settat,65,SALARIE_CDI,13439,3755,49592,84,44,5,0,0.296,AUCUNE,CONSOMMATION,0
COMMERCE,Oriental,63,INDEPENDANT,5822,3190,45033,36,44,1,0,0.507,CAUTION,IMMOBILIER,0
TECH,Fès-Meknès,58,RETRAITE,9302,5125,24346,60,36,0,0,0.617,HYPOTHEQUE,IMMOBILIER,0
COMMERCE,Souss-Massa,58,SALARIE_CDI,4267,1003,12335,36,36,3,0,0.189,NANTISSEMENT,PROFESSIONNEL,0
COMMERCE,Guelmim-Oued Noun,42,SALARIE_CDD,8311,2822,50621,24,19,1,1,0.338,CAUTION,IMMOBILIER,0
TECH,Dakhla-Oued Ed-Dahab,73,FONCTIONNAIRE,12444,2736,53566,84,45,5,0,0.216,HYPOTHEQUE,PROFESSIONNEL,0
COMMERCE,Tanger-Tétouan-Al Hoceïma,57,SALARIE_CDI,7862,3039,78414,36,32,4,0,0.399,AUCUNE,IMMOBILIER,0
TECH,Fès-Meknès,56,INDEPENDANT,14648,4865,120391,24,37,0,2,0.303,AUCUNE,CONSOMMATION,0
SERVICES,Laâyoune-Sakia El Hamra,64,FONCTIONNAIRE,11809,7629,16124,120,44,3,4,0.67,HYPOTHEQUE,CONSOMMATION,1
COMMERCE,Tanger-Tétouan-Al Hoceïma,22,SALARIE_CDI,9033,3111,23628,36,0,4,1,0.303,CAUTION,IMMOBILIER,1
COMMERCE,Marrakech-Safi,75,INDEPENDANT,7242,1267,57976,84,45,2,0,0.192,AUCUNE,CONSOMMATION,0
SERVICES,Laâyoune-Sakia El Hamra,54,SALARIE_CDI,6371,2614,36346,36,31,5,2,0.382,CAUTION,PROFESSIONNEL,1
TECH,Dakhla-Oued Ed-Dahab,77,SALARIE_CDI,4205,2538,99745,36,45,4,0,0.673,CAUTION,IMMOBILIER,0
COMMERCE,Fès-Meknès,24,RETRAITE,4524,1514,31713,36,0,4,1,0.322,AUCUNE,CONSOMMATION,1
SERVICES,Rabat-Salé-Kénitra,32,SALARIE_CDI,12679,7091,147370,48,5,1,1,0.568,CAUTION,CONSOMMATION,1
TECH,Rabat-Salé-Kénitra,77,SALARIE_CDI,16013,5739,37767,84,45,5,0,0.413,NANTISSEMENT,IMMOBILIER,0
TECH,Béni Mellal-Khénifra,61,SALARIE_CDI,4982,2163,113478,36,41,4,0,0.445,CAUTION,CONSOMMATION,1
TECH,Fès-Meknès,58,SALARIE_CDI,8356,3352,6736,12,37,4,0,0.441,CAUTION,IMMOBILIER,1
INDUSTRIE,Béni Mellal-Khénifra,43,SALARIE_CDD,3990,2342,51044,24,25,4,0,0.527,AUCUNE,AUTO,1
TECH,Guelmim-Oued Noun,53,FONCTIONNAIRE,5221,2266,36913,12,27,5,0,0.462,HYPOTHEQUE,IMMOBILIER,0
INDUSTRIE,Casablanca-Settat,52,SALARIE_CDD,9108,3092,8387,120,25,4,1,0.329,HYPOTHEQUE,AUTO,0
COMMERCE,Laâyoune-Sakia El Hamra,30,FONCTIONNAIRE,6416,3423,35928,12,7,5,0,0.576,AUCUNE,PROFESSIONNEL,1
SERVICES,Casablanca-Settat,53,SALARIE_CDI,3421,599,15269,120,30,1,1,0.199,HYPOTHEQUE,CONSOMMATION,0
COMMERCE,Rabat-Salé-Kénitra,50,SALARIE_CDD,17562,5027,25241,60,27,3,2,0.312,AUCUNE,CONSOMMATION,1
TECH,Drâa-Tafilalet,37,RETRAITE,7926,2324,44965,12,17,2,1,0.328,AUCUNE,CONSOMMATION,1
COMMERCE,Béni Mellal-Khénifra,39,INDEPENDANT,4930,2142,33322,36,21,3,2,0.486,AUCUNE,CONSOMMATION,1
COMMERCE,Dakhla-Oued Ed-Dahab,66,INDEPENDANT,8584,4868,46603,84,45,5,0,0.464,AUCUNE,CONSOMMATION,1
TECH,Oriental,60,SALARIE_CDI,7814,3336,40539,48,40,5,0,0.388,AUCUNE,CONSOMMATION,0
COMMERCE,Souss-Massa,47,SALARIE_CDD,9797,3715,188728,84,22,0,0,0.378,HYPOTHEQUE,CONSOMMATION,0
SERVICES,Drâa-Tafilalet,56,INDEPENDANT,6954,1270,43542,48,38,4,1,0.124,NANTISSEMENT,PROFESSIONNEL,0
AGRICULTURE,Guelmim-Oued Noun,33,INDEPENDANT,9334,5927,39291,36,7,5,0,0.623,HYPOTHEQUE,CONSOMMATION,1
COMMERCE,Drâa-Tafilalet,49,INDEPENDANT,12390,3689,48759,24,31,3,0,0.308,CAUTION,AUTO,0
AGRICULTURE,Tanger-Tétouan-Al Hoceïma,53,SALARIE_CDD,4477,962,35654,60,30,3,0,0.294,AUCUNE,IMMOBILIER,1
AGRICULTURE,Dakhla-Oued Ed-Dahab,33,SALARIE_CDI,5932,3360,11983,84,7,4,0,0.603,NANTISSEMENT,AUTO,1
AGRICULTURE,Fès-Meknès,28,SALARIE_CDI,11821,7036,58941,60,8,5,0,0.631,HYPOTHEQUE,CONSOMMATION,1
TECH,Tanger-Tétouan-Al Hoceïma,51,SALARIE_CDI,6323,1892,89635,24,26,0,0,0.302,NANTISSEMENT,CONSOMMATION,0
COMMERCE,Fès-Meknès,77,SALARIE_CDD,7811,3314,107868,36,45,4,0,0.338,CAUTION,PROFESSIONNEL,1
SERVICES,Fès-Meknès,47,SALARIE_CDI,6557,3552,58839,60,27,5,0,0.506,CAUTION,PROFESSIONNEL,1
COMMERCE,Marrakech-Safi,74,SALARIE_CDD,6744,1085,30085,24,45,0,0,0.079,NANTISSEMENT,AUTO,0
TECH,Oriental,71,FONCTIONNAIRE,6491,4177,43654,84,45,2,0,0.672,CAUTION,AUTO,0
COMMERCE,Drâa-Tafilalet,64,FONCTIONNAIRE,4599,1435,126811,120,40,4,2,0.317,NANTISSEMENT,CONSOMMATION,1
TECH,Souss-Massa,74,FONCTIONNAIRE,9963,3884,31046,24,45,0,4,0.4,HYPOTHEQUE,CONSOMMATION,1
SERVICES,Dakhla-Oued Ed-Dahab,43,SALARIE_CDI,13069,2291,15749,36,24,1,0,0.2,AUCUNE,PROFESSIONNEL,0
INDUSTRIE,Souss-Massa,65,FONCTIONNAIRE,7484,1298,170509,60,44,2,3,0.15,CAUTION,AUTO,0
COMMERCE,Souss-Massa,27,RETRAITE,12422,2557,17807,84,4,5,0,0.141,HYPOTHEQUE,IMMOBILIER,0
INDUSTRIE,Casablanca-Settat,38,SALARIE_CDD,6496,2017,12085,24,15,3,0,0.289,AUCUNE,IMMOBILIER,0
SERVICES,Laâyoune-Sakia El Hamra,53,INDEPENDANT,6326,3864,45406,48,27,5,1,0.634,CAUTION,IMMOBILIER,1
SERVICES,Rabat-Salé-Kénitra,20,SALARIE_CDD,9748,3974,48346,48,0,5,0,0.322,AUCUNE,PROFESSIONNEL,0
TECH,Rabat-Salé-Kénitra,66,FONCTIONNAIRE,9821,3073,50043,84,44,3,0,0.323,AUCUNE,PROFESSIONNEL,0
COMMERCE,Dakhla-Oued Ed-Dahab,76,SALARIE_CDD,7702,2893,67156,84,45,3,1,0.316,AUCUNE,CONSOMMATION,1
SERVICES,Oriental,24,FONCTIONNAIRE,10987,3104,32430,24,5,4,1,0.312,HYPOTHEQUE,CONSOMMATION,0
SERVICES,Casablanca-Settat,80,INDEPENDANT,4541,2098,32758,24,45,0,0,0.398,AUCUNE,IMMOBILIER,0
COMMERCE,Souss-Massa,23,SALARIE_CDD,7067,2852,24313,120,3,1,0,0.443,CAUTION,PROFESSIONNEL,0
SERVICES,Béni Mellal-Khénifra,26,INDEPENDANT,12509,4244,39965,60,4,0,2,0.269,CAUTION,AUTO,0
COMMERCE,Casablanca-Settat,66,INDEPENDANT,12493,6160,53069,120,42,0,1,0.446,AUCUNE,CONSOMMATION,0
TECH,Guelmim-Oued Noun,61,INDEPENDANT,11804,4082,68511,12,35,2,1,0.38,AUCUNE,CONSOMMATION,1
SERVICES,Drâa-Tafilalet,76,SALARIE_CDI,12827,7097,19371,48,45,5,3,0.545,AUCUNE,CONSOMMATION,1
COMMERCE,Casablanca-Settat,44,SALARIE_CDI,6852,3078,15179,12,21,5,5,0.351,CAUTION,CONSOMMATION,1
SERVICES,Béni Mellal-Khénifra,54,INDEPENDANT,3762,945,67474,48,36,2,0,0.287,HYPOTHEQUE,CONSOMMATION,0
INDUSTRIE,Marrakech-Safi,27,INDEPENDANT,7212,1670,25077,36,5,2,0,0.126,HYPOTHEQUE,CONSOMMATION,0
AGRICULTURE,Drâa-Tafilalet,61,RETRAITE,10788,2999,18222,36,34,5,2,0.269,CAUTION,PROFESSIONNEL,0
COMMERCE,Tanger-Tétouan-Al Hoceïma,80,SALARIE_CDI,11611,7072,9946,24,45,5,0,0.713,AUCUNE,PROFESSIONNEL,1
AGRICULTURE,Marrakech-Safi,55,INDEPENDANT,6394,3592,97263,12,28,3,0,0.566,AUCUNE,IMMOBILIER,1
SERVICES,Oriental,76,INDEPENDANT,5242,3334,44045,24,45,0,0,0.619,CAUTION,CONSOMMATION,0
INDUSTRIE,Souss-Massa,42,INDEPENDANT,5482,2862,53202,48,22,2,2,0.518,AUCUNE,CONSOMMATION,0
COMMERCE,Tanger-Tétouan-Al Hoceïma,79,FONCTIONNAIRE,6345,3853,49325,24,45,3,0,0.553,CAUTION,CONSOMMATION,1
COMMERCE,Laâyoune-Sakia El Hamra,51,SALARIE_CDI,3451,1131,42141,36,26,4,0,0.336,HYPOTHEQUE,CONSOMMATION,0
AGRICULTURE,Béni Mellal-Khénifra,27,FONCTIONNAIRE,6392,2940,35730,84,9,5,0,0.568,HYPOTHEQUE,AUTO,0
SERVICES,Souss-Massa,40,FONCTIONNAIRE,8280,2863,34572,36,15,3,1,0.325,AUCUNE,IMMOBILIER,1
TECH,Marrakech-Safi,48,SALARIE_CDI,7754,4516,18328,120,25,2,0,0.542,AUCUNE,PROFESSIONNEL,1
TECH,Oriental,22,SALARIE_CDI,6984,4529,10554,60,0,3,1,0.672,AUCUNE,PROFESSIONNEL,1
COMMERCE,Casablanca-Settat,74,INDEPENDANT,5942,3106,174895,120,45,3,2,0.56,CAUTION,CONSOMMATION,1
INDUSTRIE,Laâyoune-Sakia El Hamra,33,SALARIE_CDI,6262,3386,37294,60,14,3,0,0.546,AUCUNE,PROFESSIONNEL,1
COMMERCE,Casablanca-Settat,60,SALARIE_CDD,6312,3727,26735,120,38,1,0,0.575,NANTISSEMENT,AUTO,0
INDUSTRIE,Drâa-Tafilalet,75,FONCTIONNAIRE,11131,2200,20730,84,45,1,0,0.225,NANTISSEMENT,IMMOBILIER,0
TECH,Tanger-Tétouan-Al Hoceïma,45,RETRAITE,8100,3166,75713,60,22,4,1,0.318,CAUTION,CONSOMMATION,1
COMMERCE,Drâa-Tafilalet,56,FONCTIONNAIRE,33694,17394,40187,36,38,4,0,0.492,CAUTION,PROFESSIONNEL,0
AGRICULTURE,Tanger-Tétouan-Al Hoceïma,50,SALARIE_CDI,6978,3158,19843,60,32,5,0,0.337,CAUTION,IMMOBILIER,1
COMMERCE,Casablanca-Settat,66,SALARIE_CDI,9868,4146,29363,36,45,4,0,0.415,CAUTION,AUTO,0
COMMERCE,Dakhla-Oued Ed-Dahab,20,SALARIE_CDI,7048,2417,45158,36,0,2,0,0.332,HYPOTHEQUE,IMMOBILIER,0
TECH,Guelmim-Oued Noun,40,SALARIE_CDI,6971,1814,27705,12,17,5,2,0.313,AUCUNE,CONSOMMATION,1
COMMERCE,Casablanca-Settat,56,INDEPENDANT,16368,10004,64251,120,35,5,0,0.568,AUCUNE,CONSOMMATION,0
AGRICULTURE,Casablanca-Settat,23,SALARIE_CDD,12694,6564,160631,36,3,3,0,0.569,CAUTION,CONSOMMATION,0
SERVICES,Oriental,72,SALARIE_CDI,3679,1680,27028,36,45,0,0,0.446,NANTISSEMENT,CONSOMMATION,0
AGRICULTURE,Dakhla-Oued Ed-Dahab,57,INDEPENDANT,5115,986,29749,84,38,5,4,0.225,HYPOTHEQUE,PROFESSIONNEL,1
TECH,Oriental,18,SALARIE_CDI,7621,1569,20314,84,0,4,0,0.244,CAUTION,IMMOBILIER,0
TECH,Casablanca-Settat,18,SALARIE_CDI,6421,2351,32616,60,0,1,0,0.369,CAUTION,PROFESSIONNEL,0
COMMERCE,Drâa-Tafilalet,28,SALARIE_CDD,4110,875,9207,84,1,1,0,0.227,HYPOTHEQUE,PROFESSIONNEL,0
TECH,Souss-Massa,59,SALARIE_CDI,8537,1916,78397,120,34,0,2,0.196,AUCUNE,CONSOMMATION,1
INDUSTRIE,Béni Mellal-Khénifra,50,SALARIE_CDI,3480,663,14272,120,32,0,4,0.25,AUCUNE,CONSOMMATION,1
TECH,Tanger-Tétouan-Al Hoceïma,48,RETRAITE,8579,2548,20652,48,24,2,3,0.432,AUCUNE,PROFESSIONNEL,1
SERVICES,Casablanca-Settat,53,INDEPENDANT,11254,1751,38510,12,31,3,0,0.083,AUCUNE,PROFESSIONNEL,1
INDUSTRIE,Casablanca-Settat,49,INDEPENDANT,12001,6194,95245,12,26,3,1,0.52,AUCUNE,PROFESSIONNEL,0
INDUSTRIE,Béni Mellal-Khénifra,39,FONCTIONNAIRE,7594,3415,19971,24,18,3,0,0.435,HYPOTHEQUE,CONSOMMATION,1
INDUSTRIE,Béni Mellal-Khénifra,18,SALARIE_CDI,15992,6458,31867,48,0,3,0,0.426,HYPOTHEQUE,CONSOMMATION,0
INDUSTRIE,Fès-Meknès,19,INDEPENDANT,9407,6053,44599,48,0,3,2,0.563,AUCUNE,CONSOMMATION,0
TECH,Casablanca-Settat,61,SALARIE_CDD,11856,4635,22695,60,42,3,3,0.338,CAUTION,CONSOMMATION,1
SERVICES,Guelmim-Oued Noun,64,SALARIE_CDI,5818,3403,33378,84,39,4,0,0.671,CAUTION,AUTO,0
TECH,Rabat-Salé-Kénitra,33,SALARIE_CDI,16070,3932,11928,84,10,5,0,0.318,NANTISSEMENT,IMMOBILIER,0
SERVICES,Marrakech-Safi,33,FONCTIONNAIRE,8092,2285,25100,84,6,2,0,0.202,CAUTION,CONSOMMATION,0
TECH,Souss-Massa,43,SALARIE_CDI,16474,5177,85933,84,21,3,2,0.413,CAUTION,IMMOBILIER,0
TECH,Drâa-Tafilalet,58,SALARIE_CDI,14931,9633,64278,12,35,2,3,0.608,AUCUNE,IMMOBILIER,1
INDUSTRIE,Dakhla-Oued Ed-Dahab,55,SALARIE_CDI,9099,5494,26619,36,29,5,1,0.646,CAUTION,CONSOMMATION,0
TECH,Béni Mellal-Khénifra,53,SALARIE_CDD,9726,3640,17869,84,29,4,0,0.369,CAUTION,CONSOMMATION,0
AGRICULTURE,Dakhla-Oued Ed-Dahab,20,SALARIE_CDI,7473,4276,31299,12,0,1,1,0.585,HYPOTHEQUE,IMMOBILIER,1
TECH,Béni Mellal-Khénifra,45,FONCTIONNAIRE,5605,1494,13036,36,19,4,0,0.274,NANTISSEMENT,PROFESSIONNEL,0
INDUSTRIE,Laâyoune-Sakia El Hamra,65,SALARIE_CDI,10592,4727,31643,84,39,0,2,0.495,AUCUNE,IMMOBILIER,0
COMMERCE,Marrakech-Safi,55,FONCTIONNAIRE,10351,2390,27255,84,37,3,2,0.206,CAUTION,IMMOBILIER,0
TECH,Casablanca-Settat,68,SALARIE_CDI,3911,1711,26566,84,45,5,0,0.532,CAUTION,CONSOMMATION,1
INDUSTRIE,Drâa-Tafilalet,61,SALARIE_CDD,7807,2039,32899,120,34,3,0,0.318,AUCUNE,CONSOMMATION,0
TECH,Dakhla-Oued Ed-Dahab,74,FONCTIONNAIRE,11975,5303,52878,12,45,0,0,0.426,NANTISSEMENT,CONSOMMATION,0
INDUSTRIE,Drâa-Tafilalet,54,FONCTIONNAIRE,15671,5710,17552,120,32,3,0,0.368,AUCUNE,PROFESSIONNEL,0
TECH,Tanger-Tétouan-Al Hoceïma,53,SALARIE_CDI,11231,4822,70994,48,32,4,0,0.437,AUCUNE,IMMOBILIER,1
SERVICES,Souss-Massa,53,FONCTIONNAIRE,4094,944,79832,84,26,3,1,0.212,NANTISSEMENT,PROFESSIONNEL,1
SERVICES,Rabat-Salé-Kénitra,34,INDEPENDANT,5042,2033,169366,24,16,5,0,0.388,HYPOTHEQUE,AUTO,0
AGRICULTURE,Tanger-Tétouan-Al Hoceïma,45,SALARIE_CDI,6935,2137,44687,84,27,2,1,0.35,AUCUNE,CONSOMMATION,1
TECH,Drâa-Tafilalet,28,FONCTIONNAIRE,15206,3375,101837,12,4,2,2,0.253,AUCUNE,IMMOBILIER,0
AGRICULTURE,Rabat-Salé-Kénitra,45,SALARIE_CDD,6166,2468,71935,48,27,4,0,0.375,AUCUNE,CONSOMMATION,1
AGRICULTURE,Souss-Massa,27,INDEPENDANT,13048,2860,41494,12,8,3,2,0.224,CAUTION,CONSOMMATION,0
INDUSTRIE,Fès-Meknès,48,SALARIE_CDD,6122,2226,15491,48,30,4,3,0.315,AUCUNE,CONSOMMATION,1
INDUSTRIE,Souss-Massa,78,RETRAITE,10298,3209,67960,120,45,1,0,0.398,AUCUNE,IMMOBILIER,1
SERVICES,Guelmim-Oued Noun,46,FONCTIONNAIRE,5308,2237,42951,48,28,4,0,0.461,NANTISSEMENT,PROFESSIONNEL,0
COMMERCE,Laâyoune-Sakia El Hamra,64,FONCTIONNAIRE,7426,2910,126899,12,37,2,0,0.389,CAUTION,PROFESSIONNEL,0
SERVICES,Tanger-Tétouan-Al Hoceïma,45,SALARIE_CDI,4870,1058,60971,48,26,5,1,0.227,AUCUNE,CONSOMMATION,0
AGRICULTURE,Guelmim-Oued Noun,75,FONCTIONNAIRE,15512,4491,76045,24,45,2,1,0.331,NANTISSEMENT,PROFESSIONNEL,0
SERVICES,Drâa-Tafilalet,31,SALARIE_CDI,5927,2539,24226,24,10,3,1,0.403,CAUTION,IMMOBILIER,0
SERVICES,Dakhla-Oued Ed-Dahab,70,SALARIE_CDD,4039,2290,43097,60,45,0,1,0.567,HYPOTHEQUE,CONSOMMATION,0
SERVICES,Drâa-Tafilalet,63,SALARIE_CDI,3898,700,9447,36,44,5,0,0.215,HYPOTHEQUE,CONSOMMATION,0
SERVICES,Oriental,73,FONCTIONNAIRE,7797,1524,53538,36,45,0,0,0.136,HYPOTHEQUE,AUTO,0
SERVICES,Drâa-Tafilalet,26,INDEPENDANT,6594,3617,85173,24,7,2,0,0.577,CAUTION,IMMOBILIER,1
COMMERCE,Fès-Meknès,74,RETRAITE,10850,3471,96216,60,45,2,3,0.445,AUCUNE,CONSOMMATION,0
INDUSTRIE,Drâa-Tafilalet,75,SALARIE_CDI,7290,2030,28326,84,45,5,0,0.196,NANTISSEMENT,CONSOMMATION,0
COMMERCE,Drâa-Tafilalet,36,INDEPENDANT,13694,3626,10202,120,14,3,0,0.311,AUCUNE,PROFESSIONNEL,0
AGRICULTURE,Béni Mellal-Khénifra,57,INDEPENDANT,6813,4329,24926,36,33,3,1,0.574,AUCUNE,PROFESSIONNEL,1
COMMERCE,Rabat-Salé-Kénitra,54,INDEPENDANT,12861,5213,34390,12,27,4,2,0.336,CAUTION,CONSOMMATION,0
COMMERCE,Oriental,21,INDEPENDANT,5278,1216,48347,24,3,3,0,0.211,CAUTION,PROFESSIONNEL,0
INDUSTRIE,Drâa-Tafilalet,51,SALARIE_CDI,4120,1454,8773,120,31,2,0,0.38,HYPOTHEQUE,CONSOMMATION,0
SERVICES,Marrakech-Safi,59,INDEPENDANT,5594,1568,33753,84,36,5,4,0.309,AUCUNE,CONSOMMATION,0
INDUSTRIE,Guelmim-Oued Noun,30,FONCTIONNAIRE,4876,1143,17567,48,8,3,0,0.229,HYPOTHEQUE,PROFESSIONNEL,0
AGRICULTURE,Laâyoune-Sakia El Hamra,40,INDEPENDANT,4637,2964,99963,120,17,5,3,0.586,CAUTION,PROFESSIONNEL,1
COMMERCE,Oriental,54,SALARIE_CDI,9761,3636,7084,24,34,0,5,0.365,AUCUNE,AUTO,1
SERVICES,Dakhla-Oued Ed-Dahab,76,SALARIE_CDI,7194,3566,73783,12,45,1,0,0.405,CAUTION,PROFESSIONNEL,0
INDUSTRIE,Laâyoune-Sakia El Hamra,21,SALARIE_CDI,8637,5176,32478,60,0,2,1,0.641,AUCUNE,CONSOMMATION,1
TECH,Souss-Massa,76,FONCTIONNAIRE,10274,2597,8666,120,45,0,4,0.233,CAUTION,CONSOMMATION,0
COMMERCE,Laâyoune-Sakia El Hamra,69,SALARIE_CDD,3795,812,117500,12,45,1,0,0.269,CAUTION,PROFESSIONNEL,1
COMMERCE,Dakhla-Oued Ed-Dahab,71,INDEPENDANT,10472,2934,93447,12,45,4,0,0.232,AUCUNE,IMMOBILIER,1
AGRICULTURE,Rabat-Salé-Kénitra,21,SALARIE_CDI,4711,2385,87116,84,0,1,0,0.533,HYPOTHEQUE,CONSOMMATION,0
COMMERCE,Dakhla-Oued Ed-Dahab,53,SALARIE_CDI,6251,2132,38762,60,28,2,2,0.253,CAUTION,CONSOMMATION,1
COMMERCE,Casablanca-Settat,41,SALARIE_CDI,3458,1364,22695,12,17,0,1,0.462,AUCUNE,CONSOMMATION,0
SERVICES,Souss-Massa,75,SALARIE_CDI,10879,1742,38009,120,45,0,0,0.182,AUCUNE,PROFESSIONNEL,0
SERVICES,Dakhla-Oued Ed-Dahab,64,SALARIE_CDD,3789,576,53222,120,42,5,1,0.134,CAUTION,CONSOMMATION,1
AGRICULTURE,Drâa-Tafilalet,58,INDEPENDANT,4722,1669,24842,24,35,1,1,0.332,AUCUNE,PROFESSIONNEL,1
COMMERCE,Fès-Meknès,19,RETRAITE,4878,1098,19921,84,0,0,0,0.209,CAUTION,IMMOBILIER,0
INDUSTRIE,Béni Mellal-Khénifra,73,SALARIE_CDI,7647,4172,51287,120,45,2,0,0.545,HYPOTHEQUE,CONSOMMATION,1
COMMERCE,Marrakech-Safi,48,SALARIE_CDI,7543,4719,41639,48,21,2,0,0.546,AUCUNE,CONSOMMATION,1
SERVICES,Marrakech-Safi,28,INDEPENDANT,11677,7156,69436,84,3,4,0,0.596,AUCUNE,CONSOMMATION,1
TECH,Laâyoune-Sakia El Hamra,73,SALARIE_CDI,7731,2959,105464,48,45,1,1,0.367,CAUTION,CONSOMMATION,0
SERVICES,Casablanca-Settat,74,INDEPENDANT,12514,3672,66134,120,45,0,3,0.344,CAUTION,PROFESSIONNEL,0
TECH,Dakhla-Oued Ed-Dahab,49,FONCTIONNAIRE,9611,3767,16210,12,23,5,2,0.366,HYPOTHEQUE,CONSOMMATION,0
COMMERCE,Souss-Massa,59,INDEPENDANT,5295,1070,35987,24,37,3,0,0.151,AUCUNE,AUTO,0
SERVICES,Casablanca-Settat,56,SALARIE_CDI,6001,3732,47614,24,37,2,0,0.618,CAUTION,CONSOMMATION,0
SERVICES,Guelmim-Oued Noun,37,RETRAITE,15991,7766,63987,12,13,0,0,0.515,AUCUNE,IMMOBILIER,0
TECH,Casablanca-Settat,65,RETRAITE,14078,4129,66215,12,45,1,0,0.298,HYPOTHEQUE,CONSOMMATION,1
SERVICES,Fès-Meknès,80,SALARIE_CDI,11741,6218,34870,60,45,4,0,0.533,HYPOTHEQUE,CONSOMMATION,0
SERVICES,Marrakech-Safi,76,SALARIE_CDD,12456,3394,25763,60,45,5,2,0.275,CAUTION,CONSOMMATION,1
TECH,Guelmim-Oued Noun,61,SALARIE_CDD,9990,5252,73577,48,38,5,0,0.518,CAUTION,PROFESSIONNEL,1
INDUSTRIE,Tanger-Tétouan-Al Hoceïma,40,SALARIE_CDI,9422,3306,47303,84,15,3,0,0.323,CAUTION,PROFESSIONNEL,1
INDUSTRIE,Béni Mellal-Khénifra,75,RETRAITE,8286,4822,44225,84,45,2,0,0.543,CAUTION,IMMOBILIER,0
SERVICES,Casablanca-Settat,76,SALARIE_CDI,17404,11224,22175,24,45,2,0,0.646,AUCUNE,CONSOMMATION,0
TECH,Drâa-Tafilalet,18,SALARIE_CDI,6574,2039,157924,48,0,5,0,0.326,CAUTION,CONSOMMATION,0
INDUSTRIE,Drâa-Tafilalet,39,SALARIE_CDI,9028,3842,43232,60,19,2,0,0.429,CAUTION,CONSOMMATION,1
SERVICES,Fès-Meknès,52,FONCTIONNAIRE,3757,1011,34174,12,33,5,2,0.179,NANTISSEMENT,AUTO,0
INDUSTRIE,Laâyoune-Sakia El Hamra,54,INDEPENDANT,4256,2342,43234,48,35,5,0,0.597,HYPOTHEQUE,IMMOBILIER,1
SERVICES,Souss-Massa,62,FONCTIONNAIRE,18340,7262,33119,48,35,2,1,0.327,CAUTION,IMMOBILIER,0
INDUSTRIE,Drâa-Tafilalet,50,FONCTIONNAIRE,10695,6865,14733,24,29,2,4,0.576,AUCUNE,CONSOMMATION,0
SERVICES,Marrakech-Safi,18,SALARIE_CDI,7363,4370,44760,60,0,1,1,0.541,AUCUNE,PROFESSIONNEL,1
SERVICES,Dakhla-Oued Ed-Dahab,28,INDEPENDANT,8394,2404,13146,36,9,3,1,0.265,AUCUNE,CONSOMMATION,0
INDUSTRIE,Marrakech-Safi,66,SALARIE_CDD,4398,922,39033,36,45,1,4,0.204,AUCUNE,CONSOMMATION,0
TECH,Béni Mellal-Khénifra,61,SALARIE_CDD,6683,3074,11906,84,39,1,0,0.509,CAUTION,CONSOMMATION,1
SERVICES,Rabat-Salé-Kénitra,59,FONCTIONNAIRE,4204,1299,8038,48,32,5,3,0.359,AUCUNE,AUTO,0
SERVICES,Casablanca-Settat,45,RETRAITE,7095,1964,55776,24,19,3,0,0.19,AUCUNE,IMMOBILIER,0
AGRICULTURE,Rabat-Salé-Kénitra,35,INDEPENDANT,11005,4650,16772,60,12,2,0,0.333,AUCUNE,PROFESSIONNEL,0
AGRICULTURE,Dakhla-Oued Ed-Dahab,37,FONCTIONNAIRE,9937,4165,49215,36,16,0,0,0.473,AUCUNE,PROFESSIONNEL,1
COMMERCE,Marrakech-Safi,61,SALARIE_CDD,16566,6938,40885,84,42,2,3,0.41,CAUTION,IMMOBILIER,1
SERVICES,Laâyoune-Sakia El Hamra,49,SALARIE_CDI,9252,2749,40248,48,22,0,0,0.246,HYPOTHEQUE,CONSOMMATION,0
INDUSTRIE,Oriental,26,FONCTIONNAIRE,2656,605,23413,24,2,0,0,0.257,AUCUNE,IMMOBILIER,1
SERVICES,Rabat-Salé-Kénitra,43,FONCTIONNAIRE,19493,4714,33133,12,22,0,0,0.298,AUCUNE,CONSOMMATION,0
SERVICES,Souss-Massa,69,INDEPENDANT,5551,2831,22939,24,42,1,0,0.531,NANTISSEMENT,CONSOMMATION,0
INDUSTRIE,Souss-Massa,55,FONCTIONNAIRE,8716,3347,70360,60,31,5,5,0.345,AUCUNE,CONSOMMATION,1
COMMERCE,Fès-Meknès,72,SALARIE_CDI,8483,3263,25897,60,45,5,1,0.277,HYPOTHEQUE,CONSOMMATION,0
INDUSTRIE,Béni Mellal-Khénifra,50,SALARIE_CDI,9031,5765,30520,84,30,3,0,0.664,HYPOTHEQUE,IMMOBILIER,0
COMMERCE,Laâyoune-Sakia El Hamra,48,SALARIE_CDI,8280,5042,61163,36,27,5,0,0.603,HYPOTHEQUE,PROFESSIONNEL,1
INDUSTRIE,Laâyoune-Sakia El Hamra,77,INDEPENDANT,8346,1523,23504,120,45,2,4,0.141,CAUTION,PROFESSIONNEL,0
INDUSTRIE,Oriental,49,RETRAITE,4471,2454,10364,84,23,1,0,0.471,AUCUNE,CONSOMMATION,1
TECH,Laâyoune-Sakia El Hamra,26,FONCTIONNAIRE,25956,7111,17280,36,0,4,0,0.285,AUCUNE,CONSOMMATION,0
TECH,Dakhla-Oued Ed-Dahab,43,FONCTIONNAIRE,10863,5553,76042,24,21,4,0,0.484,AUCUNE,PROFESSIONNEL,1
INDUSTRIE,Rabat-Salé-Kénitra,58,FONCTIONNAIRE,8294,1963,38477,60,34,2,0,0.245,NANTISSEMENT,AUTO,0
COMMERCE,Béni Mellal-Khénifra,39,SALARIE_CDI,18561,4133,44556,84,17,4,3,0.268,CAUTION,PROFESSIONNEL,1
SERVICES,Guelmim-Oued Noun,43,SALARIE_CDI,5002,3099,44668,48,22,3,1,0.586,AUCUNE,AUTO,1
SERVICES,Casablanca-Settat,72,SALARIE_CDI,11977,5140,126979,24,45,2,0,0.535,AUCUNE,CONSOMMATION,0
TECH,Béni Mellal-Khénifra,45,RETRAITE,6312,2050,8496,84,18,5,1,0.319,CAUTION,PROFESSIONNEL,0
SERVICES,Laâyoune-Sakia El Hamra,37,SALARIE_CDI,9711,5783,33208,48,19,4,1,0.633,HYPOTHEQUE,CONSOMMATION,0
INDUSTRIE,Fès-Meknès,24,FONCTIONNAIRE,9808,2893,37088,12,4,0,0,0.269,AUCUNE,CONSOMMATION,0
COMMERCE,Laâyoune-Sakia El Hamra,43,SALARIE_CDD,2832,515,35804,24,23,5,0,0.211,HYPOTHEQUE,CONSOMMATION,0
SERVICES,Dakhla-Oued Ed-Dahab,66,FONCTIONNAIRE,4255,1478,63555,60,43,5,0,0.302,AUCUNE,PROFESSIONNEL,1
SERVICES,Béni Mellal-Khénifra,36,SALARIE_CDI,16546,8333,64693,48,13,4,2,0.536,AUCUNE,CONSOMMATION,1
INDUSTRIE,Béni Mellal-Khénifra,47,RETRAITE,7234,3480,31216,24,20,2,3,0.606,AUCUNE,CONSOMMATION,1
AGRICULTURE,Oriental,59,SALARIE_CDI,19945,7716,11129,60,40,3,3,0.332,CAUTION,CONSOMMATION,0
COMMERCE,Tanger-Tétouan-Al Hoceïma,76,RETRAITE,14611,5919,210221,60,45,0,1,0.289,CAUTION,AUTO,0
INDUSTRIE,Souss-Massa,69,FONCTIONNAIRE,7338,3043,36157,48,45,3,0,0.384,HYPOTHEQUE,PROFESSIONNEL,0
SERVICES,Oriental,36,SALARIE_CDD,7053,2379,38609,12,18,2,0,0.352,CAUTION,CONSOMMATION,0
COMMERCE,Souss-Massa,28,INDEPENDANT,17014,3258,87869,24,2,5,3,0.196,CAUTION,CONSOMMATION,0
SERVICES,Guelmim-Oued Noun,60,FONCTIONNAIRE,20876,4779,27576,24,42,2,1,0.208,HYPOTHEQUE,CONSOMMATION,0
COMMERCE,Guelmim-Oued Noun,34,SALARIE_CDI,7123,3648,89698,120,8,4,2,0.566,NANTISSEMENT,PROFESSIONNEL,0
TECH,Tanger-Tétouan-Al Hoceïma,42,INDEPENDANT,16190,8986,29302,24,22,3,0,0.532,CAUTION,AUTO,1
INDUSTRIE,Oriental,24,FONCTIONNAIRE,12881,4479,130662,12,5,5,0,0.392,AUCUNE,CONSOMMATION,1
INDUSTRIE,Marrakech-Safi,66,FONCTIONNAIRE,13921,4380,49947,24,45,5,2,0.296,HYPOTHEQUE,CONSOMMATION,1
SERVICES,Marrakech-Safi,28,INDEPENDANT,8480,3849,22633,84,1,5,0,0.409,AUCUNE,PROFESSIONNEL,1
SERVICES,Tanger-Tétouan-Al Hoceïma,41,FONCTIONNAIRE,5987,963,167085,24,15,1,0,0.167,AUCUNE,IMMOBILIER,1
INDUSTRIE,Casablanca-Settat,43,SALARIE_CDD,5042,2192,55364,84,21,0,0,0.443,HYPOTHEQUE,PROFESSIONNEL,0
AGRICULTURE,Laâyoune-Sakia El Hamra,20,SALARIE_CDI,4506,1733,23713,12,0,3,0,0.478,AUCUNE,PROFESSIONNEL,0
SERVICES,Rabat-Salé-Kénitra,66,SALARIE_CDI,19147,7103,13562,120,45,4,3,0.392,NANTISSEMENT,PROFESSIONNEL,0
COMMERCE,Fès-Meknès,56,FONCTIONNAIRE,8143,1227,59178,48,33,4,1,0.165,CAUTION,IMMOBILIER,0
COMMERCE,Fès-Meknès,52,SALARIE_CDI,4841,3008,95688,120,27,0,3,0.627,CAUTION,AUTO,1
SERVICES,Marrakech-Safi,29,SALARIE_CDI,12722,3011,47617,84,10,5,0,0.209,AUCUNE,CONSOMMATION,0
SERVICES,Tanger-Tétouan-Al Hoceïma,21,INDEPENDANT,6532,1349,45754,24,3,5,0,0.194,AUCUNE,PROFESSIONNEL,0
INDUSTRIE,Drâa-Tafilalet,21,SALARIE_CDI,6045,2073,108124,60,0,5,0,0.317,AUCUNE,IMMOBILIER,1
COMMERCE,Laâyoune-Sakia El Hamra,57,SALARIE_CDI,20550,11084,55206,120,32,0,0,0.546,CAUTION,IMMOBILIER,0
INDUSTRIE,Marrakech-Safi,65,INDEPENDANT,4452,2371,22913,48,43,3,1,0.456,HYPOTHEQUE,IMMOBILIER,0
TECH,Marrakech-Safi,68,INDEPENDANT,9007,3656,23613,24,44,1,0,0.319,AUCUNE,CONSOMMATION,0
TECH,Souss-Massa,68,INDEPENDANT,6211,2637,53578,48,45,4,0,0.387,CAUTION,CONSOMMATION,0
TECH,Fès-Meknès,42,SALARIE_CDD,5781,2183,51611,48,18,1,0,0.334,AUCUNE,CONSOMMATION,0
AGRICULTURE,Guelmim-Oued Noun,18,FONCTIONNAIRE,4193,682,77774,84,0,5,4,0.177,CAUTION,PROFESSIONNEL,1
TECH,Marrakech-Safi,33,RETRAITE,8323,2405,47006,24,7,5,1,0.26,NANTISSEMENT,IMMOBILIER,0
TECH,Tanger-Tétouan-Al Hoceïma,67,SALARIE_CDI,5468,1884,58449,60,42,5,1,0.371,HYPOTHEQUE,AUTO,0
TECH,Oriental,66,SALARIE_CDI,10574,4517,46336,36,40,5,2,0.395,CAUTION,CONSOMMATION,0
TECH,Tanger-Tétouan-Al Hoceïma,49,SALARIE_CDI,7933,3804,71323,24,30,3,2,0.589,NANTISSEMENT,CONSOMMATION,0
TECH,Béni Mellal-Khénifra,19,INDEPENDANT,7040,4532,61212,84,0,3,1,0.63,AUCUNE,PROFESSIONNEL,1
AGRICULTURE,Guelmim-Oued Noun,66,SALARIE_CDI,5482,2213,30308,48,45,2,0,0.423,AUCUNE,PROFESSIONNEL,1
COMMERCE,Oriental,69,SALARIE_CDD,15426,7496,31829,120,45,3,0,0.453,HYPOTHEQUE,CONSOMMATION,1
COMMERCE,Souss-Massa,32,FONCTIONNAIRE,11283,7112,45558,24,10,3,2,0.609,NANTISSEMENT,CONSOMMATION,0
COMMERCE,Dakhla-Oued Ed-Dahab,68,RETRAITE,5963,1725,39279,36,45,3,0,0.31,CAUTION,CONSOMMATION,0
TECH,Dakhla-Oued Ed-Dahab,58,SALARIE_CDI,4396,1657,91123,120,31,1,0,0.377,AUCUNE,CONSOMMATION,0
INDUSTRIE,Dakhla-Oued Ed-Dahab,73,FONCTIONNAIRE,3465,1769,42123,48,45,3,3,0.547,AUCUNE,CONSOMMATION,1
TECH,Casablanca-Settat,57,RETRAITE,13518,5848,13408,36,30,2,1,0.483,AUCUNE,AUTO,0
TECH,Laâyoune-Sakia El Hamra,23,SALARIE_CDI,12199,7278,15877,84,0,0,1,0.699,AUCUNE,AUTO,0
AGRICULTURE,Laâyoune-Sakia El Hamra,58,FONCTIONNAIRE,12977,5620,30718,12,33,5,1,0.469,CAUTION,PROFESSIONNEL,0
SERVICES,Guelmim-Oued Noun,24,SALARIE_CDI,7676,4691,60189,60,4,1,0,0.613,NANTISSEMENT,PROFESSIONNEL,1
COMMERCE,Drâa-Tafilalet,34,SALARIE_CDI,11646,2612,21858,36,12,3,3,0.204,NANTISSEMENT,CONSOMMATION,0
TECH,Tanger-Tétouan-Al Hoceïma,72,SALARIE_CDI,12865,7098,57293,120,45,3,0,0.517,AUCUNE,CONSOMMATION,0
AGRICULTURE,Drâa-Tafilalet,78,SALARIE_CDI,7853,2015,21228,12,45,1,0,0.236,NANTISSEMENT,CONSOMMATION,1
AGRICULTURE,Oriental,47,SALARIE_CDI,6897,1204,40585,36,24,1,0,0.185,AUCUNE,CONSOMMATION,0
COMMERCE,Guelmim-Oued Noun,36,INDEPENDANT,5222,1075,48541,24,15,2,4,0.264,AUCUNE,IMMOBILIER,0
COMMERCE,Tanger-Tétouan-Al Hoceïma,42,SALARIE_CDD,9816,4322,16313,24,16,3,0,0.459,AUCUNE,CONSOMMATION,1
SERVICES,Drâa-Tafilalet,33,SALARIE_CDD,10422,3079,47904,24,8,5,0,0.281,CAUTION,AUTO,1
AGRICULTURE,Guelmim-Oued Noun,54,FONCTIONNAIRE,6748,1498,112520,48,35,5,3,0.162,AUCUNE,CONSOMMATION,0
SERVICES,Laâyoune-Sakia El Hamra,44,RETRAITE,7116,3306,31625,48,23,5,0,0.425,HYPOTHEQUE,CONSOMMATION,0
TECH,Marrakech-Safi,21,SALARIE_CDI,7348,2895,38312,48,0,4,1,0.405,AUCUNE,PROFESSIONNEL,0
TECH,Laâyoune-Sakia El Hamra,56,SALARIE_CDI,11569,3937,43363,120,30,4,0,0.368,AUCUNE,PROFESSIONNEL,0
INDUSTRIE,Marrakech-Safi,58,SALARIE_CDI,4366,1824,38694,120,31,3,0,0.465,AUCUNE,CONSOMMATION,1
SERVICES,Dakhla-Oued Ed-Dahab,60,INDEPENDANT,4928,2862,36932,24,40,2,0,0.628,AUCUNE,PROFESSIONNEL,1
SERVICES,Casablanca-Settat,77,INDEPENDANT,4971,2547,34987,12,45,1,0,0.462,AUCUNE,CONSOMMATION,0
TECH,Marrakech-Safi,62,SALARIE_CDD,7579,3013,12122,60,43,4,2,0.363,AUCUNE,CONSOMMATION,1
COMMERCE,Béni Mellal-Khénifra,60,SALARIE_CDI,9338,5241,49864,12,42,2,5,0.604,HYPOTHEQUE,CONSOMMATION,1
SERVICES,Oriental,31,FONCTIONNAIRE,5009,2912,17112,60,10,5,0,0.633,AUCUNE,PROFESSIONNEL,1
TECH,Drâa-Tafilalet,47,FONCTIONNAIRE,12198,4125,47266,24,21,0,1,0.338,CAUTION,CONSOMMATION,0
SERVICES,Tanger-Tétouan-Al Hoceïma,45,SALARIE_CDI,15649,3519,59327,24,23,3,3,0.305,AUCUNE,CONSOMMATION,0
TECH,Casablanca-Settat,78,SALARIE_CDI,9762,2026,48283,60,45,0,0,0.265,AUCUNE,CONSOMMATION,0
INDUSTRIE,Béni Mellal-Khénifra,47,SALARIE_CDI,13430,6304,19564,84,27,2,3,0.503,CAUTION,CONSOMMATION,0
SERVICES,Oriental,61,FONCTIONNAIRE,5368,3318,45287,36,37,5,0,0.635,AUCUNE,CONSOMMATION,1
SERVICES,Oriental,52,RETRAITE,5426,918,31271,36,29,1,0,0.084,AUCUNE,AUTO,0
COMMERCE,Tanger-Tétouan-Al Hoceïma,21,SALARIE_CDI,10215,4072,24031,12,0,5,2,0.352,HYPOTHEQUE,CONSOMMATION,1
INDUSTRIE,Laâyoune-Sakia El Hamra,76,INDEPENDANT,7964,1968,153970,120,45,5,0,0.242,CAUTION,PROFESSIONNEL,1
TECH,Guelmim-Oued Noun,60,SALARIE_CDD,5421,2254,19366,120,33,3,0,0.497,CAUTION,PROFESSIONNEL,1
COMMERCE,Marrakech-Safi,32,FONCTIONNAIRE,15387,8899,51344,24,13,5,0,0.645,AUCUNE,IMMOBILIER,0
INDUSTRIE,Casablanca-Settat,21,INDEPENDANT,9269,5037,105666,84,0,3,0,0.508,AUCUNE,PROFESSIONNEL,0
SERVICES,Marrakech-Safi,77,FONCTIONNAIRE,11114,7065,47475,120,45,5,0,0.684,HYPOTHEQUE,IMMOBILIER,0
SERVICES,Casablanca-Settat,37,SALARIE_CDI,5982,2347,23610,120,11,1,1,0.348,HYPOTHEQUE,AUTO,0
AGRICULTURE,Drâa-Tafilalet,19,SALARIE_CDI,17257,8313,24689,36,0,1,0,0.351,AUCUNE,IMMOBILIER,1
SERVICES,Béni Mellal-Khénifra,56,INDEPENDANT,7554,4527,13659,12,32,2,2,0.696,HYPOTHEQUE,CONSOMMATION,1
AGRICULTURE,Souss-Massa,19,FONCTIONNAIRE,12818,6394,38771,48,0,5,3,0.387,NANTISSEMENT,CONSOMMATION,1
INDUSTRIE,Béni Mellal-Khénifra,31,SALARIE_CDI,6234,3941,39782,36,12,1,3,0.49,AUCUNE,CONSOMMATION,0
SERVICES,Guelmim-Oued Noun,74,FONCTIONNAIRE,8742,2385,30471,36,45,5,1,0.285,CAUTION,AUTO,0
SERVICES,Guelmim-Oued Noun,20,SALARIE_CDI,10415,2265,98387,60,1,5,1,0.202,AUCUNE,PROFESSIONNEL,1
SERVICES,Souss-Massa,65,SALARIE_CDI,19889,4466,35379,60,45,3,3,0.242,CAUTION,CONSOMMATION,0
TECH,Béni Mellal-Khénifra,56,INDEPENDANT,6648,3831,12271,12,38,4,0,0.669,CAUTION,CONSOMMATION,0
COMMERCE,Oriental,37,SALARIE_CDD,8876,1566,104981,60,18,0,1,0.225,CAUTION,CONSOMMATION,0
INDUSTRIE,Dakhla-Oued Ed-Dahab,36,SALARIE_CDI,10576,5869,16254,120,12,1,1,0.583,CAUTION,IMMOBILIER,0
COMMERCE,Guelmim-Oued Noun,47,SALARIE_CDD,4287,1638,53279,24,29,2,1,0.338,CAUTION,CONSOMMATION,1
COMMERCE,Fès-Meknès,51,RETRAITE,3046,1510,58401,120,27,2,0,0.471,CAUTION,CONSOMMATION,1
AGRICULTURE,Laâyoune-Sakia El Hamra,74,SALARIE_CDI,5176,2706,35355,12,45,0,0,0.552,HYPOTHEQUE,AUTO,0
AGRICULTURE,Tanger-Tétouan-Al Hoceïma,34,SALARIE_CDI,12522,4535,71868,48,14,0,3,0.341,AUCUNE,PROFESSIONNEL,1
COMMERCE,Guelmim-Oued Noun,55,SALARIE_CDD,17543,3913,39470,12,34,2,0,0.263,HYPOTHEQUE,PROFESSIONNEL,0
TECH,Dakhla-Oued Ed-Dahab,61,SALARIE_CDI,5349,2452,29083,120,35,1,3,0.47,AUCUNE,CONSOMMATION,1
TECH,Guelmim-Oued Noun,18,SALARIE_CDI,4687,2945,8694,84,0,5,1,0.618,NANTISSEMENT,IMMOBILIER,1
COMMERCE,Rabat-Salé-Kénitra,74,SALARIE_CDI,16166,2631,11131,120,45,1,0,0.219,AUCUNE,IMMOBILIER,0
COMMERCE,Marrakech-Safi,80,SALARIE_CDI,6283,1655,257179,12,45,4,1,0.251,HYPOTHEQUE,PROFESSIONNEL,0
SERVICES,Guelmim-Oued Noun,23,FONCTIONNAIRE,6855,4025,62621,60,3,0,3,0.519,HYPOTHEQUE,PROFESSIONNEL,0
TECH,Rabat-Salé-Kénitra,34,SALARIE_CDI,15625,2889,90189,84,11,5,0,0.247,AUCUNE,CONSOMMATION,0
AGRICULTURE,Casablanca-Settat,67,SALARIE_CDD,14510,2250,217841,12,42,5,1,0.155,AUCUNE,IMMOBILIER,1
SERVICES,Fès-Meknès,68,INDEPENDANT,12337,7265,29139,120,45,0,4,0.578,AUCUNE,IMMOBILIER,0
TECH,Souss-Massa,27,SALARIE_CDI,3751,2003,34033,12,3,0,0,0.528,HYPOTHEQUE,IMMOBILIER,1
AGRICULTURE,Rabat-Salé-Kénitra,75,SALARIE_CDI,4599,1274,11836,12,45,5,3,0.248,HYPOTHEQUE,IMMOBILIER,0
SERVICES,Rabat-Salé-Kénitra,38,RETRAITE,13416,8495,30675,36,19,3,0,0.764,AUCUNE,CONSOMMATION,1
COMMERCE,Tanger-Tétouan-Al Hoceïma,36,FONCTIONNAIRE,9349,4733,30116,120,12,4,1,0.441,CAUTION,CONSOMMATION,0
AGRICULTURE,Béni Mellal-Khénifra,40,FONCTIONNAIRE,5710,1197,28579,84,14,2,0,0.228,AUCUNE,PROFESSIONNEL,0
AGRICULTURE,Oriental,60,FONCTIONNAIRE,6939,2639,78439,48,36,0,0,0.391,HYPOTHEQUE,PROFESSIONNEL,0
SERVICES,Guelmim-Oued Noun,30,RETRAITE,13359,7782,62009,48,11,2,0,0.623,AUCUNE,PROFESSIONNEL,0
INDUSTRIE,Dakhla-Oued Ed-Dahab,52,SALARIE_CDI,16114,7797,71575,12,25,4,4,0.466,CAUTION,IMMOBILIER,1
COMMERCE,Casablanca-Settat,22,SALARIE_CDI,8081,3579,16001,84,3,0,2,0.505,HYPOTHEQUE,PROFESSIONNEL,0
SERVICES,Drâa-Tafilalet,27,INDEPENDANT,5948,2132,38341,12,4,2,2,0.342,CAUTION,PROFESSIONNEL,1
INDUSTRIE,Rabat-Salé-Kénitra,66,SALARIE_CDI,7158,1961,47792,60,41,4,3,0.249,CAUTION,PROFESSIONNEL,1
SERVICES,Tanger-Tétouan-Al Hoceïma,42,FONCTIONNAIRE,14830,6774,138925,36,15,3,1,0.461,HYPOTHEQUE,IMMOBILIER,0
SERVICES,Tanger-Tétouan-Al Hoceïma,67,SALARIE_CDI,14700,3336,40773,84,44,1,0,0.244,NANTISSEMENT,PROFESSIONNEL,0
COMMERCE,Drâa-Tafilalet,64,SALARIE_CDI,8843,4907,33505,12,37,3,5,0.61,HYPOTHEQUE,CONSOMMATION,1
COMMERCE,Fès-Meknès,80,FONCTIONNAIRE,6385,1627,80393,24,45,4,0,0.19,AUCUNE,CONSOMMATION,1
COMMERCE,Laâyoune-Sakia El Hamra,26,FONCTIONNAIRE,13190,2774,31359,60,8,4,3,0.256,HYPOTHEQUE,CONSOMMATION,1
TECH,Tanger-Tétouan-Al Hoceïma,76,FONCTIONNAIRE,16820,3129,52213,60,45,1,2,0.235,CAUTION,CONSOMMATION,0
INDUSTRIE,Guelmim-Oued Noun,74,SALARIE_CDI,4213,2349,51141,12,45,5,1,0.594,HYPOTHEQUE,IMMOBILIER,1
SERVICES,Dakhla-Oued Ed-Dahab,45,SALARIE_CDI,7298,2802,26107,12,27,5,1,0.381,CAUTION,IMMOBILIER,0
SERVICES,Oriental,26,INDEPENDANT,13632,4762,23157,36,0,3,0,0.325,AUCUNE,PROFESSIONNEL,0
SERVICES,Rabat-Salé-Kénitra,26,SALARIE_CDI,8376,3439,35522,60,4,1,1,0.436,AUCUNE,IMMOBILIER,1
INDUSTRIE,Drâa-Tafilalet,50,FONCTIONNAIRE,6504,2886,26823,60,23,2,0,0.455,HYPOTHEQUE,CONSOMMATION,0
SERVICES,Souss-Massa,18,FONCTIONNAIRE,8807,5199,12723,48,0,4,5,0.516,AUCUNE,AUTO,1
SERVICES,Tanger-Tétouan-Al Hoceïma,24,SALARIE_CDI,9574,3082,60178,60,6,4,0,0.368,CAUTION,CONSOMMATION,1
SERVICES,Souss-Massa,51,SALARIE_CDI,4880,1189,54135,36,27,4,2,0.21,CAUTION,CONSOMMATION,0
COMMERCE,Fès-Meknès,53,INDEPENDANT,8441,4934,21591,48,35,2,2,0.553,AUCUNE,AUTO,1
COMMERCE,Fès-Meknès,72,SALARIE_CDD,9560,3731,20174,60,45,5,1,0.444,AUCUNE,IMMOBILIER,0
AGRICULTURE,Dakhla-Oued Ed-Dahab,79,SALARIE_CDI,6497,2857,51125,24,45,2,1,0.448,HYPOTHEQUE,CONSOMMATION,0
TECH,Fès-Meknès,34,RETRAITE,5706,1307,123805,12,7,5,0,0.221,AUCUNE,IMMOBILIER,1
COMMERCE,Souss-Massa,38,SALARIE_CDI,6361,3696,74202,36,19,5,2,0.563,NANTISSEMENT,CONSOMMATION,1
SERVICES,Drâa-Tafilalet,30,INDEPENDANT,5235,3241,84158,84,3,3,0,0.607,CAUTION,IMMOBILIER,1
COMMERCE,Marrakech-Safi,32,SALARIE_CDI,11882,4441,29345,84,13,5,2,0.373,AUCUNE,IMMOBILIER,1
SERVICES,Béni Mellal-Khénifra,45,SALARIE_CDD,5205,833,48573,48,24,4,0,0.243,HYPOTHEQUE,IMMOBILIER,0
INDUSTRIE,Laâyoune-Sakia El Hamra,80,FONCTIONNAIRE,8823,1443,33101,84,45,1,2,0.067,AUCUNE,CONSOMMATION,0
INDUSTRIE,Guelmim-Oued Noun,74,SALARIE_CDI,6847,2062,21845,48,45,3,2,0.427,CAUTION,CONSOMMATION,1
INDUSTRIE,Casablanca-Settat,75,INDEPENDANT,5897,2335,41646,84,45,1,2,0.513,NANTISSEMENT,IMMOBILIER,0
SERVICES,Tanger-Tétouan-Al Hoceïma,46,SALARIE_CDI,15019,5503,19783,48,27,5,0,0.348,CAUTION,IMMOBILIER,0
COMMERCE,Casablanca-Settat,59,FONCTIONNAIRE,7640,3319,21556,12,41,5,1,0.444,AUCUNE,CONSOMMATION,1
TECH,Béni Mellal-Khénifra,63,INDEPENDANT,5996,1671,26594,24,40,3,0,0.288,AUCUNE,IMMOBILIER,0
TECH,Fès-Meknès,33,FONCTIONNAIRE,5743,1464,28654,60,9,0,0,0.308,HYPOTHEQUE,AUTO,1
COMMERCE,Laâyoune-Sakia El Hamra,47,SALARIE_CDD,9439,6013,35574,60,26,5,0,0.644,CAUTION,CONSOMMATION,1
COMMERCE,Marrakech-Safi,52,SALARIE_CDI,11754,3412,8549,84,26,1,0,0.31,NANTISSEMENT,CONSOMMATION,0
SERVICES,Laâyoune-Sakia El Hamra,41,SALARIE_CDI,14355,8947,18908,24,16,1,0,0.683,AUCUNE,IMMOBILIER,0
TECH,Tanger-Tétouan-Al Hoceïma,47,INDEPENDANT,7514,3274,109055,24,26,0,0,0.339,AUCUNE,IMMOBILIER,0
COMMERCE,Dakhla-Oued Ed-Dahab,45,FONCTIONNAIRE,7314,1353,36091,120,24,0,1,0.177,CAUTION,IMMOBILIER,1
SERVICES,Marrakech-Safi,21,FONCTIONNAIRE,8595,3846,53797,36,0,5,1,0.459,CAUTION,CONSOMMATION,1
INDUSTRIE,Fès-Meknès,66,SALARIE_CDD,8736,5615,48597,84,42,0,0,0.627,HYPOTHEQUE,PROFESSIONNEL,0
AGRICULTURE,Tanger-Tétouan-Al Hoceïma,74,SALARIE_CDD,5725,3262,33665,12,45,3,5,0.485,CAUTION,CONSOMMATION,1
COMMERCE,Dakhla-Oued Ed-Dahab,65,SALARIE_CDI,15648,4722,19574,120,45,3,0,0.304,HYPOTHEQUE,PROFESSIONNEL,0
COMMERCE,Drâa-Tafilalet,76,SALARIE_CDI,8185,1619,24713,120,45,3,1,0.171,AUCUNE,CONSOMMATION,0
COMMERCE,Guelmim-Oued Noun,45,SALARIE_CDD,10308,3919,143041,84,23,5,2,0.359,AUCUNE,AUTO,0
INDUSTRIE,Oriental,21,SALARIE_CDI,9808,1955,25002,36,1,4,1,0.199,CAUTION,CONSOMMATION,1
COMMERCE,Guelmim-Oued Noun,34,SALARIE_CDI,9718,2904,121197,12,10,1,0,0.215,CAUTION,AUTO,0
INDUSTRIE,Béni Mellal-Khénifra,71,FONCTIONNAIRE,5157,3141,27154,24,45,4,2,0.595,CAUTION,CONSOMMATION,0
INDUSTRIE,Drâa-Tafilalet,26,SALARIE_CDD,8080,3852,29044,48,0,3,1,0.443,HYPOTHEQUE,IMMOBILIER,1
COMMERCE,Laâyoune-Sakia El Hamra,52,SALARIE_CDD,22614,12250,38311,120,32,1,0,0.478,HYPOTHEQUE,PROFESSIONNEL,1
SERVICES,Dakhla-Oued Ed-Dahab,18,INDEPENDANT,16551,6956,32104,60,0,3,1,0.446,CAUTION,CONSOMMATION,1
TECH,Oriental,38,FONCTIONNAIRE,8696,2035,18826,48,18,4,0,0.17,NANTISSEMENT,CONSOMMATION,0
INDUSTRIE,Souss-Massa,25,SALARIE_CDI,6870,1547,35956,60,0,3,0,0.253,AUCUNE,CONSOMMATION,0
COMMERCE,Béni Mellal-Khénifra,25,INDEPENDANT,2987,1592,12958,84,6,3,0,0.577,AUCUNE,AUTO,1
COMMERCE,Drâa-Tafilalet,28,SALARIE_CDD,6478,2362,46868,60,4,1,0,0.359,AUCUNE,IMMOBILIER,0
COMMERCE,Dakhla-Oued Ed-Dahab,51,FONCTIONNAIRE,7822,3129,42504,12,27,4,0,0.455,AUCUNE,IMMOBILIER,0
COMMERCE,Drâa-Tafilalet,61,INDEPENDANT,7025,1682,60469,48,36,1,0,0.355,CAUTION,CONSOMMATION,0
AGRICULTURE,Dakhla-Oued Ed-Dahab,36,SALARIE_CDI,7248,2398,25648,120,13,2,1,0.36,HYPOTHEQUE,PROFESSIONNEL,0
COMMERCE,Drâa-Tafilalet,69,FONCTIONNAIRE,10722,2317,60889,60,45,4,0,0.201,HYPOTHEQUE,CONSOMMATION,0
TECH,Dakhla-Oued Ed-Dahab,42,SALARIE_CDI,5166,1303,49093,36,20,5,1,0.311,HYPOTHEQUE,IMMOBILIER,0
COMMERCE,Guelmim-Oued Noun,64,SALARIE_CDI,9161,5446,39706,48,45,0,1,0.498,CAUTION,IMMOBILIER,0
SERVICES,Laâyoune-Sakia El Hamra,51,SALARIE_CDD,7711,3920,144925,84,33,5,4,0.626,CAUTION,CONSOMMATION,1
INDUSTRIE,Marrakech-Safi,63,SALARIE_CDI,5448,3138,50492,12,43,4,0,0.581,CAUTION,IMMOBILIER,0
INDUSTRIE,Dakhla-Oued Ed-Dahab,79,SALARIE_CDI,17212,10105,26247,24,45,1,1,0.601,AUCUNE,PROFESSIONNEL,1
SERVICES,Tanger-Tétouan-Al Hoceïma,80,SALARIE_CDD,11345,5046,106446,60,45,0,1,0.367,CAUTION,PROFESSIONNEL,0
INDUSTRIE,Guelmim-Oued Noun,54,SALARIE_CDI,5688,1718,51904,12,31,1,1,0.348,AUCUNE,PROFESSIONNEL,0
INDUSTRIE,Tanger-Tétouan-Al Hoceïma,78,SALARIE_CDD,10227,4053,126144,48,45,0,0,0.403,HYPOTHEQUE,CONSOMMATION,1
COMMERCE,Souss-Massa,62,SALARIE_CDI,4336,691,9912,84,36,1,2,0.153,AUCUNE,AUTO,0
SERVICES,Drâa-Tafilalet,34,SALARIE_CDD,6012,3359,29424,48,10,1,1,0.528,HYPOTHEQUE,AUTO,0
TECH,Oriental,76,SALARIE_CDD,14727,8119,29476,84,45,0,1,0.507,NANTISSEMENT,CONSOMMATION,0
INDUSTRIE,Drâa-Tafilalet,27,SALARIE_CDD,9492,3836,9683,12,8,2,0,0.367,CAUTION,PROFESSIONNEL,1
COMMERCE,Casablanca-Settat,47,INDEPENDANT,9155,3101,40787,48,28,4,2,0.258,AUCUNE,IMMOBILIER,1
SERVICES,Laâyoune-Sakia El Hamra,27,RETRAITE,12634,2985,27995,120,8,5,1,0.246,CAUTION,IMMOBILIER,0
COMMERCE,Tanger-Tétouan-Al Hoceïma,67,SALARIE_CDI,10669,2004,8962,60,45,5,2,0.267,CAUTION,AUTO,1
SERVICES,Guelmim-Oued Noun,74,SALARIE_CDD,7189,2246,21240,84,45,2,0,0.332,HYPOTHEQUE,CONSOMMATION,0
COMMERCE,Fès-Meknès,69,INDEPENDANT,12350,7641,95843,36,45,3,0,0.578,HYPOTHEQUE,PROFESSIONNEL,0
INDUSTRIE,Béni Mellal-Khénifra,24,FONCTIONNAIRE,3789,699,68604,12,0,2,1,0.201,CAUTION,IMMOBILIER,0
AGRICULTURE,Béni Mellal-Khénifra,35,RETRAITE,6001,3748,22066,36,12,3,3,0.492,AUCUNE,PROFESSIONNEL,1
INDUSTRIE,Rabat-Salé-Kénitra,39,INDEPENDANT,7757,3214,21620,120,16,4,2,0.5,HYPOTHEQUE,PROFESSIONNEL,0
COMMERCE,Souss-Massa,25,INDEPENDANT,10368,3841,66343,24,5,2,1,0.342,CAUTION,CONSOMMATION,1
SERVICES,Béni Mellal-Khénifra,51,SALARIE_CDI,7001,1481,9174,84,33,1,1,0.237,CAUTION,IMMOBILIER,0
COMMERCE,Laâyoune-Sakia El Hamra,20,SALARIE_CDI,3631,674,55023,60,0,5,0,0.183,CAUTION,IMMOBILIER,0
COMMERCE,Laâyoune-Sakia El Hamra,56,FONCTIONNAIRE,3408,1439,10075,84,32,3,0,0.451,HYPOTHEQUE,CONSOMMATION,1
INDUSTRIE,Tanger-Tétouan-Al Hoceïma,54,FONCTIONNAIRE,7859,3531,114622,120,27,3,0,0.566,CAUTION,CONSOMMATION,1
SERVICES,Béni Mellal-Khénifra,55,INDEPENDANT,6535,2399,57576,120,30,4,4,0.26,CAUTION,IMMOBILIER,0
SERVICES,Marrakech-Safi,75,RETRAITE,5380,1580,9988,48,45,0,0,0.307,CAUTION,IMMOBILIER,0
SERVICES,Laâyoune-Sakia El Hamra,67,SALARIE_CDI,4990,782,27824,60,45,5,0,0.171,AUCUNE,PROFESSIONNEL,0
AGRICULTURE,Laâyoune-Sakia El Hamra,34,SALARIE_CDD,8606,2438,45347,12,13,5,4,0.264,AUCUNE,PROFESSIONNEL,0
INDUSTRIE,Dakhla-Oued Ed-Dahab,54,INDEPENDANT,14560,7388,9038,12,36,0,0,0.47,NANTISSEMENT,PROFESSIONNEL,0
SERVICES,Souss-Massa,68,INDEPENDANT,8606,3899,35225,120,45,1,0,0.501,CAUTION,PROFESSIONNEL,0
AGRICULTURE,Tanger-Tétouan-Al Hoceïma,71,INDEPENDANT,14647,3355,50875,24,45,3,1,0.227,CAUTION,CONSOMMATION,1
SERVICES,Guelmim-Oued Noun,58,FONCTIONNAIRE,6848,3744,8536,12,32,4,0,0.547,CAUTION,CONSOMMATION,0
INDUSTRIE,Drâa-Tafilalet,23,RETRAITE,9893,2218,61223,12,4,0,1,0.209,HYPOTHEQUE,IMMOBILIER,1
TECH,Marrakech-Safi,45,SALARIE_CDD,14890,8156,33279,12,27,0,0,0.54,HYPOTHEQUE,CONSOMMATION,1
AGRICULTURE,Oriental,72,SALARIE_CDI,7547,3066,68994,36,45,2,0,0.437,CAUTION,PROFESSIONNEL,0
TECH,Béni Mellal-Khénifra,22,SALARIE_CDI,8198,4168,30818,12,1,0,4,0.537,CAUTION,PROFESSIONNEL,0
COMMERCE,Souss-Massa,55,SALARIE_CDD,6846,1311,17327,24,36,2,0,0.153,AUCUNE,PROFESSIONNEL,0
AGRICULTURE,Tanger-Tétouan-Al Hoceïma,52,INDEPENDANT,10579,5506,16183,120,31,3,1,0.505,CAUTION,CONSOMMATION,1
SERVICES,Marrakech-Safi,32,SALARIE_CDD,12161,6211,29189,12,14,4,5,0.562,HYPOTHEQUE,CONSOMMATION,0
AGRICULTURE,Tanger-Tétouan-Al Hoceïma,39,FONCTIONNAIRE,9491,2255,31821,12,17,1,0,0.322,CAUTION,IMMOBILIER,0
TECH,Marrakech-Safi,79,SALARIE_CDD,7308,1599,76484,48,45,4,0,0.303,CAUTION,PROFESSIONNEL,1
AGRICULTURE,Fès-Meknès,55,INDEPENDANT,4126,2163,29866,24,32,1,1,0.605,CAUTION,IMMOBILIER,0
SERVICES,Marrakech-Safi,77,SALARIE_CDI,7928,2839,12183,36,45,4,1,0.368,HYPOTHEQUE,CONSOMMATION,1
SERVICES,Tanger-Tétouan-Al Hoceïma,47,FONCTIONNAIRE,7433,3522,26358,48,20,1,0,0.526,CAUTION,IMMOBILIER,0
COMMERCE,Béni Mellal-Khénifra,71,SALARIE_CDI,9011,1392,12495,24,45,1,1,0.173,NANTISSEMENT,IMMOBILIER,0
COMMERCE,Tanger-Tétouan-Al Hoceïma,57,SALARIE_CDD,8540,2065,46395,84,32,4,2,0.205,AUCUNE,PROFESSIONNEL,0
COMMERCE,Rabat-Salé-Kénitra,75,SALARIE_CDD,16442,8599,54497,60,45,1,0,0.517,CAUTION,IMMOBILIER,0
AGRICULTURE,Guelmim-Oued Noun,38,FONCTIONNAIRE,5923,1477,61402,12,20,5,0,0.239,AUCUNE,IMMOBILIER,0
COMMERCE,Souss-Massa,42,FONCTIONNAIRE,3988,758,29385,60,21,1,1,0.236,AUCUNE,PROFESSIONNEL,1
INDUSTRIE,Béni Mellal-Khénifra,20,RETRAITE,4846,1151,22251,36,0,1,0,0.277,CAUTION,IMMOBILIER,1
INDUSTRIE,Oriental,32,INDEPENDANT,6093,3450,25400,48,14,1,0,0.561,AUCUNE,IMMOBILIER,1
SERVICES,Oriental,26,SALARIE_CDI,13186,4263,34066,60,1,2,0,0.312,AUCUNE,AUTO,0
SERVICES,Souss-Massa,29,SALARIE_CDI,4520,1876,25427,36,8,2,0,0.381,AUCUNE,CONSOMMATION,0
SERVICES,Guelmim-Oued Noun,37,SALARIE_CDI,4800,2106,112053,60,10,1,0,0.422,HYPOTHEQUE,PROFESSIONNEL,0
TECH,Laâyoune-Sakia El Hamra,73,SALARIE_CDI,9762,3283,28107,84,45,2,1,0.331,HYPOTHEQUE,IMMOBILIER,0
COMMERCE,Laâyoune-Sakia El Hamra,41,SALARIE_CDI,11875,2338,33806,84,19,4,3,0.213,HYPOTHEQUE,IMMOBILIER,0
COMMERCE,Souss-Massa,70,INDEPENDANT,4035,1123,21462,24,44,2,2,0.284,NANTISSEMENT,PROFESSIONNEL,1
INDUSTRIE,Tanger-Tétouan-Al Hoceïma,69,RETRAITE,3650,836,21804,48,45,0,0,0.189,AUCUNE,IMMOBILIER,0
COMMERCE,Casablanca-Settat,79,SALARIE_CDI,5688,3440,14896,48,45,4,1,0.58,NANTISSEMENT,IMMOBILIER,0
TECH,Souss-Massa,50,INDEPENDANT,10892,5664,17677,120,29,0,1,0.515,AUCUNE,PROFESSIONNEL,1
AGRICULTURE,Dakhla-Oued Ed-Dahab,71,INDEPENDANT,8643,4853,134661,36,45,4,0,0.587,AUCUNE,IMMOBILIER,1
COMMERCE,Fès-Meknès,44,SALARIE_CDD,5782,3216,53141,24,19,1,0,0.531,AUCUNE,AUTO,0
TECH,Laâyoune-Sakia El Hamra,57,INDEPENDANT,11302,1708,28646,84,36,4,0,0.078,CAUTION,AUTO,0
COMMERCE,Guelmim-Oued Noun,69,RETRAITE,8569,4494,22935,36,43,3,0,0.469,HYPOTHEQUE,IMMOBILIER,0
COMMERCE,Béni Mellal-Khénifra,26,RETRAITE,7720,3019,86225,24,2,4,4,0.407,HYPOTHEQUE,PROFESSIONNEL,1
TECH,Oriental,21,INDEPENDANT,3919,2106,20232,48,0,2,0,0.561,HYPOTHEQUE,IMMOBILIER,1
INDUSTRIE,Guelmim-Oued Noun,28,SALARIE_CDD,5729,3609,11023,120,4,1,1,0.601,HYPOTHEQUE,IMMOBILIER,1
INDUSTRIE,Rabat-Salé-Kénitra,63,SALARIE_CDI,19548,6429,50647,36,37,0,0,0.279,AUCUNE,CONSOMMATION,0
INDUSTRIE,Rabat-Salé-Kénitra,47,RETRAITE,6965,3151,18983,24,24,5,0,0.382,CAUTION,PROFESSIONNEL,0
COMMERCE,Marrakech-Safi,35,SALARIE_CDI,5268,1593,14788,48,13,5,1,0.235,HYPOTHEQUE,IMMOBILIER,1
COMMERCE,Guelmim-Oued Noun,66,SALARIE_CDD,6823,4073,16904,48,39,3,2,0.578,HYPOTHEQUE,IMMOBILIER,1
COMMERCE,Souss-Massa,18,SALARIE_CDI,8549,2368,48558,36,0,5,0,0.198,HYPOTHEQUE,CONSOMMATION,0
INDUSTRIE,Marrakech-Safi,28,SALARIE_CDD,12058,3926,33760,60,8,4,0,0.334,NANTISSEMENT,CONSOMMATION,1
SERVICES,Casablanca-Settat,47,SALARIE_CDI,10716,6365,18231,12,21,0,1,0.62,CAUTION,CONSOMMATION,1
TECH,Souss-Massa,75,INDEPENDANT,5976,1198,50447,36,45,5,0,0.132,CAUTION,CONSOMMATION,0
INDUSTRIE,Tanger-Tétouan-Al Hoceïma,65,FONCTIONNAIRE,14360,5701,20348,12,45,5,2,0.345,CAUTION,IMMOBILIER,1
AGRICULTURE,Marrakech-Safi,61,SALARIE_CDD,11691,5152,11557,120,43,4,1,0.436,NANTISSEMENT,PROFESSIONNEL,0
SERVICES,Casablanca-Settat,62,SALARIE_CDD,6632,2915,14538,48,37,3,1,0.399,AUCUNE,CONSOMMATION,0
COMMERCE,Guelmim-Oued Noun,37,FONCTIONNAIRE,7649,1607,36879,60,17,3,0,0.22,NANTISSEMENT,PROFESSIONNEL,0
COMMERCE,Guelmim-Oued Noun,46,INDEPENDANT,10618,1802,20984,60,25,2,0,0.219,CAUTION,IMMOBILIER,0
TECH,Marrakech-Safi,73,INDEPENDANT,13143,4709,39092,60,45,2,1,0.348,CAUTION,CONSOMMATION,0
SERVICES,Souss-Massa,63,INDEPENDANT,4091,1542,79116,60,42,1,0,0.292,HYPOTHEQUE,PROFESSIONNEL,0
AGRICULTURE,Fès-Meknès,55,SALARIE_CDD,8364,5197,23365,120,29,3,1,0.63,AUCUNE,AUTO,0
COMMERCE,Tanger-Tétouan-Al Hoceïma,23,INDEPENDANT,7990,4217,234783,60,0,1,0,0.511,CAUTION,IMMOBILIER,0
COMMERCE,Rabat-Salé-Kénitra,64,FONCTIONNAIRE,6268,2816,44062,12,45,5,0,0.476,CAUTION,PROFESSIONNEL,0
COMMERCE,Dakhla-Oued Ed-Dahab,41,FONCTIONNAIRE,6253,1595,32099,36,23,0,0,0.371,AUCUNE,AUTO,0
SERVICES,Drâa-Tafilalet,42,FONCTIONNAIRE,13023,7823,14267,48,19,0,0,0.553,CAUTION,AUTO,1
COMMERCE,Laâyoune-Sakia El Hamra,60,SALARIE_CDD,10307,2543,28454,120,34,5,3,0.21,CAUTION,IMMOBILIER,1
SERVICES,Fès-Meknès,42,SALARIE_CDD,20910,13041,30517,36,21,2,0,0.638,AUCUNE,CONSOMMATION,0
INDUSTRIE,Laâyoune-Sakia El Hamra,54,FONCTIONNAIRE,6270,3906,61810,120,33,3,5,0.666,AUCUNE,CONSOMMATION,0
COMMERCE,Oriental,18,SALARIE_CDI,8619,5507,23932,84,0,1,2,0.741,CAUTION,IMMOBILIER,1
COMMERCE,Marrakech-Safi,29,INDEPENDANT,9315,2715,49152,36,7,1,4,0.27,AUCUNE,PROFESSIONNEL,1
SERVICES,Fès-Meknès,51,SALARIE_CDD,12128,2653,37400,84,27,2,3,0.175,CAUTION,PROFESSIONNEL,1
SERVICES,Guelmim-Oued Noun,78,FONCTIONNAIRE,14932,6934,71850,48,45,0,2,0.425,HYPOTHEQUE,PROFESSIONNEL,0
SERVICES,Guelmim-Oued Noun,65,INDEPENDANT,8452,3055,75927,48,45,3,0,0.34,CAUTION,CONSOMMATION,0
SERVICES,Drâa-Tafilalet,44,SALARIE_CDI,4951,1704,45868,12,26,0,2,0.332,NANTISSEMENT,PROFESSIONNEL,1
COMMERCE,Marrakech-Safi,79,SALARIE_CDI,5885,2520,62037,12,45,4,0,0.437,NANTISSEMENT,PROFESSIONNEL,1
SERVICES,Béni Mellal-Khénifra,35,FONCTIONNAIRE,8641,4275,79738,48,12,2,2,0.496,CAUTION,PROFESSIONNEL,1
AGRICULTURE,Dakhla-Oued Ed-Dahab,74,SALARIE_CDI,13430,4245,52899,84,45,0,0,0.252,NANTISSEMENT,CONSOMMATION,0
SERVICES,Casablanca-Settat,43,SALARIE_CDI,4226,1342,44110,84,24,2,0,0.241,AUCUNE,PROFESSIONNEL,0
SERVICES,Fès-Meknès,23,INDEPENDANT,4786,2178,48361,84,0,2,3,0.45,NANTISSEMENT,CONSOMMATION,0
TECH,Casablanca-Settat,18,SALARIE_CDI,11393,2115,112215,48,0,0,1,0.148,HYPOTHEQUE,CONSOMMATION,1
INDUSTRIE,Rabat-Salé-Kénitra,79,FONCTIONNAIRE,4527,2263,39294,24,45,1,1,0.47,CAUTION,AUTO,0
INDUSTRIE,Dakhla-Oued Ed-Dahab,58,SALARIE_CDI,4884,2684,60492,36,31,1,3,0.594,CAUTION,PROFESSIONNEL,0
AGRICULTURE,Marrakech-Safi,27,SALARIE_CDI,13513,7971,22620,24,6,4,4,0.623,CAUTION,IMMOBILIER,0
AGRICULTURE,Marrakech-Safi,80,SALARIE_CDD,7335,3865,103843,48,45,4,2,0.509,CAUTION,IMMOBILIER,0
TECH,Casablanca-Settat,20,RETRAITE,7087,2859,49745,12,0,1,1,0.454,CAUTION,CONSOMMATION,1
SERVICES,Dakhla-Oued Ed-Dahab,39,FONCTIONNAIRE,14999,8803,28517,84,18,5,0,0.641,CAUTION,PROFESSIONNEL,0
COMMERCE,Souss-Massa,65,SALARIE_CDI,5022,1986,34577,12,43,1,1,0.464,AUCUNE,IMMOBILIER,0
AGRICULTURE,Guelmim-Oued Noun,21,SALARIE_CDD,4588,2494,31167,36,1,3,0,0.621,HYPOTHEQUE,IMMOBILIER,0
AGRICULTURE,Fès-Meknès,75,FONCTIONNAIRE,16868,3067,36442,36,45,1,0,0.172,HYPOTHEQUE,IMMOBILIER,0
SERVICES,Béni Mellal-Khénifra,60,FONCTIONNAIRE,9000,4541,42059,60,35,0,1,0.56,AUCUNE,CONSOMMATION,0
INDUSTRIE,Laâyoune-Sakia El Hamra,77,SALARIE_CDI,11002,2113,31643,84,45,3,2,0.177,AUCUNE,IMMOBILIER,1
INDUSTRIE,Drâa-Tafilalet,70,SALARIE_CDI,7045,1154,11949,36,45,1,0,0.224,NANTISSEMENT,CONSOMMATION,0
SERVICES,Oriental,69,SALARIE_CDD,7724,3098,125755,36,45,0,0,0.389,CAUTION,PROFESSIONNEL,0
COMMERCE,Marrakech-Safi,32,FONCTIONNAIRE,5904,1238,43757,120,7,5,0,0.211,HYPOTHEQUE,CONSOMMATION,0
SERVICES,Marrakech-Safi,30,INDEPENDANT,9350,2922,43908,84,5,4,2,0.262,AUCUNE,IMMOBILIER,1
INDUSTRIE,Béni Mellal-Khénifra,33,FONCTIONNAIRE,11780,6327,35115,84,11,4,0,0.486,AUCUNE,IMMOBILIER,0
SERVICES,Souss-Massa,27,FONCTIONNAIRE,8850,3763,68572,36,4,5,1,0.446,AUCUNE,CONSOMMATION,0
COMMERCE,Casablanca-Settat,59,SALARIE_CDD,13061,6748,37562,12,38,4,0,0.565,CAUTION,AUTO,0
SERVICES,Marrakech-Safi,21,FONCTIONNAIRE,10917,5915,29212,60,0,1,2,0.49,AUCUNE,PROFESSIONNEL,0
INDUSTRIE,Souss-Massa,44,FONCTIONNAIRE,5055,1972,30549,24,17,5,1,0.456,HYPOTHEQUE,IMMOBILIER,1
SERVICES,Marrakech-Safi,54,SALARIE_CDI,7592,4880,87196,24,30,2,5,0.703,CAUTION,PROFESSIONNEL,0
AGRICULTURE,Oriental,51,RETRAITE,6622,1662,41843,84,32,5,1,0.271,CAUTION,PROFESSIONNEL,0
SERVICES,Fès-Meknès,48,SALARIE_CDI,11374,2189,35433,12,21,5,0,0.24,NANTISSEMENT,CONSOMMATION,1
COMMERCE,Fès-Meknès,32,FONCTIONNAIRE,9974,3084,26774,84,9,0,0,0.283,AUCUNE,IMMOBILIER,0
SERVICES,Rabat-Salé-Kénitra,24,FONCTIONNAIRE,8581,4559,29017,24,0,5,0,0.46,NANTISSEMENT,PROFESSIONNEL,1
SERVICES,Oriental,80,INDEPENDANT,12786,2533,77377,36,45,0,0,0.172,NANTISSEMENT,CONSOMMATION,0
SERVICES,Marrakech-Safi,47,SALARIE_CDI,3500,1342,19121,60,23,4,1,0.443,HYPOTHEQUE,IMMOBILIER,0
SERVICES,Béni Mellal-Khénifra,55,INDEPENDANT,6177,2691,58034,60,34,3,0,0.499,CAUTION,PROFESSIONNEL,0
SERVICES,Dakhla-Oued Ed-Dahab,53,SALARIE_CDI,6417,3555,59554,60,29,1,0,0.495,NANTISSEMENT,PROFESSIONNEL,1
COMMERCE,Laâyoune-Sakia El Hamra,41,SALARIE_CDI,9075,5199,42232,48,21,5,5,0.513,NANTISSEMENT,IMMOBILIER,1
COMMERCE,Drâa-Tafilalet,63,INDEPENDANT,10392,2800,31795,60,42,2,0,0.225,CAUTION,CONSOMMATION,0
SERVICES,Guelmim-Oued Noun,41,SALARIE_CDI,8098,2325,12869,36,17,2,2,0.19,NANTISSEMENT,CONSOMMATION,1
INDUSTRIE,Dakhla-Oued Ed-Dahab,44,FONCTIONNAIRE,4484,2206,57809,36,17,5,2,0.461,AUCUNE,PROFESSIONNEL,1
COMMERCE,Drâa-Tafilalet,68,SALARIE_CDD,9731,5643,11890,12,45,3,0,0.604,HYPOTHEQUE,AUTO,1
SERVICES,Fès-Meknès,38,RETRAITE,8584,2010,40814,48,12,1,0,0.084,NANTISSEMENT,IMMOBILIER,0
INDUSTRIE,Oriental,62,INDEPENDANT,4184,2139,37664,36,40,5,1,0.507,NANTISSEMENT,AUTO,0
SERVICES,Laâyoune-Sakia El Hamra,59,SALARIE_CDI,7094,1907,62170,120,39,0,0,0.34,CAUTION,IMMOBILIER,0
SERVICES,Drâa-Tafilalet,19,INDEPENDANT,9588,2304,19399,120,1,3,0,0.286,AUCUNE,CONSOMMATION,1
COMMERCE,Tanger-Tétouan-Al Hoceïma,61,SALARIE_CDI,17051,5435,18740,12,41,2,0,0.339,NANTISSEMENT,CONSOMMATION,0
AGRICULTURE,Marrakech-Safi,68,FONCTIONNAIRE,4964,2717,52797,60,45,4,0,0.553,CAUTION,PROFESSIONNEL,0
AGRICULTURE,Rabat-Salé-Kénitra,35,INDEPENDANT,11563,6028,32223,12,10,0,0,0.578,NANTISSEMENT,IMMOBILIER,1
AGRICULTURE,Tanger-Tétouan-Al Hoceïma,75,INDEPENDANT,4992,1944,8849,36,45,3,0,0.415,CAUTION,PROFESSIONNEL,0
INDUSTRIE,Guelmim-Oued Noun,19,FONCTIONNAIRE,4574,2319,36158,48,0,2,0,0.493,AUCUNE,CONSOMMATION,1
SERVICES,Oriental,29,INDEPENDANT,4697,1658,128724,36,3,2,4,0.4,CAUTION,PROFESSIONNEL,1
INDUSTRIE,Casablanca-Settat,77,FONCTIONNAIRE,10639,2716,53318,84,45,3,3,0.187,HYPOTHEQUE,PROFESSIONNEL,0
SERVICES,Dakhla-Oued Ed-Dahab,71,RETRAITE,8591,4910,15837,12,45,2,2,0.611,AUCUNE,AUTO,1
SERVICES,Tanger-Tétouan-Al Hoceïma,65,SALARIE_CDI,7033,1244,50452,120,38,2,0,0.204,AUCUNE,PROFESSIONNEL,0
SERVICES,Tanger-Tétouan-Al Hoceïma,56,SALARIE_CDD,9957,5979,72255,120,33,1,0,0.611,AUCUNE,IMMOBILIER,0
INDUSTRIE,Guelmim-Oued Noun,30,INDEPENDANT,8253,4493,10856,84,11,1,4,0.549,AUCUNE,PROFESSIONNEL,1
INDUSTRIE,Tanger-Tétouan-Al Hoceïma,48,SALARIE_CDI,8516,4358,29697,120,28,5,2,0.596,AUCUNE,IMMOBILIER,0
SERVICES,Béni Mellal-Khénifra,53,SALARIE_CDD,7069,3072,90190,24,30,2,0,0.489,HYPOTHEQUE,AUTO,0
TECH,Dakhla-Oued Ed-Dahab,23,INDEPENDANT,5103,2832,12495,60,4,2,0,0.624,AUCUNE,PROFESSIONNEL,0
INDUSTRIE,Oriental,55,FONCTIONNAIRE,17345,2846,29853,84,29,4,1,0.188,AUCUNE,IMMOBILIER,0
TECH,Béni Mellal-Khénifra,23,SALARIE_CDI,15217,6779,31238,36,1,0,1,0.503,CAUTION,AUTO,0
SERVICES,Tanger-Tétouan-Al Hoceïma,25,SALARIE_CDI,16574,4649,27150,24,2,4,1,0.303,AUCUNE,IMMOBILIER,0
COMMERCE,Laâyoune-Sakia El Hamra,28,SALARIE_CDI,6357,2985,95139,36,9,0,4,0.462,AUCUNE,CONSOMMATION,1
SERVICES,Casablanca-Settat,30,SALARIE_CDI,5962,2906,85443,12,11,0,0,0.527,AUCUNE,CONSOMMATION,0
COMMERCE,Fès-Meknès,23,SALARIE_CDI,6724,1731,29386,48,0,1,3,0.244,CAUTION,CONSOMMATION,1
SERVICES,Dakhla-Oued Ed-Dahab,78,INDEPENDANT,13139,2988,17819,24,45,0,0,0.286,NANTISSEMENT,AUTO,1
SERVICES,Souss-Massa,68,SALARIE_CDI,8102,3595,88528,36,44,2,1,0.383,CAUTION,PROFESSIONNEL,0
COMMERCE,Marrakech-Safi,50,INDEPENDANT,6346,3936,62470,120,30,5,1,0.608,AUCUNE,IMMOBILIER,0
SERVICES,Tanger-Tétouan-Al Hoceïma,41,RETRAITE,9545,4598,35891,12,19,1,1,0.448,HYPOTHEQUE,CONSOMMATION,0
SERVICES,Fès-Meknès,30,SALARIE_CDI,5817,2281,57436,84,8,1,0,0.509,CAUTION,IMMOBILIER,0
AGRICULTURE,Oriental,77,RETRAITE,4403,2720,57141,24,45,0,0,0.585,AUCUNE,PROFESSIONNEL,0
SERVICES,Marrakech-Safi,68,SALARIE_CDI,8588,4805,19689,24,41,2,2,0.557,AUCUNE,CONSOMMATION,1
COMMERCE,Tanger-Tétouan-Al Hoceïma,65,FONCTIONNAIRE,6424,3317,23962,48,43,2,0,0.413,HYPOTHEQUE,IMMOBILIER,0
COMMERCE,Laâyoune-Sakia El Hamra,47,RETRAITE,8053,2969,36459,36,21,0,0,0.455,CAUTION,AUTO,0
SERVICES,Casablanca-Settat,19,INDEPENDANT,2500,989,9383,60,0,5,0,0.355,AUCUNE,IMMOBILIER,1
INDUSTRIE,Guelmim-Oued Noun,58,SALARIE_CDI,5424,1531,28570,120,34,2,0,0.358,AUCUNE,PROFESSIONNEL,0
SERVICES,Casablanca-Settat,48,SALARIE_CDI,7940,4434,20855,84,21,1,1,0.507,AUCUNE,CONSOMMATION,0
TECH,Souss-Massa,36,SALARIE_CDI,4095,1197,40945,60,17,4,0,0.244,HYPOTHEQUE,IMMOBILIER,0
SERVICES,Drâa-Tafilalet,37,RETRAITE,4159,2087,16510,60,14,3,0,0.544,AUCUNE,CONSOMMATION,1
SERVICES,Dakhla-Oued Ed-Dahab,21,SALARIE_CDI,8246,4844,49049,24,0,0,2,0.51,CAUTION,CONSOMMATION,0
INDUSTRIE,Fès-Meknès,72,FONCTIONNAIRE,11111,4734,42437,48,45,5,0,0.448,HYPOTHEQUE,PROFESSIONNEL,0
AGRICULTURE,Casablanca-Settat,28,SALARIE_CDI,5425,1238,33817,120,8,2,5,0.19,CAUTION,AUTO,1
TECH,Guelmim-Oued Noun,69,SALARIE_CDD,7201,1170,50435,48,45,4,0,0.271,CAUTION,IMMOBILIER,0
AGRICULTURE,Laâyoune-Sakia El Hamra,79,SALARIE_CDD,7277,3541,54976,60,45,3,1,0.577,HYPOTHEQUE,CONSOMMATION,0
COMMERCE,Oriental,20,SALARIE_CDI,4012,1052,30744,60,0,4,1,0.326,HYPOTHEQUE,PROFESSIONNEL,0
COMMERCE,Casablanca-Settat,57,FONCTIONNAIRE,13804,2340,37227,48,32,1,0,0.286,HYPOTHEQUE,IMMOBILIER,0
COMMERCE,Oriental,22,SALARIE_CDD,7463,2400,22583,12,0,1,2,0.291,CAUTION,IMMOBILIER,1
AGRICULTURE,Tanger-Tétouan-Al Hoceïma,70,SALARIE_CDD,7499,3308,22399,60,45,4,2,0.481,CAUTION,CONSOMMATION,1
COMMERCE,Souss-Massa,49,FONCTIONNAIRE,9584,4081,109796,24,28,5,1,0.379,CAUTION,IMMOBILIER,0
INDUSTRIE,Casablanca-Settat,19,SALARIE_CDD,4016,939,31521,84,0,0,0,0.278,CAUTION,PROFESSIONNEL,1
COMMERCE,Fès-Meknès,66,INDEPENDANT,12258,5541,36019,120,42,0,1,0.469,HYPOTHEQUE,IMMOBILIER,0
COMMERCE,Dakhla-Oued Ed-Dahab,66,FONCTIONNAIRE,13001,4620,34405,24,45,2,2,0.294,CAUTION,CONSOMMATION,0
SERVICES,Casablanca-Settat,76,FONCTIONNAIRE,8632,3356,47102,36,45,1,2,0.386,NANTISSEMENT,CONSOMMATION,0
INDUSTRIE,Laâyoune-Sakia El Hamra,48,SALARIE_CDI,9977,5859,24815,12,26,5,0,0.592,AUCUNE,PROFESSIONNEL,1
INDUSTRIE,Oriental,76,SALARIE_CDI,6997,1324,26544,36,45,3,0,0.193,CAUTION,IMMOBILIER,1
TECH,Béni Mellal-Khénifra,59,INDEPENDANT,11950,4947,69975,60,32,0,0,0.504,CAUTION,CONSOMMATION,1
INDUSTRIE,Dakhla-Oued Ed-Dahab,51,INDEPENDANT,5595,1325,12821,24,29,2,0,0.184,CAUTION,CONSOMMATION,0
TECH,Marrakech-Safi,40,SALARIE_CDI,7986,1928,41392,48,13,1,1,0.208,CAUTION,CONSOMMATION,0
INDUSTRIE,Dakhla-Oued Ed-Dahab,36,SALARIE_CDD,8203,3734,20442,84,15,4,1,0.307,HYPOTHEQUE,CONSOMMATION,1
TECH,Fès-Meknès,57,SALARIE_CDD,7963,3861,8899,84,32,3,1,0.519,CAUTION,CONSOMMATION,1
SERVICES,Tanger-Tétouan-Al Hoceïma,64,FONCTIONNAIRE,13110,5940,34309,12,37,3,2,0.494,HYPOTHEQUE,IMMOBILIER,1
AGRICULTURE,Souss-Massa,20,SALARIE_CDI,21692,13270,16186,120,0,1,0,0.656,NANTISSEMENT,PROFESSIONNEL,1
COMMERCE,Béni Mellal-Khénifra,43,RETRAITE,7712,4221,14281,84,24,3,0,0.545,CAUTION,AUTO,0
SERVICES,Fès-Meknès,20,SALARIE_CDI,10013,2496,223475,60,0,1,2,0.212,AUCUNE,CONSOMMATION,1
SERVICES,Guelmim-Oued Noun,42,RETRAITE,5647,2642,53075,84,22,1,0,0.408,HYPOTHEQUE,CONSOMMATION,1
SERVICES,Casablanca-Settat,68,SALARIE_CDI,12892,5933,53994,60,44,3,0,0.488,HYPOTHEQUE,IMMOBILIER,1
INDUSTRIE,Béni Mellal-Khénifra,61,SALARIE_CDI,6420,3038,34987,36,36,1,0,0.432,CAUTION,CONSOMMATION,1
TECH,Béni Mellal-Khénifra,25,SALARIE_CDI,33366,12163,15742,60,0,3,0,0.281,CAUTION,IMMOBILIER,0
AGRICULTURE,Oriental,63,SALARIE_CDI,3821,2384,32343,120,37,5,0,0.676,NANTISSEMENT,PROFESSIONNEL,0
COMMERCE,Béni Mellal-Khénifra,18,RETRAITE,21298,8133,28321,12,0,4,1,0.364,CAUTION,PROFESSIONNEL,0
COMMERCE,Drâa-Tafilalet,18,SALARIE_CDD,12658,6895,9443,84,0,1,0,0.553,CAUTION,AUTO,1
INDUSTRIE,Laâyoune-Sakia El Hamra,75,SALARIE_CDI,4890,1910,127250,36,45,2,0,0.221,CAUTION,CONSOMMATION,0
TECH,Marrakech-Safi,20,RETRAITE,23012,12512,34112,84,0,4,1,0.542,NANTISSEMENT,PROFESSIONNEL,1
TECH,Souss-Massa,34,SALARIE_CDI,5336,1856,20273,60,12,3,0,0.336,HYPOTHEQUE,IMMOBILIER,0
INDUSTRIE,Oriental,26,SALARIE_CDI,7034,1058,39585,12,4,4,5,0.243,HYPOTHEQUE,PROFESSIONNEL,0
AGRICULTURE,Tanger-Tétouan-Al Hoceïma,54,SALARIE_CDI,4521,1808,13835,48,36,5,1,0.388,CAUTION,CONSOMMATION,1
INDUSTRIE,Dakhla-Oued Ed-Dahab,50,SALARIE_CDD,7586,3216,18835,84,23,4,1,0.272,AUCUNE,CONSOMMATION,1
TECH,Oriental,70,INDEPENDANT,7913,1644,106460,84,45,5,0,0.196,HYPOTHEQUE,IMMOBILIER,1
AGRICULTURE,Béni Mellal-Khénifra,80,SALARIE_CDI,11772,5681,25240,60,45,1,2,0.483,CAUTION,CONSOMMATION,0
COMMERCE,Marrakech-Safi,64,INDEPENDANT,24276,14004,35857,12,40,3,1,0.643,CAUTION,PROFESSIONNEL,1
SERVICES,Tanger-Tétouan-Al Hoceïma,47,SALARIE_CDI,6433,3758,39044,120,20,2,2,0.582,NANTISSEMENT,AUTO,0
COMMERCE,Béni Mellal-Khénifra,20,SALARIE_CDI,2500,846,32149,60,0,3,0,0.316,CAUTION,PROFESSIONNEL,1
SERVICES,Souss-Massa,76,INDEPENDANT,10849,3851,24908,84,45,3,0,0.347,AUCUNE,PROFESSIONNEL,1
TECH,Guelmim-Oued Noun,53,INDEPENDANT,6326,3664,177792,84,30,4,0,0.727,CAUTION,AUTO,1
INDUSTRIE,Rabat-Salé-Kénitra,31,FONCTIONNAIRE,18367,11923,21618,120,8,3,0,0.675,CAUTION,PROFESSIONNEL,0
COMMERCE,Rabat-Salé-Kénitra,52,SALARIE_CDI,7978,1407,19424,60,29,5,0,0.161,AUCUNE,PROFESSIONNEL,1
AGRICULTURE,Tanger-Tétouan-Al Hoceïma,42,SALARIE_CDI,5758,1042,51198,48,15,4,0,0.234,AUCUNE,IMMOBILIER,0
SERVICES,Fès-Meknès,40,INDEPENDANT,5137,910,14773,12,16,1,0,0.117,AUCUNE,AUTO,0
INDUSTRIE,Guelmim-Oued Noun,46,FONCTIONNAIRE,10725,4089,74225,12,19,3,0,0.342,NANTISSEMENT,CONSOMMATION,1
COMMERCE,Laâyoune-Sakia El Hamra,65,SALARIE_CDD,7159,3882,31547,60,40,2,2,0.513,HYPOTHEQUE,IMMOBILIER,0
INDUSTRIE,Souss-Massa,28,SALARIE_CDI,15685,3087,39748,120,5,3,1,0.104,HYPOTHEQUE,CONSOMMATION,0
SERVICES,Oriental,78,INDEPENDANT,7370,3644,44662,84,45,0,0,0.546,AUCUNE,IMMOBILIER,0
SERVICES,Fès-Meknès,21,SALARIE_CDI,15315,3608,28633,84,0,5,1,0.194,HYPOTHEQUE,PROFESSIONNEL,1
INDUSTRIE,Oriental,27,FONCTIONNAIRE,4354,725,68940,24,7,5,0,0.173,CAUTION,IMMOBILIER,1
COMMERCE,Drâa-Tafilalet,60,FONCTIONNAIRE,3706,1660,57230,48,35,3,0,0.418,CAUTION,CONSOMMATION,0
COMMERCE,Drâa-Tafilalet,27,SALARIE_CDI,11768,5259,52131,60,9,4,0,0.464,CAUTION,CONSOMMATION,0
SERVICES,Dakhla-Oued Ed-Dahab,66,SALARIE_CDD,6575,1918,12582,60,44,4,0,0.393,CAUTION,CONSOMMATION,0
INDUSTRIE,Oriental,64,FONCTIONNAIRE,7197,2239,28451,48,40,0,3,0.292,CAUTION,CONSOMMATION,0
INDUSTRIE,Tanger-Tétouan-Al Hoceïma,45,FONCTIONNAIRE,5138,1680,33594,120,24,0,0,0.301,CAUTION,CONSOMMATION,0
SERVICES,Casablanca-Settat,46,INDEPENDANT,4972,3056,122563,24,25,5,0,0.547,CAUTION,IMMOBILIER,0
TECH,Drâa-Tafilalet,80,FONCTIONNAIRE,10786,6290,13497,84,45,1,1,0.568,AUCUNE,CONSOMMATION,1
INDUSTRIE,Guelmim-Oued Noun,68,SALARIE_CDI,8035,3325,23232,48,41,4,0,0.312,HYPOTHEQUE,IMMOBILIER,1
COMMERCE,Oriental,57,SALARIE_CDI,5029,3177,77428,60,39,5,3,0.709,AUCUNE,IMMOBILIER,1
AGRICULTURE,Dakhla-Oued Ed-Dahab,26,FONCTIONNAIRE,11565,5099,18823,36,5,5,1,0.406,CAUTION,AUTO,1
COMMERCE,Fès-Meknès,55,SALARIE_CDI,13749,2760,22917,36,29,5,3,0.15,NANTISSEMENT,IMMOBILIER,1
COMMERCE,Casablanca-Settat,20,INDEPENDANT,7716,3037,117217,60,0,5,1,0.383,HYPOTHEQUE,IMMOBILIER,0
SERVICES,Béni Mellal-Khénifra,33,SALARIE_CDI,12726,7601,46913,48,11,0,2,0.632,AUCUNE,IMMOBILIER,0
SERVICES,Rabat-Salé-Kénitra,61,SALARIE_CDI,5163,2485,66209,84,40,1,0,0.468,HYPOTHEQUE,PROFESSIONNEL,0
SERVICES,Rabat-Salé-Kénitra,43,SALARIE_CDI,10506,6580,60221,12,25,5,0,0.686,CAUTION,CONSOMMATION,1
TECH,Drâa-Tafilalet,80,INDEPENDANT,8715,3621,39417,12,45,1,0,0.391,HYPOTHEQUE,AUTO,0
TECH,Souss-Massa,77,FONCTIONNAIRE,5675,3439,38716,36,45,0,0,0.563,CAUTION,CONSOMMATION,0
SERVICES,Béni Mellal-Khénifra,23,FONCTIONNAIRE,20412,10886,67552,24,2,2,0,0.53,CAUTION,IMMOBILIER,0
SERVICES,Drâa-Tafilalet,73,SALARIE_CDI,8998,5051,20073,84,45,0,0,0.552,HYPOTHEQUE,PROFESSIONNEL,1
INDUSTRIE,Tanger-Tétouan-Al Hoceïma,72,INDEPENDANT,6211,4011,122249,60,45,4,0,0.695,CAUTION,IMMOBILIER,1
COMMERCE,Béni Mellal-Khénifra,24,INDEPENDANT,8175,2462,24988,12,2,5,0,0.345,AUCUNE,CONSOMMATION,1
COMMERCE,Oriental,42,SALARIE_CDD,5479,2542,74322,12,21,3,1,0.438,AUCUNE,IMMOBILIER,1
COMMERCE,Oriental,77,INDEPENDANT,4815,1340,51748,84,45,4,0,0.194,AUCUNE,IMMOBILIER,0
AGRICULTURE,Drâa-Tafilalet,19,INDEPENDANT,6619,3819,24757,60,0,2,0,0.608,AUCUNE,IMMOBILIER,0
INDUSTRIE,Tanger-Tétouan-Al Hoceïma,21,SALARIE_CDI,6824,3023,50945,120,0,4,0,0.377,CAUTION,CONSOMMATION,0
COMMERCE,Oriental,50,SALARIE_CDI,5643,1343,39705,60,31,3,0,0.232,AUCUNE,IMMOBILIER,0
COMMERCE,Béni Mellal-Khénifra,78,FONCTIONNAIRE,14228,5131,10552,36,45,2,1,0.387,CAUTION,CONSOMMATION,1
INDUSTRIE,Rabat-Salé-Kénitra,35,SALARIE_CDD,5741,1383,34176,36,12,2,0,0.339,HYPOTHEQUE,CONSOMMATION,0
AGRICULTURE,Marrakech-Safi,66,INDEPENDANT,5327,2019,15152,84,45,0,1,0.496,NANTISSEMENT,IMMOBILIER,0
SERVICES,Rabat-Salé-Kénitra,61,FONCTIONNAIRE,4752,897,51805,120,39,1,0,0.211,HYPOTHEQUE,CONSOMMATION,0
TECH,Marrakech-Safi,27,SALARIE_CDI,4551,2879,32890,48,7,3,1,0.526,CAUTION,CONSOMMATION,0
TECH,Souss-Massa,36,SALARIE_CDD,12866,5768,67118,48,10,4,0,0.388,CAUTION,IMMOBILIER,0
AGRICULTURE,Dakhla-Oued Ed-Dahab,57,FONCTIONNAIRE,9101,5873,22298,36,37,1,1,0.636,HYPOTHEQUE,CONSOMMATION,0
COMMERCE,Dakhla-Oued Ed-Dahab,48,SALARIE_CDI,11055,2619,14660,120,30,3,0,0.218,AUCUNE,CONSOMMATION,1
INDUSTRIE,Guelmim-Oued Noun,32,SALARIE_CDI,12814,4385,17097,12,14,3,2,0.348,AUCUNE,CONSOMMATION,1
TECH,Oriental,30,SALARIE_CDI,6974,4293,149354,24,10,4,3,0.622,HYPOTHEQUE,IMMOBILIER,1
TECH,Marrakech-Safi,53,INDEPENDANT,15717,7795,302641,84,35,1,0,0.432,CAUTION,PROFESSIONNEL,0
COMMERCE,Tanger-Tétouan-Al Hoceïma,70,SALARIE_CDI,6111,1131,147404,120,45,0,0,0.217,HYPOTHEQUE,CONSOMMATION,0
TECH,Guelmim-Oued Noun,44,SALARIE_CDI,4949,2928,12356,24,26,5,0,0.542,CAUTION,IMMOBILIER,1
SERVICES,Laâyoune-Sakia El Hamra,76,INDEPENDANT,9587,2343,13851,60,45,1,0,0.253,CAUTION,CONSOMMATION,0
COMMERCE,Dakhla-Oued Ed-Dahab,60,SALARIE_CDI,8648,2429,17230,24,40,0,0,0.378,AUCUNE,IMMOBILIER,1
TECH,Tanger-Tétouan-Al Hoceïma,43,FONCTIONNAIRE,8642,4458,62436,120,25,2,1,0.463,HYPOTHEQUE,CONSOMMATION,0
INDUSTRIE,Souss-Massa,62,SALARIE_CDD,12796,6466,158817,12,41,1,1,0.513,AUCUNE,PROFESSIONNEL,0
COMMERCE,Oriental,46,INDEPENDANT,8500,4083,68416,60,26,1,1,0.459,AUCUNE,CONSOMMATION,0
AGRICULTURE,Casablanca-Settat,65,SALARIE_CDI,9329,1425,41480,60,42,0,0,0.099,HYPOTHEQUE,IMMOBILIER,0
TECH,Rabat-Salé-Kénitra,79,SALARIE_CDI,14940,4104,19013,120,45,3,0,0.281,AUCUNE,CONSOMMATION,0
AGRICULTURE,Casablanca-Settat,67,SALARIE_CDI,9136,2946,29734,48,40,1,0,0.281,AUCUNE,CONSOMMATION,0
INDUSTRIE,Drâa-Tafilalet,26,RETRAITE,10121,3544,38640,36,0,4,0,0.392,AUCUNE,PROFESSIONNEL,1
AGRICULTURE,Marrakech-Safi,22,INDEPENDANT,4281,800,67364,48,1,1,0,0.221,CAUTION,PROFESSIONNEL,0
SERVICES,Drâa-Tafilalet,68,SALARIE_CDI,43201,21069,25608,60,41,1,3,0.577,HYPOTHEQUE,CONSOMMATION,0
COMMERCE,Tanger-Tétouan-Al Hoceïma,71,SALARIE_CDI,3960,2359,48090,84,44,5,0,0.637,NANTISSEMENT,CONSOMMATION,1
COMMERCE,Guelmim-Oued Noun,53,SALARIE_CDI,6357,4099,44027,12,26,0,0,0.68,NANTISSEMENT,AUTO,1
TECH,Rabat-Salé-Kénitra,33,SALARIE_CDI,6271,3443,38958,84,12,0,4,0.444,CAUTION,PROFESSIONNEL,1
AGRICULTURE,Fès-Meknès,73,SALARIE_CDI,20923,5258,27534,60,45,3,5,0.299,CAUTION,CONSOMMATION,0
TECH,Marrakech-Safi,46,INDEPENDANT,6184,2508,39524,24,22,0,0,0.446,AUCUNE,CONSOMMATION,0
COMMERCE,Souss-Massa,36,SALARIE_CDI,9886,6009,33958,36,12,5,1,0.569,CAUTION,IMMOBILIER,0
INDUSTRIE,Oriental,41,INDEPENDANT,6290,1153,21009,48,19,2,2,0.277,CAUTION,IMMOBILIER,1
COMMERCE,Marrakech-Safi,36,SALARIE_CDI,5074,1340,67451,84,13,1,0,0.313,CAUTION,PROFESSIONNEL,0
COMMERCE,Drâa-Tafilalet,35,INDEPENDANT,10474,2958,109346,84,14,1,1,0.294,AUCUNE,PROFESSIONNEL,1
SERVICES,Dakhla-Oued Ed-Dahab,38,SALARIE_CDD,5863,2666,40908,48,13,3,4,0.494,CAUTION,AUTO,0
COMMERCE,Casablanca-Settat,60,SALARIE_CDI,8897,5567,35165,60,34,2,3,0.65,AUCUNE,CONSOMMATION,1
TECH,Rabat-Salé-Kénitra,19,INDEPENDANT,10743,4204,61768,48,0,0,3,0.402,CAUTION,CONSOMMATION,1
COMMERCE,Dakhla-Oued Ed-Dahab,40,SALARIE_CDI,19111,8255,41345,60,14,0,1,0.422,AUCUNE,PROFESSIONNEL,1
TECH,Béni Mellal-Khénifra,28,INDEPENDANT,4592,2158,80680,120,10,3,1,0.534,NANTISSEMENT,PROFESSIONNEL,1
INDUSTRIE,Dakhla-Oued Ed-Dahab,58,INDEPENDANT,7565,4356,39122,12,34,0,0,0.502,NANTISSEMENT,PROFESSIONNEL,0
COMMERCE,Drâa-Tafilalet,80,RETRAITE,7707,2259,54738,120,45,3,2,0.304,HYPOTHEQUE,IMMOBILIER,0
SERVICES,Drâa-Tafilalet,67,INDEPENDANT,8106,3754,122203,24,45,5,2,0.54,NANTISSEMENT,CONSOMMATION,1
INDUSTRIE,Rabat-Salé-Kénitra,33,SALARIE_CDI,25744,15772,88202,120,10,3,0,0.619,AUCUNE,CONSOMMATION,1
COMMERCE,Oriental,50,SALARIE_CDD,7495,4643,32540,36,30,4,2,0.66,CAUTION,PROFESSIONNEL,1
SERVICES,Tanger-Tétouan-Al Hoceïma,19,FONCTIONNAIRE,2606,889,77419,24,0,2,0,0.341,CAUTION,PROFESSIONNEL,1
SERVICES,Laâyoune-Sakia El Hamra,44,SALARIE_CDI,7411,1526,17198,12,19,1,2,0.154,CAUTION,PROFESSIONNEL,0
COMMERCE,Casablanca-Settat,35,FONCTIONNAIRE,7683,4704,31550,120,17,2,1,0.659,HYPOTHEQUE,CONSOMMATION,0
INDUSTRIE,Casablanca-Settat,49,SALARIE_CDI,7270,4438,65088,84,28,3,0,0.686,AUCUNE,IMMOBILIER,1
INDUSTRIE,Oriental,43,FONCTIONNAIRE,5864,1165,105963,36,20,5,0,0.17,AUCUNE,PROFESSIONNEL,1
SERVICES,Dakhla-Oued Ed-Dahab,61,SALARIE_CDI,4471,852,21461,120,42,2,1,0.219,AUCUNE,PROFESSIONNEL,0
COMMERCE,Dakhla-Oued Ed-Dahab,52,SALARIE_CDI,21413,5194,35628,84,33,0,1,0.258,AUCUNE,IMMOBILIER,0
INDUSTRIE,Béni Mellal-Khénifra,77,RETRAITE,9351,4427,36393,24,45,3,0,0.454,CAUTION,PROFESSIONNEL,1
COMMERCE,Souss-Massa,22,INDEPENDANT,7432,2239,34046,48,4,2,0,0.361,HYPOTHEQUE,IMMOBILIER,1
COMMERCE,Fès-Meknès,77,SALARIE_CDI,21109,5702,15501,60,45,5,0,0.258,AUCUNE,IMMOBILIER,0
SERVICES,Dakhla-Oued Ed-Dahab,67,SALARIE_CDI,5481,3014,51561,60,43,2,4,0.497,AUCUNE,PROFESSIONNEL,1
AGRICULTURE,Marrakech-Safi,62,INDEPENDANT,10626,2890,14870,48,42,3,0,0.253,AUCUNE,PROFESSIONNEL,1
SERVICES,Rabat-Salé-Kénitra,70,SALARIE_CDI,4619,2911,80535,24,45,4,0,0.622,HYPOTHEQUE,CONSOMMATION,1
INDUSTRIE,Oriental,21,FONCTIONNAIRE,11360,4194,93420,24,0,3,0,0.335,AUCUNE,PROFESSIONNEL,0
SERVICES,Tanger-Tétouan-Al Hoceïma,31,INDEPENDANT,4863,1757,23226,24,6,2,0,0.333,CAUTION,CONSOMMATION,0
COMMERCE,Souss-Massa,18,SALARIE_CDI,10014,6227,14938,48,0,2,4,0.563,AUCUNE,IMMOBILIER,1
INDUSTRIE,Laâyoune-Sakia El Hamra,68,SALARIE_CDI,19515,4099,35506,48,45,0,0,0.194,NANTISSEMENT,IMMOBILIER,0
TECH,Fès-Meknès,40,SALARIE_CDI,8451,1753,25237,120,18,1,1,0.216,CAUTION,AUTO,0
INDUSTRIE,Laâyoune-Sakia El Hamra,40,SALARIE_CDI,3021,1108,31358,24,21,0,4,0.32,HYPOTHEQUE,CONSOMMATION,0
COMMERCE,Marrakech-Safi,56,FONCTIONNAIRE,8235,3652,38719,48,36,1,3,0.388,AUCUNE,CONSOMMATION,0
SERVICES,Fès-Meknès,44,SALARIE_CDI,10059,4064,18936,60,19,0,3,0.352,CAUTION,IMMOBILIER,1
SERVICES,Casablanca-Settat,58,RETRAITE,12154,7626,115999,48,32,4,3,0.619,NANTISSEMENT,CONSOMMATION,1
INDUSTRIE,Drâa-Tafilalet,76,INDEPENDANT,15727,10169,23183,12,45,3,1,0.62,HYPOTHEQUE,CONSOMMATION,1
COMMERCE,Laâyoune-Sakia El Hamra,38,SALARIE_CDI,16092,2743,69898,60,11,4,2,0.086,HYPOTHEQUE,AUTO,0
INDUSTRIE,Laâyoune-Sakia El Hamra,74,FONCTIONNAIRE,7639,1778,19479,24,45,3,2,0.168,HYPOTHEQUE,CONSOMMATION,0
AGRICULTURE,Marrakech-Safi,51,SALARIE_CDD,6022,2570,37909,84,27,1,5,0.421,HYPOTHEQUE,IMMOBILIER,0
COMMERCE,Guelmim-Oued Noun,41,SALARIE_CDD,4898,3062,49772,24,17,1,3,0.604,NANTISSEMENT,IMMOBILIER,1
AGRICULTURE,Rabat-Salé-Kénitra,75,FONCTIONNAIRE,6355,1843,39932,60,45,0,0,0.284,HYPOTHEQUE,IMMOBILIER,0
INDUSTRIE,Béni Mellal-Khénifra,48,SALARIE_CDI,10041,3349,30401,24,30,1,0,0.411,AUCUNE,IMMOBILIER,1
TECH,Drâa-Tafilalet,26,SALARIE_CDI,4417,1173,25717,60,6,3,5,0.277,HYPOTHEQUE,PROFESSIONNEL,1
COMMERCE,Rabat-Salé-Kénitra,36,SALARIE_CDI,5340,3384,27316,12,10,5,0,0.539,CAUTION,CONSOMMATION,0
COMMERCE,Rabat-Salé-Kénitra,71,SALARIE_CDI,10436,2368,22638,36,45,2,4,0.193,NANTISSEMENT,PROFESSIONNEL,0
AGRICULTURE,Casablanca-Settat,50,FONCTIONNAIRE,6058,2619,45850,84,27,3,0,0.448,CAUTION,CONSOMMATION,0
COMMERCE,Drâa-Tafilalet,53,RETRAITE,9571,1545,130859,24,30,1,1,0.126,CAUTION,IMMOBILIER,0
AGRICULTURE,Béni Mellal-Khénifra,60,FONCTIONNAIRE,5617,2532,46700,36,42,5,3,0.399,HYPOTHEQUE,CONSOMMATION,1
TECH,Rabat-Salé-Kénitra,30,RETRAITE,9223,3193,55108,48,11,0,0,0.39,AUCUNE,CONSOMMATION,0
SERVICES,Oriental,23,FONCTIONNAIRE,5725,2478,77465,24,0,1,0,0.41,AUCUNE,IMMOBILIER,0
COMMERCE,Guelmim-Oued Noun,45,SALARIE_CDI,3443,655,26484,60,18,5,3,0.145,AUCUNE,CONSOMMATION,0
COMMERCE,Marrakech-Safi,75,INDEPENDANT,12459,2436,10270,36,45,2,0,0.151,HYPOTHEQUE,CONSOMMATION,0
AGRICULTURE,Béni Mellal-Khénifra,26,SALARIE_CDI,5924,1162,36390,48,6,4,1,0.279,CAUTION,CONSOMMATION,1
TECH,Fès-Meknès,63,SALARIE_CDI,7245,4112,66070,84,36,1,0,0.509,HYPOTHEQUE,PROFESSIONNEL,0
SERVICES,Fès-Meknès,79,RETRAITE,5937,3040,148332,84,45,4,0,0.5,AUCUNE,PROFESSIONNEL,0
SERVICES,Tanger-Tétouan-Al Hoceïma,24,FONCTIONNAIRE,10353,2217,18285,24,2,0,0,0.205,HYPOTHEQUE,CONSOMMATION,1
SERVICES,Tanger-Tétouan-Al Hoceïma,26,RETRAITE,9414,2900,78421,60,4,2,4,0.341,NANTISSEMENT,PROFESSIONNEL,0
COMMERCE,Souss-Massa,72,SALARIE_CDI,10342,3808,43596,84,45,2,1,0.326,HYPOTHEQUE,IMMOBILIER,1
SERVICES,Marrakech-Safi,24,INDEPENDANT,6328,1261,27662,48,0,5,4,0.155,CAUTION,CONSOMMATION,0
TECH,Tanger-Tétouan-Al Hoceïma,64,SALARIE_CDI,7924,4517,17462,84,39,0,2,0.609,NANTISSEMENT,PROFESSIONNEL,0
COMMERCE,Béni Mellal-Khénifra,68,SALARIE_CDI,9776,3240,24131,36,45,5,0,0.454,CAUTION,IMMOBILIER,1
TECH,Tanger-Tétouan-Al Hoceïma,37,INDEPENDANT,16242,7881,54247,12,15,5,2,0.455,HYPOTHEQUE,CONSOMMATION,1
SERVICES,Béni Mellal-Khénifra,36,SALARIE_CDD,9302,4381,85471,60,17,1,0,0.438,HYPOTHEQUE,IMMOBILIER,0
COMMERCE,Rabat-Salé-Kénitra,50,FONCTIONNAIRE,5159,3132,5394,120,31,2,4,0.73,CAUTION,PROFESSIONNEL,0
SERVICES,Rabat-Salé-Kénitra,49,INDEPENDANT,9141,4762,51986,48,24,4,0,0.501,HYPOTHEQUE,CONSOMMATION,0
AGRICULTURE,Laâyoune-Sakia El Hamra,72,INDEPENDANT,7523,1258,24307,48,45,0,0,0.15,CAUTION,CONSOMMATION,1
SERVICES,Souss-Massa,55,SALARIE_CDI,3296,750,25948,60,28,1,1,0.237,HYPOTHEQUE,CONSOMMATION,0
SERVICES,Béni Mellal-Khénifra,78,SALARIE_CDI,3532,1315,48608,84,45,2,3,0.393,NANTISSEMENT,CONSOMMATION,0
SERVICES,Drâa-Tafilalet,33,INDEPENDANT,7864,1545,139353,48,6,4,5,0.209,CAUTION,AUTO,1
TECH,Rabat-Salé-Kénitra,35,FONCTIONNAIRE,8168,2825,21972,36,14,5,0,0.394,AUCUNE,PROFESSIONNEL,1
SERVICES,Dakhla-Oued Ed-Dahab,33,SALARIE_CDD,7097,4533,33964,60,9,3,1,0.569,CAUTION,PROFESSIONNEL,0
COMMERCE,Souss-Massa,58,SALARIE_CDI,12063,3049,12054,60,32,5,0,0.241,AUCUNE,IMMOBILIER,0
TECH,Laâyoune-Sakia El Hamra,20,SALARIE_CDI,5320,2673,49363,60,1,5,0,0.557,AUCUNE,CONSOMMATION,1
TECH,Souss-Massa,72,RETRAITE,4343,1216,22404,60,45,0,0,0.165,AUCUNE,CONSOMMATION,0
SERVICES,Tanger-Tétouan-Al Hoceïma,66,SALARIE_CDD,5588,934,109452,120,45,3,2,0.101,HYPOTHEQUE,CONSOMMATION,1
SERVICES,Béni Mellal-Khénifra,80,INDEPENDANT,6159,1227,46734,24,45,5,0,0.235,HYPOTHEQUE,IMMOBILIER,0
INDUSTRIE,Marrakech-Safi,78,SALARIE_CDI,7894,1594,29784,36,45,1,1,0.206,NANTISSEMENT,CONSOMMATION,0
SERVICES,Béni Mellal-Khénifra,22,SALARIE_CDI,5659,1695,29930,84,4,1,4,0.267,HYPOTHEQUE,PROFESSIONNEL,1
COMMERCE,Dakhla-Oued Ed-Dahab,65,FONCTIONNAIRE,3091,1948,46878,24,40,1,1,0.646,AUCUNE,PROFESSIONNEL,0
INDUSTRIE,Béni Mellal-Khénifra,49,INDEPENDANT,2550,1174,58910,84,27,4,0,0.482,HYPOTHEQUE,AUTO,1
INDUSTRIE,Casablanca-Settat,64,SALARIE_CDI,8565,1811,16024,24,39,2,3,0.167,HYPOTHEQUE,CONSOMMATION,0
SERVICES,Drâa-Tafilalet,73,SALARIE_CDI,4875,902,32728,60,45,4,2,0.181,NANTISSEMENT,AUTO,0
COMMERCE,Casablanca-Settat,54,FONCTIONNAIRE,3287,2089,36248,84,30,2,1,0.577,AUCUNE,IMMOBILIER,0
SERVICES,Rabat-Salé-Kénitra,18,SALARIE_CDI,10735,2530,42116,120,0,5,4,0.293,CAUTION,PROFESSIONNEL,1
COMMERCE,Fès-Meknès,72,SALARIE_CDD,16242,4633,90589,60,45,1,0,0.207,AUCUNE,CONSOMMATION,0
SERVICES,Fès-Meknès,45,FONCTIONNAIRE,7766,4433,13388,24,27,2,0,0.564,HYPOTHEQUE,PROFESSIONNEL,1
AGRICULTURE,Casablanca-Settat,46,SALARIE_CDI,9143,3908,70909,36,23,5,0,0.467,HYPOTHEQUE,CONSOMMATION,0
COMMERCE,Casablanca-Settat,54,FONCTIONNAIRE,9178,2417,46867,60,29,4,0,0.363,NANTISSEMENT,CONSOMMATION,0
SERVICES,Guelmim-Oued Noun,75,SALARIE_CDI,2861,1380,25631,60,45,2,0,0.473,AUCUNE,IMMOBILIER,0
SERVICES,Souss-Massa,51,INDEPENDANT,12087,4058,63857,36,25,4,1,0.473,HYPOTHEQUE,CONSOMMATION,1
INDUSTRIE,Marrakech-Safi,31,INDEPENDANT,14157,6240,27773,60,12,2,0,0.384,AUCUNE,PROFESSIONNEL,1
SERVICES,Souss-Massa,64,INDEPENDANT,18519,3674,10212,120,45,1,1,0.228,AUCUNE,CONSOMMATION,0
SERVICES,Drâa-Tafilalet,57,FONCTIONNAIRE,6655,3927,5000,12,31,1,0,0.555,AUCUNE,IMMOBILIER,1
TECH,Drâa-Tafilalet,22,FONCTIONNAIRE,4862,2177,15499,48,4,4,0,0.53,HYPOTHEQUE,IMMOBILIER,1
COMMERCE,Fès-Meknès,51,SALARIE_CDI,14933,2272,24812,48,24,4,0,0.148,CAUTION,IMMOBILIER,0
SERVICES,Marrakech-Safi,67,SALARIE_CDD,10143,4357,40953,84,45,5,0,0.378,NANTISSEMENT,IMMOBILIER,1
COMMERCE,Dakhla-Oued Ed-Dahab,73,SALARIE_CDI,12011,3976,55167,24,45,2,4,0.393,HYPOTHEQUE,PROFESSIONNEL,0
SERVICES,Béni Mellal-Khénifra,35,INDEPENDANT,6056,3650,30314,24,15,3,0,0.581,NANTISSEMENT,PROFESSIONNEL,0
AGRICULTURE,Dakhla-Oued Ed-Dahab,50,SALARIE_CDI,9156,2008,13534,48,24,0,0,0.154,AUCUNE,CONSOMMATION,0
SERVICES,Fès-Meknès,69,SALARIE_CDD,5044,1598,27824,36,45,4,0,0.301,AUCUNE,CONSOMMATION,0
TECH,Rabat-Salé-Kénitra,54,FONCTIONNAIRE,8084,4303,31170,120,30,1,2,0.583,HYPOTHEQUE,IMMOBILIER,0
TECH,Tanger-Tétouan-Al Hoceïma,44,FONCTIONNAIRE,6929,1820,122552,84,21,3,0,0.255,AUCUNE,CONSOMMATION,0
SERVICES,Fès-Meknès,29,SALARIE_CDI,23263,7132,53626,36,5,5,0,0.287,AUCUNE,IMMOBILIER,0
SERVICES,Drâa-Tafilalet,20,SALARIE_CDD,10372,5555,11390,36,0,4,0,0.535,CAUTION,CONSOMMATION,1
INDUSTRIE,Drâa-Tafilalet,61,FONCTIONNAIRE,3077,1557,29129,12,36,4,2,0.386,HYPOTHEQUE,CONSOMMATION,0
TECH,Casablanca-Settat,78,RETRAITE,8097,2671,59133,12,45,3,0,0.473,HYPOTHEQUE,CONSOMMATION,0
COMMERCE,Béni Mellal-Khénifra,55,FONCTIONNAIRE,9563,3669,36853,48,31,5,0,0.381,AUCUNE,IMMOBILIER,0
COMMERCE,Tanger-Tétouan-Al Hoceïma,67,SALARIE_CDI,6547,2790,11653,60,44,4,0,0.474,AUCUNE,AUTO,0
TECH,Béni Mellal-Khénifra,60,INDEPENDANT,4933,2930,64401,84,38,3,2,0.669,AUCUNE,CONSOMMATION,1
TECH,Tanger-Tétouan-Al Hoceïma,39,SALARIE_CDI,10908,5244,46837,12,17,0,0,0.427,AUCUNE,CONSOMMATION,0
COMMERCE,Oriental,50,SALARIE_CDI,5257,2346,32536,24,24,3,0,0.382,AUCUNE,PROFESSIONNEL,0
COMMERCE,Drâa-Tafilalet,35,SALARIE_CDI,10498,5831,20652,48,9,0,1,0.635,AUCUNE,AUTO,1
TECH,Fès-Meknès,32,SALARIE_CDD,5061,1529,73816,12,12,2,0,0.261,AUCUNE,CONSOMMATION,0
SERVICES,Marrakech-Safi,55,FONCTIONNAIRE,6372,2370,10201,84,32,2,0,0.352,CAUTION,CONSOMMATION,1
TECH,Drâa-Tafilalet,58,FONCTIONNAIRE,12460,6147,12234,48,33,2,5,0.455,HYPOTHEQUE,CONSOMMATION,0
SERVICES,Dakhla-Oued Ed-Dahab,80,INDEPENDANT,10098,3554,21712,60,45,4,2,0.202,HYPOTHEQUE,PROFESSIONNEL,0
SERVICES,Souss-Massa,32,FONCTIONNAIRE,8218,3201,44872,84,13,4,4,0.378,AUCUNE,AUTO,1
TECH,Dakhla-Oued Ed-Dahab,36,SALARIE_CDI,7995,1840,13977,48,18,0,1,0.226,CAUTION,CONSOMMATION,0
INDUSTRIE,Marrakech-Safi,28,FONCTIONNAIRE,8440,3840,24802,12,9,2,0,0.508,HYPOTHEQUE,PROFESSIONNEL,1
SERVICES,Guelmim-Oued Noun,77,INDEPENDANT,5675,2668,28597,24,45,0,0,0.447,HYPOTHEQUE,CONSOMMATION,1
SERVICES,Dakhla-Oued Ed-Dahab,67,FONCTIONNAIRE,4095,2367,46176,36,45,4,2,0.547,AUCUNE,PROFESSIONNEL,1
COMMERCE,Fès-Meknès,38,SALARIE_CDD,10469,2017,29919,24,13,1,1,0.219,CAUTION,IMMOBILIER,0
TECH,Rabat-Salé-Kénitra,79,FONCTIONNAIRE,16132,9676,29997,48,45,2,0,0.644,AUCUNE,PROFESSIONNEL,0
SERVICES,Béni Mellal-Khénifra,62,FONCTIONNAIRE,10635,2052,22158,12,38,5,1,0.134,CAUTION,PROFESSIONNEL,0
SERVICES,Laâyoune-Sakia El Hamra,48,SALARIE_CDI,9085,4748,77833,24,26,4,0,0.423,AUCUNE,CONSOMMATION,1
COMMERCE,Casablanca-Settat,42,INDEPENDANT,4704,2091,57631,84,16,5,0,0.556,AUCUNE,IMMOBILIER,0
AGRICULTURE,Béni Mellal-Khénifra,53,SALARIE_CDI,12025,4245,56199,12,27,2,0,0.431,AUCUNE,IMMOBILIER,1
SERVICES,Laâyoune-Sakia El Hamra,23,SALARIE_CDI,10063,6156,21065,12,0,1,2,0.578,CAUTION,IMMOBILIER,1
AGRICULTURE,Casablanca-Settat,28,INDEPENDANT,11408,4315,25366,48,4,2,0,0.361,CAUTION,CONSOMMATION,1
AGRICULTURE,Oriental,76,INDEPENDANT,12903,2095,50690,120,45,4,0,0.16,CAUTION,IMMOBILIER,0
INDUSTRIE,Casablanca-Settat,31,FONCTIONNAIRE,16543,6787,24071,24,11,5,4,0.366,AUCUNE,CONSOMMATION,1
TECH,Marrakech-Safi,28,SALARIE_CDD,4907,2042,18986,36,8,4,0,0.386,CAUTION,CONSOMMATION,1
COMMERCE,Souss-Massa,72,RETRAITE,4537,2369,44449,84,45,5,2,0.515,AUCUNE,CONSOMMATION,0
COMMERCE,Fès-Meknès,77,SALARIE_CDD,8662,2851,14537,120,45,0,0,0.257,AUCUNE,CONSOMMATION,0
INDUSTRIE,Rabat-Salé-Kénitra,69,SALARIE_CDD,5350,1000,31364,36,43,5,0,0.303,NANTISSEMENT,CONSOMMATION,1
TECH,Guelmim-Oued Noun,24,FONCTIONNAIRE,4949,1607,67818,24,2,2,0,0.239,HYPOTHEQUE,CONSOMMATION,1
TECH,Marrakech-Safi,70,SALARIE_CDD,14031,6332,40203,24,45,0,0,0.345,CAUTION,CONSOMMATION,0
TECH,Laâyoune-Sakia El Hamra,34,FONCTIONNAIRE,5146,2174,17449,84,15,0,0,0.467,AUCUNE,CONSOMMATION,0
AGRICULTURE,Marrakech-Safi,18,RETRAITE,8063,4624,50556,36,0,2,0,0.553,AUCUNE,CONSOMMATION,0
COMMERCE,Oriental,76,SALARIE_CDI,3889,1109,23844,120,45,2,0,0.305,NANTISSEMENT,CONSOMMATION,0
TECH,Drâa-Tafilalet,34,SALARIE_CDI,8336,3623,65641,48,10,0,0,0.434,AUCUNE,CONSOMMATION,1
TECH,Souss-Massa,59,SALARIE_CDD,13798,8800,51865,36,39,1,0,0.618,HYPOTHEQUE,CONSOMMATION,0
SERVICES,Souss-Massa,22,FONCTIONNAIRE,13987,4292,28481,84,0,2,0,0.301,CAUTION,PROFESSIONNEL,0
SERVICES,Guelmim-Oued Noun,29,INDEPENDANT,12968,4773,21484,120,10,0,0,0.387,CAUTION,CONSOMMATION,0
INDUSTRIE,Casablanca-Settat,73,RETRAITE,7822,5062,20040,84,45,1,0,0.703,AUCUNE,IMMOBILIER,0
TECH,Guelmim-Oued Noun,55,FONCTIONNAIRE,13362,2969,222519,24,36,5,1,0.183,AUCUNE,CONSOMMATION,0
INDUSTRIE,Drâa-Tafilalet,80,RETRAITE,9833,4295,7303,36,45,5,0,0.459,AUCUNE,PROFESSIONNEL,0
COMMERCE,Guelmim-Oued Noun,29,SALARIE_CDI,6651,2229,10591,12,9,3,0,0.311,HYPOTHEQUE,CONSOMMATION,1
SERVICES,Souss-Massa,74,SALARIE_CDI,9622,1665,78569,60,45,2,0,0.154,CAUTION,IMMOBILIER,0
INDUSTRIE,Tanger-Tétouan-Al Hoceïma,73,SALARIE_CDI,12071,6402,67551,120,45,0,0,0.485,CAUTION,AUTO,0
COMMERCE,Oriental,76,INDEPENDANT,4458,1112,46735,36,45,5,0,0.234,AUCUNE,PROFESSIONNEL,1
SERVICES,Béni Mellal-Khénifra,21,SALARIE_CDI,5028,2997,9006,24,0,1,0,0.534,HYPOTHEQUE,CONSOMMATION,1
AGRICULTURE,Dakhla-Oued Ed-Dahab,24,SALARIE_CDI,7596,2726,52954,120,0,1,0,0.301,AUCUNE,CONSOMMATION,0
SERVICES,Laâyoune-Sakia El Hamra,51,SALARIE_CDD,4676,1040,18292,12,31,0,0,0.176,CAUTION,IMMOBILIER,0
AGRICULTURE,Casablanca-Settat,25,SALARIE_CDI,4646,1268,33888,24,1,5,0,0.159,AUCUNE,PROFESSIONNEL,0
SERVICES,Rabat-Salé-Kénitra,21,FONCTIONNAIRE,6706,3799,48282,36,0,1,0,0.518,AUCUNE,CONSOMMATION,0
AGRICULTURE,Dakhla-Oued Ed-Dahab,69,INDEPENDANT,12662,4266,51772,120,45,2,3,0.311,CAUTION,AUTO,0
COMMERCE,Tanger-Tétouan-Al Hoceïma,61,SALARIE_CDI,12556,3492,23029,120,39,0,3,0.295,NANTISSEMENT,CONSOMMATION,0
SERVICES,Oriental,71,FONCTIONNAIRE,9363,2570,89273,120,45,1,0,0.204,HYPOTHEQUE,CONSOMMATION,0
SERVICES,Casablanca-Settat,76,SALARIE_CDI,8788,3881,64153,84,45,1,2,0.438,AUCUNE,IMMOBILIER,0
SERVICES,Rabat-Salé-Kénitra,26,SALARIE_CDI,20731,5772,18544,12,8,5,1,0.296,CAUTION,AUTO,0
COMMERCE,Tanger-Tétouan-Al Hoceïma,70,SALARIE_CDI,6357,3927,25956,12,45,2,1,0.603,CAUTION,PROFESSIONNEL,1
TECH,Drâa-Tafilalet,20,FONCTIONNAIRE,9032,1578,21353,120,0,1,2,0.182,HYPOTHEQUE,PROFESSIONNEL,1
INDUSTRIE,Guelmim-Oued Noun,41,FONCTIONNAIRE,6216,1417,34758,36,23,4,0,0.237,CAUTION,CONSOMMATION,0
INDUSTRIE,Laâyoune-Sakia El Hamra,36,FONCTIONNAIRE,4540,1655,56411,24,10,1,0,0.344,CAUTION,PROFESSIONNEL,0
COMMERCE,Marrakech-Safi,32,INDEPENDANT,13811,3510,9942,48,11,4,2,0.219,AUCUNE,CONSOMMATION,1
COMMERCE,Marrakech-Safi,63,SALARIE_CDI,7063,3809,9055,120,38,5,2,0.546,AUCUNE,PROFESSIONNEL,0
COMMERCE,Oriental,25,INDEPENDANT,11077,6738,20283,84,1,0,0,0.552,AUCUNE,PROFESSIONNEL,0
COMMERCE,Oriental,68,FONCTIONNAIRE,7254,3265,93609,36,45,2,0,0.335,AUCUNE,IMMOBILIER,1
TECH,Casablanca-Settat,73,SALARIE_CDI,14200,8194,42886,24,45,1,1,0.538,HYPOTHEQUE,CONSOMMATION,0
AGRICULTURE,Souss-Massa,59,SALARIE_CDI,5173,2847,109537,84,33,5,2,0.52,AUCUNE,IMMOBILIER,1
INDUSTRIE,Laâyoune-Sakia El Hamra,23,SALARIE_CDI,13681,3137,32564,12,5,0,2,0.234,CAUTION,PROFESSIONNEL,1
SERVICES,Rabat-Salé-Kénitra,55,SALARIE_CDI,12117,2291,20142,12,36,2,0,0.192,HYPOTHEQUE,AUTO,0
SERVICES,Guelmim-Oued Noun,57,SALARIE_CDI,3613,1678,11232,84,35,2,0,0.43,CAUTION,PROFESSIONNEL,1
COMMERCE,Souss-Massa,41,SALARIE_CDI,6422,4118,20325,24,23,2,0,0.643,CAUTION,IMMOBILIER,0
INDUSTRIE,Oriental,41,INDEPENDANT,12828,7260,23527,12,21,1,0,0.609,HYPOTHEQUE,CONSOMMATION,1
AGRICULTURE,Béni Mellal-Khénifra,47,INDEPENDANT,16929,7756,6650,120,28,0,0,0.446,AUCUNE,PROFESSIONNEL,0
COMMERCE,Drâa-Tafilalet,80,FONCTIONNAIRE,11181,2297,20156,48,45,1,1,0.156,HYPOTHEQUE,CONSOMMATION,0
COMMERCE,Béni Mellal-Khénifra,18,INDEPENDANT,6779,3660,20032,84,0,4,0,0.517,HYPOTHEQUE,PROFESSIONNEL,1
TECH,Rabat-Salé-Kénitra,50,RETRAITE,5241,2576,36873,60,31,5,2,0.525,CAUTION,CONSOMMATION,0
SERVICES,Fès-Meknès,37,SALARIE_CDD,10457,6451,35260,84,11,5,0,0.542,AUCUNE,IMMOBILIER,1
TECH,Laâyoune-Sakia El Hamra,52,FONCTIONNAIRE,6689,3376,45434,60,34,3,0,0.535,AUCUNE,PROFESSIONNEL,0
SERVICES,Casablanca-Settat,18,FONCTIONNAIRE,6819,1376,11662,60,0,0,0,0.171,HYPOTHEQUE,CONSOMMATION,1
COMMERCE,Drâa-Tafilalet,75,RETRAITE,7326,3330,16407,48,45,5,0,0.506,HYPOTHEQUE,AUTO,1
AGRICULTURE,Oriental,46,INDEPENDANT,12050,4240,69436,24,28,5,0,0.363,HYPOTHEQUE,CONSOMMATION,0
TECH,Rabat-Salé-Kénitra,79,SALARIE_CDI,18268,6589,30292,84,45,3,0,0.388,HYPOTHEQUE,CONSOMMATION,0
TECH,Rabat-Salé-Kénitra,27,INDEPENDANT,12863,6000,65700,48,0,3,0,0.509,HYPOTHEQUE,CONSOMMATION,1
INDUSTRIE,Dakhla-Oued Ed-Dahab,54,SALARIE_CDI,8138,4881,32898,60,28,4,2,0.651,HYPOTHEQUE,IMMOBILIER,0
TECH,Casablanca-Settat,60,SALARIE_CDI,5407,2865,41399,36,36,2,2,0.569,NANTISSEMENT,IMMOBILIER,1
COMMERCE,Casablanca-Settat,68,FONCTIONNAIRE,10943,1763,52580,84,45,2,0,0.111,AUCUNE,AUTO,0
COMMERCE,Casablanca-Settat,18,FONCTIONNAIRE,17145,3832,24599,84,0,4,0,0.258,AUCUNE,CONSOMMATION,0
SERVICES,Béni Mellal-Khénifra,57,SALARIE_CDI,12728,4221,22766,60,35,1,1,0.261,AUCUNE,CONSOMMATION,1
SERVICES,Dakhla-Oued Ed-Dahab,27,SALARIE_CDI,8897,4380,22562,24,6,4,1,0.43,NANTISSEMENT,IMMOBILIER,1
COMMERCE,Marrakech-Safi,44,INDEPENDANT,6503,3038,34387,48,19,3,1,0.46,AUCUNE,PROFESSIONNEL,1
SERVICES,Guelmim-Oued Noun,21,SALARIE_CDI,9465,3803,54281,24,0,1,2,0.461,AUCUNE,CONSOMMATION,1
TECH,Drâa-Tafilalet,21,INDEPENDANT,13624,4974,27320,60,3,5,0,0.356,CAUTION,CONSOMMATION,0
TECH,Marrakech-Safi,66,SALARIE_CDD,8996,4901,81516,12,42,0,1,0.502,AUCUNE,AUTO,0
AGRICULTURE,Casablanca-Settat,63,FONCTIONNAIRE,7735,1530,123592,36,36,5,0,0.226,CAUTION,CONSOMMATION,0
SERVICES,Souss-Massa,74,SALARIE_CDI,5948,2662,19635,120,45,3,0,0.421,HYPOTHEQUE,AUTO,1
AGRICULTURE,Casablanca-Settat,62,RETRAITE,25984,14402,83442,24,37,1,0,0.574,AUCUNE,IMMOBILIER,0
SERVICES,Rabat-Salé-Kénitra,55,INDEPENDANT,5427,1553,35863,48,31,3,0,0.29,CAUTION,PROFESSIONNEL,0
COMMERCE,Souss-Massa,25,SALARIE_CDI,5206,1307,47407,48,4,5,0,0.2,HYPOTHEQUE,AUTO,0
TECH,Guelmim-Oued Noun,66,FONCTIONNAIRE,8724,4246,33066,120,45,1,0,0.541,HYPOTHEQUE,PROFESSIONNEL,0
SERVICES,Dakhla-Oued Ed-Dahab,32,INDEPENDANT,7399,1760,85254,120,10,3,4,0.153,AUCUNE,CONSOMMATION,1
SERVICES,Béni Mellal-Khénifra,24,SALARIE_CDI,12842,5061,46312,84,4,4,0,0.346,HYPOTHEQUE,CONSOMMATION,1
SERVICES,Fès-Meknès,64,FONCTIONNAIRE,13039,7972,28470,60,45,2,0,0.641,AUCUNE,PROFESSIONNEL,0
COMMERCE,Fès-Meknès,55,INDEPENDANT,4692,846,27114,36,31,1,3,0.321,NANTISSEMENT,IMMOBILIER,1
TECH,Béni Mellal-Khénifra,27,FONCTIONNAIRE,5768,3487,15664,84,6,1,2,0.513,HYPOTHEQUE,IMMOBILIER,0
SERVICES,Marrakech-Safi,52,RETRAITE,5465,1340,24340,12,28,2,0,0.236,NANTISSEMENT,PROFESSIONNEL,0
SERVICES,Oriental,61,SALARIE_CDI,11534,4512,85325,60,40,3,1,0.271,HYPOTHEQUE,PROFESSIONNEL,0
COMMERCE,Guelmim-Oued Noun,49,INDEPENDANT,9826,2124,77505,36,29,3,1,0.206,HYPOTHEQUE,AUTO,1
SERVICES,Laâyoune-Sakia El Hamra,63,RETRAITE,6856,3462,23201,48,42,3,0,0.47,AUCUNE,PROFESSIONNEL,0
TECH,Casablanca-Settat,49,SALARIE_CDI,8932,5796,16838,60,31,2,1,0.648,AUCUNE,AUTO,0
AGRICULTURE,Fès-Meknès,40,SALARIE_CDD,4881,1469,70703,36,15,4,2,0.369,CAUTION,CONSOMMATION,1
TECH,Fès-Meknès,32,FONCTIONNAIRE,5801,3552,49040,36,8,2,0,0.653,AUCUNE,IMMOBILIER,0
TECH,Oriental,34,INDEPENDANT,4514,2325,9107,24,8,5,0,0.495,NANTISSEMENT,CONSOMMATION,1
COMMERCE,Marrakech-Safi,68,SALARIE_CDI,8651,5474,272613,36,44,1,1,0.666,NANTISSEMENT,AUTO,0
TECH,Dakhla-Oued Ed-Dahab,41,SALARIE_CDI,8637,4197,36613,12,20,4,4,0.487,AUCUNE,IMMOBILIER,0
SERVICES,Dakhla-Oued Ed-Dahab,63,INDEPENDANT,5203,2555,119511,120,37,3,3,0.437,CAUTION,CONSOMMATION,0
SERVICES,Fès-Meknès,40,SALARIE_CDD,9794,6091,41025,120,21,1,1,0.617,CAUTION,PROFESSIONNEL,0
COMMERCE,Tanger-Tétouan-Al Hoceïma,51,FONCTIONNAIRE,13039,6698,17527,60,27,0,0,0.535,AUCUNE,PROFESSIONNEL,1
SERVICES,Souss-Massa,56,FONCTIONNAIRE,5096,2924,41599,24,38,0,1,0.757,CAUTION,CONSOMMATION,1
AGRICULTURE,Casablanca-Settat,48,RETRAITE,6996,2045,13000,84,23,2,0,0.356,CAUTION,IMMOBILIER,0
COMMERCE,Laâyoune-Sakia El Hamra,64,SALARIE_CDI,10210,2394,33251,60,37,3,3,0.269,HYPOTHEQUE,AUTO,1
AGRICULTURE,Guelmim-Oued Noun,76,RETRAITE,8080,3798,16956,24,45,4,0,0.379,CAUTION,PROFESSIONNEL,0
INDUSTRIE,Fès-Meknès,72,FONCTIONNAIRE,4370,1207,31474,48,45,0,0,0.284,AUCUNE,CONSOMMATION,0
COMMERCE,Oriental,76,INDEPENDANT,6645,2425,43200,12,45,1,0,0.435,HYPOTHEQUE,CONSOMMATION,0
TECH,Tanger-Tétouan-Al Hoceïma,19,SALARIE_CDI,6547,3783,44661,12,0,3,1,0.604,HYPOTHEQUE,CONSOMMATION,0
SERVICES,Marrakech-Safi,65,FONCTIONNAIRE,7505,3494,13071,36,43,3,0,0.522,AUCUNE,CONSOMMATION,0
COMMERCE,Fès-Meknès,63,INDEPENDANT,7650,4758,23124,12,45,0,0,0.647,NANTISSEMENT,IMMOBILIER,0
COMMERCE,Rabat-Salé-Kénitra,43,INDEPENDANT,16395,5367,9112,120,19,3,0,0.378,NANTISSEMENT,IMMOBILIER,1
AGRICULTURE,Guelmim-Oued Noun,37,SALARIE_CDI,7377,2142,56084,120,12,1,3,0.204,NANTISSEMENT,IMMOBILIER,1
TECH,Béni Mellal-Khénifra,21,SALARIE_CDD,3740,961,41855,36,0,1,5,0.339,HYPOTHEQUE,PROFESSIONNEL,1
SERVICES,Dakhla-Oued Ed-Dahab,70,SALARIE_CDI,8442,5388,15956,36,45,0,0,0.678,AUCUNE,CONSOMMATION,1
COMMERCE,Casablanca-Settat,70,SALARIE_CDI,17792,6491,97161,84,43,0,2,0.424,CAUTION,IMMOBILIER,1
COMMERCE,Béni Mellal-Khénifra,22,INDEPENDANT,7516,4585,50342,36,1,5,0,0.617,CAUTION,CONSOMMATION,0
SERVICES,Oriental,54,RETRAITE,6653,2145,33737,84,27,5,1,0.349,CAUTION,CONSOMMATION,0
INDUSTRIE,Béni Mellal-Khénifra,52,FONCTIONNAIRE,7063,2076,26074,12,34,3,0,0.33,CAUTION,IMMOBILIER,0
INDUSTRIE,Dakhla-Oued Ed-Dahab,28,SALARIE_CDI,10539,5643,23242,48,10,0,2,0.527,AUCUNE,CONSOMMATION,1
SERVICES,Tanger-Tétouan-Al Hoceïma,52,SALARIE_CDI,7050,3236,20901,12,25,2,0,0.419,HYPOTHEQUE,CONSOMMATION,0
COMMERCE,Rabat-Salé-Kénitra,69,SALARIE_CDD,4097,1689,82601,84,45,2,1,0.357,HYPOTHEQUE,AUTO,1
SERVICES,Casablanca-Settat,38,SALARIE_CDI,5989,2217,44008,84,16,2,1,0.364,NANTISSEMENT,PROFESSIONNEL,0
COMMERCE,Souss-Massa,63,INDEPENDANT,7871,3016,17426,48,39,1,2,0.34,HYPOTHEQUE,PROFESSIONNEL,0
SERVICES,Marrakech-Safi,79,SALARIE_CDI,10312,5849,90022,120,45,0,0,0.531,AUCUNE,CONSOMMATION,0
TECH,Rabat-Salé-Kénitra,46,SALARIE_CDI,6234,1412,34089,60,27,5,1,0.3,HYPOTHEQUE,AUTO,0
SERVICES,Rabat-Salé-Kénitra,24,INDEPENDANT,7092,1245,19086,24,5,5,1,0.257,AUCUNE,PROFESSIONNEL,1
AGRICULTURE,Fès-Meknès,36,SALARIE_CDI,8269,1265,144760,60,11,0,0,0.135,AUCUNE,CONSOMMATION,0
SERVICES,Rabat-Salé-Kénitra,26,SALARIE_CDD,5711,2270,16874,48,2,1,0,0.463,NANTISSEMENT,IMMOBILIER,1
COMMERCE,Souss-Massa,40,FONCTIONNAIRE,7775,4346,20381,60,15,0,1,0.55,CAUTION,CONSOMMATION,0
INDUSTRIE,Béni Mellal-Khénifra,58,SALARIE_CDI,9999,4854,36321,60,38,0,0,0.467,AUCUNE,IMMOBILIER,0
SERVICES,Fès-Meknès,30,FONCTIONNAIRE,4751,3065,45504,84,4,3,1,0.664,HYPOTHEQUE,CONSOMMATION,1
COMMERCE,Rabat-Salé-Kénitra,50,SALARIE_CDD,9301,4232,21440,24,28,2,4,0.418,AUCUNE,CONSOMMATION,1
TECH,Oriental,80,FONCTIONNAIRE,4961,2007,7727,12,45,3,0,0.388,CAUTION,PROFESSIONNEL,0
AGRICULTURE,Rabat-Salé-Kénitra,34,SALARIE_CDI,5006,2207,37151,36,15,1,3,0.508,CAUTION,PROFESSIONNEL,1
INDUSTRIE,Drâa-Tafilalet,73,SALARIE_CDD,6013,3554,17463,12,45,4,0,0.608,AUCUNE,CONSOMMATION,1
SERVICES,Tanger-Tétouan-Al Hoceïma,37,FONCTIONNAIRE,14980,2357,28245,48,16,2,1,0.176,AUCUNE,PROFESSIONNEL,0
TECH,Tanger-Tétouan-Al Hoceïma,56,SALARIE_CDI,3745,1435,20596,36,30,0,0,0.372,CAUTION,CONSOMMATION,1
COMMERCE,Marrakech-Safi,27,SALARIE_CDI,6576,2338,17008,60,2,5,3,0.34,NANTISSEMENT,AUTO,1
SERVICES,Fès-Meknès,34,SALARIE_CDI,8007,5018,30136,60,10,1,1,0.632,NANTISSEMENT,CONSOMMATION,0
TECH,Rabat-Salé-Kénitra,72,SALARIE_CDI,13701,3338,23331,120,45,4,1,0.282,AUCUNE,PROFESSIONNEL,1
COMMERCE,Oriental,55,SALARIE_CDI,19469,3169,20170,12,33,4,2,0.18,HYPOTHEQUE,CONSOMMATION,1
COMMERCE,Rabat-Salé-Kénitra,53,RETRAITE,6702,3122,71391,48,33,1,0,0.496,AUCUNE,IMMOBILIER,0
INDUSTRIE,Drâa-Tafilalet,50,SALARIE_CDD,10329,4777,18098,84,27,1,0,0.372,NANTISSEMENT,CONSOMMATION,0
INDUSTRIE,Fès-Meknès,33,FONCTIONNAIRE,7766,2405,30432,24,6,1,0,0.259,HYPOTHEQUE,AUTO,0
SERVICES,Oriental,76,SALARIE_CDI,7743,3251,35375,120,45,5,3,0.389,NANTISSEMENT,PROFESSIONNEL,1
TECH,Oriental,42,SALARIE_CDI,9163,4108,11121,60,18,2,3,0.47,HYPOTHEQUE,CONSOMMATION,1
SERVICES,Béni Mellal-Khénifra,18,INDEPENDANT,3970,1296,16607,48,0,4,0,0.345,AUCUNE,CONSOMMATION,1
TECH,Guelmim-Oued Noun,75,INDEPENDANT,7930,2857,35324,12,45,0,1,0.393,HYPOTHEQUE,CONSOMMATION,0
TECH,Oriental,20,RETRAITE,9925,2192,34410,48,0,0,2,0.204,NANTISSEMENT,CONSOMMATION,0
TECH,Laâyoune-Sakia El Hamra,73,SALARIE_CDI,5503,2947,20916,12,45,1,0,0.541,CAUTION,CONSOMMATION,0
SERVICES,Fès-Meknès,34,SALARIE_CDI,9955,3430,35660,36,16,1,0,0.433,HYPOTHEQUE,AUTO,0
SERVICES,Guelmim-Oued Noun,22,INDEPENDANT,3723,1760,43800,36,0,1,4,0.474,AUCUNE,PROFESSIONNEL,1
COMMERCE,Tanger-Tétouan-Al Hoceïma,31,SALARIE_CDI,8452,3071,54764,12,12,1,0,0.27,AUCUNE,IMMOBILIER,1
COMMERCE,Béni Mellal-Khénifra,59,SALARIE_CDI,14824,3426,57902,12,34,1,0,0.255,AUCUNE,PROFESSIONNEL,0
AGRICULTURE,Souss-Massa,52,SALARIE_CDI,7344,3674,84656,120,34,5,1,0.559,AUCUNE,PROFESSIONNEL,0
INDUSTRIE,Laâyoune-Sakia El Hamra,27,SALARIE_CDI,5218,1872,39158,48,8,1,0,0.416,HYPOTHEQUE,IMMOBILIER,0
TECH,Fès-Meknès,36,INDEPENDANT,4267,1036,13735,12,18,0,0,0.226,CAUTION,PROFESSIONNEL,1
SERVICES,Oriental,31,INDEPENDANT,9660,5958,29525,36,9,2,2,0.604,AUCUNE,IMMOBILIER,1
INDUSTRIE,Rabat-Salé-Kénitra,59,FONCTIONNAIRE,12303,7341,14938,60,33,4,1,0.635,NANTISSEMENT,CONSOMMATION,1
SERVICES,Béni Mellal-Khénifra,72,SALARIE_CDD,7901,4058,65613,120,45,5,2,0.521,HYPOTHEQUE,CONSOMMATION,0
TECH,Casablanca-Settat,34,INDEPENDANT,6577,2881,94957,48,13,2,0,0.465,HYPOTHEQUE,CONSOMMATION,1
SERVICES,Tanger-Tétouan-Al Hoceïma,74,FONCTIONNAIRE,3399,1572,36160,24,45,4,0,0.434,HYPOTHEQUE,CONSOMMATION,0
SERVICES,Casablanca-Settat,43,INDEPENDANT,8568,2828,81931,48,20,0,0,0.348,CAUTION,CONSOMMATION,1
TECH,Fès-Meknès,23,FONCTIONNAIRE,5942,1673,78105,60,0,0,0,0.255,NANTISSEMENT,IMMOBILIER,0
COMMERCE,Souss-Massa,38,RETRAITE,6098,2720,44917,12,13,4,0,0.435,CAUTION,CONSOMMATION,1
SERVICES,Fès-Meknès,73,SALARIE_CDI,16771,8721,52505,60,45,3,4,0.466,HYPOTHEQUE,IMMOBILIER,0
SERVICES,Tanger-Tétouan-Al Hoceïma,68,FONCTIONNAIRE,3602,1432,70552,36,45,0,2,0.357,NANTISSEMENT,AUTO,0
COMMERCE,Rabat-Salé-Kénitra,63,INDEPENDANT,3826,2287,13668,120,36,1,5,0.526,HYPOTHEQUE,CONSOMMATION,0
INDUSTRIE,Drâa-Tafilalet,43,INDEPENDANT,8992,3095,43195,48,19,2,0,0.266,AUCUNE,CONSOMMATION,0
SERVICES,Guelmim-Oued Noun,66,RETRAITE,6813,2304,53523,48,45,0,1,0.291,AUCUNE,IMMOBILIER,0
COMMERCE,Souss-Massa,62,SALARIE_CDD,6416,2327,13304,60,38,1,3,0.384,NANTISSEMENT,CONSOMMATION,1
SERVICES,Casablanca-Settat,67,FONCTIONNAIRE,9161,4600,138490,84,45,3,0,0.514,NANTISSEMENT,CONSOMMATION,1
COMMERCE,Casablanca-Settat,53,SALARIE_CDI,9092,1489,78023,12,27,0,0,0.205,NANTISSEMENT,AUTO,0
INDUSTRIE,Drâa-Tafilalet,49,FONCTIONNAIRE,5228,1709,78472,36,27,1,0,0.304,CAUTION,CONSOMMATION,0
SERVICES,Dakhla-Oued Ed-Dahab,78,SALARIE_CDI,6209,3238,48350,12,45,3,4,0.446,CAUTION,CONSOMMATION,1
SERVICES,Laâyoune-Sakia El Hamra,77,SALARIE_CDD,8286,3541,18695,12,45,3,1,0.445,CAUTION,CONSOMMATION,0
SERVICES,Tanger-Tétouan-Al Hoceïma,51,RETRAITE,8736,2664,14944,48,29,3,4,0.304,HYPOTHEQUE,PROFESSIONNEL,0
SERVICES,Souss-Massa,30,INDEPENDANT,10071,4818,33879,36,6,1,0,0.471,HYPOTHEQUE,IMMOBILIER,0
INDUSTRIE,Rabat-Salé-Kénitra,43,SALARIE_CDD,6233,3743,59147,84,18,0,2,0.546,CAUTION,CONSOMMATION,0
AGRICULTURE,Casablanca-Settat,49,SALARIE_CDI,9473,3813,53090,60,31,1,0,0.384,AUCUNE,PROFESSIONNEL,1
TECH,Guelmim-Oued Noun,60,SALARIE_CDD,12427,6457,120230,120,39,3,0,0.553,HYPOTHEQUE,PROFESSIONNEL,0
INDUSTRIE,Souss-Massa,38,SALARIE_CDI,8276,2062,29217,24,11,3,3,0.189,HYPOTHEQUE,IMMOBILIER,1
COMMERCE,Souss-Massa,20,SALARIE_CDI,7737,2990,28226,48,0,5,0,0.295,HYPOTHEQUE,CONSOMMATION,0
COMMERCE,Tanger-Tétouan-Al Hoceïma,69,INDEPENDANT,7288,2155,36514,12,45,3,1,0.303,NANTISSEMENT,PROFESSIONNEL,0
TECH,Fès-Meknès,77,SALARIE_CDD,6138,3968,16166,36,45,4,0,0.606,CAUTION,PROFESSIONNEL,0
SERVICES,Dakhla-Oued Ed-Dahab,23,SALARIE_CDI,5313,1378,103914,12,2,5,3,0.296,HYPOTHEQUE,AUTO,1
INDUSTRIE,Guelmim-Oued Noun,38,INDEPENDANT,7086,4420,30484,120,16,2,0,0.607,CAUTION,IMMOBILIER,0
INDUSTRIE,Drâa-Tafilalet,45,SALARIE_CDI,9925,3517,43359,48,23,1,1,0.302,HYPOTHEQUE,CONSOMMATION,0
SERVICES,Tanger-Tétouan-Al Hoceïma,65,SALARIE_CDD,5431,2168,64217,12,39,1,2,0.406,AUCUNE,IMMOBILIER,1
INDUSTRIE,Drâa-Tafilalet,66,SALARIE_CDI,7833,3227,21443,36,43,5,0,0.41,HYPOTHEQUE,IMMOBILIER,0
TECH,Tanger-Tétouan-Al Hoceïma,39,SALARIE_CDI,7434,2014,44098,84,15,1,3,0.269,AUCUNE,IMMOBILIER,1
AGRICULTURE,Oriental,37,FONCTIONNAIRE,18034,4860,36121,84,10,2,0,0.215,HYPOTHEQUE,PROFESSIONNEL,0
SERVICES,Rabat-Salé-Kénitra,43,INDEPENDANT,11218,3792,71881,84,24,2,0,0.398,HYPOTHEQUE,IMMOBILIER,1
INDUSTRIE,Drâa-Tafilalet,33,SALARIE_CDD,11136,5820,36530,60,12,5,1,0.493,CAUTION,AUTO,0
INDUSTRIE,Casablanca-Settat,45,INDEPENDANT,12259,6134,5000,120,21,0,0,0.572,AUCUNE,CONSOMMATION,1
COMMERCE,Drâa-Tafilalet,34,INDEPENDANT,6339,4113,18881,120,10,0,0,0.563,HYPOTHEQUE,CONSOMMATION,0
COMMERCE,Béni Mellal-Khénifra,21,INDEPENDANT,15056,2924,12710,36,2,3,2,0.237,HYPOTHEQUE,CONSOMMATION,1
SERVICES,Casablanca-Settat,62,RETRAITE,8705,4611,139950,120,43,5,2,0.555,AUCUNE,PROFESSIONNEL,0
TECH,Oriental,67,RETRAITE,7942,1965,97754,60,45,3,2,0.232,CAUTION,PROFESSIONNEL,1
AGRICULTURE,Marrakech-Safi,36,INDEPENDANT,4691,1902,8061,12,14,5,0,0.322,CAUTION,PROFESSIONNEL,0
COMMERCE,Souss-Massa,43,SALARIE_CDI,6763,1679,17901,84,22,3,2,0.251,HYPOTHEQUE,PROFESSIONNEL,1
COMMERCE,Casablanca-Settat,43,SALARIE_CDI,3660,2262,13774,24,16,1,1,0.525,AUCUNE,IMMOBILIER,1
COMMERCE,Drâa-Tafilalet,19,INDEPENDANT,7247,2925,42256,120,0,1,2,0.38,CAUTION,PROFESSIONNEL,1
INDUSTRIE,Oriental,52,INDEPENDANT,6252,2405,18599,24,27,1,1,0.424,CAUTION,CONSOMMATION,0
SERVICES,Tanger-Tétouan-Al Hoceïma,46,INDEPENDANT,6773,2057,30157,48,19,4,3,0.293,CAUTION,CONSOMMATION,1
COMMERCE,Laâyoune-Sakia El Hamra,77,FONCTIONNAIRE,4343,1626,13849,120,45,3,2,0.364,NANTISSEMENT,AUTO,1
SERVICES,Béni Mellal-Khénifra,41,INDEPENDANT,11121,2284,49081,84,15,5,3,0.274,CAUTION,CONSOMMATION,0
TECH,Béni Mellal-Khénifra,68,INDEPENDANT,10579,5206,11209,12,45,0,1,0.498,CAUTION,CONSOMMATION,1
INDUSTRIE,Rabat-Salé-Kénitra,42,FONCTIONNAIRE,17334,7546,209433,120,17,1,0,0.521,CAUTION,IMMOBILIER,0
INDUSTRIE,Oriental,29,SALARIE_CDI,17114,3419,104093,36,7,1,0,0.183,CAUTION,CONSOMMATION,0
INDUSTRIE,Drâa-Tafilalet,39,SALARIE_CDD,8693,1749,206318,48,12,4,0,0.252,CAUTION,IMMOBILIER,0
AGRICULTURE,Dakhla-Oued Ed-Dahab,73,SALARIE_CDI,12843,3808,55519,12,45,5,1,0.289,NANTISSEMENT,PROFESSIONNEL,0
SERVICES,Béni Mellal-Khénifra,34,SALARIE_CDI,9114,3523,108001,12,15,3,0,0.403,HYPOTHEQUE,CONSOMMATION,0
SERVICES,Marrakech-Safi,71,FONCTIONNAIRE,6685,1747,67843,48,45,4,0,0.22,HYPOTHEQUE,CONSOMMATION,0
SERVICES,Drâa-Tafilalet,59,SALARIE_CDI,7150,1542,17977,36,35,5,0,0.228,NANTISSEMENT,CONSOMMATION,1
COMMERCE,Casablanca-Settat,64,INDEPENDANT,10802,2141,27985,12,41,4,2,0.214,NANTISSEMENT,IMMOBILIER,0
AGRICULTURE,Fès-Meknès,65,SALARIE_CDD,50999,15430,48866,12,44,1,3,0.308,CAUTION,AUTO,0
SERVICES,Dakhla-Oued Ed-Dahab,50,FONCTIONNAIRE,13699,6367,81353,84,29,5,0,0.378,HYPOTHEQUE,CONSOMMATION,0
AGRICULTURE,Guelmim-Oued Noun,55,SALARIE_CDI,9053,4429,36148,60,30,5,0,0.54,CAUTION,IMMOBILIER,1
SERVICES,Laâyoune-Sakia El Hamra,22,INDEPENDANT,10074,2936,53542,48,4,4,0,0.306,HYPOTHEQUE,IMMOBILIER,1
COMMERCE,Tanger-Tétouan-Al Hoceïma,62,SALARIE_CDD,10034,3715,28772,48,43,0,2,0.392,AUCUNE,IMMOBILIER,1
SERVICES,Drâa-Tafilalet,62,FONCTIONNAIRE,7780,3612,27209,120,43,4,1,0.54,AUCUNE,PROFESSIONNEL,1
COMMERCE,Drâa-Tafilalet,24,FONCTIONNAIRE,11389,3759,12964,48,1,3,5,0.326,AUCUNE,CONSOMMATION,1
COMMERCE,Marrakech-Safi,50,FONCTIONNAIRE,7556,4831,49508,120,28,4,1,0.673,AUCUNE,CONSOMMATION,1
COMMERCE,Dakhla-Oued Ed-Dahab,50,FONCTIONNAIRE,5140,2551,25732,36,25,0,0,0.535,HYPOTHEQUE,IMMOBILIER,0
SERVICES,Dakhla-Oued Ed-Dahab,37,INDEPENDANT,10064,4420,14773,84,18,2,3,0.425,NANTISSEMENT,AUTO,0
TECH,Rabat-Salé-Kénitra,22,INDEPENDANT,10688,4264,23980,60,0,3,0,0.399,HYPOTHEQUE,IMMOBILIER,0
AGRICULTURE,Guelmim-Oued Noun,18,SALARIE_CDI,7588,3005,44343,36,0,0,0,0.356,CAUTION,IMMOBILIER,0
INDUSTRIE,Souss-Massa,31,RETRAITE,9316,2756,57969,12,6,3,0,0.173,HYPOTHEQUE,CONSOMMATION,0
COMMERCE,Drâa-Tafilalet,32,SALARIE_CDD,12486,2355,31917,12,5,3,0,0.151,AUCUNE,AUTO,0
TECH,Oriental,31,SALARIE_CDI,7916,4504,76705,60,12,3,0,0.5,HYPOTHEQUE,IMMOBILIER,0
SERVICES,Marrakech-Safi,56,SALARIE_CDI,6627,3994,103071,24,34,4,0,0.527,HYPOTHEQUE,AUTO,1
TECH,Rabat-Salé-Kénitra,44,SALARIE_CDD,5889,3753,29711,60,21,2,2,0.602,AUCUNE,IMMOBILIER,1
INDUSTRIE,Oriental,25,SALARIE_CDI,7229,2545,71798,60,2,1,5,0.47,AUCUNE,AUTO,1
TECH,Laâyoune-Sakia El Hamra,23,INDEPENDANT,16167,10075,22761,84,3,0,4,0.565,AUCUNE,IMMOBILIER,1
SERVICES,Guelmim-Oued Noun,59,FONCTIONNAIRE,7411,3714,14614,12,37,1,1,0.526,HYPOTHEQUE,CONSOMMATION,1
INDUSTRIE,Fès-Meknès,76,RETRAITE,9526,3439,18745,12,45,2,1,0.267,CAUTION,CONSOMMATION,1
COMMERCE,Laâyoune-Sakia El Hamra,69,SALARIE_CDI,7002,4266,19827,24,45,5,0,0.624,CAUTION,CONSOMMATION,0
COMMERCE,Tanger-Tétouan-Al Hoceïma,65,FONCTIONNAIRE,6737,4273,26731,48,40,4,0,0.668,AUCUNE,PROFESSIONNEL,0
TECH,Oriental,38,SALARIE_CDI,5455,2275,145448,12,12,0,1,0.361,AUCUNE,PROFESSIONNEL,0
AGRICULTURE,Fès-Meknès,62,SALARIE_CDD,8477,4576,25172,48,35,3,3,0.507,AUCUNE,PROFESSIONNEL,1
SERVICES,Oriental,23,SALARIE_CDD,6421,3456,27903,12,0,3,0,0.491,AUCUNE,CONSOMMATION,0
SERVICES,Oriental,28,FONCTIONNAIRE,14374,6532,40438,12,8,1,0,0.479,CAUTION,PROFESSIONNEL,0
INDUSTRIE,Drâa-Tafilalet,26,INDEPENDANT,7720,2790,14408,36,4,4,0,0.375,AUCUNE,IMMOBILIER,1
COMMERCE,Souss-Massa,29,SALARIE_CDI,7942,1725,40221,60,3,0,0,0.257,HYPOTHEQUE,CONSOMMATION,0
COMMERCE,Oriental,40,SALARIE_CDI,7472,4849,57509,36,21,0,4,0.641,HYPOTHEQUE,IMMOBILIER,0
TECH,Béni Mellal-Khénifra,20,SALARIE_CDD,9576,1780,102520,60,0,3,3,0.109,CAUTION,CONSOMMATION,1
TECH,Souss-Massa,69,SALARIE_CDI,15850,3446,91098,24,44,3,0,0.161,NANTISSEMENT,PROFESSIONNEL,0
SERVICES,Oriental,63,FONCTIONNAIRE,5075,1712,46825,12,45,3,0,0.269,CAUTION,PROFESSIONNEL,0
INDUSTRIE,Rabat-Salé-Kénitra,57,FONCTIONNAIRE,9182,3207,31059,120,36,4,1,0.306,HYPOTHEQUE,PROFESSIONNEL,0
COMMERCE,Laâyoune-Sakia El Hamra,29,INDEPENDANT,4000,1134,32342,48,8,5,0,0.254,CAUTION,CONSOMMATION,1
COMMERCE,Rabat-Salé-Kénitra,72,RETRAITE,14051,2656,48304,60,45,0,1,0.165,AUCUNE,IMMOBILIER,0
SERVICES,Laâyoune-Sakia El Hamra,18,SALARIE_CDD,7718,4629,35149,84,0,4,2,0.592,CAUTION,PROFESSIONNEL,1
INDUSTRIE,Guelmim-Oued Noun,80,INDEPENDANT,4135,1681,34081,36,45,2,0,0.312,AUCUNE,CONSOMMATION,1
INDUSTRIE,Dakhla-Oued Ed-Dahab,63,INDEPENDANT,4564,2898,18879,12,45,1,4,0.675,HYPOTHEQUE,CONSOMMATION,1
SERVICES,Casablanca-Settat,30,SALARIE_CDI,11687,6883,58074,84,8,2,0,0.602,CAUTION,PROFESSIONNEL,0
TECH,Marrakech-Safi,30,INDEPENDANT,3831,1521,44731,60,3,3,0,0.377,CAUTION,CONSOMMATION,0
INDUSTRIE,Casablanca-Settat,61,SALARIE_CDD,9184,3160,21388,48,34,3,1,0.316,NANTISSEMENT,IMMOBILIER,1
COMMERCE,Souss-Massa,68,INDEPENDANT,6682,1854,102982,120,45,1,0,0.251,NANTISSEMENT,CONSOMMATION,0
COMMERCE,Laâyoune-Sakia El Hamra,47,INDEPENDANT,7423,4799,42023,48,27,0,1,0.628,CAUTION,CONSOMMATION,0
TECH,Guelmim-Oued Noun,21,INDEPENDANT,5984,2708,13402,12,0,4,0,0.474,AUCUNE,IMMOBILIER,1
SERVICES,Drâa-Tafilalet,49,INDEPENDANT,5278,3010,70363,84,28,5,2,0.562,CAUTION,PROFESSIONNEL,0
SERVICES,Laâyoune-Sakia El Hamra,48,INDEPENDANT,6507,4180,22678,84,28,5,0,0.656,HYPOTHEQUE,IMMOBILIER,0
INDUSTRIE,Casablanca-Settat,38,SALARIE_CDI,10482,2746,27259,36,15,5,0,0.265,HYPOTHEQUE,IMMOBILIER,0
INDUSTRIE,Guelmim-Oued Noun,74,RETRAITE,7103,4350,31862,24,45,1,1,0.582,AUCUNE,CONSOMMATION,0
INDUSTRIE,Fès-Meknès,39,FONCTIONNAIRE,9794,5360,66453,84,19,5,0,0.466,CAUTION,IMMOBILIER,1
TECH,Drâa-Tafilalet,33,INDEPENDANT,7266,2742,34877,12,8,3,1,0.446,HYPOTHEQUE,IMMOBILIER,0
SERVICES,Guelmim-Oued Noun,60,INDEPENDANT,10669,6662,55985,12,33,3,0,0.655,CAUTION,IMMOBILIER,1
SERVICES,Drâa-Tafilalet,56,SALARIE_CDI,9767,4346,12070,84,31,1,2,0.509,NANTISSEMENT,PROFESSIONNEL,0
INDUSTRIE,Souss-Massa,57,SALARIE_CDI,6353,2203,16775,24,38,4,0,0.321,CAUTION,PROFESSIONNEL,1
TECH,Béni Mellal-Khénifra,49,INDEPENDANT,5276,1213,37137,84,27,0,0,0.246,HYPOTHEQUE,PROFESSIONNEL,0
TECH,Souss-Massa,38,RETRAITE,12457,6402,21859,48,19,4,0,0.483,CAUTION,AUTO,0
TECH,Béni Mellal-Khénifra,34,INDEPENDANT,5619,3017,31475,120,13,5,1,0.57,HYPOTHEQUE,PROFESSIONNEL,0
COMMERCE,Souss-Massa,25,SALARIE_CDD,10151,2573,61213,84,1,5,2,0.332,AUCUNE,AUTO,1
TECH,Tanger-Tétouan-Al Hoceïma,29,SALARIE_CDI,8217,2760,20698,48,2,5,0,0.412,AUCUNE,PROFESSIONNEL,0
COMMERCE,Marrakech-Safi,54,FONCTIONNAIRE,6579,1168,21704,84,30,4,0,0.179,AUCUNE,AUTO,0
SERVICES,Tanger-Tétouan-Al Hoceïma,43,SALARIE_CDD,9831,4214,39215,24,23,4,0,0.465,AUCUNE,CONSOMMATION,1
COMMERCE,Drâa-Tafilalet,64,INDEPENDANT,14996,6749,8197,120,44,0,0,0.476,CAUTION,CONSOMMATION,0
TECH,Laâyoune-Sakia El Hamra,68,FONCTIONNAIRE,10737,6164,73519,120,45,1,0,0.581,AUCUNE,PROFESSIONNEL,0
INDUSTRIE,Rabat-Salé-Kénitra,53,SALARIE_CDD,8589,1401,39779,24,35,0,0,0.185,CAUTION,CONSOMMATION,0
COMMERCE,Marrakech-Safi,24,SALARIE_CDD,16809,3527,38760,48,4,2,2,0.171,AUCUNE,CONSOMMATION,1
COMMERCE,Oriental,18,RETRAITE,3815,632,24896,120,0,3,4,0.089,NANTISSEMENT,IMMOBILIER,1
COMMERCE,Drâa-Tafilalet,32,FONCTIONNAIRE,4912,3056,58826,36,5,5,2,0.644,HYPOTHEQUE,CONSOMMATION,0
SERVICES,Marrakech-Safi,35,SALARIE_CDI,6575,2672,32435,12,15,4,0,0.352,AUCUNE,PROFESSIONNEL,1
COMMERCE,Fès-Meknès,22,FONCTIONNAIRE,15347,4190,85673,120,0,4,0,0.231,AUCUNE,CONSOMMATION,0
TECH,Casablanca-Settat,67,SALARIE_CDD,12385,1976,10964,24,45,5,4,0.137,AUCUNE,CONSOMMATION,1
SERVICES,Casablanca-Settat,41,SALARIE_CDI,3743,742,37960,24,16,4,1,0.273,AUCUNE,CONSOMMATION,1
INDUSTRIE,Rabat-Salé-Kénitra,64,INDEPENDANT,6658,3396,37409,48,41,0,0,0.507,CAUTION,AUTO,0
SERVICES,Drâa-Tafilalet,31,SALARIE_CDI,4466,1742,45157,48,11,5,3,0.346,AUCUNE,CONSOMMATION,1
SERVICES,Laâyoune-Sakia El Hamra,18,SALARIE_CDD,7957,4115,97009,24,0,2,0,0.455,HYPOTHEQUE,CONSOMMATION,1
AGRICULTURE,Souss-Massa,26,SALARIE_CDD,12159,3436,13979,120,0,1,0,0.274,CAUTION,CONSOMMATION,1
COMMERCE,Marrakech-Safi,47,SALARIE_CDD,12570,4648,13682,12,23,2,0,0.359,CAUTION,AUTO,0
INDUSTRIE,Dakhla-Oued Ed-Dahab,48,FONCTIONNAIRE,9142,4223,28363,120,28,3,0,0.404,CAUTION,CONSOMMATION,0
SERVICES,Fès-Meknès,45,FONCTIONNAIRE,6692,1714,9655,60,27,4,0,0.263,AUCUNE,AUTO,1
AGRICULTURE,Rabat-Salé-Kénitra,78,SALARIE_CDI,7763,2280,182514,24,45,2,0,0.211,CAUTION,CONSOMMATION,0
SERVICES,Rabat-Salé-Kénitra,59,SALARIE_CDI,11020,2433,69800,36,36,3,1,0.167,HYPOTHEQUE,CONSOMMATION,0
TECH,Tanger-Tétouan-Al Hoceïma,64,INDEPENDANT,23302,11788,52160,12,45,2,4,0.574,AUCUNE,CONSOMMATION,1
INDUSTRIE,Drâa-Tafilalet,25,INDEPENDANT,4754,2097,62820,120,7,4,5,0.383,CAUTION,CONSOMMATION,0
SERVICES,Tanger-Tétouan-Al Hoceïma,47,SALARIE_CDI,16564,6167,88408,60,28,0,0,0.366,CAUTION,PROFESSIONNEL,0
COMMERCE,Souss-Massa,57,SALARIE_CDI,9044,3922,23618,120,33,4,2,0.453,AUCUNE,IMMOBILIER,1
SERVICES,Tanger-Tétouan-Al Hoceïma,54,RETRAITE,11721,2753,28206,12,34,3,0,0.326,CAUTION,IMMOBILIER,0
COMMERCE,Dakhla-Oued Ed-Dahab,77,SALARIE_CDI,8807,4901,46147,120,45,2,1,0.633,NANTISSEMENT,CONSOMMATION,0
SERVICES,Drâa-Tafilalet,47,RETRAITE,15243,8044,25515,84,20,2,0,0.56,CAUTION,CONSOMMATION,0
TECH,Béni Mellal-Khénifra,41,INDEPENDANT,9399,2265,18972,48,17,1,1,0.187,CAUTION,IMMOBILIER,0
TECH,Souss-Massa,77,SALARIE_CDI,6051,3587,25068,60,45,1,0,0.545,CAUTION,CONSOMMATION,0
TECH,Oriental,39,SALARIE_CDI,9922,3443,47439,36,17,3,2,0.323,NANTISSEMENT,AUTO,1
SERVICES,Laâyoune-Sakia El Hamra,53,RETRAITE,13454,5137,68735,48,32,0,1,0.503,AUCUNE,IMMOBILIER,1
COMMERCE,Béni Mellal-Khénifra,19,SALARIE_CDI,8104,3368,14920,120,0,1,0,0.44,HYPOTHEQUE,CONSOMMATION,0
AGRICULTURE,Guelmim-Oued Noun,28,FONCTIONNAIRE,3186,1741,31798,84,5,2,0,0.543,HYPOTHEQUE,CONSOMMATION,0
SERVICES,Casablanca-Settat,21,SALARIE_CDI,7695,1785,34968,36,3,3,0,0.241,CAUTION,CONSOMMATION,1
SERVICES,Laâyoune-Sakia El Hamra,44,FONCTIONNAIRE,8469,2393,13719,48,23,2,0,0.35,CAUTION,CONSOMMATION,1
TECH,Dakhla-Oued Ed-Dahab,76,INDEPENDANT,7941,4909,49721,36,45,0,0,0.588,HYPOTHEQUE,CONSOMMATION,0
SERVICES,Drâa-Tafilalet,22,FONCTIONNAIRE,6484,4013,33693,36,1,4,0,0.622,NANTISSEMENT,IMMOBILIER,1
COMMERCE,Dakhla-Oued Ed-Dahab,79,SALARIE_CDI,14696,8149,18826,60,45,1,2,0.543,NANTISSEMENT,IMMOBILIER,0
TECH,Oriental,72,FONCTIONNAIRE,2785,652,25910,36,45,5,0,0.198,AUCUNE,CONSOMMATION,0
SERVICES,Fès-Meknès,18,FONCTIONNAIRE,8453,3783,52822,60,0,2,0,0.435,HYPOTHEQUE,IMMOBILIER,1
COMMERCE,Béni Mellal-Khénifra,18,SALARIE_CDI,8507,3173,72006,120,0,4,2,0.39,AUCUNE,AUTO,0
COMMERCE,Béni Mellal-Khénifra,74,INDEPENDANT,20799,3960,46060,12,45,3,1,0.205,HYPOTHEQUE,IMMOBILIER,0
INDUSTRIE,Rabat-Salé-Kénitra,54,FONCTIONNAIRE,8051,1512,137898,36,29,1,1,0.257,CAUTION,IMMOBILIER,0
TECH,Marrakech-Safi,28,SALARIE_CDI,9902,5727,79282,24,3,5,0,0.547,CAUTION,CONSOMMATION,1
SERVICES,Fès-Meknès,78,RETRAITE,8572,1674,53420,12,45,1,1,0.207,AUCUNE,IMMOBILIER,0
INDUSTRIE,Oriental,53,SALARIE_CDD,8455,2416,22205,12,29,3,1,0.226,NANTISSEMENT,PROFESSIONNEL,0
TECH,Rabat-Salé-Kénitra,58,SALARIE_CDI,17914,4037,80162,36,33,4,0,0.221,CAUTION,PROFESSIONNEL,1
SERVICES,Guelmim-Oued Noun,60,SALARIE_CDI,4914,2150,21205,12,42,2,4,0.36,CAUTION,IMMOBILIER,1
TECH,Rabat-Salé-Kénitra,30,SALARIE_CDD,6001,3181,61253,84,7,4,0,0.554,CAUTION,IMMOBILIER,1
SERVICES,Dakhla-Oued Ed-Dahab,40,SALARIE_CDI,11377,3215,6563,36,16,4,1,0.373,AUCUNE,PROFESSIONNEL,0
COMMERCE,Drâa-Tafilalet,26,SALARIE_CDI,9096,4921,25703,24,7,1,0,0.592,HYPOTHEQUE,CONSOMMATION,1
SERVICES,Tanger-Tétouan-Al Hoceïma,51,INDEPENDANT,7133,1694,13651,120,26,0,0,0.218,HYPOTHEQUE,CONSOMMATION,0
COMMERCE,Tanger-Tétouan-Al Hoceïma,80,FONCTIONNAIRE,7850,2578,29722,60,45,0,0,0.377,NANTISSEMENT,CONSOMMATION,0
TECH,Drâa-Tafilalet,57,SALARIE_CDI,12225,3318,12364,84,39,0,1,0.197,CAUTION,PROFESSIONNEL,0
TECH,Rabat-Salé-Kénitra,61,INDEPENDANT,10080,3802,37049,84,39,3,2,0.399,AUCUNE,PROFESSIONNEL,1
AGRICULTURE,Drâa-Tafilalet,30,INDEPENDANT,5879,3766,50360,24,9,1,2,0.767,CAUTION,PROFESSIONNEL,0
COMMERCE,Oriental,52,FONCTIONNAIRE,9018,4675,23039,60,27,2,0,0.54,HYPOTHEQUE,IMMOBILIER,0
TECH,Marrakech-Safi,80,RETRAITE,7924,2004,29027,12,45,3,1,0.239,HYPOTHEQUE,PROFESSIONNEL,0
COMMERCE,Laâyoune-Sakia El Hamra,23,SALARIE_CDI,10014,6341,42346,48,0,1,0,0.616,NANTISSEMENT,PROFESSIONNEL,0
AGRICULTURE,Béni Mellal-Khénifra,30,SALARIE_CDI,7013,3441,35138,120,5,3,0,0.504,AUCUNE,PROFESSIONNEL,1
COMMERCE,Rabat-Salé-Kénitra,63,SALARIE_CDI,4704,1774,93297,24,39,2,0,0.374,AUCUNE,CONSOMMATION,0
AGRICULTURE,Béni Mellal-Khénifra,18,SALARIE_CDI,10966,6669,22477,84,0,4,1,0.584,HYPOTHEQUE,CONSOMMATION,0
SERVICES,Tanger-Tétouan-Al Hoceïma,31,SALARIE_CDD,10372,5512,52895,12,12,0,1,0.523,HYPOTHEQUE,IMMOBILIER,1
COMMERCE,Guelmim-Oued Noun,77,SALARIE_CDI,15320,7884,43572,48,45,3,3,0.431,NANTISSEMENT,CONSOMMATION,0
TECH,Souss-Massa,19,FONCTIONNAIRE,4481,1122,11943,12,0,1,1,0.286,CAUTION,CONSOMMATION,1
SERVICES,Dakhla-Oued Ed-Dahab,45,INDEPENDANT,7850,1680,38603,120,22,0,1,0.267,HYPOTHEQUE,IMMOBILIER,0
SERVICES,Dakhla-Oued Ed-Dahab,38,INDEPENDANT,7305,4257,34173,48,11,0,0,0.617,CAUTION,AUTO,1
AGRICULTURE,Casablanca-Settat,43,FONCTIONNAIRE,6780,3323,25728,120,18,4,0,0.472,AUCUNE,CONSOMMATION,1
INDUSTRIE,Tanger-Tétouan-Al Hoceïma,34,FONCTIONNAIRE,4050,2262,125748,120,8,5,4,0.576,HYPOTHEQUE,AUTO,0
SERVICES,Marrakech-Safi,35,INDEPENDANT,5015,2672,89277,12,14,0,1,0.552,CAUTION,PROFESSIONNEL,0
INDUSTRIE,Souss-Massa,65,SALARIE_CDD,9152,5505,21294,48,45,1,0,0.586,CAUTION,IMMOBILIER,0
INDUSTRIE,Rabat-Salé-Kénitra,19,SALARIE_CDD,6471,2186,56654,60,0,4,5,0.395,AUCUNE,IMMOBILIER,1
COMMERCE,Oriental,26,SALARIE_CDI,5587,1816,61127,48,0,4,0,0.366,AUCUNE,PROFESSIONNEL,0
AGRICULTURE,Rabat-Salé-Kénitra,34,SALARIE_CDI,15424,4140,40220,60,10,3,1,0.318,AUCUNE,CONSOMMATION,1
AGRICULTURE,Béni Mellal-Khénifra,70,FONCTIONNAIRE,23580,4780,16837,48,45,0,0,0.218,CAUTION,CONSOMMATION,0
COMMERCE,Souss-Massa,42,SALARIE_CDD,7900,3092,18645,120,23,2,0,0.315,HYPOTHEQUE,CONSOMMATION,0
COMMERCE,Dakhla-Oued Ed-Dahab,20,SALARIE_CDI,4122,1645,52550,60,0,2,0,0.287,NANTISSEMENT,CONSOMMATION,1
INDUSTRIE,Laâyoune-Sakia El Hamra,50,SALARIE_CDI,9685,2007,51782,48,23,4,2,0.182,CAUTION,CONSOMMATION,1
TECH,Béni Mellal-Khénifra,57,INDEPENDANT,3170,1432,29740,84,35,4,0,0.409,CAUTION,PROFESSIONNEL,0
SERVICES,Souss-Massa,46,SALARIE_CDI,4414,1464,91221,60,21,0,0,0.328,CAUTION,CONSOMMATION,1
SERVICES,Drâa-Tafilalet,23,SALARIE_CDD,9761,3691,103300,24,5,5,0,0.32,AUCUNE,IMMOBILIER,1
AGRICULTURE,Drâa-Tafilalet,73,SALARIE_CDI,4347,1761,102450,36,45,2,2,0.347,AUCUNE,IMMOBILIER,1
TECH,Rabat-Salé-Kénitra,72,SALARIE_CDI,7092,2165,102756,12,45,3,0,0.202,HYPOTHEQUE,IMMOBILIER,0
INDUSTRIE,Tanger-Tétouan-Al Hoceïma,75,INDEPENDANT,4156,2047,35915,36,45,5,0,0.422,AUCUNE,PROFESSIONNEL,1
COMMERCE,Dakhla-Oued Ed-Dahab,78,SALARIE_CDI,8311,3365,14266,48,45,3,0,0.382,HYPOTHEQUE,CONSOMMATION,0
COMMERCE,Fès-Meknès,37,SALARIE_CDI,13433,4980,28979,48,15,0,0,0.34,AUCUNE,AUTO,0
INDUSTRIE,Casablanca-Settat,44,RETRAITE,6150,2182,33511,84,19,1,1,0.406,NANTISSEMENT,CONSOMMATION,0
INDUSTRIE,Laâyoune-Sakia El Hamra,78,SALARIE_CDD,8033,1300,23369,24,45,5,3,0.145,HYPOTHEQUE,PROFESSIONNEL,1
SERVICES,Dakhla-Oued Ed-Dahab,46,FONCTIONNAIRE,5613,3006,27818,36,25,0,0,0.454,CAUTION,IMMOBILIER,0
COMMERCE,Béni Mellal-Khénifra,72,FONCTIONNAIRE,5793,3668,16174,84,45,3,1,0.618,HYPOTHEQUE,CONSOMMATION,1
INDUSTRIE,Béni Mellal-Khénifra,58,SALARIE_CDI,5574,1201,59881,84,40,2,0,0.238,NANTISSEMENT,PROFESSIONNEL,0
COMMERCE,Tanger-Tétouan-Al Hoceïma,76,SALARIE_CDD,11541,3401,113529,48,45,5,0,0.175,CAUTION,CONSOMMATION,0
SERVICES,Tanger-Tétouan-Al Hoceïma,18,SALARIE_CDD,4289,2460,192413,84,0,5,0,0.633,CAUTION,CONSOMMATION,1
AGRICULTURE,Laâyoune-Sakia El Hamra,62,SALARIE_CDI,6979,3520,43207,84,43,0,3,0.525,AUCUNE,PROFESSIONNEL,0
COMMERCE,Laâyoune-Sakia El Hamra,68,SALARIE_CDI,9744,2984,32205,36,45,5,2,0.375,AUCUNE,CONSOMMATION,1
AGRICULTURE,Souss-Massa,30,FONCTIONNAIRE,12203,5794,35388,84,7,4,0,0.498,HYPOTHEQUE,AUTO,1
SERVICES,Fès-Meknès,64,SALARIE_CDI,9880,6013,94168,24,40,5,1,0.586,HYPOTHEQUE,AUTO,0
COMMERCE,Marrakech-Safi,30,SALARIE_CDI,7843,2038,93060,48,5,3,0,0.256,CAUTION,CONSOMMATION,0
TECH,Casablanca-Settat,75,FONCTIONNAIRE,6273,3073,30687,24,45,5,2,0.465,HYPOTHEQUE,IMMOBILIER,1
INDUSTRIE,Souss-Massa,75,SALARIE_CDD,12288,6832,84323,60,45,1,5,0.597,CAUTION,PROFESSIONNEL,1
SERVICES,Oriental,18,FONCTIONNAIRE,5485,1084,40665,36,0,0,4,0.158,AUCUNE,PROFESSIONNEL,1
SERVICES,Drâa-Tafilalet,49,SALARIE_CDI,5522,3408,21701,84,30,2,1,0.633,NANTISSEMENT,PROFESSIONNEL,1
SERVICES,Guelmim-Oued Noun,42,INDEPENDANT,14893,9378,32590,120,19,1,0,0.686,NANTISSEMENT,CONSOMMATION,0
INDUSTRIE,Tanger-Tétouan-Al Hoceïma,74,INDEPENDANT,9529,4922,119630,36,45,5,0,0.527,CAUTION,PROFESSIONNEL,0
INDUSTRIE,Marrakech-Safi,38,FONCTIONNAIRE,9682,3948,60185,12,17,3,0,0.411,NANTISSEMENT,CONSOMMATION,0
SERVICES,Laâyoune-Sakia El Hamra,63,INDEPENDANT,10608,4795,25470,84,39,2,0,0.472,CAUTION,PROFESSIONNEL,1
COMMERCE,Guelmim-Oued Noun,25,SALARIE_CDD,7764,3682,69992,120,0,0,0,0.439,AUCUNE,PROFESSIONNEL,0
SERVICES,Oriental,31,SALARIE_CDI,4243,963,59859,120,11,0,1,0.118,NANTISSEMENT,IMMOBILIER,1
INDUSTRIE,Casablanca-Settat,80,SALARIE_CDD,9073,2699,29232,24,45,3,0,0.247,AUCUNE,PROFESSIONNEL,0
COMMERCE,Souss-Massa,42,SALARIE_CDD,8037,1611,21534,12,23,0,1,0.161,AUCUNE,IMMOBILIER,0
SERVICES,Béni Mellal-Khénifra,66,INDEPENDANT,5505,1845,16682,12,44,4,2,0.351,NANTISSEMENT,PROFESSIONNEL,1
SERVICES,Laâyoune-Sakia El Hamra,78,SALARIE_CDI,4964,2594,11487,48,45,0,0,0.477,AUCUNE,IMMOBILIER,0
SERVICES,Oriental,78,SALARIE_CDI,7935,4704,22972,24,45,2,3,0.554,CAUTION,CONSOMMATION,1
SERVICES,Souss-Massa,19,INDEPENDANT,4398,1476,32068,24,0,1,2,0.373,NANTISSEMENT,IMMOBILIER,1
COMMERCE,Tanger-Tétouan-Al Hoceïma,32,SALARIE_CDI,7597,3480,87738,24,11,1,0,0.477,NANTISSEMENT,CONSOMMATION,0
SERVICES,Tanger-Tétouan-Al Hoceïma,63,FONCTIONNAIRE,7195,3219,64666,36,38,3,2,0.507,CAUTION,CONSOMMATION,1
SERVICES,Casablanca-Settat,76,SALARIE_CDI,7680,2967,41671,12,45,2,2,0.381,NANTISSEMENT,AUTO,1
AGRICULTURE,Rabat-Salé-Kénitra,79,RETRAITE,9713,4828,9782,84,45,2,0,0.42,HYPOTHEQUE,AUTO,1
AGRICULTURE,Guelmim-Oued Noun,63,SALARIE_CDI,10720,2416,44654,120,41,1,0,0.332,NANTISSEMENT,IMMOBILIER,0
SERVICES,Tanger-Tétouan-Al Hoceïma,24,INDEPENDANT,5883,1103,11478,24,1,5,0,0.218,AUCUNE,CONSOMMATION,1
INDUSTRIE,Laâyoune-Sakia El Hamra,64,FONCTIONNAIRE,11985,3883,66919,60,41,1,0,0.294,AUCUNE,AUTO,0
COMMERCE,Tanger-Tétouan-Al Hoceïma,35,RETRAITE,7341,4659,68257,12,9,4,4,0.678,AUCUNE,CONSOMMATION,1
TECH,Dakhla-Oued Ed-Dahab,68,RETRAITE,17836,11175,37633,12,41,5,3,0.636,CAUTION,AUTO,1
TECH,Marrakech-Safi,52,INDEPENDANT,6226,2905,64331,24,25,2,1,0.527,AUCUNE,IMMOBILIER,0
SERVICES,Marrakech-Safi,29,SALARIE_CDI,3924,1724,73861,84,4,1,0,0.451,AUCUNE,CONSOMMATION,1
SERVICES,Béni Mellal-Khénifra,71,SALARIE_CDD,11792,5502,39210,84,45,1,0,0.445,HYPOTHEQUE,PROFESSIONNEL,0
INDUSTRIE,Guelmim-Oued Noun,80,INDEPENDANT,9814,3579,32813,60,45,1,1,0.378,HYPOTHEQUE,AUTO,0
TECH,Rabat-Salé-Kénitra,49,FONCTIONNAIRE,13915,4094,14327,12,22,2,0,0.343,AUCUNE,PROFESSIONNEL,0
AGRICULTURE,Oriental,69,INDEPENDANT,9315,1423,28324,24,45,3,1,0.113,AUCUNE,PROFESSIONNEL,0
SERVICES,Marrakech-Safi,21,INDEPENDANT,23225,3707,18077,60,0,3,0,0.162,AUCUNE,CONSOMMATION,0
COMMERCE,Drâa-Tafilalet,35,SALARIE_CDI,7443,4734,17950,36,11,1,5,0.576,AUCUNE,CONSOMMATION,1
SERVICES,Oriental,26,SALARIE_CDI,12976,6777,21741,84,3,0,0,0.546,HYPOTHEQUE,PROFESSIONNEL,0
COMMERCE,Béni Mellal-Khénifra,35,SALARIE_CDI,6397,3167,9200,48,13,4,0,0.498,HYPOTHEQUE,IMMOBILIER,0
AGRICULTURE,Fès-Meknès,41,FONCTIONNAIRE,10110,5785,72081,48,20,5,0,0.604,CAUTION,PROFESSIONNEL,1
INDUSTRIE,Fès-Meknès,45,SALARIE_CDD,10994,4985,42332,60,24,0,0,0.504,HYPOTHEQUE,PROFESSIONNEL,0
SERVICES,Béni Mellal-Khénifra,38,SALARIE_CDI,11786,5702,81848,120,11,3,0,0.45,HYPOTHEQUE,CONSOMMATION,0
COMMERCE,Tanger-Tétouan-Al Hoceïma,52,INDEPENDANT,11491,6263,63664,48,33,2,1,0.554,AUCUNE,CONSOMMATION,1
INDUSTRIE,Drâa-Tafilalet,31,SALARIE_CDI,2500,531,51493,84,12,5,2,0.224,AUCUNE,PROFESSIONNEL,1
TECH,Rabat-Salé-Kénitra,39,SALARIE_CDD,7856,1915,63320,48,17,4,2,0.211,AUCUNE,AUTO,0
INDUSTRIE,Fès-Meknès,70,SALARIE_CDD,6255,2677,40359,12,45,3,1,0.378,NANTISSEMENT,AUTO,1
TECH,Rabat-Salé-Kénitra,53,FONCTIONNAIRE,6836,1357,90540,48,34,2,5,0.275,HYPOTHEQUE,CONSOMMATION,1
SERVICES,Rabat-Salé-Kénitra,19,SALARIE_CDI,7133,3422,25417,84,0,2,0,0.459,NANTISSEMENT,IMMOBILIER,1
SERVICES,Fès-Meknès,38,INDEPENDANT,12580,7122,35807,84,17,2,2,0.545,HYPOTHEQUE,CONSOMMATION,0
INDUSTRIE,Souss-Massa,70,INDEPENDANT,8876,5049,29869,48,45,2,0,0.556,AUCUNE,IMMOBILIER,0
SERVICES,Rabat-Salé-Kénitra,29,FONCTIONNAIRE,6449,2010,149035,120,3,0,1,0.337,NANTISSEMENT,IMMOBILIER,1
INDUSTRIE,Rabat-Salé-Kénitra,76,RETRAITE,4185,1052,23335,120,45,0,2,0.228,AUCUNE,CONSOMMATION,0
COMMERCE,Laâyoune-Sakia El Hamra,36,SALARIE_CDI,16153,10166,89449,120,10,4,1,0.59,NANTISSEMENT,AUTO,1
SERVICES,Oriental,57,SALARIE_CDI,6055,3671,13984,120,36,0,0,0.614,HYPOTHEQUE,CONSOMMATION,0
SERVICES,Drâa-Tafilalet,47,SALARIE_CDI,7640,2344,38956,36,23,2,0,0.342,CAUTION,PROFESSIONNEL,1
SERVICES,Drâa-Tafilalet,57,INDEPENDANT,21216,12668,31981,24,32,0,3,0.62,CAUTION,AUTO,0
SERVICES,Rabat-Salé-Kénitra,68,SALARIE_CDI,6130,3620,17772,48,45,2,3,0.559,AUCUNE,AUTO,1
TECH,Béni Mellal-Khénifra,27,RETRAITE,7158,2284,22808,24,8,2,1,0.264,AUCUNE,PROFESSIONNEL,1
AGRICULTURE,Laâyoune-Sakia El Hamra,40,FONCTIONNAIRE,8996,2983,51645,24,15,0,0,0.283,CAUTION,PROFESSIONNEL,0
SERVICES,Souss-Massa,53,INDEPENDANT,3934,2423,28695,60,27,1,0,0.632,CAUTION,CONSOMMATION,0
TECH,Laâyoune-Sakia El Hamra,34,SALARIE_CDD,3734,1945,18479,12,11,0,0,0.547,AUCUNE,CONSOMMATION,1
TECH,Dakhla-Oued Ed-Dahab,41,INDEPENDANT,6524,2993,68080,12,14,2,0,0.435,CAUTION,AUTO,1
AGRICULTURE,Oriental,73,SALARIE_CDD,6627,4151,35781,24,45,0,0,0.599,HYPOTHEQUE,CONSOMMATION,0
INDUSTRIE,Rabat-Salé-Kénitra,32,FONCTIONNAIRE,8608,5014,45791,36,9,2,0,0.522,CAUTION,IMMOBILIER,0
INDUSTRIE,Béni Mellal-Khénifra,29,INDEPENDANT,5218,978,78059,60,4,0,1,0.184,HYPOTHEQUE,CONSOMMATION,0
INDUSTRIE,Laâyoune-Sakia El Hamra,54,SALARIE_CDI,9851,3934,107159,120,29,2,0,0.434,AUCUNE,CONSOMMATION,1
TECH,Oriental,24,INDEPENDANT,3070,1835,7330,60,0,1,0,0.564,AUCUNE,CONSOMMATION,1
TECH,Guelmim-Oued Noun,18,INDEPENDANT,7851,1614,33685,48,0,3,0,0.258,CAUTION,PROFESSIONNEL,1
COMMERCE,Oriental,72,INDEPENDANT,9529,1773,11228,36,45,2,1,0.134,NANTISSEMENT,PROFESSIONNEL,0
SERVICES,Souss-Massa,35,SALARIE_CDI,9394,5444,244811,36,13,5,0,0.54,CAUTION,IMMOBILIER,1
TECH,Dakhla-Oued Ed-Dahab,25,SALARIE_CDI,7531,4057,40357,60,2,5,1,0.531,HYPOTHEQUE,IMMOBILIER,1
TECH,Rabat-Salé-Kénitra,59,SALARIE_CDI,6020,1406,71769,24,39,3,0,0.241,CAUTION,CONSOMMATION,0
INDUSTRIE,Souss-Massa,48,FONCTIONNAIRE,7433,1788,23413,12,27,0,0,0.228,HYPOTHEQUE,PROFESSIONNEL,0
COMMERCE,Rabat-Salé-Kénitra,46,SALARIE_CDI,14119,7996,28317,84,22,4,2,0.579,HYPOTHEQUE,CONSOMMATION,0
INDUSTRIE,Béni Mellal-Khénifra,45,RETRAITE,6187,1575,78398,120,19,4,0,0.266,AUCUNE,CONSOMMATION,0
COMMERCE,Dakhla-Oued Ed-Dahab,27,RETRAITE,12584,2794,52082,120,7,4,1,0.281,CAUTION,IMMOBILIER,1
COMMERCE,Dakhla-Oued Ed-Dahab,72,SALARIE_CDI,13518,8162,117525,60,45,5,0,0.607,HYPOTHEQUE,CONSOMMATION,0
TECH,Marrakech-Safi,18,INDEPENDANT,3710,2050,20250,120,0,2,0,0.536,NANTISSEMENT,IMMOBILIER,1
AGRICULTURE,Drâa-Tafilalet,48,SALARIE_CDI,7649,2692,31175,84,24,2,0,0.372,HYPOTHEQUE,CONSOMMATION,0
INDUSTRIE,Laâyoune-Sakia El Hamra,35,SALARIE_CDI,5219,2417,52010,12,16,1,0,0.374,HYPOTHEQUE,PROFESSIONNEL,0
INDUSTRIE,Laâyoune-Sakia El Hamra,58,SALARIE_CDI,4122,1505,57871,36,33,0,0,0.296,AUCUNE,CONSOMMATION,0
INDUSTRIE,Oriental,52,INDEPENDANT,11573,3324,48703,12,29,0,5,0.332,CAUTION,IMMOBILIER,0
SERVICES,Marrakech-Safi,42,INDEPENDANT,10027,6451,14383,24,18,4,0,0.616,NANTISSEMENT,AUTO,1
INDUSTRIE,Souss-Massa,51,SALARIE_CDI,9123,3857,18773,120,32,0,1,0.383,NANTISSEMENT,PROFESSIONNEL,1
SERVICES,Guelmim-Oued Noun,32,SALARIE_CDI,4972,2331,46126,84,9,5,0,0.491,HYPOTHEQUE,CONSOMMATION,0
INDUSTRIE,Béni Mellal-Khénifra,26,SALARIE_CDD,8908,3155,12329,120,0,1,1,0.348,HYPOTHEQUE,CONSOMMATION,1
SERVICES,Tanger-Tétouan-Al Hoceïma,75,FONCTIONNAIRE,4493,1799,19531,48,45,3,3,0.448,AUCUNE,PROFESSIONNEL,1
INDUSTRIE,Marrakech-Safi,56,SALARIE_CDI,8390,2465,37277,24,34,5,0,0.273,NANTISSEMENT,CONSOMMATION,1
TECH,Béni Mellal-Khénifra,59,INDEPENDANT,6017,2194,21094,36,36,1,3,0.428,AUCUNE,PROFESSIONNEL,0
SERVICES,Souss-Massa,80,RETRAITE,13002,6032,42638,24,45,0,3,0.446,CAUTION,CONSOMMATION,0
COMMERCE,Souss-Massa,74,SALARIE_CDD,6881,3826,34108,120,45,2,3,0.602,HYPOTHEQUE,CONSOMMATION,0
AGRICULTURE,Dakhla-Oued Ed-Dahab,54,INDEPENDANT,8992,4956,20916,60,32,4,0,0.555,CAUTION,AUTO,1
COMMERCE,Casablanca-Settat,67,FONCTIONNAIRE,9000,1401,21266,12,45,1,1,0.115,CAUTION,PROFESSIONNEL,1
SERVICES,Marrakech-Safi,51,FONCTIONNAIRE,7831,3269,88834,36,26,2,0,0.414,HYPOTHEQUE,CONSOMMATION,1
INDUSTRIE,Dakhla-Oued Ed-Dahab,32,INDEPENDANT,8496,2860,47519,48,14,3,0,0.342,HYPOTHEQUE,PROFESSIONNEL,1
COMMERCE,Dakhla-Oued Ed-Dahab,57,SALARIE_CDD,9290,4213,43180,84,31,3,0,0.449,CAUTION,IMMOBILIER,1
COMMERCE,Fès-Meknès,75,FONCTIONNAIRE,5413,3198,37737,120,45,5,0,0.552,NANTISSEMENT,CONSOMMATION,1
SERVICES,Dakhla-Oued Ed-Dahab,73,SALARIE_CDI,9714,5221,19241,24,45,0,1,0.609,HYPOTHEQUE,PROFESSIONNEL,0
INDUSTRIE,Marrakech-Safi,49,INDEPENDANT,11953,3770,24464,60,30,5,0,0.328,HYPOTHEQUE,PROFESSIONNEL,0
COMMERCE,Casablanca-Settat,77,SALARIE_CDI,9690,5035,6765,84,45,4,0,0.409,AUCUNE,AUTO,0
SERVICES,Fès-Meknès,30,SALARIE_CDI,6909,1387,23259,84,8,5,0,0.211,CAUTION,CONSOMMATION,0
COMMERCE,Oriental,20,SALARIE_CDD,8765,1876,23535,24,0,0,2,0.239,NANTISSEMENT,CONSOMMATION,0
SERVICES,Casablanca-Settat,43,SALARIE_CDD,6880,1808,53318,36,17,4,2,0.163,HYPOTHEQUE,CONSOMMATION,1
INDUSTRIE,Marrakech-Safi,30,SALARIE_CDI,7681,2687,23809,12,3,3,0,0.314,AUCUNE,IMMOBILIER,1
TECH,Guelmim-Oued Noun,78,SALARIE_CDI,4748,1925,62952,60,45,4,0,0.452,HYPOTHEQUE,AUTO,0
SERVICES,Béni Mellal-Khénifra,25,INDEPENDANT,15079,5261,30278,36,6,0,0,0.357,HYPOTHEQUE,PROFESSIONNEL,0
COMMERCE,Béni Mellal-Khénifra,51,FONCTIONNAIRE,19360,8981,40295,36,29,2,0,0.472,AUCUNE,PROFESSIONNEL,1
INDUSTRIE,Dakhla-Oued Ed-Dahab,66,SALARIE_CDD,5903,1252,35531,12,41,5,0,0.152,HYPOTHEQUE,AUTO,0
INDUSTRIE,Marrakech-Safi,24,INDEPENDANT,11542,4741,59270,120,0,4,2,0.368,CAUTION,PROFESSIONNEL,0
AGRICULTURE,Laâyoune-Sakia El Hamra,20,INDEPENDANT,15616,4469,84486,60,2,3,2,0.218,AUCUNE,IMMOBILIER,0
INDUSTRIE,Tanger-Tétouan-Al Hoceïma,52,SALARIE_CDI,5266,1750,18198,24,26,3,0,0.238,HYPOTHEQUE,CONSOMMATION,0
SERVICES,Dakhla-Oued Ed-Dahab,74,FONCTIONNAIRE,3068,1241,124443,12,45,3,0,0.277,CAUTION,CONSOMMATION,0
AGRICULTURE,Guelmim-Oued Noun,19,SALARIE_CDI,16035,3469,19936,36,0,5,0,0.321,NANTISSEMENT,IMMOBILIER,0
TECH,Marrakech-Safi,19,FONCTIONNAIRE,8066,2776,31921,24,0,1,0,0.308,AUCUNE,AUTO,0
COMMERCE,Marrakech-Safi,76,INDEPENDANT,6414,3402,25078,24,45,5,1,0.545,CAUTION,IMMOBILIER,0
SERVICES,Oriental,55,SALARIE_CDI,8278,2391,104342,84,28,3,1,0.345,AUCUNE,IMMOBILIER,0
SERVICES,Oriental,62,FONCTIONNAIRE,6863,3653,17281,12,44,5,0,0.54,HYPOTHEQUE,IMMOBILIER,0
COMMERCE,Marrakech-Safi,35,SALARIE_CDI,30692,8147,60011,48,16,0,0,0.261,CAUTION,PROFESSIONNEL,0
SERVICES,Fès-Meknès,37,FONCTIONNAIRE,6382,3364,7740,84,13,3,0,0.545,NANTISSEMENT,PROFESSIONNEL,0
SERVICES,Laâyoune-Sakia El Hamra,47,SALARIE_CDI,9389,2321,64196,60,29,2,3,0.35,CAUTION,IMMOBILIER,1
TECH,Guelmim-Oued Noun,31,INDEPENDANT,14494,9068,31764,12,10,2,0,0.628,AUCUNE,IMMOBILIER,0
INDUSTRIE,Marrakech-Safi,45,FONCTIONNAIRE,14463,3281,27941,24,23,1,0,0.154,AUCUNE,CONSOMMATION,0
SERVICES,Drâa-Tafilalet,78,SALARIE_CDI,13269,8624,22377,24,45,2,0,0.595,AUCUNE,CONSOMMATION,0
SERVICES,Rabat-Salé-Kénitra,65,INDEPENDANT,6691,1770,34661,120,45,5,0,0.217,HYPOTHEQUE,CONSOMMATION,0
INDUSTRIE,Souss-Massa,72,SALARIE_CDI,7567,3822,28326,60,45,0,1,0.495,HYPOTHEQUE,AUTO,0
COMMERCE,Casablanca-Settat,49,FONCTIONNAIRE,3046,922,12789,120,31,1,0,0.242,NANTISSEMENT,PROFESSIONNEL,0
TECH,Béni Mellal-Khénifra,67,FONCTIONNAIRE,7836,1497,20965,12,42,3,0,0.161,AUCUNE,CONSOMMATION,0
SERVICES,Marrakech-Safi,44,SALARIE_CDI,8224,1336,63506,36,26,3,3,0.154,CAUTION,IMMOBILIER,0
SERVICES,Marrakech-Safi,56,SALARIE_CDI,11314,2530,27395,36,31,5,0,0.273,HYPOTHEQUE,CONSOMMATION,0
COMMERCE,Marrakech-Safi,64,SALARIE_CDI,18178,6436,20881,84,45,0,0,0.309,CAUTION,PROFESSIONNEL,1
INDUSTRIE,Marrakech-Safi,69,INDEPENDANT,11160,4912,37517,12,42,1,0,0.469,AUCUNE,IMMOBILIER,1
COMMERCE,Casablanca-Settat,76,INDEPENDANT,13119,5107,51125,84,45,4,2,0.401,HYPOTHEQUE,PROFESSIONNEL,1
AGRICULTURE,Oriental,24,SALARIE_CDI,8040,3740,57245,48,2,0,3,0.499,HYPOTHEQUE,PROFESSIONNEL,1
COMMERCE,Laâyoune-Sakia El Hamra,68,SALARIE_CDI,14443,2858,46006,120,45,0,2,0.078,CAUTION,IMMOBILIER,0
INDUSTRIE,Fès-Meknès,62,INDEPENDANT,8144,3976,84649,36,40,1,0,0.398,CAUTION,CONSOMMATION,0
AGRICULTURE,Guelmim-Oued Noun,64,SALARIE_CDI,13538,7346,37587,120,41,5,0,0.466,NANTISSEMENT,CONSOMMATION,0
SERVICES,Oriental,18,SALARIE_CDI,11638,3088,30783,120,0,2,0,0.332,AUCUNE,AUTO,0
AGRICULTURE,Fès-Meknès,48,FONCTIONNAIRE,9669,5279,66931,48,29,1,5,0.506,NANTISSEMENT,CONSOMMATION,0
COMMERCE,Casablanca-Settat,78,SALARIE_CDI,4051,1114,22115,120,45,5,4,0.216,AUCUNE,PROFESSIONNEL,1
COMMERCE,Guelmim-Oued Noun,74,RETRAITE,13253,4931,27367,36,45,3,2,0.366,HYPOTHEQUE,AUTO,0
AGRICULTURE,Casablanca-Settat,32,SALARIE_CDI,9606,5311,11907,60,14,1,3,0.655,AUCUNE,IMMOBILIER,1
COMMERCE,Souss-Massa,48,INDEPENDANT,11116,5487,129278,120,24,5,1,0.459,HYPOTHEQUE,CONSOMMATION,1
INDUSTRIE,Casablanca-Settat,72,SALARIE_CDD,9331,3750,156338,24,45,5,1,0.368,CAUTION,PROFESSIONNEL,0
SERVICES,Guelmim-Oued Noun,76,SALARIE_CDI,10084,3376,32128,36,45,4,1,0.382,HYPOTHEQUE,CONSOMMATION,1
COMMERCE,Dakhla-Oued Ed-Dahab,38,SALARIE_CDD,14549,6283,61971,12,15,2,0,0.443,CAUTION,CONSOMMATION,1
COMMERCE,Fès-Meknès,68,RETRAITE,6547,2684,59260,48,45,2,1,0.409,CAUTION,IMMOBILIER,0
SERVICES,Fès-Meknès,70,FONCTIONNAIRE,10001,6358,41464,24,45,1,0,0.612,HYPOTHEQUE,CONSOMMATION,0
COMMERCE,Oriental,27,SALARIE_CDI,5711,3216,85037,12,0,5,3,0.577,NANTISSEMENT,CONSOMMATION,1
COMMERCE,Oriental,20,RETRAITE,10504,2187,14982,120,0,0,0,0.073,CAUTION,PROFESSIONNEL,0
INDUSTRIE,Tanger-Tétouan-Al Hoceïma,20,SALARIE_CDI,9073,3232,31908,36,0,1,1,0.369,NANTISSEMENT,PROFESSIONNEL,1
SERVICES,Tanger-Tétouan-Al Hoceïma,27,SALARIE_CDI,6100,2706,8427,84,8,1,0,0.38,HYPOTHEQUE,AUTO,0
INDUSTRIE,Marrakech-Safi,64,SALARIE_CDI,8452,4249,17895,24,37,3,1,0.575,NANTISSEMENT,PROFESSIONNEL,0
SERVICES,Fès-Meknès,42,INDEPENDANT,6273,1497,11638,24,15,0,2,0.29,AUCUNE,CONSOMMATION,1
SERVICES,Béni Mellal-Khénifra,61,SALARIE_CDI,6836,3865,10032,12,41,4,2,0.603,NANTISSEMENT,CONSOMMATION,1
INDUSTRIE,Drâa-Tafilalet,23,SALARIE_CDI,9506,4420,25674,60,4,0,3,0.563,HYPOTHEQUE,PROFESSIONNEL,1
SERVICES,Guelmim-Oued Noun,55,RETRAITE,9143,1680,46883,36,36,2,0,0.316,AUCUNE,IMMOBILIER,0
SERVICES,Oriental,64,FONCTIONNAIRE,3414,613,22796,120,39,1,1,0.179,CAUTION,CONSOMMATION,1
COMMERCE,Guelmim-Oued Noun,79,SALARIE_CDI,9573,4720,24796,48,45,4,0,0.494,CAUTION,IMMOBILIER,0
INDUSTRIE,Béni Mellal-Khénifra,38,FONCTIONNAIRE,7069,3731,21714,24,20,3,4,0.563,HYPOTHEQUE,CONSOMMATION,1
AGRICULTURE,Tanger-Tétouan-Al Hoceïma,52,SALARIE_CDI,6725,2053,40066,84,28,2,1,0.335,HYPOTHEQUE,CONSOMMATION,0
AGRICULTURE,Tanger-Tétouan-Al Hoceïma,48,SALARIE_CDD,4879,1127,23786,120,25,5,0,0.111,CAUTION,CONSOMMATION,1
COMMERCE,Oriental,39,SALARIE_CDI,7939,2063,17951,60,14,5,3,0.245,AUCUNE,CONSOMMATION,1
AGRICULTURE,Fès-Meknès,58,FONCTIONNAIRE,6404,2217,69747,60,33,3,1,0.3,CAUTION,IMMOBILIER,0
TECH,Guelmim-Oued Noun,53,INDEPENDANT,14373,6697,19720,84,30,1,1,0.485,CAUTION,AUTO,0
INDUSTRIE,Marrakech-Safi,70,SALARIE_CDI,3688,899,14909,12,45,0,0,0.265,CAUTION,IMMOBILIER,0
TECH,Casablanca-Settat,19,SALARIE_CDI,5251,2865,60958,24,0,5,0,0.545,HYPOTHEQUE,AUTO,1
SERVICES,Souss-Massa,31,SALARIE_CDD,5094,1398,11174,84,11,4,1,0.238,AUCUNE,IMMOBILIER,0
COMMERCE,Casablanca-Settat,54,INDEPENDANT,9103,5050,85866,84,36,3,0,0.526,AUCUNE,IMMOBILIER,0
COMMERCE,Marrakech-Safi,54,INDEPENDANT,13738,8408,17708,24,29,0,1,0.703,HYPOTHEQUE,PROFESSIONNEL,0
SERVICES,Tanger-Tétouan-Al Hoceïma,74,INDEPENDANT,10162,2358,38412,12,45,2,1,0.11,HYPOTHEQUE,CONSOMMATION,1
SERVICES,Casablanca-Settat,60,RETRAITE,4951,3014,18102,48,35,5,0,0.76,AUCUNE,PROFESSIONNEL,1
AGRICULTURE,Marrakech-Safi,18,INDEPENDANT,6680,3358,36646,24,0,1,0,0.595,HYPOTHEQUE,CONSOMMATION,1
INDUSTRIE,Oriental,48,RETRAITE,5630,3342,25218,24,21,1,2,0.584,HYPOTHEQUE,PROFESSIONNEL,1
SERVICES,Tanger-Tétouan-Al Hoceïma,71,FONCTIONNAIRE,10183,3293,18256,48,45,0,1,0.355,AUCUNE,IMMOBILIER,0
SERVICES,Laâyoune-Sakia El Hamra,73,SALARIE_CDI,6619,3851,11819,24,45,1,0,0.575,CAUTION,PROFESSIONNEL,0
COMMERCE,Rabat-Salé-Kénitra,68,FONCTIONNAIRE,4291,1667,24871,120,45,1,0,0.379,AUCUNE,AUTO,0
TECH,Drâa-Tafilalet,48,SALARIE_CDI,10542,2581,50642,84,26,4,0,0.221,NANTISSEMENT,PROFESSIONNEL,1
TECH,Béni Mellal-Khénifra,24,SALARIE_CDI,14306,9274,58224,12,0,2,0,0.614,AUCUNE,CONSOMMATION,1
INDUSTRIE,Béni Mellal-Khénifra,31,SALARIE_CDI,7477,4666,21960,120,5,4,0,0.659,CAUTION,AUTO,1
SERVICES,Drâa-Tafilalet,71,SALARIE_CDD,8554,1817,21997,24,45,3,0,0.168,HYPOTHEQUE,CONSOMMATION,0
SERVICES,Casablanca-Settat,39,INDEPENDANT,4114,1555,32144,24,17,1,0,0.38,CAUTION,IMMOBILIER,1
COMMERCE,Guelmim-Oued Noun,66,SALARIE_CDD,3208,2063,36351,24,45,4,0,0.622,CAUTION,CONSOMMATION,0
TECH,Fès-Meknès,20,SALARIE_CDI,3526,1496,36233,36,0,5,5,0.521,HYPOTHEQUE,IMMOBILIER,1
TECH,Béni Mellal-Khénifra,48,INDEPENDANT,7942,3165,26803,36,30,0,1,0.452,CAUTION,IMMOBILIER,1
INDUSTRIE,Fès-Meknès,77,FONCTIONNAIRE,7055,1747,28117,120,45,4,0,0.21,AUCUNE,PROFESSIONNEL,1
COMMERCE,Tanger-Tétouan-Al Hoceïma,33,SALARIE_CDI,10361,3727,29701,36,6,5,0,0.424,NANTISSEMENT,CONSOMMATION,0
INDUSTRIE,Drâa-Tafilalet,19,SALARIE_CDI,7413,2959,6697,60,0,3,0,0.418,CAUTION,AUTO,0
COMMERCE,Dakhla-Oued Ed-Dahab,36,SALARIE_CDI,12638,6408,27339,12,11,1,0,0.562,NANTISSEMENT,CONSOMMATION,0
COMMERCE,Laâyoune-Sakia El Hamra,21,INDEPENDANT,11998,4499,62786,84,3,0,3,0.422,NANTISSEMENT,IMMOBILIER,0
COMMERCE,Drâa-Tafilalet,56,SALARIE_CDI,7009,3277,96305,48,37,4,0,0.395,AUCUNE,AUTO,1
COMMERCE,Oriental,30,RETRAITE,5159,1036,82743,60,6,0,3,0.229,NANTISSEMENT,IMMOBILIER,0
AGRICULTURE,Oriental,33,SALARIE_CDI,3421,1820,38679,48,9,4,0,0.528,HYPOTHEQUE,CONSOMMATION,0
INDUSTRIE,Dakhla-Oued Ed-Dahab,55,INDEPENDANT,15446,2342,15800,84,36,4,0,0.248,HYPOTHEQUE,IMMOBILIER,1
SERVICES,Marrakech-Safi,38,SALARIE_CDI,5302,2498,24751,60,16,2,2,0.424,AUCUNE,CONSOMMATION,1
SERVICES,Dakhla-Oued Ed-Dahab,58,SALARIE_CDD,4132,2327,21305,36,31,3,1,0.599,AUCUNE,CONSOMMATION,1
COMMERCE,Béni Mellal-Khénifra,76,SALARIE_CDD,8591,4582,13544,84,45,2,1,0.472,AUCUNE,CONSOMMATION,0
COMMERCE,Béni Mellal-Khénifra,76,SALARIE_CDI,4149,928,18780,12,45,4,0,0.332,AUCUNE,PROFESSIONNEL,0
COMMERCE,Béni Mellal-Khénifra,63,RETRAITE,8587,4913,21803,120,44,0,0,0.601,HYPOTHEQUE,CONSOMMATION,0
TECH,Guelmim-Oued Noun,79,INDEPENDANT,6965,1321,13680,60,45,3,0,0.163,CAUTION,PROFESSIONNEL,0
SERVICES,Drâa-Tafilalet,64,SALARIE_CDI,12279,2249,69769,12,45,2,0,0.255,CAUTION,PROFESSIONNEL,0
COMMERCE,Rabat-Salé-Kénitra,22,INDEPENDANT,11808,6628,55623,48,3,2,1,0.649,AUCUNE,PROFESSIONNEL,0
COMMERCE,Guelmim-Oued Noun,78,SALARIE_CDI,13313,3212,35086,36,45,5,2,0.261,CAUTION,CONSOMMATION,0
INDUSTRIE,Drâa-Tafilalet,53,RETRAITE,8891,3321,47438,12,26,3,3,0.363,HYPOTHEQUE,IMMOBILIER,0
INDUSTRIE,Laâyoune-Sakia El Hamra,18,SALARIE_CDD,5507,3405,44987,120,0,2,0,0.56,AUCUNE,PROFESSIONNEL,1
SERVICES,Dakhla-Oued Ed-Dahab,57,SALARIE_CDI,5082,1293,21732,120,32,4,0,0.204,HYPOTHEQUE,IMMOBILIER,1
INDUSTRIE,Dakhla-Oued Ed-Dahab,33,SALARIE_CDI,6382,3448,127931,48,6,5,2,0.475,AUCUNE,PROFESSIONNEL,1
TECH,Casablanca-Settat,51,SALARIE_CDI,19879,8791,21204,12,28,4,0,0.499,HYPOTHEQUE,PROFESSIONNEL,0
AGRICULTURE,Béni Mellal-Khénifra,59,RETRAITE,7244,2556,11298,36,41,4,0,0.412,AUCUNE,PROFESSIONNEL,1
COMMERCE,Dakhla-Oued Ed-Dahab,19,SALARIE_CDI,8712,3307,40656,84,0,5,0,0.324,CAUTION,IMMOBILIER,0
INDUSTRIE,Dakhla-Oued Ed-Dahab,45,SALARIE_CDI,16048,5700,53905,48,22,5,0,0.416,CAUTION,CONSOMMATION,0
COMMERCE,Oriental,21,INDEPENDANT,9087,5122,29398,48,2,1,0,0.547,HYPOTHEQUE,PROFESSIONNEL,1
TECH,Laâyoune-Sakia El Hamra,25,SALARIE_CDI,5785,3222,86793,84,1,1,0,0.527,CAUTION,IMMOBILIER,0
INDUSTRIE,Laâyoune-Sakia El Hamra,31,SALARIE_CDI,11255,3790,41210,24,11,2,1,0.359,NANTISSEMENT,CONSOMMATION,0
TECH,Casablanca-Settat,67,FONCTIONNAIRE,6682,3332,20446,120,45,4,1,0.494,CAUTION,IMMOBILIER,1
SERVICES,Laâyoune-Sakia El Hamra,44,SALARIE_CDI,9229,3839,23966,120,25,5,0,0.324,AUCUNE,IMMOBILIER,0
SERVICES,Béni Mellal-Khénifra,20,INDEPENDANT,10203,5347,40297,36,2,0,0,0.505,NANTISSEMENT,CONSOMMATION,0
SERVICES,Oriental,65,FONCTIONNAIRE,6487,1135,38421,120,43,5,0,0.104,AUCUNE,CONSOMMATION,0
SERVICES,Marrakech-Safi,52,SALARIE_CDI,8812,2802,84915,36,34,2,1,0.229,HYPOTHEQUE,PROFESSIONNEL,0
TECH,Dakhla-Oued Ed-Dahab,26,SALARIE_CDD,16648,5292,65144,60,3,3,1,0.285,CAUTION,CONSOMMATION,0
INDUSTRIE,Fès-Meknès,53,SALARIE_CDI,6112,2741,12120,60,28,4,0,0.442,HYPOTHEQUE,PROFESSIONNEL,0
SERVICES,Souss-Massa,33,FONCTIONNAIRE,14656,3720,32270,120,8,1,1,0.184,CAUTION,IMMOBILIER,0
INDUSTRIE,Fès-Meknès,58,FONCTIONNAIRE,6212,2583,15214,12,31,0,1,0.418,CAUTION,CONSOMMATION,0
INDUSTRIE,Dakhla-Oued Ed-Dahab,77,INDEPENDANT,18232,11667,100812,60,45,2,0,0.643,CAUTION,AUTO,0
INDUSTRIE,Souss-Massa,37,SALARIE_CDD,5514,947,18372,84,19,5,5,0.206,HYPOTHEQUE,CONSOMMATION,1
SERVICES,Rabat-Salé-Kénitra,64,INDEPENDANT,6787,2726,41834,12,43,4,4,0.391,NANTISSEMENT,IMMOBILIER,0
COMMERCE,Casablanca-Settat,19,SALARIE_CDI,15974,3501,22282,12,0,2,0,0.254,HYPOTHEQUE,CONSOMMATION,1
SERVICES,Dakhla-Oued Ed-Dahab,43,RETRAITE,16293,7188,9091,12,22,4,1,0.481,HYPOTHEQUE,IMMOBILIER,1
TECH,Marrakech-Safi,74,SALARIE_CDI,11711,3167,15082,48,45,2,0,0.192,HYPOTHEQUE,PROFESSIONNEL,1
SERVICES,Guelmim-Oued Noun,22,INDEPENDANT,4980,2994,30498,48,0,0,2,0.688,AUCUNE,PROFESSIONNEL,1
TECH,Casablanca-Settat,76,SALARIE_CDD,8409,2598,54068,84,45,5,0,0.37,AUCUNE,IMMOBILIER,1
TECH,Laâyoune-Sakia El Hamra,23,SALARIE_CDI,8108,5101,52664,36,3,4,0,0.614,AUCUNE,PROFESSIONNEL,1
SERVICES,Béni Mellal-Khénifra,48,SALARIE_CDD,5513,838,14307,120,28,5,1,0.103,CAUTION,IMMOBILIER,0
SERVICES,Marrakech-Safi,29,INDEPENDANT,11088,6276,45221,12,4,3,0,0.608,AUCUNE,IMMOBILIER,1
AGRICULTURE,Laâyoune-Sakia El Hamra,19,INDEPENDANT,5713,1604,70605,60,0,5,5,0.245,CAUTION,CONSOMMATION,1
COMMERCE,Fès-Meknès,40,INDEPENDANT,4533,1137,51994,48,15,5,2,0.197,NANTISSEMENT,IMMOBILIER,0
COMMERCE,Dakhla-Oued Ed-Dahab,54,SALARIE_CDD,3907,2313,28192,48,35,4,2,0.574,AUCUNE,PROFESSIONNEL,1
SERVICES,Béni Mellal-Khénifra,63,FONCTIONNAIRE,17510,5291,37559,48,36,4,0,0.362,AUCUNE,CONSOMMATION,0
SERVICES,Souss-Massa,37,SALARIE_CDI,6440,2846,40405,60,17,3,0,0.515,CAUTION,CONSOMMATION,1
COMMERCE,Casablanca-Settat,49,FONCTIONNAIRE,6501,3370,96560,84,22,2,2,0.611,NANTISSEMENT,CONSOMMATION,0
AGRICULTURE,Fès-Meknès,29,SALARIE_CDI,5096,1833,119483,84,3,1,0,0.347,CAUTION,AUTO,1
SERVICES,Casablanca-Settat,63,INDEPENDANT,14996,3009,57035,36,40,3,1,0.192,AUCUNE,CONSOMMATION,0
TECH,Laâyoune-Sakia El Hamra,28,INDEPENDANT,4354,2661,37699,12,6,4,1,0.603,HYPOTHEQUE,AUTO,1
COMMERCE,Rabat-Salé-Kénitra,72,SALARIE_CDD,4713,2233,35534,24,45,4,3,0.441,AUCUNE,AUTO,1
SERVICES,Rabat-Salé-Kénitra,29,FONCTIONNAIRE,7011,4180,38209,60,2,3,2,0.562,HYPOTHEQUE,PROFESSIONNEL,1
INDUSTRIE,Rabat-Salé-Kénitra,59,SALARIE_CDI,8025,4284,41930,24,32,4,1,0.512,HYPOTHEQUE,IMMOBILIER,0
SERVICES,Dakhla-Oued Ed-Dahab,38,SALARIE_CDI,10899,5853,25302,84,12,2,1,0.631,CAUTION,IMMOBILIER,0
INDUSTRIE,Dakhla-Oued Ed-Dahab,80,SALARIE_CDI,5979,2660,144018,12,45,0,2,0.402,NANTISSEMENT,CONSOMMATION,0
COMMERCE,Drâa-Tafilalet,35,SALARIE_CDI,16235,2486,20861,120,12,5,0,0.164,AUCUNE,CONSOMMATION,0
INDUSTRIE,Casablanca-Settat,77,SALARIE_CDI,5997,3546,89939,120,45,1,0,0.621,NANTISSEMENT,CONSOMMATION,1
SERVICES,Oriental,70,FONCTIONNAIRE,5147,2910,7797,36,44,2,4,0.671,CAUTION,CONSOMMATION,0
COMMERCE,Dakhla-Oued Ed-Dahab,47,INDEPENDANT,4931,2532,29949,120,24,5,2,0.528,CAUTION,IMMOBILIER,0
COMMERCE,Rabat-Salé-Kénitra,49,SALARIE_CDD,5720,3370,28647,120,30,4,3,0.575,NANTISSEMENT,IMMOBILIER,1
COMMERCE,Guelmim-Oued Noun,40,RETRAITE,4789,1159,42621,84,22,5,1,0.193,AUCUNE,PROFESSIONNEL,0
COMMERCE,Casablanca-Settat,44,INDEPENDANT,11361,3305,28141,60,20,3,0,0.246,HYPOTHEQUE,AUTO,0
SERVICES,Guelmim-Oued Noun,47,SALARIE_CDI,5165,1181,95817,24,20,0,3,0.228,NANTISSEMENT,IMMOBILIER,1
COMMERCE,Oriental,27,SALARIE_CDD,7633,3613,30650,36,0,0,0,0.458,HYPOTHEQUE,CONSOMMATION,0
INDUSTRIE,Laâyoune-Sakia El Hamra,38,INDEPENDANT,5099,1883,17668,36,17,4,0,0.366,AUCUNE,CONSOMMATION,0
INDUSTRIE,Tanger-Tétouan-Al Hoceïma,73,SALARIE_CDI,4777,962,18469,120,45,2,0,0.23,CAUTION,PROFESSIONNEL,0
SERVICES,Guelmim-Oued Noun,79,SALARIE_CDD,13332,5837,26080,60,45,3,1,0.405,NANTISSEMENT,CONSOMMATION,1
COMMERCE,Laâyoune-Sakia El Hamra,21,RETRAITE,16668,5325,60297,12,0,3,1,0.338,HYPOTHEQUE,CONSOMMATION,1
COMMERCE,Fès-Meknès,64,INDEPENDANT,14343,5669,68450,24,40,3,1,0.447,CAUTION,IMMOBILIER,1
INDUSTRIE,Béni Mellal-Khénifra,33,INDEPENDANT,4179,1173,15653,120,9,5,1,0.189,HYPOTHEQUE,PROFESSIONNEL,0
TECH,Souss-Massa,59,INDEPENDANT,4449,1026,20742,48,40,0,2,0.239,NANTISSEMENT,PROFESSIONNEL,0
TECH,Souss-Massa,57,SALARIE_CDI,19737,7409,17225,48,38,0,0,0.447,AUCUNE,CONSOMMATION,1
SERVICES,Guelmim-Oued Noun,73,FONCTIONNAIRE,7227,1901,29738,120,45,0,2,0.284,HYPOTHEQUE,AUTO,0
COMMERCE,Marrakech-Safi,62,INDEPENDANT,4365,1539,71210,60,42,4,0,0.321,HYPOTHEQUE,IMMOBILIER,0
INDUSTRIE,Rabat-Salé-Kénitra,69,SALARIE_CDI,13187,4499,40945,36,45,3,3,0.372,CAUTION,IMMOBILIER,0
AGRICULTURE,Souss-Massa,68,SALARIE_CDI,8353,5181,53375,84,45,2,0,0.594,AUCUNE,PROFESSIONNEL,0
SERVICES,Guelmim-Oued Noun,58,SALARIE_CDI,10470,2549,61256,36,33,5,0,0.288,AUCUNE,IMMOBILIER,0
INDUSTRIE,Rabat-Salé-Kénitra,43,INDEPENDANT,2960,868,24083,120,24,2,0,0.317,CAUTION,PROFESSIONNEL,0
INDUSTRIE,Tanger-Tétouan-Al Hoceïma,39,FONCTIONNAIRE,6997,3820,14814,12,16,5,0,0.641,AUCUNE,CONSOMMATION,1
SERVICES,Drâa-Tafilalet,39,INDEPENDANT,12419,3700,24073,120,14,0,1,0.293,CAUTION,CONSOMMATION,1
COMMERCE,Souss-Massa,40,SALARIE_CDI,6074,2370,64534,12,15,2,2,0.412,CAUTION,CONSOMMATION,1
COMMERCE,Béni Mellal-Khénifra,36,FONCTIONNAIRE,14126,7501,55382,48,12,3,0,0.514,NANTISSEMENT,IMMOBILIER,0
SERVICES,Oriental,37,SALARIE_CDI,4480,682,38383,24,12,5,2,0.158,NANTISSEMENT,PROFESSIONNEL,1
COMMERCE,Guelmim-Oued Noun,53,RETRAITE,7703,4840,70560,60,27,0,1,0.586,AUCUNE,AUTO,0
AGRICULTURE,Laâyoune-Sakia El Hamra,35,FONCTIONNAIRE,16987,6479,40213,48,12,2,1,0.448,AUCUNE,CONSOMMATION,1
TECH,Souss-Massa,39,INDEPENDANT,4828,2558,28788,84,15,2,0,0.542,AUCUNE,IMMOBILIER,1
COMMERCE,Souss-Massa,62,SALARIE_CDI,9156,5589,12111,48,42,4,4,0.612,CAUTION,PROFESSIONNEL,1
INDUSTRIE,Fès-Meknès,38,SALARIE_CDI,10544,6204,88426,36,12,2,0,0.634,CAUTION,PROFESSIONNEL,0
SERVICES,Souss-Massa,24,SALARIE_CDI,8443,2197,33954,84,4,1,4,0.337,AUCUNE,PROFESSIONNEL,0
TECH,Laâyoune-Sakia El Hamra,19,INDEPENDANT,7241,3096,26477,36,0,1,0,0.541,HYPOTHEQUE,CONSOMMATION,0
TECH,Oriental,66,SALARIE_CDI,5462,1941,33797,24,45,4,0,0.313,CAUTION,IMMOBILIER,0
COMMERCE,Drâa-Tafilalet,77,INDEPENDANT,8852,3684,103686,84,45,5,1,0.451,AUCUNE,CONSOMMATION,1
TECH,Souss-Massa,61,SALARIE_CDI,7737,4177,72755,120,35,4,2,0.588,CAUTION,IMMOBILIER,1
SERVICES,Drâa-Tafilalet,21,FONCTIONNAIRE,4246,1389,28226,48,0,4,0,0.323,AUCUNE,CONSOMMATION,0
COMMERCE,Drâa-Tafilalet,53,SALARIE_CDI,13292,5165,50455,120,34,3,5,0.357,CAUTION,IMMOBILIER,0
SERVICES,Oriental,35,SALARIE_CDI,5380,2442,85730,24,16,5,0,0.513,CAUTION,IMMOBILIER,0
SERVICES,Dakhla-Oued Ed-Dahab,38,FONCTIONNAIRE,4296,1226,46314,12,15,1,0,0.24,CAUTION,CONSOMMATION,0
COMMERCE,Laâyoune-Sakia El Hamra,76,SALARIE_CDD,6198,2810,39518,120,45,4,0,0.474,AUCUNE,CONSOMMATION,0
INDUSTRIE,Rabat-Salé-Kénitra,69,SALARIE_CDD,5422,1217,8407,84,45,1,1,0.19,AUCUNE,IMMOBILIER,1
AGRICULTURE,Marrakech-Safi,64,FONCTIONNAIRE,7214,3324,86858,48,42,2,1,0.463,NANTISSEMENT,CONSOMMATION,1
INDUSTRIE,Dakhla-Oued Ed-Dahab,49,SALARIE_CDI,4633,1027,17680,84,27,0,3,0.144,AUCUNE,CONSOMMATION,1
TECH,Tanger-Tétouan-Al Hoceïma,54,FONCTIONNAIRE,9913,5332,9804,120,27,3,0,0.486,AUCUNE,PROFESSIONNEL,0
TECH,Fès-Meknès,75,FONCTIONNAIRE,15085,3726,10270,36,45,2,2,0.157,AUCUNE,CONSOMMATION,0
COMMERCE,Guelmim-Oued Noun,59,SALARIE_CDI,8498,4020,19959,24,41,1,1,0.607,CAUTION,CONSOMMATION,0
AGRICULTURE,Béni Mellal-Khénifra,54,SALARIE_CDD,4230,1864,51030,60,34,4,0,0.369,NANTISSEMENT,IMMOBILIER,1
INDUSTRIE,Rabat-Salé-Kénitra,24,SALARIE_CDI,5373,1949,81834,120,0,0,1,0.407,CAUTION,PROFESSIONNEL,1
INDUSTRIE,Rabat-Salé-Kénitra,80,SALARIE_CDI,8951,4231,46127,60,45,4,0,0.435,CAUTION,IMMOBILIER,0
SERVICES,Guelmim-Oued Noun,68,SALARIE_CDI,3344,1917,122377,36,43,2,2,0.454,HYPOTHEQUE,AUTO,1
SERVICES,Guelmim-Oued Noun,40,FONCTIONNAIRE,4653,978,27386,24,18,5,0,0.223,AUCUNE,PROFESSIONNEL,0
TECH,Tanger-Tétouan-Al Hoceïma,33,SALARIE_CDI,3861,1885,30870,36,7,1,2,0.617,HYPOTHEQUE,IMMOBILIER,1
COMMERCE,Laâyoune-Sakia El Hamra,78,INDEPENDANT,8535,3030,9831,84,45,3,0,0.316,AUCUNE,CONSOMMATION,0
INDUSTRIE,Rabat-Salé-Kénitra,78,INDEPENDANT,21439,10440,24269,36,45,4,0,0.579,AUCUNE,PROFESSIONNEL,0
SERVICES,Laâyoune-Sakia El Hamra,44,SALARIE_CDI,4594,2699,8696,48,22,2,0,0.686,HYPOTHEQUE,AUTO,0
COMMERCE,Casablanca-Settat,32,FONCTIONNAIRE,11700,5574,14197,60,11,1,0,0.423,NANTISSEMENT,IMMOBILIER,0
TECH,Béni Mellal-Khénifra,68,SALARIE_CDI,6287,1445,56449,36,45,1,0,0.143,HYPOTHEQUE,PROFESSIONNEL,0
INDUSTRIE,Laâyoune-Sakia El Hamra,57,SALARIE_CDI,4473,1602,11148,36,32,0,1,0.319,AUCUNE,IMMOBILIER,1
TECH,Béni Mellal-Khénifra,74,RETRAITE,16381,6957,11947,84,45,5,0,0.479,CAUTION,IMMOBILIER,0
COMMERCE,Guelmim-Oued Noun,52,SALARIE_CDD,21417,4571,10610,60,25,3,1,0.113,CAUTION,PROFESSIONNEL,1
TECH,Tanger-Tétouan-Al Hoceïma,52,SALARIE_CDI,9753,4602,62534,84,26,2,0,0.497,AUCUNE,AUTO,0
SERVICES,Fès-Meknès,27,INDEPENDANT,9539,4833,114374,48,9,3,0,0.512,HYPOTHEQUE,CONSOMMATION,0
COMMERCE,Fès-Meknès,55,INDEPENDANT,8333,4427,34465,12,29,0,1,0.498,CAUTION,IMMOBILIER,1
SERVICES,Rabat-Salé-Kénitra,40,FONCTIONNAIRE,7580,1591,70264,60,17,1,0,0.185,AUCUNE,CONSOMMATION,0
INDUSTRIE,Fès-Meknès,30,INDEPENDANT,9443,4746,16077,12,3,0,2,0.494,HYPOTHEQUE,AUTO,1
TECH,Marrakech-Safi,67,INDEPENDANT,10985,3659,85899,36,45,0,1,0.338,AUCUNE,AUTO,1
COMMERCE,Guelmim-Oued Noun,39,INDEPENDANT,17129,4378,22005,84,13,5,2,0.338,AUCUNE,IMMOBILIER,1
SERVICES,Marrakech-Safi,31,SALARIE_CDD,6405,2640,57948,24,9,3,0,0.391,HYPOTHEQUE,IMMOBILIER,0
TECH,Rabat-Salé-Kénitra,78,INDEPENDANT,8581,3744,35630,120,45,0,1,0.432,HYPOTHEQUE,PROFESSIONNEL,1
SERVICES,Drâa-Tafilalet,78,FONCTIONNAIRE,7787,2946,9485,60,45,4,1,0.409,CAUTION,CONSOMMATION,0
COMMERCE,Oriental,49,SALARIE_CDI,12847,7328,19543,120,24,4,3,0.521,CAUTION,IMMOBILIER,1
AGRICULTURE,Marrakech-Safi,36,SALARIE_CDI,23862,5438,40936,48,16,1,1,0.308,CAUTION,CONSOMMATION,1
COMMERCE,Drâa-Tafilalet,28,SALARIE_CDD,13048,4613,9949,48,10,1,0,0.312,AUCUNE,CONSOMMATION,0
TECH,Marrakech-Safi,57,SALARIE_CDI,11605,3290,44694,12,39,4,0,0.307,AUCUNE,CONSOMMATION,0
COMMERCE,Guelmim-Oued Noun,56,SALARIE_CDI,12192,2126,13475,120,30,1,1,0.161,CAUTION,PROFESSIONNEL,0
TECH,Casablanca-Settat,56,SALARIE_CDD,14333,4580,53021,60,38,3,3,0.32,CAUTION,IMMOBILIER,0
COMMERCE,Béni Mellal-Khénifra,66,RETRAITE,24017,12226,14011,84,45,2,0,0.609,NANTISSEMENT,AUTO,0
COMMERCE,Béni Mellal-Khénifra,47,SALARIE_CDI,3796,1563,49525,24,29,4,0,0.425,HYPOTHEQUE,IMMOBILIER,1
SERVICES,Tanger-Tétouan-Al Hoceïma,61,SALARIE_CDI,10613,3814,64320,24,40,3,2,0.324,CAUTION,CONSOMMATION,0
TECH,Drâa-Tafilalet,59,INDEPENDANT,2536,982,32285,36,41,0,1,0.341,HYPOTHEQUE,CONSOMMATION,0
SERVICES,Tanger-Tétouan-Al Hoceïma,68,SALARIE_CDD,12433,3808,34335,48,45,3,0,0.369,HYPOTHEQUE,CONSOMMATION,1
AGRICULTURE,Béni Mellal-Khénifra,64,INDEPENDANT,10383,2192,102732,84,45,5,1,0.233,NANTISSEMENT,IMMOBILIER,0
SERVICES,Marrakech-Safi,20,FONCTIONNAIRE,6336,2821,20989,24,0,4,0,0.42,HYPOTHEQUE,IMMOBILIER,0
SERVICES,Oriental,56,FONCTIONNAIRE,2500,1394,24985,24,34,3,0,0.613,HYPOTHEQUE,CONSOMMATION,1
TECH,Guelmim-Oued Noun,79,SALARIE_CDI,8051,4384,56866,12,45,0,0,0.503,CAUTION,IMMOBILIER,0
SERVICES,Dakhla-Oued Ed-Dahab,53,SALARIE_CDD,8958,2389,48807,48,31,1,0,0.223,CAUTION,PROFESSIONNEL,1
INDUSTRIE,Tanger-Tétouan-Al Hoceïma,51,FONCTIONNAIRE,7876,2892,30639,12,33,5,4,0.36,AUCUNE,CONSOMMATION,0
TECH,Souss-Massa,56,SALARIE_CDI,6126,2610,15514,12,38,5,4,0.411,AUCUNE,CONSOMMATION,1
SERVICES,Souss-Massa,53,SALARIE_CDI,5412,2983,71793,36,28,0,1,0.463,AUCUNE,IMMOBILIER,0
SERVICES,Laâyoune-Sakia El Hamra,43,SALARIE_CDD,7916,1965,15264,48,25,3,0,0.222,HYPOTHEQUE,IMMOBILIER,0
COMMERCE,Dakhla-Oued Ed-Dahab,80,FONCTIONNAIRE,5649,1221,178929,36,45,4,1,0.244,HYPOTHEQUE,PROFESSIONNEL,1
SERVICES,Béni Mellal-Khénifra,22,FONCTIONNAIRE,11663,7182,15727,120,2,0,3,0.597,HYPOTHEQUE,PROFESSIONNEL,1
SERVICES,Guelmim-Oued Noun,69,INDEPENDANT,7821,1743,16753,120,45,5,3,0.221,HYPOTHEQUE,PROFESSIONNEL,1
SERVICES,Rabat-Salé-Kénitra,28,INDEPENDANT,3729,2404,46130,48,10,5,0,0.593,AUCUNE,IMMOBILIER,0
INDUSTRIE,Guelmim-Oued Noun,31,SALARIE_CDI,8774,3944,53337,120,12,3,1,0.464,HYPOTHEQUE,PROFESSIONNEL,0
INDUSTRIE,Guelmim-Oued Noun,56,INDEPENDANT,9763,3900,18365,120,36,4,0,0.424,CAUTION,CONSOMMATION,0
SERVICES,Drâa-Tafilalet,58,INDEPENDANT,16783,4103,118741,12,33,0,1,0.315,CAUTION,CONSOMMATION,0
COMMERCE,Béni Mellal-Khénifra,76,SALARIE_CDI,12304,7139,45744,48,45,1,0,0.564,CAUTION,CONSOMMATION,1
COMMERCE,Laâyoune-Sakia El Hamra,36,SALARIE_CDD,5408,1277,30530,36,10,0,2,0.223,HYPOTHEQUE,PROFESSIONNEL,1
SERVICES,Béni Mellal-Khénifra,19,SALARIE_CDI,15392,5397,47582,12,1,3,1,0.382,CAUTION,PROFESSIONNEL,1
INDUSTRIE,Laâyoune-Sakia El Hamra,34,INDEPENDANT,4343,756,84751,60,15,4,0,0.166,CAUTION,CONSOMMATION,0
TECH,Marrakech-Safi,52,SALARIE_CDD,8206,1323,112023,48,28,2,1,0.193,NANTISSEMENT,IMMOBILIER,0
COMMERCE,Béni Mellal-Khénifra,40,SALARIE_CDD,11377,5857,41565,60,13,2,0,0.551,AUCUNE,IMMOBILIER,0
INDUSTRIE,Souss-Massa,33,INDEPENDANT,15622,3966,14886,24,14,0,3,0.2,AUCUNE,PROFESSIONNEL,0
COMMERCE,Laâyoune-Sakia El Hamra,75,FONCTIONNAIRE,18958,8539,15049,84,45,0,0,0.395,CAUTION,CONSOMMATION,1
SERVICES,Laâyoune-Sakia El Hamra,53,SALARIE_CDI,14380,7358,13488,48,31,2,0,0.483,HYPOTHEQUE,PROFESSIONNEL,1
TECH,Laâyoune-Sakia El Hamra,60,FONCTIONNAIRE,7620,3017,23162,24,35,2,2,0.31,AUCUNE,PROFESSIONNEL,1
AGRICULTURE,Marrakech-Safi,65,INDEPENDANT,10518,5030,37289,24,39,1,3,0.571,AUCUNE,CONSOMMATION,0
AGRICULTURE,Souss-Massa,43,SALARIE_CDI,8964,2425,42182,24,18,0,1,0.207,AUCUNE,CONSOMMATION,1
SERVICES,Casablanca-Settat,64,FONCTIONNAIRE,5888,3291,79911,12,45,0,3,0.617,CAUTION,CONSOMMATION,0
INDUSTRIE,Dakhla-Oued Ed-Dahab,78,FONCTIONNAIRE,7692,1947,8507,120,45,4,0,0.202,HYPOTHEQUE,PROFESSIONNEL,0
SERVICES,Fès-Meknès,63,FONCTIONNAIRE,18197,8103,36043,24,43,0,0,0.499,HYPOTHEQUE,CONSOMMATION,0
INDUSTRIE,Béni Mellal-Khénifra,36,RETRAITE,10838,6155,50140,84,11,2,3,0.627,AUCUNE,CONSOMMATION,1
INDUSTRIE,Souss-Massa,67,FONCTIONNAIRE,20470,11189,5087,36,43,1,0,0.46,AUCUNE,CONSOMMATION,1
COMMERCE,Laâyoune-Sakia El Hamra,32,FONCTIONNAIRE,4978,874,49885,12,9,1,5,0.17,CAUTION,PROFESSIONNEL,0
SERVICES,Guelmim-Oued Noun,22,INDEPENDANT,6825,2277,245501,84,3,4,3,0.419,AUCUNE,IMMOBILIER,1
AGRICULTURE,Guelmim-Oued Noun,45,SALARIE_CDI,9768,5629,62402,84,26,4,0,0.581,NANTISSEMENT,CONSOMMATION,0
SERVICES,Béni Mellal-Khénifra,50,SALARIE_CDI,11317,6513,45050,84,27,2,2,0.621,AUCUNE,AUTO,1
SERVICES,Rabat-Salé-Kénitra,47,RETRAITE,7688,3600,29986,36,20,4,2,0.481,CAUTION,CONSOMMATION,1
TECH,Dakhla-Oued Ed-Dahab,34,INDEPENDANT,11617,2373,42743,12,10,0,0,0.249,HYPOTHEQUE,CONSOMMATION,0
COMMERCE,Casablanca-Settat,35,SALARIE_CDD,11578,4077,106510,84,16,4,0,0.415,CAUTION,IMMOBILIER,1
INDUSTRIE,Souss-Massa,76,SALARIE_CDI,4339,2736,28489,84,45,1,3,0.621,CAUTION,AUTO,0
COMMERCE,Tanger-Tétouan-Al Hoceïma,36,SALARIE_CDI,11374,2312,83743,120,16,1,0,0.204,CAUTION,PROFESSIONNEL,1
SERVICES,Tanger-Tétouan-Al Hoceïma,67,SALARIE_CDI,13134,7233,50256,12,40,3,0,0.535,AUCUNE,PROFESSIONNEL,0
SERVICES,Dakhla-Oued Ed-Dahab,34,SALARIE_CDD,9258,3323,113393,84,8,1,0,0.297,AUCUNE,IMMOBILIER,0
COMMERCE,Marrakech-Safi,24,FONCTIONNAIRE,3540,1849,77834,12,5,2,0,0.557,CAUTION,IMMOBILIER,0
INDUSTRIE,Oriental,21,SALARIE_CDI,7154,1267,41468,12,3,0,0,0.181,AUCUNE,PROFESSIONNEL,0
COMMERCE,Marrakech-Safi,33,FONCTIONNAIRE,9868,1531,39638,84,7,3,0,0.218,AUCUNE,PROFESSIONNEL,0
SERVICES,Laâyoune-Sakia El Hamra,71,RETRAITE,5489,1648,29165,84,45,2,2,0.398,AUCUNE,CONSOMMATION,1
COMMERCE,Drâa-Tafilalet,46,RETRAITE,12249,7167,71958,36,28,0,4,0.558,CAUTION,PROFESSIONNEL,0
TECH,Tanger-Tétouan-Al Hoceïma,61,INDEPENDANT,11252,5512,24025,84,39,1,0,0.469,CAUTION,PROFESSIONNEL,0
SERVICES,Casablanca-Settat,78,SALARIE_CDD,8609,3925,39325,36,45,4,2,0.425,AUCUNE,AUTO,1
SERVICES,Rabat-Salé-Kénitra,21,FONCTIONNAIRE,8167,5299,31717,12,0,2,1,0.721,NANTISSEMENT,CONSOMMATION,1
INDUSTRIE,Marrakech-Safi,24,FONCTIONNAIRE,8838,2860,14202,36,2,5,2,0.255,CAUTION,CONSOMMATION,1
TECH,Tanger-Tétouan-Al Hoceïma,75,SALARIE_CDI,8088,4652,42374,120,45,5,0,0.592,AUCUNE,CONSOMMATION,0
COMMERCE,Laâyoune-Sakia El Hamra,53,INDEPENDANT,4544,931,12485,48,35,4,0,0.131,CAUTION,IMMOBILIER,1
COMMERCE,Rabat-Salé-Kénitra,56,FONCTIONNAIRE,6677,1572,26536,84,35,5,0,0.309,HYPOTHEQUE,CONSOMMATION,1
INDUSTRIE,Oriental,39,FONCTIONNAIRE,8372,3257,57931,60,18,4,1,0.425,NANTISSEMENT,PROFESSIONNEL,1
SERVICES,Tanger-Tétouan-Al Hoceïma,70,SALARIE_CDI,15342,9661,40873,60,45,2,0,0.598,CAUTION,AUTO,0
COMMERCE,Casablanca-Settat,58,SALARIE_CDI,11064,5551,40419,60,33,1,0,0.592,HYPOTHEQUE,CONSOMMATION,0
SERVICES,Béni Mellal-Khénifra,34,INDEPENDANT,15718,3242,19825,12,16,3,0,0.166,AUCUNE,PROFESSIONNEL,0
TECH,Drâa-Tafilalet,58,SALARIE_CDI,4306,2702,75675,12,38,2,2,0.634,CAUTION,CONSOMMATION,1
SERVICES,Dakhla-Oued Ed-Dahab,18,SALARIE_CDI,6903,3678,19530,12,0,5,1,0.423,NANTISSEMENT,IMMOBILIER,0
INDUSTRIE,Oriental,33,FONCTIONNAIRE,20604,10679,59543,24,9,0,0,0.55,CAUTION,CONSOMMATION,1
COMMERCE,Fès-Meknès,30,INDEPENDANT,5800,2469,90147,60,7,3,0,0.408,CAUTION,CONSOMMATION,1
COMMERCE,Laâyoune-Sakia El Hamra,67,SALARIE_CDI,5748,1993,12439,48,40,4,0,0.336,CAUTION,PROFESSIONNEL,1
COMMERCE,Marrakech-Safi,64,SALARIE_CDI,7170,1469,27322,36,42,3,0,0.157,CAUTION,CONSOMMATION,0
INDUSTRIE,Drâa-Tafilalet,23,INDEPENDANT,20093,9241,25620,120,5,4,0,0.405,NANTISSEMENT,PROFESSIONNEL,1
AGRICULTURE,Dakhla-Oued Ed-Dahab,75,RETRAITE,5990,1281,43959,48,45,0,0,0.187,HYPOTHEQUE,CONSOMMATION,0
TECH,Casablanca-Settat,69,SALARIE_CDD,10414,4634,18762,84,45,0,4,0.509,CAUTION,CONSOMMATION,0
TECH,Dakhla-Oued Ed-Dahab,45,INDEPENDANT,9666,4058,16062,60,20,0,0,0.44,HYPOTHEQUE,PROFESSIONNEL,0
COMMERCE,Marrakech-Safi,31,SALARIE_CDI,3402,1525,34978,24,11,4,2,0.405,AUCUNE,CONSOMMATION,1
COMMERCE,Souss-Massa,44,INDEPENDANT,8046,4533,24519,36,19,4,1,0.452,AUCUNE,CONSOMMATION,1
COMMERCE,Fès-Meknès,55,FONCTIONNAIRE,6318,2247,32788,36,37,3,0,0.454,HYPOTHEQUE,CONSOMMATION,0
INDUSTRIE,Rabat-Salé-Kénitra,57,INDEPENDANT,10994,4049,67839,84,36,2,0,0.245,AUCUNE,PROFESSIONNEL,0
INDUSTRIE,Drâa-Tafilalet,39,INDEPENDANT,17722,3190,11706,36,21,5,0,0.237,AUCUNE,IMMOBILIER,0
COMMERCE,Souss-Massa,24,SALARIE_CDI,6939,2039,33535,48,1,2,0,0.319,AUCUNE,IMMOBILIER,0
SERVICES,Oriental,56,SALARIE_CDI,6939,1322,24012,120,34,5,3,0.181,HYPOTHEQUE,IMMOBILIER,1
SERVICES,Souss-Massa,62,INDEPENDANT,25160,5557,36922,36,42,0,4,0.192,AUCUNE,CONSOMMATION,0
TECH,Drâa-Tafilalet,34,SALARIE_CDI,5883,2138,24079,120,10,0,3,0.402,NANTISSEMENT,CONSOMMATION,0
SERVICES,Dakhla-Oued Ed-Dahab,58,FONCTIONNAIRE,4428,1566,15897,24,40,4,0,0.408,HYPOTHEQUE,CONSOMMATION,0
COMMERCE,Oriental,53,SALARIE_CDD,15062,9307,47817,12,28,5,0,0.673,CAUTION,CONSOMMATION,0
COMMERCE,Rabat-Salé-Kénitra,49,SALARIE_CDI,7921,1661,252712,24,31,3,2,0.265,HYPOTHEQUE,CONSOMMATION,1
SERVICES,Fès-Meknès,18,FONCTIONNAIRE,9205,2068,33846,48,0,0,0,0.149,HYPOTHEQUE,IMMOBILIER,0
AGRICULTURE,Souss-Massa,37,SALARIE_CDD,22119,11622,21845,12,17,2,0,0.491,CAUTION,IMMOBILIER,1
SERVICES,Rabat-Salé-Kénitra,41,INDEPENDANT,4310,695,21798,36,18,3,0,0.13,CAUTION,IMMOBILIER,1
AGRICULTURE,Marrakech-Safi,70,SALARIE_CDI,7421,3528,69864,36,44,4,0,0.478,AUCUNE,PROFESSIONNEL,0
TECH,Marrakech-Safi,70,SALARIE_CDI,4646,2433,19656,36,45,3,0,0.538,AUCUNE,CONSOMMATION,1
SERVICES,Dakhla-Oued Ed-Dahab,73,SALARIE_CDI,9422,4376,90196,24,45,3,0,0.518,CAUTION,CONSOMMATION,0
SERVICES,Tanger-Tétouan-Al Hoceïma,47,SALARIE_CDI,6318,1857,11548,48,23,1,1,0.293,AUCUNE,PROFESSIONNEL,1
INDUSTRIE,Laâyoune-Sakia El Hamra,38,FONCTIONNAIRE,4780,965,41549,24,12,0,1,0.241,NANTISSEMENT,CONSOMMATION,1
INDUSTRIE,Oriental,49,SALARIE_CDD,11266,7290,57777,84,27,4,0,0.629,CAUTION,CONSOMMATION,1
SERVICES,Oriental,67,SALARIE_CDI,8141,4719,61927,60,42,0,0,0.683,HYPOTHEQUE,PROFESSIONNEL,0
AGRICULTURE,Dakhla-Oued Ed-Dahab,57,RETRAITE,4614,2378,58959,60,35,3,0,0.484,AUCUNE,PROFESSIONNEL,1
SERVICES,Drâa-Tafilalet,55,SALARIE_CDI,4743,1155,43749,84,33,2,0,0.211,CAUTION,CONSOMMATION,1
TECH,Marrakech-Safi,45,SALARIE_CDD,8897,3251,81431,36,20,3,1,0.379,HYPOTHEQUE,CONSOMMATION,0
SERVICES,Fès-Meknès,61,INDEPENDANT,3821,1929,18148,24,36,3,0,0.563,CAUTION,CONSOMMATION,1
AGRICULTURE,Béni Mellal-Khénifra,72,FONCTIONNAIRE,8977,1802,23135,84,45,4,0,0.162,AUCUNE,CONSOMMATION,0
SERVICES,Casablanca-Settat,60,SALARIE_CDI,14806,9308,27388,120,41,0,1,0.614,AUCUNE,AUTO,1
INDUSTRIE,Rabat-Salé-Kénitra,43,RETRAITE,10940,6866,102586,36,24,2,0,0.61,AUCUNE,CONSOMMATION,0
COMMERCE,Casablanca-Settat,70,FONCTIONNAIRE,6121,1379,50329,84,43,1,0,0.174,HYPOTHEQUE,AUTO,0
SERVICES,Drâa-Tafilalet,77,SALARIE_CDI,9168,2279,58533,60,45,0,0,0.221,AUCUNE,CONSOMMATION,0
TECH,Souss-Massa,68,SALARIE_CDI,4614,1532,32037,12,42,5,0,0.298,AUCUNE,CONSOMMATION,0
SERVICES,Casablanca-Settat,73,RETRAITE,8616,3234,64329,24,45,1,0,0.442,CAUTION,CONSOMMATION,0
COMMERCE,Drâa-Tafilalet,34,SALARIE_CDI,6995,2591,12254,60,8,0,4,0.379,AUCUNE,IMMOBILIER,0
COMMERCE,Béni Mellal-Khénifra,44,INDEPENDANT,5076,2508,27276,36,20,1,1,0.469,HYPOTHEQUE,IMMOBILIER,0
COMMERCE,Drâa-Tafilalet,33,SALARIE_CDI,10729,4132,31189,24,8,4,0,0.479,HYPOTHEQUE,IMMOBILIER,0
SERVICES,Rabat-Salé-Kénitra,41,SALARIE_CDI,3328,806,26055,48,18,4,1,0.333,AUCUNE,CONSOMMATION,0
SERVICES,Laâyoune-Sakia El Hamra,64,INDEPENDANT,4752,1333,29002,48,42,1,3,0.367,HYPOTHEQUE,AUTO,0
SERVICES,Marrakech-Safi,60,RETRAITE,5017,1784,53252,120,42,1,0,0.333,NANTISSEMENT,CONSOMMATION,0
INDUSTRIE,Oriental,18,SALARIE_CDI,6456,2645,42910,120,0,2,0,0.462,CAUTION,IMMOBILIER,0
SERVICES,Oriental,65,SALARIE_CDI,14541,8892,83749,12,38,2,0,0.719,CAUTION,IMMOBILIER,0
AGRICULTURE,Marrakech-Safi,30,INDEPENDANT,11378,2254,8430,48,8,3,1,0.179,NANTISSEMENT,CONSOMMATION,1
COMMERCE,Tanger-Tétouan-Al Hoceïma,29,FONCTIONNAIRE,8496,4691,102927,84,8,2,0,0.542,HYPOTHEQUE,PROFESSIONNEL,0
COMMERCE,Casablanca-Settat,52,SALARIE_CDD,8318,2541,23045,36,25,3,0,0.284,CAUTION,CONSOMMATION,0
INDUSTRIE,Souss-Massa,33,SALARIE_CDI,8060,4139,91234,48,15,5,1,0.525,AUCUNE,CONSOMMATION,1
SERVICES,Drâa-Tafilalet,78,RETRAITE,15023,4193,27112,60,45,3,0,0.37,AUCUNE,PROFESSIONNEL,0
COMMERCE,Fès-Meknès,27,SALARIE_CDI,3579,1226,47036,84,3,5,1,0.346,HYPOTHEQUE,IMMOBILIER,1
INDUSTRIE,Oriental,27,SALARIE_CDI,11467,4261,17090,120,3,1,1,0.344,CAUTION,PROFESSIONNEL,0
INDUSTRIE,Dakhla-Oued Ed-Dahab,65,SALARIE_CDI,6447,3387,15502,12,45,1,2,0.521,CAUTION,IMMOBILIER,1
INDUSTRIE,Marrakech-Safi,36,SALARIE_CDI,10161,2369,54546,48,10,2,2,0.292,HYPOTHEQUE,CONSOMMATION,1
COMMERCE,Fès-Meknès,63,FONCTIONNAIRE,10183,3292,5626,60,36,2,4,0.182,NANTISSEMENT,CONSOMMATION,1
AGRICULTURE,Rabat-Salé-Kénitra,60,SALARIE_CDI,11271,4669,15512,120,36,5,1,0.434,HYPOTHEQUE,IMMOBILIER,0
SERVICES,Oriental,29,FONCTIONNAIRE,16525,7912,62111,36,5,1,2,0.468,HYPOTHEQUE,AUTO,1
COMMERCE,Marrakech-Safi,54,SALARIE_CDD,4372,822,27172,12,31,2,3,0.156,AUCUNE,IMMOBILIER,0
SERVICES,Laâyoune-Sakia El Hamra,51,SALARIE_CDI,12739,2514,19584,36,30,5,0,0.11,NANTISSEMENT,CONSOMMATION,0
INDUSTRIE,Fès-Meknès,23,INDEPENDANT,7874,4010,105446,120,0,1,0,0.54,AUCUNE,AUTO,1
TECH,Béni Mellal-Khénifra,66,FONCTIONNAIRE,6585,2193,134870,12,45,3,2,0.318,CAUTION,PROFESSIONNEL,0
SERVICES,Marrakech-Safi,72,SALARIE_CDI,20235,4711,36326,120,45,2,0,0.256,AUCUNE,IMMOBILIER,0
COMMERCE,Fès-Meknès,77,SALARIE_CDI,11113,3129,88576,48,45,0,0,0.225,HYPOTHEQUE,IMMOBILIER,0
INDUSTRIE,Marrakech-Safi,23,FONCTIONNAIRE,6716,3016,105022,24,4,1,2,0.354,AUCUNE,AUTO,1
SERVICES,Oriental,29,INDEPENDANT,12466,7812,35903,36,7,0,0,0.566,HYPOTHEQUE,CONSOMMATION,0
AGRICULTURE,Casablanca-Settat,69,FONCTIONNAIRE,7937,4095,25373,36,45,5,0,0.505,HYPOTHEQUE,PROFESSIONNEL,1
INDUSTRIE,Casablanca-Settat,37,INDEPENDANT,6669,3658,38642,120,14,5,2,0.458,CAUTION,CONSOMMATION,1
TECH,Oriental,57,SALARIE_CDI,6169,2802,13119,84,34,1,0,0.461,NANTISSEMENT,CONSOMMATION,0
INDUSTRIE,Oriental,39,RETRAITE,9293,3119,54044,84,20,2,0,0.419,AUCUNE,CONSOMMATION,0
AGRICULTURE,Fès-Meknès,31,SALARIE_CDI,6147,3879,28836,12,7,5,0,0.506,AUCUNE,CONSOMMATION,1
INDUSTRIE,Souss-Massa,57,SALARIE_CDI,8690,1657,37780,12,33,5,0,0.155,CAUTION,CONSOMMATION,0
INDUSTRIE,Tanger-Tétouan-Al Hoceïma,30,FONCTIONNAIRE,12078,6695,37399,120,11,3,2,0.546,CAUTION,IMMOBILIER,0
TECH,Guelmim-Oued Noun,26,SALARIE_CDI,8516,2377,20065,36,5,3,2,0.269,CAUTION,PROFESSIONNEL,1
INDUSTRIE,Souss-Massa,51,SALARIE_CDD,19721,8952,35416,24,25,5,0,0.519,AUCUNE,PROFESSIONNEL,0
INDUSTRIE,Laâyoune-Sakia El Hamra,30,SALARIE_CDI,8151,5226,14023,24,12,3,0,0.62,AUCUNE,CONSOMMATION,0
AGRICULTURE,Marrakech-Safi,30,INDEPENDANT,14869,8492,25909,60,6,1,1,0.556,NANTISSEMENT,IMMOBILIER,0
COMMERCE,Marrakech-Safi,67,INDEPENDANT,12573,7230,16658,60,45,4,0,0.557,AUCUNE,CONSOMMATION,1
COMMERCE,Tanger-Tétouan-Al Hoceïma,51,FONCTIONNAIRE,16097,9039,19660,24,26,5,2,0.586,AUCUNE,IMMOBILIER,1
COMMERCE,Casablanca-Settat,52,SALARIE_CDD,19682,7418,7478,60,34,4,4,0.459,AUCUNE,AUTO,1
TECH,Drâa-Tafilalet,27,SALARIE_CDI,3668,1271,26890,84,1,4,0,0.347,CAUTION,IMMOBILIER,1
TECH,Tanger-Tétouan-Al Hoceïma,28,INDEPENDANT,9130,3737,51015,36,1,3,0,0.486,HYPOTHEQUE,IMMOBILIER,0
COMMERCE,Tanger-Tétouan-Al Hoceïma,42,FONCTIONNAIRE,7705,2254,41128,12,19,3,0,0.297,CAUTION,PROFESSIONNEL,0
INDUSTRIE,Oriental,42,SALARIE_CDD,8520,3315,77554,24,20,0,0,0.326,CAUTION,IMMOBILIER,1
SERVICES,Casablanca-Settat,46,SALARIE_CDI,6776,1446,18641,120,21,0,1,0.269,CAUTION,IMMOBILIER,0
COMMERCE,Tanger-Tétouan-Al Hoceïma,26,SALARIE_CDI,6345,3783,25976,48,0,4,0,0.595,CAUTION,CONSOMMATION,1
TECH,Dakhla-Oued Ed-Dahab,74,SALARIE_CDD,4940,2558,69009,84,45,5,0,0.589,HYPOTHEQUE,PROFESSIONNEL,1
INDUSTRIE,Béni Mellal-Khénifra,40,FONCTIONNAIRE,8466,1532,34180,24,16,4,0,0.222,AUCUNE,PROFESSIONNEL,0
SERVICES,Oriental,69,INDEPENDANT,12336,5921,41336,120,45,4,1,0.527,HYPOTHEQUE,PROFESSIONNEL,0
INDUSTRIE,Oriental,43,RETRAITE,6489,3435,159520,24,25,5,0,0.491,AUCUNE,IMMOBILIER,0
COMMERCE,Souss-Massa,47,SALARIE_CDD,6990,4060,30396,12,28,3,0,0.533,NANTISSEMENT,CONSOMMATION,1
TECH,Dakhla-Oued Ed-Dahab,25,SALARIE_CDD,5919,1862,25877,84,6,0,2,0.313,HYPOTHEQUE,PROFESSIONNEL,0
SERVICES,Dakhla-Oued Ed-Dahab,60,INDEPENDANT,5180,2411,18123,60,42,1,0,0.398,CAUTION,CONSOMMATION,0
COMMERCE,Tanger-Tétouan-Al Hoceïma,21,SALARIE_CDI,7286,2099,29660,120,0,5,0,0.234,NANTISSEMENT,CONSOMMATION,0
TECH,Dakhla-Oued Ed-Dahab,65,FONCTIONNAIRE,9456,5432,74253,48,44,5,0,0.537,HYPOTHEQUE,IMMOBILIER,0
AGRICULTURE,Casablanca-Settat,73,FONCTIONNAIRE,14268,8384,54258,84,45,2,0,0.526,AUCUNE,IMMOBILIER,0
SERVICES,Fès-Meknès,40,SALARIE_CDI,4739,892,98993,48,17,0,4,0.183,CAUTION,PROFESSIONNEL,0
AGRICULTURE,Fès-Meknès,73,SALARIE_CDI,7993,2338,46751,12,45,1,0,0.294,HYPOTHEQUE,IMMOBILIER,0
COMMERCE,Drâa-Tafilalet,62,SALARIE_CDD,13769,2773,7566,36,42,4,0,0.175,CAUTION,IMMOBILIER,1
TECH,Béni Mellal-Khénifra,18,FONCTIONNAIRE,4767,1665,56408,120,0,4,0,0.287,HYPOTHEQUE,IMMOBILIER,1
SERVICES,Souss-Massa,30,SALARIE_CDI,14331,2187,39065,120,9,5,0,0.111,AUCUNE,CONSOMMATION,1
COMMERCE,Fès-Meknès,58,SALARIE_CDI,6651,3601,36359,48,37,4,0,0.553,CAUTION,AUTO,1
COMMERCE,Oriental,62,SALARIE_CDI,11160,4082,85200,120,35,4,0,0.353,NANTISSEMENT,CONSOMMATION,0
INDUSTRIE,Fès-Meknès,23,INDEPENDANT,7346,3064,29970,24,0,0,0,0.422,CAUTION,IMMOBILIER,1
INDUSTRIE,Souss-Massa,61,INDEPENDANT,9961,5193,54490,36,40,1,0,0.477,CAUTION,AUTO,0
COMMERCE,Tanger-Tétouan-Al Hoceïma,69,INDEPENDANT,16715,8460,17091,84,42,1,0,0.527,AUCUNE,CONSOMMATION,0
COMMERCE,Laâyoune-Sakia El Hamra,23,INDEPENDANT,7672,2358,12547,12,0,3,0,0.346,AUCUNE,IMMOBILIER,1
SERVICES,Drâa-Tafilalet,73,SALARIE_CDI,12688,6869,23881,12,45,2,1,0.476,AUCUNE,CONSOMMATION,1
INDUSTRIE,Marrakech-Safi,51,SALARIE_CDI,9169,4313,29156,24,29,0,0,0.447,CAUTION,PROFESSIONNEL,0
SERVICES,Dakhla-Oued Ed-Dahab,56,SALARIE_CDD,5689,1474,53296,12,34,5,0,0.176,CAUTION,IMMOBILIER,1
AGRICULTURE,Béni Mellal-Khénifra,21,FONCTIONNAIRE,7589,1249,16845,48,3,2,2,0.206,HYPOTHEQUE,AUTO,0
AGRICULTURE,Tanger-Tétouan-Al Hoceïma,56,INDEPENDANT,7379,3897,104284,84,35,0,3,0.639,HYPOTHEQUE,CONSOMMATION,1
INDUSTRIE,Oriental,46,SALARIE_CDI,4293,1000,18473,60,22,4,3,0.278,HYPOTHEQUE,AUTO,0
SERVICES,Marrakech-Safi,41,RETRAITE,9962,2055,34143,24,21,4,0,0.199,AUCUNE,IMMOBILIER,1
SERVICES,Casablanca-Settat,67,SALARIE_CDI,10895,3924,36612,84,43,5,0,0.368,NANTISSEMENT,AUTO,1
COMMERCE,Souss-Massa,33,FONCTIONNAIRE,11679,7134,44778,48,15,5,1,0.639,AUCUNE,CONSOMMATION,1
TECH,Guelmim-Oued Noun,21,INDEPENDANT,15420,7850,49789,36,1,2,3,0.446,NANTISSEMENT,IMMOBILIER,1
COMMERCE,Tanger-Tétouan-Al Hoceïma,49,FONCTIONNAIRE,12447,6834,176921,48,29,5,2,0.552,AUCUNE,IMMOBILIER,1
SERVICES,Tanger-Tétouan-Al Hoceïma,64,INDEPENDANT,6177,1760,23817,24,40,4,0,0.284,HYPOTHEQUE,PROFESSIONNEL,0
SERVICES,Dakhla-Oued Ed-Dahab,26,INDEPENDANT,6798,3858,45203,120,1,1,2,0.556,CAUTION,CONSOMMATION,0
SERVICES,Dakhla-Oued Ed-Dahab,80,INDEPENDANT,11819,4228,34253,48,45,4,0,0.336,AUCUNE,PROFESSIONNEL,0
TECH,Souss-Massa,60,INDEPENDANT,9656,6177,72261,36,34,3,0,0.644,CAUTION,CONSOMMATION,0
COMMERCE,Casablanca-Settat,76,SALARIE_CDD,8038,3496,49722,60,45,1,3,0.384,AUCUNE,CONSOMMATION,0
COMMERCE,Drâa-Tafilalet,47,SALARIE_CDD,5466,2477,42355,36,27,2,4,0.415,AUCUNE,CONSOMMATION,1
INDUSTRIE,Drâa-Tafilalet,25,INDEPENDANT,6382,3877,12763,84,3,1,1,0.621,AUCUNE,CONSOMMATION,0
AGRICULTURE,Laâyoune-Sakia El Hamra,29,FONCTIONNAIRE,10533,6575,26445,48,11,3,0,0.622,HYPOTHEQUE,IMMOBILIER,0
INDUSTRIE,Dakhla-Oued Ed-Dahab,49,FONCTIONNAIRE,3368,535,18332,120,28,2,0,0.159,AUCUNE,CONSOMMATION,0
TECH,Béni Mellal-Khénifra,55,SALARIE_CDD,2827,753,26555,48,30,3,0,0.315,NANTISSEMENT,CONSOMMATION,0
AGRICULTURE,Rabat-Salé-Kénitra,64,SALARIE_CDI,11070,5060,20371,60,38,3,0,0.452,NANTISSEMENT,AUTO,0
COMMERCE,Marrakech-Safi,68,SALARIE_CDD,6374,968,25267,48,43,5,0,0.141,AUCUNE,CONSOMMATION,0
AGRICULTURE,Drâa-Tafilalet,66,RETRAITE,10005,3089,27236,120,44,2,0,0.341,CAUTION,CONSOMMATION,0
SERVICES,Béni Mellal-Khénifra,55,SALARIE_CDI,16473,4088,27571,120,35,4,0,0.336,CAUTION,IMMOBILIER,1
COMMERCE,Souss-Massa,19,SALARIE_CDI,5136,2115,29556,48,0,2,3,0.388,AUCUNE,CONSOMMATION,1
SERVICES,Tanger-Tétouan-Al Hoceïma,51,SALARIE_CDI,3823,1715,18965,60,25,3,0,0.471,AUCUNE,IMMOBILIER,0
COMMERCE,Drâa-Tafilalet,69,SALARIE_CDD,7155,1749,37269,24,42,1,0,0.231,CAUTION,IMMOBILIER,0
SERVICES,Souss-Massa,71,SALARIE_CDI,5954,2490,19316,120,45,5,0,0.371,AUCUNE,CONSOMMATION,0
SERVICES,Rabat-Salé-Kénitra,70,FONCTIONNAIRE,8011,2791,23880,60,45,3,2,0.347,AUCUNE,CONSOMMATION,1
SERVICES,Dakhla-Oued Ed-Dahab,18,SALARIE_CDI,10323,6663,35062,36,0,5,0,0.676,AUCUNE,CONSOMMATION,1
INDUSTRIE,Tanger-Tétouan-Al Hoceïma,45,SALARIE_CDI,9386,1713,5960,120,20,3,1,0.141,CAUTION,CONSOMMATION,1
COMMERCE,Fès-Meknès,56,SALARIE_CDI,8274,4719,207750,84,34,0,1,0.626,AUCUNE,IMMOBILIER,0
INDUSTRIE,Casablanca-Settat,33,SALARIE_CDI,13045,8476,52435,24,15,3,0,0.63,AUCUNE,CONSOMMATION,0
INDUSTRIE,Souss-Massa,43,INDEPENDANT,10958,4611,45428,120,24,3,1,0.399,AUCUNE,CONSOMMATION,1
AGRICULTURE,Dakhla-Oued Ed-Dahab,24,INDEPENDANT,7468,3661,25203,24,0,4,0,0.528,AUCUNE,CONSOMMATION,1
AGRICULTURE,Rabat-Salé-Kénitra,30,INDEPENDANT,10784,2307,38785,12,11,5,1,0.227,CAUTION,AUTO,0
SERVICES,Marrakech-Safi,18,INDEPENDANT,4042,1315,15570,36,0,0,3,0.289,CAUTION,PROFESSIONNEL,1
INDUSTRIE,Marrakech-Safi,79,SALARIE_CDI,13078,3148,51183,48,45,5,0,0.175,CAUTION,PROFESSIONNEL,1
COMMERCE,Rabat-Salé-Kénitra,72,INDEPENDANT,8184,3615,11174,12,45,3,0,0.527,HYPOTHEQUE,PROFESSIONNEL,0
TECH,Béni Mellal-Khénifra,43,SALARIE_CDD,4721,2932,14940,60,24,5,5,0.63,HYPOTHEQUE,AUTO,0
INDUSTRIE,Fès-Meknès,18,INDEPENDANT,6718,1107,22094,48,0,2,4,0.258,HYPOTHEQUE,CONSOMMATION,1
TECH,Guelmim-Oued Noun,39,FONCTIONNAIRE,12925,5134,104499,60,13,3,0,0.373,AUCUNE,AUTO,0
SERVICES,Tanger-Tétouan-Al Hoceïma,45,SALARIE_CDI,5736,2936,16793,48,26,1,0,0.528,NANTISSEMENT,IMMOBILIER,1
INDUSTRIE,Béni Mellal-Khénifra,28,SALARIE_CDI,9748,3561,45870,48,6,0,1,0.304,AUCUNE,CONSOMMATION,0
TECH,Rabat-Salé-Kénitra,59,SALARIE_CDI,12033,5047,8570,24,33,0,0,0.369,CAUTION,IMMOBILIER,0
COMMERCE,Fès-Meknès,80,SALARIE_CDD,8193,3085,36952,84,45,0,0,0.355,HYPOTHEQUE,PROFESSIONNEL,0
TECH,Tanger-Tétouan-Al Hoceïma,71,SALARIE_CDD,5491,2464,122348,60,45,2,1,0.532,NANTISSEMENT,PROFESSIONNEL,1
SERVICES,Casablanca-Settat,71,RETRAITE,7873,1451,51543,24,45,1,0,0.196,AUCUNE,IMMOBILIER,1
SERVICES,Souss-Massa,70,SALARIE_CDI,4297,1819,8509,12,45,1,2,0.478,CAUTION,IMMOBILIER,1
SERVICES,Souss-Massa,22,FONCTIONNAIRE,6504,2640,37439,120,0,3,1,0.507,HYPOTHEQUE,PROFESSIONNEL,0
SERVICES,Tanger-Tétouan-Al Hoceïma,52,FONCTIONNAIRE,4923,1186,26244,48,25,5,0,0.288,AUCUNE,CONSOMMATION,1
SERVICES,Oriental,53,SALARIE_CDI,7934,3311,85688,84,30,5,0,0.463,HYPOTHEQUE,PROFESSIONNEL,0
COMMERCE,Guelmim-Oued Noun,24,SALARIE_CDI,4577,1746,33856,48,0,3,0,0.388,HYPOTHEQUE,IMMOBILIER,0
COMMERCE,Guelmim-Oued Noun,27,SALARIE_CDD,8413,3757,13252,36,8,2,0,0.519,CAUTION,CONSOMMATION,1
COMMERCE,Casablanca-Settat,53,SALARIE_CDD,13491,5827,33010,36,28,2,0,0.45,CAUTION,CONSOMMATION,1
INDUSTRIE,Béni Mellal-Khénifra,63,SALARIE_CDI,13878,4889,22307,12,44,3,2,0.409,CAUTION,CONSOMMATION,0
SERVICES,Laâyoune-Sakia El Hamra,31,SALARIE_CDI,4626,2501,8005,48,10,5,0,0.525,CAUTION,IMMOBILIER,1
COMMERCE,Laâyoune-Sakia El Hamra,48,SALARIE_CDI,6004,1974,32146,84,28,3,0,0.364,HYPOTHEQUE,CONSOMMATION,1
SERVICES,Fès-Meknès,22,INDEPENDANT,11893,4606,36429,12,4,2,1,0.409,CAUTION,CONSOMMATION,1
TECH,Guelmim-Oued Noun,24,INDEPENDANT,11124,4040,47426,12,0,1,0,0.347,HYPOTHEQUE,IMMOBILIER,0
SERVICES,Guelmim-Oued Noun,54,SALARIE_CDI,6144,2414,74032,24,35,0,0,0.323,HYPOTHEQUE,CONSOMMATION,0
COMMERCE,Tanger-Tétouan-Al Hoceïma,53,FONCTIONNAIRE,6510,3581,29836,48,27,1,5,0.566,CAUTION,IMMOBILIER,0
AGRICULTURE,Laâyoune-Sakia El Hamra,65,RETRAITE,8409,4245,12697,48,39,4,1,0.528,AUCUNE,PROFESSIONNEL,0
COMMERCE,Béni Mellal-Khénifra,75,SALARIE_CDI,3551,608,20218,60,45,2,0,0.121,NANTISSEMENT,PROFESSIONNEL,1
COMMERCE,Guelmim-Oued Noun,29,SALARIE_CDI,10264,4078,35845,84,7,5,0,0.405,CAUTION,CONSOMMATION,0
COMMERCE,Drâa-Tafilalet,39,SALARIE_CDI,13192,2802,85021,120,21,4,0,0.227,CAUTION,CONSOMMATION,0
SERVICES,Guelmim-Oued Noun,71,SALARIE_CDI,6802,3501,36416,120,45,4,2,0.57,CAUTION,CONSOMMATION,1
COMMERCE,Dakhla-Oued Ed-Dahab,21,INDEPENDANT,4278,2752,33106,36,0,4,2,0.659,AUCUNE,CONSOMMATION,1
AGRICULTURE,Laâyoune-Sakia El Hamra,70,INDEPENDANT,15301,7029,30777,48,45,0,1,0.495,HYPOTHEQUE,PROFESSIONNEL,0
AGRICULTURE,Souss-Massa,77,FONCTIONNAIRE,8944,3040,36108,84,45,2,2,0.333,HYPOTHEQUE,PROFESSIONNEL,0
INDUSTRIE,Oriental,24,SALARIE_CDI,11148,2075,138318,24,0,4,0,0.171,CAUTION,CONSOMMATION,0
INDUSTRIE,Béni Mellal-Khénifra,26,INDEPENDANT,4472,1414,34233,120,6,5,2,0.309,AUCUNE,CONSOMMATION,0
TECH,Laâyoune-Sakia El Hamra,61,SALARIE_CDI,4479,1848,30197,12,41,4,2,0.39,CAUTION,CONSOMMATION,1
COMMERCE,Tanger-Tétouan-Al Hoceïma,47,SALARIE_CDI,9763,5764,37301,48,29,1,1,0.579,HYPOTHEQUE,PROFESSIONNEL,1
SERVICES,Fès-Meknès,80,SALARIE_CDI,12867,5230,22619,84,45,3,0,0.432,AUCUNE,AUTO,1
SERVICES,Drâa-Tafilalet,52,INDEPENDANT,4875,3131,12174,12,32,4,1,0.67,CAUTION,IMMOBILIER,1
SERVICES,Dakhla-Oued Ed-Dahab,59,INDEPENDANT,7740,2590,10743,120,37,5,2,0.357,AUCUNE,AUTO,1
INDUSTRIE,Laâyoune-Sakia El Hamra,32,FONCTIONNAIRE,3967,596,21835,12,14,0,0,0.166,CAUTION,CONSOMMATION,0
SERVICES,Rabat-Salé-Kénitra,38,INDEPENDANT,5909,2744,83022,24,15,5,1,0.531,CAUTION,CONSOMMATION,0
SERVICES,Dakhla-Oued Ed-Dahab,29,SALARIE_CDI,7218,1874,82204,36,5,2,0,0.325,NANTISSEMENT,IMMOBILIER,0
SERVICES,Guelmim-Oued Noun,27,SALARIE_CDD,10097,2745,16627,60,6,5,0,0.28,CAUTION,CONSOMMATION,1
AGRICULTURE,Rabat-Salé-Kénitra,25,INDEPENDANT,3141,499,32510,36,7,4,2,0.237,AUCUNE,PROFESSIONNEL,1
SERVICES,Casablanca-Settat,74,INDEPENDANT,14679,6103,39818,48,45,3,0,0.487,AUCUNE,CONSOMMATION,1
SERVICES,Marrakech-Safi,22,FONCTIONNAIRE,7504,2054,21863,36,0,2,4,0.281,NANTISSEMENT,IMMOBILIER,1
INDUSTRIE,Dakhla-Oued Ed-Dahab,50,SALARIE_CDI,14508,9389,90770,36,24,1,0,0.617,AUCUNE,IMMOBILIER,0
SERVICES,Guelmim-Oued Noun,50,RETRAITE,11097,6301,61909,48,26,3,2,0.55,HYPOTHEQUE,PROFESSIONNEL,1
AGRICULTURE,Oriental,21,SALARIE_CDD,11891,6071,46751,36,0,1,0,0.515,CAUTION,PROFESSIONNEL,0
AGRICULTURE,Béni Mellal-Khénifra,71,SALARIE_CDI,20113,6576,38100,48,45,2,0,0.311,AUCUNE,CONSOMMATION,0
INDUSTRIE,Tanger-Tétouan-Al Hoceïma,49,SALARIE_CDI,5700,1059,12160,36,24,1,0,0.137,AUCUNE,AUTO,0
INDUSTRIE,Laâyoune-Sakia El Hamra,25,SALARIE_CDI,8612,4172,93890,24,0,1,0,0.433,CAUTION,IMMOBILIER,0
INDUSTRIE,Rabat-Salé-Kénitra,26,FONCTIONNAIRE,5188,836,54522,36,0,5,1,0.14,HYPOTHEQUE,PROFESSIONNEL,1
SERVICES,Fès-Meknès,62,FONCTIONNAIRE,7739,2870,48363,48,35,5,1,0.342,AUCUNE,CONSOMMATION,1
INDUSTRIE,Marrakech-Safi,57,SALARIE_CDI,11204,1976,21665,48,34,3,2,0.082,CAUTION,CONSOMMATION,0
SERVICES,Laâyoune-Sakia El Hamra,43,SALARIE_CDI,13458,5785,23021,60,16,3,2,0.472,AUCUNE,AUTO,0
SERVICES,Oriental,43,FONCTIONNAIRE,6823,2932,51338,36,21,0,0,0.482,CAUTION,IMMOBILIER,1
COMMERCE,Drâa-Tafilalet,20,SALARIE_CDD,4712,1957,78556,48,0,4,2,0.445,AUCUNE,CONSOMMATION,1
SERVICES,Dakhla-Oued Ed-Dahab,20,SALARIE_CDI,8375,4249,121466,48,0,5,4,0.402,HYPOTHEQUE,CONSOMMATION,1
SERVICES,Marrakech-Safi,51,SALARIE_CDI,5522,1458,21704,84,27,5,0,0.255,CAUTION,AUTO,1
COMMERCE,Dakhla-Oued Ed-Dahab,40,INDEPENDANT,6248,1694,32493,60,16,0,0,0.294,AUCUNE,CONSOMMATION,0
INDUSTRIE,Rabat-Salé-Kénitra,33,RETRAITE,10963,3926,8383,24,11,4,0,0.42,HYPOTHEQUE,IMMOBILIER,1
SERVICES,Guelmim-Oued Noun,41,SALARIE_CDD,10082,5055,6485,24,14,2,5,0.61,HYPOTHEQUE,IMMOBILIER,1
SERVICES,Drâa-Tafilalet,56,FONCTIONNAIRE,11795,2458,52421,36,35,0,4,0.209,CAUTION,CONSOMMATION,1
SERVICES,Guelmim-Oued Noun,36,INDEPENDANT,6962,4128,19984,36,12,4,1,0.601,CAUTION,IMMOBILIER,1
SERVICES,Rabat-Salé-Kénitra,40,SALARIE_CDI,12760,3523,9125,48,18,3,0,0.301,AUCUNE,IMMOBILIER,1
TECH,Dakhla-Oued Ed-Dahab,35,INDEPENDANT,8156,1745,16090,24,14,1,0,0.185,HYPOTHEQUE,AUTO,0
AGRICULTURE,Guelmim-Oued Noun,59,SALARIE_CDD,7130,3205,46165,120,35,3,3,0.411,HYPOTHEQUE,PROFESSIONNEL,0
INDUSTRIE,Rabat-Salé-Kénitra,21,FONCTIONNAIRE,4942,1422,47512,84,2,2,0,0.332,HYPOTHEQUE,PROFESSIONNEL,0
INDUSTRIE,Oriental,75,FONCTIONNAIRE,3164,1121,11544,60,45,1,0,0.388,NANTISSEMENT,CONSOMMATION,0
TECH,Guelmim-Oued Noun,52,SALARIE_CDI,4009,724,86292,60,28,2,0,0.171,HYPOTHEQUE,IMMOBILIER,0
COMMERCE,Souss-Massa,33,INDEPENDANT,8928,3415,22315,36,11,3,3,0.304,AUCUNE,IMMOBILIER,1
SERVICES,Tanger-Tétouan-Al Hoceïma,65,INDEPENDANT,5386,1626,44022,48,45,0,1,0.195,NANTISSEMENT,IMMOBILIER,0
SERVICES,Fès-Meknès,77,SALARIE_CDI,3865,908,37285,12,45,4,1,0.231,NANTISSEMENT,IMMOBILIER,0
INDUSTRIE,Oriental,21,FONCTIONNAIRE,6710,2303,36023,12,0,2,0,0.341,AUCUNE,AUTO,0
COMMERCE,Dakhla-Oued Ed-Dahab,30,RETRAITE,9190,4917,18848,48,6,3,0,0.523,CAUTION,PROFESSIONNEL,1
SERVICES,Béni Mellal-Khénifra,27,INDEPENDANT,9767,5194,35703,12,6,0,2,0.577,AUCUNE,PROFESSIONNEL,1
INDUSTRIE,Drâa-Tafilalet,22,FONCTIONNAIRE,7998,2641,43851,120,0,0,0,0.341,NANTISSEMENT,IMMOBILIER,1
INDUSTRIE,Guelmim-Oued Noun,64,SALARIE_CDI,7884,5023,31586,84,44,3,1,0.538,CAUTION,IMMOBILIER,0
SERVICES,Guelmim-Oued Noun,30,SALARIE_CDI,6360,1354,38974,60,12,3,0,0.313,AUCUNE,AUTO,1
COMMERCE,Tanger-Tétouan-Al Hoceïma,42,SALARIE_CDI,10778,6223,78533,120,18,3,0,0.452,AUCUNE,PROFESSIONNEL,0
COMMERCE,Guelmim-Oued Noun,69,INDEPENDANT,7483,4785,26111,36,45,0,1,0.612,AUCUNE,CONSOMMATION,1
COMMERCE,Fès-Meknès,56,INDEPENDANT,7829,3417,57374,120,36,2,0,0.386,CAUTION,IMMOBILIER,0
SERVICES,Béni Mellal-Khénifra,60,INDEPENDANT,12926,2328,31342,12,36,0,0,0.204,HYPOTHEQUE,PROFESSIONNEL,0
SERVICES,Fès-Meknès,24,SALARIE_CDI,11572,7065,98438,84,4,3,1,0.546,HYPOTHEQUE,CONSOMMATION,1
TECH,Dakhla-Oued Ed-Dahab,79,RETRAITE,7456,2747,13573,12,45,4,0,0.401,CAUTION,IMMOBILIER,0
COMMERCE,Drâa-Tafilalet,23,RETRAITE,6994,1650,90460,12,4,5,0,0.22,HYPOTHEQUE,PROFESSIONNEL,0
SERVICES,Béni Mellal-Khénifra,62,FONCTIONNAIRE,6970,4152,25030,84,43,2,0,0.632,CAUTION,CONSOMMATION,1
SERVICES,Souss-Massa,58,INDEPENDANT,3263,1186,159253,60,39,2,3,0.244,CAUTION,CONSOMMATION,0
TECH,Oriental,43,SALARIE_CDD,13275,5306,49251,36,25,3,1,0.39,AUCUNE,PROFESSIONNEL,1
TECH,Guelmim-Oued Noun,70,SALARIE_CDI,5954,2593,65853,24,45,0,1,0.47,HYPOTHEQUE,IMMOBILIER,0
TECH,Fès-Meknès,74,SALARIE_CDI,11903,7181,32447,36,45,2,4,0.547,HYPOTHEQUE,AUTO,0
COMMERCE,Guelmim-Oued Noun,22,SALARIE_CDI,8256,3318,58484,48,1,1,0,0.417,CAUTION,AUTO,0
INDUSTRIE,Fès-Meknès,78,SALARIE_CDI,15157,9005,58467,24,45,3,0,0.608,HYPOTHEQUE,CONSOMMATION,0
INDUSTRIE,Rabat-Salé-Kénitra,33,FONCTIONNAIRE,10283,2418,32870,120,14,0,2,0.248,HYPOTHEQUE,CONSOMMATION,0
SERVICES,Drâa-Tafilalet,67,SALARIE_CDI,12215,5599,62007,120,45,0,4,0.44,CAUTION,CONSOMMATION,1
COMMERCE,Drâa-Tafilalet,69,SALARIE_CDI,6208,2562,5000,36,45,2,4,0.449,CAUTION,CONSOMMATION,1
COMMERCE,Tanger-Tétouan-Al Hoceïma,53,SALARIE_CDI,4544,1420,23135,36,27,0,0,0.33,NANTISSEMENT,PROFESSIONNEL,1
SERVICES,Béni Mellal-Khénifra,72,FONCTIONNAIRE,8659,2219,36864,24,45,4,0,0.271,AUCUNE,IMMOBILIER,0
AGRICULTURE,Drâa-Tafilalet,70,RETRAITE,3420,633,51602,24,44,5,0,0.156,HYPOTHEQUE,PROFESSIONNEL,1
INDUSTRIE,Guelmim-Oued Noun,50,SALARIE_CDD,6564,1844,71712,12,25,4,0,0.232,CAUTION,PROFESSIONNEL,0
SERVICES,Dakhla-Oued Ed-Dahab,29,INDEPENDANT,4745,2326,30428,36,4,1,0,0.514,CAUTION,CONSOMMATION,0
INDUSTRIE,Laâyoune-Sakia El Hamra,45,RETRAITE,5553,1605,27631,120,25,4,0,0.254,HYPOTHEQUE,CONSOMMATION,0
TECH,Souss-Massa,74,INDEPENDANT,10594,5446,66841,60,45,4,0,0.586,HYPOTHEQUE,CONSOMMATION,0
AGRICULTURE,Marrakech-Safi,30,INDEPENDANT,10285,6043,81315,12,7,5,0,0.689,CAUTION,CONSOMMATION,1
COMMERCE,Rabat-Salé-Kénitra,80,FONCTIONNAIRE,7534,3746,60956,36,45,3,0,0.462,CAUTION,PROFESSIONNEL,0
AGRICULTURE,Oriental,29,RETRAITE,9358,5171,32626,36,4,2,0,0.511,CAUTION,PROFESSIONNEL,1
TECH,Béni Mellal-Khénifra,59,SALARIE_CDI,6353,2774,216208,84,36,0,0,0.459,AUCUNE,PROFESSIONNEL,0
TECH,Drâa-Tafilalet,58,INDEPENDANT,24149,15052,38390,48,35,2,0,0.639,HYPOTHEQUE,CONSOMMATION,1
TECH,Casablanca-Settat,30,SALARIE_CDD,9278,4931,42256,60,5,0,1,0.53,CAUTION,CONSOMMATION,1
INDUSTRIE,Drâa-Tafilalet,47,SALARIE_CDI,6213,1934,113898,12,27,2,3,0.34,CAUTION,CONSOMMATION,1
TECH,Guelmim-Oued Noun,27,INDEPENDANT,12015,6148,105835,36,3,0,1,0.547,AUCUNE,AUTO,0
COMMERCE,Drâa-Tafilalet,40,INDEPENDANT,14159,6880,59591,36,16,2,0,0.447,CAUTION,IMMOBILIER,0
TECH,Oriental,78,INDEPENDANT,5719,3007,19319,120,45,3,0,0.483,AUCUNE,CONSOMMATION,0
SERVICES,Casablanca-Settat,21,RETRAITE,4280,1325,39295,84,0,2,2,0.216,HYPOTHEQUE,CONSOMMATION,1
TECH,Souss-Massa,72,INDEPENDANT,4679,1894,52167,12,45,2,0,0.32,AUCUNE,CONSOMMATION,0
AGRICULTURE,Béni Mellal-Khénifra,60,FONCTIONNAIRE,5994,3538,142407,24,36,4,1,0.543,AUCUNE,PROFESSIONNEL,0
INDUSTRIE,Oriental,65,RETRAITE,7908,5044,286309,84,41,5,1,0.621,AUCUNE,IMMOBILIER,1
AGRICULTURE,Oriental,35,SALARIE_CDI,3893,1285,23877,36,15,1,0,0.37,HYPOTHEQUE,PROFESSIONNEL,0
INDUSTRIE,Oriental,77,SALARIE_CDI,6713,2641,65964,48,45,0,0,0.424,HYPOTHEQUE,IMMOBILIER,0
SERVICES,Oriental,33,SALARIE_CDD,7379,2327,20527,36,10,0,1,0.339,CAUTION,IMMOBILIER,1
SERVICES,Fès-Meknès,49,FONCTIONNAIRE,9379,4774,33276,36,22,2,0,0.499,AUCUNE,IMMOBILIER,0
TECH,Béni Mellal-Khénifra,20,FONCTIONNAIRE,10671,1808,19786,12,1,2,0,0.281,AUCUNE,PROFESSIONNEL,1
COMMERCE,Fès-Meknès,73,INDEPENDANT,9708,6086,116829,36,45,0,0,0.567,HYPOTHEQUE,PROFESSIONNEL,0
INDUSTRIE,Souss-Massa,62,SALARIE_CDI,18151,7708,42894,84,40,2,0,0.412,CAUTION,IMMOBILIER,0
COMMERCE,Tanger-Tétouan-Al Hoceïma,28,INDEPENDANT,13258,3785,44596,60,3,3,0,0.303,AUCUNE,PROFESSIONNEL,0
INDUSTRIE,Drâa-Tafilalet,59,FONCTIONNAIRE,8954,1510,37590,24,39,2,1,0.114,AUCUNE,CONSOMMATION,0
INDUSTRIE,Laâyoune-Sakia El Hamra,29,RETRAITE,5236,2253,47260,24,4,0,0,0.415,CAUTION,CONSOMMATION,0
TECH,Béni Mellal-Khénifra,45,SALARIE_CDI,5979,2649,48404,60,26,2,0,0.371,AUCUNE,PROFESSIONNEL,0
COMMERCE,Rabat-Salé-Kénitra,50,FONCTIONNAIRE,4260,2120,22480,60,25,4,0,0.481,HYPOTHEQUE,AUTO,0
TECH,Drâa-Tafilalet,76,INDEPENDANT,8682,3583,11143,120,45,2,0,0.487,AUCUNE,CONSOMMATION,0
COMMERCE,Fès-Meknès,38,FONCTIONNAIRE,9406,3836,14340,48,14,4,0,0.416,AUCUNE,CONSOMMATION,0
AGRICULTURE,Casablanca-Settat,18,SALARIE_CDI,12110,3658,11761,120,0,5,0,0.399,NANTISSEMENT,PROFESSIONNEL,1
SERVICES,Marrakech-Safi,45,SALARIE_CDI,9139,2258,41624,84,19,5,0,0.318,CAUTION,IMMOBILIER,1
SERVICES,Dakhla-Oued Ed-Dahab,76,SALARIE_CDI,13021,3587,20506,120,45,1,0,0.202,AUCUNE,PROFESSIONNEL,0
SERVICES,Souss-Massa,68,SALARIE_CDD,13141,4433,72119,24,43,1,0,0.28,HYPOTHEQUE,IMMOBILIER,0
COMMERCE,Marrakech-Safi,21,FONCTIONNAIRE,5102,2738,42979,36,0,1,1,0.608,CAUTION,AUTO,0
COMMERCE,Rabat-Salé-Kénitra,21,FONCTIONNAIRE,6418,1342,10049,36,0,3,0,0.204,CAUTION,IMMOBILIER,0
TECH,Béni Mellal-Khénifra,65,INDEPENDANT,8063,3804,27246,12,39,3,0,0.398,HYPOTHEQUE,CONSOMMATION,0
INDUSTRIE,Guelmim-Oued Noun,63,SALARIE_CDI,5897,996,8217,48,41,1,0,0.217,HYPOTHEQUE,CONSOMMATION,0
SERVICES,Tanger-Tétouan-Al Hoceïma,53,SALARIE_CDI,7263,1246,16302,12,34,0,0,0.249,AUCUNE,IMMOBILIER,0
COMMERCE,Rabat-Salé-Kénitra,23,INDEPENDANT,9280,2662,25766,84,5,1,0,0.361,AUCUNE,CONSOMMATION,1
AGRICULTURE,Tanger-Tétouan-Al Hoceïma,35,INDEPENDANT,7667,2519,18737,24,15,0,0,0.354,AUCUNE,CONSOMMATION,1
INDUSTRIE,Béni Mellal-Khénifra,71,INDEPENDANT,8104,1985,135868,36,45,5,0,0.304,HYPOTHEQUE,CONSOMMATION,0
SERVICES,Rabat-Salé-Kénitra,26,INDEPENDANT,5302,3145,61338,24,6,2,2,0.619,AUCUNE,AUTO,1
INDUSTRIE,Fès-Meknès,30,RETRAITE,10177,3077,28869,36,8,5,0,0.254,AUCUNE,CONSOMMATION,1
INDUSTRIE,Casablanca-Settat,46,RETRAITE,9847,3783,98599,48,26,5,2,0.44,CAUTION,PROFESSIONNEL,1
SERVICES,Souss-Massa,64,FONCTIONNAIRE,5750,3721,18359,120,37,1,0,0.636,CAUTION,CONSOMMATION,0
INDUSTRIE,Marrakech-Safi,70,SALARIE_CDI,4528,1254,28781,12,45,0,1,0.37,CAUTION,CONSOMMATION,0
COMMERCE,Marrakech-Safi,55,SALARIE_CDI,14095,6475,66021,12,31,3,0,0.442,HYPOTHEQUE,CONSOMMATION,1
INDUSTRIE,Rabat-Salé-Kénitra,49,FONCTIONNAIRE,17795,9311,16632,36,26,0,0,0.512,CAUTION,CONSOMMATION,0
INDUSTRIE,Drâa-Tafilalet,42,SALARIE_CDD,9006,2571,58661,84,17,4,3,0.231,CAUTION,AUTO,1
SERVICES,Souss-Massa,20,SALARIE_CDI,6886,1231,44576,84,0,4,3,0.215,AUCUNE,CONSOMMATION,0
AGRICULTURE,Dakhla-Oued Ed-Dahab,34,SALARIE_CDI,12976,7081,54811,84,10,2,1,0.641,AUCUNE,CONSOMMATION,0
INDUSTRIE,Tanger-Tétouan-Al Hoceïma,31,RETRAITE,10013,2949,127795,60,5,3,1,0.335,HYPOTHEQUE,IMMOBILIER,1
INDUSTRIE,Marrakech-Safi,21,SALARIE_CDI,7370,2289,49955,24,0,0,0,0.315,AUCUNE,CONSOMMATION,1
SERVICES,Marrakech-Safi,64,INDEPENDANT,12527,4477,39665,60,40,1,0,0.335,AUCUNE,CONSOMMATION,0
COMMERCE,Dakhla-Oued Ed-Dahab,40,INDEPENDANT,5629,954,12732,48,13,4,0,0.137,CAUTION,CONSOMMATION,1
TECH,Béni Mellal-Khénifra,50,FONCTIONNAIRE,5938,3419,42075,60,25,2,1,0.637,CAUTION,IMMOBILIER,1
SERVICES,Fès-Meknès,30,SALARIE_CDI,9544,5551,25953,48,12,3,0,0.55,AUCUNE,CONSOMMATION,1
SERVICES,Béni Mellal-Khénifra,55,INDEPENDANT,8531,4996,33317,120,29,4,5,0.482,HYPOTHEQUE,IMMOBILIER,1
SERVICES,Oriental,26,FONCTIONNAIRE,10794,2605,26071,84,0,1,1,0.392,CAUTION,CONSOMMATION,0
COMMERCE,Rabat-Salé-Kénitra,60,SALARIE_CDI,13863,8846,51229,120,37,2,0,0.653,HYPOTHEQUE,PROFESSIONNEL,1
AGRICULTURE,Drâa-Tafilalet,64,FONCTIONNAIRE,4030,1937,18153,120,38,0,0,0.462,AUCUNE,IMMOBILIER,0
INDUSTRIE,Rabat-Salé-Kénitra,37,SALARIE_CDI,8246,3682,42127,48,19,0,0,0.413,CAUTION,CONSOMMATION,0
INDUSTRIE,Marrakech-Safi,31,INDEPENDANT,19063,9744,17516,36,4,5,0,0.539,NANTISSEMENT,IMMOBILIER,0
TECH,Drâa-Tafilalet,67,INDEPENDANT,6195,3271,10310,24,41,4,4,0.471,NANTISSEMENT,AUTO,0
TECH,Souss-Massa,32,FONCTIONNAIRE,5874,2103,28589,36,13,2,5,0.327,CAUTION,CONSOMMATION,1
SERVICES,Marrakech-Safi,29,RETRAITE,2956,1306,50248,24,5,2,2,0.464,NANTISSEMENT,PROFESSIONNEL,1
SERVICES,Casablanca-Settat,39,SALARIE_CDD,8483,3754,21080,36,13,3,0,0.399,CAUTION,CONSOMMATION,0
INDUSTRIE,Béni Mellal-Khénifra,78,INDEPENDANT,10523,1620,39959,120,45,3,5,0.095,AUCUNE,CONSOMMATION,0
TECH,Drâa-Tafilalet,47,INDEPENDANT,10513,1628,28167,24,27,0,3,0.129,CAUTION,PROFESSIONNEL,1
COMMERCE,Marrakech-Safi,34,SALARIE_CDI,5081,1958,17592,120,14,1,1,0.371,CAUTION,CONSOMMATION,0
COMMERCE,Tanger-Tétouan-Al Hoceïma,50,INDEPENDANT,8071,3464,53643,12,32,0,0,0.417,CAUTION,AUTO,0
TECH,Tanger-Tétouan-Al Hoceïma,39,INDEPENDANT,8953,4509,23019,24,16,3,0,0.49,CAUTION,PROFESSIONNEL,1
SERVICES,Laâyoune-Sakia El Hamra,59,SALARIE_CDD,8295,4366,47204,120,39,2,0,0.541,AUCUNE,PROFESSIONNEL,0
INDUSTRIE,Guelmim-Oued Noun,45,INDEPENDANT,4951,2193,13067,48,22,3,0,0.408,HYPOTHEQUE,CONSOMMATION,1
SERVICES,Fès-Meknès,55,SALARIE_CDI,8390,2452,39965,36,36,1,1,0.307,CAUTION,PROFESSIONNEL,0
TECH,Oriental,45,SALARIE_CDI,5616,2581,56202,24,23,2,1,0.431,AUCUNE,AUTO,1
COMMERCE,Dakhla-Oued Ed-Dahab,48,SALARIE_CDI,3490,977,46455,12,28,0,5,0.274,AUCUNE,CONSOMMATION,1
INDUSTRIE,Tanger-Tétouan-Al Hoceïma,46,SALARIE_CDD,11010,6152,67831,24,27,2,0,0.527,AUCUNE,PROFESSIONNEL,0
SERVICES,Rabat-Salé-Kénitra,42,SALARIE_CDI,8630,3121,57059,24,15,1,0,0.271,HYPOTHEQUE,PROFESSIONNEL,0
TECH,Fès-Meknès,78,SALARIE_CDI,10576,6319,44777,60,45,5,0,0.613,HYPOTHEQUE,CONSOMMATION,0
TECH,Béni Mellal-Khénifra,34,RETRAITE,6371,1363,65658,120,10,3,0,0.267,HYPOTHEQUE,IMMOBILIER,0
COMMERCE,Dakhla-Oued Ed-Dahab,68,SALARIE_CDD,10742,5400,27956,24,45,3,0,0.516,NANTISSEMENT,PROFESSIONNEL,0
SERVICES,Fès-Meknès,62,INDEPENDANT,12835,4680,52307,12,39,1,1,0.303,CAUTION,CONSOMMATION,0
AGRICULTURE,Casablanca-Settat,51,SALARIE_CDI,17842,3813,36873,120,31,1,1,0.147,HYPOTHEQUE,CONSOMMATION,0
TECH,Marrakech-Safi,38,SALARIE_CDI,11687,5020,132645,60,12,5,2,0.472,CAUTION,AUTO,1
COMMERCE,Tanger-Tétouan-Al Hoceïma,48,INDEPENDANT,9635,2466,43978,36,27,1,0,0.277,HYPOTHEQUE,CONSOMMATION,0
COMMERCE,Rabat-Salé-Kénitra,71,SALARIE_CDI,4355,1290,14767,84,45,5,1,0.304,HYPOTHEQUE,CONSOMMATION,0
AGRICULTURE,Casablanca-Settat,29,SALARIE_CDD,7724,2921,43353,60,8,5,1,0.421,CAUTION,AUTO,1
AGRICULTURE,Béni Mellal-Khénifra,54,RETRAITE,4272,1419,18660,84,27,2,0,0.366,CAUTION,CONSOMMATION,0
COMMERCE,Guelmim-Oued Noun,66,SALARIE_CDI,5606,1930,60472,24,41,1,1,0.351,CAUTION,PROFESSIONNEL,0
INDUSTRIE,Marrakech-Safi,57,SALARIE_CDD,19531,6807,61239,36,31,4,0,0.418,HYPOTHEQUE,PROFESSIONNEL,0
INDUSTRIE,Oriental,27,FONCTIONNAIRE,5113,810,23710,48,8,5,0,0.244,CAUTION,CONSOMMATION,0
TECH,Oriental,50,SALARIE_CDI,2824,942,17562,60,24,1,0,0.398,CAUTION,IMMOBILIER,0
COMMERCE,Drâa-Tafilalet,29,INDEPENDANT,11683,4051,39852,48,4,5,1,0.385,HYPOTHEQUE,CONSOMMATION,1
SERVICES,Dakhla-Oued Ed-Dahab,76,SALARIE_CDD,5986,2672,19288,24,45,2,1,0.452,AUCUNE,PROFESSIONNEL,1
SERVICES,Laâyoune-Sakia El Hamra,40,SALARIE_CDI,11448,4470,20193,36,22,4,2,0.393,CAUTION,CONSOMMATION,1
AGRICULTURE,Fès-Meknès,44,SALARIE_CDD,4786,1131,25483,36,21,2,0,0.274,CAUTION,PROFESSIONNEL,1
AGRICULTURE,Dakhla-Oued Ed-Dahab,72,SALARIE_CDD,6690,2970,56219,12,45,4,0,0.416,AUCUNE,CONSOMMATION,1
AGRICULTURE,Casablanca-Settat,44,FONCTIONNAIRE,13879,2325,12852,84,23,5,1,0.165,CAUTION,CONSOMMATION,0
INDUSTRIE,Dakhla-Oued Ed-Dahab,30,RETRAITE,4470,1415,21415,60,3,1,0,0.287,HYPOTHEQUE,PROFESSIONNEL,0
TECH,Rabat-Salé-Kénitra,74,INDEPENDANT,7509,3455,194681,60,45,2,2,0.457,HYPOTHEQUE,AUTO,0
TECH,Rabat-Salé-Kénitra,58,SALARIE_CDD,9238,4268,142581,84,37,3,0,0.421,AUCUNE,PROFESSIONNEL,0
INDUSTRIE,Rabat-Salé-Kénitra,56,RETRAITE,5863,1408,84699,48,38,0,2,0.229,HYPOTHEQUE,PROFESSIONNEL,0
SERVICES,Rabat-Salé-Kénitra,22,INDEPENDANT,9035,2888,37446,60,0,0,2,0.3,CAUTION,CONSOMMATION,0
AGRICULTURE,Souss-Massa,46,SALARIE_CDI,8160,3091,61476,60,24,4,1,0.432,CAUTION,PROFESSIONNEL,0
SERVICES,Béni Mellal-Khénifra,46,SALARIE_CDI,10307,3666,27742,60,28,4,0,0.414,HYPOTHEQUE,CONSOMMATION,0
COMMERCE,Drâa-Tafilalet,34,SALARIE_CDI,18564,9147,5468,84,7,3,0,0.521,CAUTION,AUTO,0
COMMERCE,Casablanca-Settat,53,SALARIE_CDI,27007,14046,24364,12,28,3,0,0.446,HYPOTHEQUE,CONSOMMATION,1
COMMERCE,Fès-Meknès,33,SALARIE_CDD,9982,1701,26061,120,11,1,3,0.2,HYPOTHEQUE,IMMOBILIER,0
SERVICES,Rabat-Salé-Kénitra,47,SALARIE_CDI,7710,4030,37040,48,24,5,5,0.567,NANTISSEMENT,CONSOMMATION,1
TECH,Rabat-Salé-Kénitra,68,RETRAITE,9881,5822,50924,84,43,4,0,0.573,HYPOTHEQUE,CONSOMMATION,0
SERVICES,Drâa-Tafilalet,64,SALARIE_CDD,7299,4430,115341,12,44,2,0,0.645,CAUTION,PROFESSIONNEL,1
TECH,Béni Mellal-Khénifra,35,SALARIE_CDI,3967,706,37132,48,15,3,0,0.225,CAUTION,CONSOMMATION,0
SERVICES,Marrakech-Safi,31,RETRAITE,7935,4696,17989,48,5,4,0,0.511,CAUTION,CONSOMMATION,1
COMMERCE,Fès-Meknès,18,FONCTIONNAIRE,13187,3057,31661,24,0,0,1,0.28,CAUTION,CONSOMMATION,0
TECH,Dakhla-Oued Ed-Dahab,39,SALARIE_CDI,4192,1338,57004,120,15,3,3,0.309,AUCUNE,AUTO,1
SERVICES,Oriental,19,SALARIE_CDI,5203,1773,33572,48,0,1,0,0.272,NANTISSEMENT,IMMOBILIER,0
SERVICES,Marrakech-Safi,26,FONCTIONNAIRE,6236,1868,20693,120,8,2,2,0.308,AUCUNE,CONSOMMATION,1
TECH,Dakhla-Oued Ed-Dahab,79,SALARIE_CDD,9581,2849,52428,48,45,3,3,0.278,CAUTION,AUTO,1
SERVICES,Marrakech-Safi,71,FONCTIONNAIRE,23615,5543,16318,60,45,4,1,0.277,HYPOTHEQUE,IMMOBILIER,0
SERVICES,Fès-Meknès,53,INDEPENDANT,5630,2700,19634,60,29,3,2,0.51,HYPOTHEQUE,PROFESSIONNEL,1
INDUSTRIE,Drâa-Tafilalet,66,FONCTIONNAIRE,8443,3717,48594,60,45,5,0,0.467,AUCUNE,CONSOMMATION,0
AGRICULTURE,Oriental,48,INDEPENDANT,8124,3711,20960,60,30,0,2,0.418,CAUTION,IMMOBILIER,1
COMMERCE,Casablanca-Settat,55,INDEPENDANT,7076,2906,28374,84,29,1,0,0.391,AUCUNE,AUTO,1
INDUSTRIE,Guelmim-Oued Noun,75,FONCTIONNAIRE,7931,2065,36722,24,45,1,1,0.245,CAUTION,CONSOMMATION,0
AGRICULTURE,Marrakech-Safi,22,SALARIE_CDI,6574,2913,35265,84,0,4,4,0.476,CAUTION,CONSOMMATION,1
COMMERCE,Drâa-Tafilalet,40,SALARIE_CDD,27843,13277,18446,84,18,0,0,0.546,CAUTION,PROFESSIONNEL,0
INDUSTRIE,Tanger-Tétouan-Al Hoceïma,25,SALARIE_CDD,11354,1998,45717,84,4,1,0,0.203,AUCUNE,IMMOBILIER,1
INDUSTRIE,Guelmim-Oued Noun,68,FONCTIONNAIRE,6599,4249,19105,36,45,5,0,0.602,NANTISSEMENT,PROFESSIONNEL,0
INDUSTRIE,Laâyoune-Sakia El Hamra,69,SALARIE_CDD,13803,6072,115318,36,45,2,0,0.419,AUCUNE,IMMOBILIER,1
INDUSTRIE,Guelmim-Oued Noun,63,FONCTIONNAIRE,9095,4267,27420,84,45,2,0,0.49,HYPOTHEQUE,IMMOBILIER,0
COMMERCE,Dakhla-Oued Ed-Dahab,56,SALARIE_CDD,8317,3617,55577,48,38,5,2,0.493,HYPOTHEQUE,PROFESSIONNEL,1
SERVICES,Oriental,48,FONCTIONNAIRE,7466,3698,60670,12,23,3,3,0.49,NANTISSEMENT,IMMOBILIER,0
COMMERCE,Casablanca-Settat,19,SALARIE_CDD,7241,3464,28328,84,0,1,0,0.512,CAUTION,IMMOBILIER,0
SERVICES,Oriental,66,INDEPENDANT,4680,2572,18454,84,45,0,1,0.472,AUCUNE,CONSOMMATION,0
INDUSTRIE,Souss-Massa,74,SALARIE_CDD,3816,881,60522,48,45,1,1,0.204,CAUTION,PROFESSIONNEL,1
SERVICES,Drâa-Tafilalet,78,INDEPENDANT,9574,2220,13416,48,45,2,0,0.268,AUCUNE,IMMOBILIER,1
COMMERCE,Marrakech-Safi,39,FONCTIONNAIRE,7432,1931,14930,48,20,3,0,0.14,HYPOTHEQUE,PROFESSIONNEL,1
TECH,Drâa-Tafilalet,30,SALARIE_CDD,12026,7597,55542,36,6,5,3,0.686,AUCUNE,CONSOMMATION,1
INDUSTRIE,Souss-Massa,59,INDEPENDANT,5429,1784,31554,60,32,2,0,0.348,AUCUNE,CONSOMMATION,0
SERVICES,Drâa-Tafilalet,19,RETRAITE,4944,1523,22141,12,0,5,5,0.312,NANTISSEMENT,PROFESSIONNEL,1
SERVICES,Souss-Massa,21,INDEPENDANT,11491,3041,25615,36,0,0,2,0.163,CAUTION,CONSOMMATION,0
TECH,Tanger-Tétouan-Al Hoceïma,69,RETRAITE,7095,2772,20809,120,45,2,2,0.438,AUCUNE,CONSOMMATION,1
SERVICES,Marrakech-Safi,78,SALARIE_CDD,11909,7177,167176,84,45,2,0,0.701,HYPOTHEQUE,AUTO,0
TECH,Guelmim-Oued Noun,43,INDEPENDANT,8226,4007,74078,12,25,5,0,0.475,CAUTION,PROFESSIONNEL,1
INDUSTRIE,Casablanca-Settat,49,INDEPENDANT,18862,4600,20394,24,24,5,0,0.219,AUCUNE,IMMOBILIER,0
SERVICES,Marrakech-Safi,52,INDEPENDANT,11385,6474,29177,12,29,2,0,0.554,CAUTION,IMMOBILIER,0
TECH,Souss-Massa,26,INDEPENDANT,9744,6068,55148,120,0,5,5,0.66,AUCUNE,PROFESSIONNEL,1
COMMERCE,Rabat-Salé-Kénitra,32,INDEPENDANT,11614,5883,18342,84,11,3,1,0.557,AUCUNE,CONSOMMATION,1
SERVICES,Dakhla-Oued Ed-Dahab,36,FONCTIONNAIRE,7167,3202,24560,60,10,2,0,0.476,HYPOTHEQUE,CONSOMMATION,0
AGRICULTURE,Tanger-Tétouan-Al Hoceïma,71,FONCTIONNAIRE,3869,1880,29476,60,45,2,0,0.473,HYPOTHEQUE,IMMOBILIER,1
SERVICES,Marrakech-Safi,45,SALARIE_CDD,9532,4937,19595,60,23,0,0,0.573,CAUTION,CONSOMMATION,0
INDUSTRIE,Fès-Meknès,63,FONCTIONNAIRE,19413,11254,78236,84,44,4,0,0.523,CAUTION,CONSOMMATION,0
INDUSTRIE,Marrakech-Safi,30,SALARIE_CDI,2891,1386,22025,120,11,2,0,0.538,AUCUNE,PROFESSIONNEL,1
COMMERCE,Béni Mellal-Khénifra,78,INDEPENDANT,10008,4161,33473,120,45,4,0,0.482,AUCUNE,CONSOMMATION,0
TECH,Souss-Massa,73,FONCTIONNAIRE,4061,980,39406,36,45,2,0,0.222,CAUTION,IMMOBILIER,0
SERVICES,Marrakech-Safi,47,SALARIE_CDD,8019,2703,110227,36,21,0,0,0.425,CAUTION,CONSOMMATION,1
AGRICULTURE,Laâyoune-Sakia El Hamra,32,SALARIE_CDI,8398,1615,34187,12,5,5,0,0.242,AUCUNE,IMMOBILIER,1
COMMERCE,Béni Mellal-Khénifra,79,SALARIE_CDI,11340,5832,162084,84,45,5,0,0.514,HYPOTHEQUE,CONSOMMATION,0
AGRICULTURE,Tanger-Tétouan-Al Hoceïma,68,FONCTIONNAIRE,8907,5755,28173,36,42,1,0,0.629,AUCUNE,IMMOBILIER,0
TECH,Oriental,50,SALARIE_CDD,15034,2976,31115,12,25,1,0,0.237,NANTISSEMENT,PROFESSIONNEL,0
AGRICULTURE,Béni Mellal-Khénifra,34,SALARIE_CDI,13696,5069,69974,84,10,3,0,0.338,CAUTION,CONSOMMATION,0
COMMERCE,Rabat-Salé-Kénitra,57,SALARIE_CDI,7417,3709,139254,120,35,4,2,0.573,AUCUNE,CONSOMMATION,0
INDUSTRIE,Guelmim-Oued Noun,41,SALARIE_CDD,13260,2187,30177,84,17,2,0,0.137,HYPOTHEQUE,IMMOBILIER,1
INDUSTRIE,Fès-Meknès,60,SALARIE_CDI,7039,2603,86276,60,42,5,0,0.493,CAUTION,AUTO,0
COMMERCE,Casablanca-Settat,70,SALARIE_CDI,6515,3566,65722,120,45,3,0,0.562,CAUTION,AUTO,0
INDUSTRIE,Oriental,48,INDEPENDANT,4713,1398,21321,120,26,1,0,0.23,HYPOTHEQUE,CONSOMMATION,0
TECH,Laâyoune-Sakia El Hamra,21,INDEPENDANT,14623,7017,35858,48,0,4,2,0.545,AUCUNE,CONSOMMATION,1
SERVICES,Drâa-Tafilalet,53,RETRAITE,7080,3212,35296,48,27,5,3,0.434,HYPOTHEQUE,IMMOBILIER,1
TECH,Fès-Meknès,72,SALARIE_CDI,2725,1363,17640,36,45,4,0,0.407,NANTISSEMENT,CONSOMMATION,0
SERVICES,Tanger-Tétouan-Al Hoceïma,32,SALARIE_CDI,10342,2793,40738,60,5,4,0,0.365,HYPOTHEQUE,PROFESSIONNEL,1
AGRICULTURE,Béni Mellal-Khénifra,78,SALARIE_CDI,6665,1561,38408,120,45,5,1,0.371,CAUTION,PROFESSIONNEL,0
SERVICES,Marrakech-Safi,40,FONCTIONNAIRE,7084,1122,47208,120,18,4,0,0.185,AUCUNE,CONSOMMATION,1
SERVICES,Guelmim-Oued Noun,61,SALARIE_CDI,7293,2846,38135,84,43,5,1,0.423,CAUTION,AUTO,0
TECH,Fès-Meknès,62,SALARIE_CDI,6964,1695,22763,36,40,0,1,0.267,CAUTION,CONSOMMATION,0
TECH,Marrakech-Safi,29,FONCTIONNAIRE,27653,13152,201252,84,5,1,2,0.507,AUCUNE,CONSOMMATION,1
TECH,Rabat-Salé-Kénitra,20,SALARIE_CDD,17124,7271,42272,36,0,2,0,0.409,NANTISSEMENT,CONSOMMATION,0
AGRICULTURE,Drâa-Tafilalet,77,FONCTIONNAIRE,11099,6292,90213,12,45,4,0,0.567,NANTISSEMENT,PROFESSIONNEL,1
SERVICES,Casablanca-Settat,62,FONCTIONNAIRE,9033,4977,49348,84,41,2,0,0.542,CAUTION,AUTO,1
TECH,Guelmim-Oued Noun,57,INDEPENDANT,13466,4452,104286,36,31,5,1,0.331,CAUTION,PROFESSIONNEL,1
INDUSTRIE,Dakhla-Oued Ed-Dahab,37,SALARIE_CDD,9042,2696,21095,120,15,5,4,0.238,HYPOTHEQUE,PROFESSIONNEL,1
COMMERCE,Rabat-Salé-Kénitra,24,SALARIE_CDI,11698,2235,34124,48,2,1,0,0.24,AUCUNE,CONSOMMATION,1
INDUSTRIE,Rabat-Salé-Kénitra,35,FONCTIONNAIRE,10417,5502,26538,60,17,2,0,0.534,HYPOTHEQUE,PROFESSIONNEL,1
SERVICES,Dakhla-Oued Ed-Dahab,52,SALARIE_CDI,8585,3418,24334,60,32,4,1,0.434,CAUTION,PROFESSIONNEL,0
COMMERCE,Rabat-Salé-Kénitra,61,SALARIE_CDI,12371,3936,43794,48,37,2,0,0.343,CAUTION,PROFESSIONNEL,0
TECH,Tanger-Tétouan-Al Hoceïma,38,SALARIE_CDD,6707,3365,30566,120,16,0,0,0.389,NANTISSEMENT,PROFESSIONNEL,0
SERVICES,Laâyoune-Sakia El Hamra,31,SALARIE_CDI,8319,2388,13373,12,10,2,0,0.31,NANTISSEMENT,CONSOMMATION,0
AGRICULTURE,Rabat-Salé-Kénitra,33,SALARIE_CDI,5215,2029,29381,24,14,4,1,0.431,AUCUNE,IMMOBILIER,0
COMMERCE,Béni Mellal-Khénifra,78,FONCTIONNAIRE,5493,2021,27717,60,45,5,0,0.326,CAUTION,CONSOMMATION,0
SERVICES,Tanger-Tétouan-Al Hoceïma,57,INDEPENDANT,2596,740,67273,120,33,1,2,0.285,CAUTION,IMMOBILIER,1
COMMERCE,Souss-Massa,80,SALARIE_CDI,9951,5425,13189,84,45,3,1,0.528,NANTISSEMENT,CONSOMMATION,1
SERVICES,Dakhla-Oued Ed-Dahab,18,FONCTIONNAIRE,11262,5672,25361,60,0,3,0,0.524,AUCUNE,CONSOMMATION,0
SERVICES,Béni Mellal-Khénifra,46,RETRAITE,13206,5411,21477,12,20,2,4,0.403,AUCUNE,CONSOMMATION,0
COMMERCE,Fès-Meknès,46,SALARIE_CDI,4934,2445,61174,12,26,5,1,0.409,AUCUNE,CONSOMMATION,0
SERVICES,Dakhla-Oued Ed-Dahab,43,INDEPENDANT,9877,1923,24790,36,23,4,0,0.146,HYPOTHEQUE,CONSOMMATION,0
SERVICES,Oriental,42,SALARIE_CDI,8100,2956,75527,84,22,0,0,0.396,CAUTION,PROFESSIONNEL,0
TECH,Rabat-Salé-Kénitra,22,RETRAITE,11293,5083,35138,12,0,1,0,0.473,HYPOTHEQUE,PROFESSIONNEL,0
SERVICES,Tanger-Tétouan-Al Hoceïma,20,SALARIE_CDI,6044,2097,51167,36,0,0,1,0.467,NANTISSEMENT,IMMOBILIER,1
TECH,Marrakech-Safi,67,SALARIE_CDI,6965,3532,78747,36,43,5,1,0.509,CAUTION,CONSOMMATION,0
TECH,Béni Mellal-Khénifra,45,RETRAITE,4028,1656,15654,24,20,3,0,0.326,NANTISSEMENT,CONSOMMATION,0
SERVICES,Laâyoune-Sakia El Hamra,28,FONCTIONNAIRE,5869,2004,30546,60,4,3,2,0.414,AUCUNE,IMMOBILIER,1
COMMERCE,Casablanca-Settat,39,SALARIE_CDI,8114,2902,48765,24,14,1,1,0.41,AUCUNE,AUTO,0
SERVICES,Guelmim-Oued Noun,76,INDEPENDANT,8764,4453,41711,12,45,1,0,0.47,NANTISSEMENT,PROFESSIONNEL,1
COMMERCE,Laâyoune-Sakia El Hamra,47,INDEPENDANT,3795,694,14649,48,23,1,0,0.225,HYPOTHEQUE,PROFESSIONNEL,1
SERVICES,Dakhla-Oued Ed-Dahab,80,SALARIE_CDD,6437,3663,59134,48,45,0,5,0.585,AUCUNE,IMMOBILIER,0
AGRICULTURE,Béni Mellal-Khénifra,28,SALARIE_CDI,8709,1556,37549,24,6,2,0,0.136,AUCUNE,CONSOMMATION,0
SERVICES,Fès-Meknès,25,SALARIE_CDI,15270,3303,39726,12,7,3,3,0.232,AUCUNE,CONSOMMATION,0
COMMERCE,Rabat-Salé-Kénitra,53,RETRAITE,5540,3075,31103,12,30,4,2,0.527,CAUTION,PROFESSIONNEL,1
SERVICES,Dakhla-Oued Ed-Dahab,61,SALARIE_CDI,10102,3407,5000,84,38,4,1,0.266,NANTISSEMENT,IMMOBILIER,0
SERVICES,Tanger-Tétouan-Al Hoceïma,79,SALARIE_CDI,6294,2390,53200,84,45,2,1,0.372,CAUTION,CONSOMMATION,0
INDUSTRIE,Tanger-Tétouan-Al Hoceïma,47,SALARIE_CDI,6630,2230,54809,60,20,1,0,0.371,AUCUNE,CONSOMMATION,1
COMMERCE,Drâa-Tafilalet,30,SALARIE_CDI,5459,1073,27038,24,8,0,0,0.195,CAUTION,PROFESSIONNEL,0
AGRICULTURE,Drâa-Tafilalet,52,FONCTIONNAIRE,5065,2301,12847,60,26,5,0,0.423,AUCUNE,IMMOBILIER,0
SERVICES,Guelmim-Oued Noun,37,SALARIE_CDD,6544,3236,24964,120,14,1,1,0.523,AUCUNE,AUTO,1
SERVICES,Laâyoune-Sakia El Hamra,29,SALARIE_CDI,12986,3181,72875,84,11,3,3,0.236,AUCUNE,IMMOBILIER,0
INDUSTRIE,Laâyoune-Sakia El Hamra,23,SALARIE_CDI,5769,3035,27296,60,5,3,0,0.483,CAUTION,IMMOBILIER,0
INDUSTRIE,Marrakech-Safi,63,SALARIE_CDI,5379,1075,36893,12,42,5,0,0.213,AUCUNE,PROFESSIONNEL,0
AGRICULTURE,Marrakech-Safi,58,SALARIE_CDI,8903,4785,28753,48,33,0,0,0.528,NANTISSEMENT,PROFESSIONNEL,0
AGRICULTURE,Marrakech-Safi,28,SALARIE_CDI,8122,4066,45287,120,6,0,1,0.594,AUCUNE,AUTO,0
AGRICULTURE,Béni Mellal-Khénifra,53,INDEPENDANT,7858,4762,14447,84,32,5,2,0.652,HYPOTHEQUE,CONSOMMATION,0
SERVICES,Oriental,73,SALARIE_CDI,9084,5058,31521,12,45,3,2,0.599,NANTISSEMENT,CONSOMMATION,1
INDUSTRIE,Laâyoune-Sakia El Hamra,69,SALARIE_CDI,5145,2944,78229,120,42,1,0,0.485,AUCUNE,CONSOMMATION,0
TECH,Laâyoune-Sakia El Hamra,46,FONCTIONNAIRE,5407,3400,19112,48,27,5,1,0.667,HYPOTHEQUE,IMMOBILIER,1
INDUSTRIE,Guelmim-Oued Noun,21,INDEPENDANT,12630,7226,29960,24,0,4,0,0.618,AUCUNE,CONSOMMATION,1
COMMERCE,Casablanca-Settat,57,FONCTIONNAIRE,7588,4160,75891,12,33,2,5,0.468,AUCUNE,PROFESSIONNEL,1
SERVICES,Drâa-Tafilalet,50,RETRAITE,10598,2629,61248,36,24,1,1,0.206,CAUTION,PROFESSIONNEL,0
INDUSTRIE,Laâyoune-Sakia El Hamra,76,SALARIE_CDI,14056,7415,49845,120,45,4,0,0.49,AUCUNE,PROFESSIONNEL,0
TECH,Dakhla-Oued Ed-Dahab,52,SALARIE_CDI,11856,5529,47677,60,25,4,0,0.521,HYPOTHEQUE,PROFESSIONNEL,0
SERVICES,Tanger-Tétouan-Al Hoceïma,64,SALARIE_CDI,4375,2760,47151,48,38,4,1,0.692,HYPOTHEQUE,CONSOMMATION,1
AGRICULTURE,Guelmim-Oued Noun,51,SALARIE_CDI,7689,3922,30905,48,33,4,1,0.473,AUCUNE,PROFESSIONNEL,1
INDUSTRIE,Tanger-Tétouan-Al Hoceïma,52,RETRAITE,12944,3622,78550,24,32,2,0,0.222,CAUTION,CONSOMMATION,0
SERVICES,Rabat-Salé-Kénitra,37,FONCTIONNAIRE,10252,2379,26161,12,17,4,0,0.125,AUCUNE,CONSOMMATION,1
SERVICES,Tanger-Tétouan-Al Hoceïma,43,INDEPENDANT,8802,2559,18106,48,16,4,0,0.209,HYPOTHEQUE,PROFESSIONNEL,0
SERVICES,Fès-Meknès,36,RETRAITE,3875,1512,13784,24,17,0,0,0.355,AUCUNE,CONSOMMATION,1
COMMERCE,Laâyoune-Sakia El Hamra,47,INDEPENDANT,6140,2924,23585,120,21,2,0,0.444,AUCUNE,PROFESSIONNEL,1
SERVICES,Marrakech-Safi,77,SALARIE_CDD,8360,2153,23375,24,45,5,0,0.257,HYPOTHEQUE,IMMOBILIER,0
COMMERCE,Rabat-Salé-Kénitra,39,INDEPENDANT,4266,1137,22071,24,17,2,0,0.296,CAUTION,CONSOMMATION,0
TECH,Oriental,47,SALARIE_CDD,11581,3485,15948,48,28,2,0,0.313,NANTISSEMENT,CONSOMMATION,0
INDUSTRIE,Oriental,77,SALARIE_CDI,7685,4255,47184,36,45,3,0,0.521,AUCUNE,CONSOMMATION,0
SERVICES,Oriental,27,FONCTIONNAIRE,3325,1106,18722,60,5,0,0,0.327,NANTISSEMENT,IMMOBILIER,1
INDUSTRIE,Rabat-Salé-Kénitra,33,INDEPENDANT,6279,1188,53312,12,9,1,0,0.148,CAUTION,IMMOBILIER,0
TECH,Souss-Massa,49,INDEPENDANT,7123,3010,60156,120,29,1,1,0.4,HYPOTHEQUE,AUTO,1
COMMERCE,Dakhla-Oued Ed-Dahab,43,SALARIE_CDD,7643,1169,219938,24,21,5,3,0.14,HYPOTHEQUE,AUTO,0
SERVICES,Rabat-Salé-Kénitra,39,INDEPENDANT,15349,7473,26417,60,18,1,0,0.525,HYPOTHEQUE,CONSOMMATION,0
COMMERCE,Guelmim-Oued Noun,67,SALARIE_CDD,10512,6003,32475,120,44,0,0,0.617,AUCUNE,CONSOMMATION,1
COMMERCE,Rabat-Salé-Kénitra,49,FONCTIONNAIRE,4383,1022,21538,12,31,3,0,0.192,NANTISSEMENT,CONSOMMATION,0
INDUSTRIE,Marrakech-Safi,40,SALARIE_CDI,4145,2372,15993,48,17,5,0,0.573,AUCUNE,IMMOBILIER,1
SERVICES,Laâyoune-Sakia El Hamra,48,SALARIE_CDI,7186,3518,27060,60,28,0,1,0.525,HYPOTHEQUE,CONSOMMATION,1
AGRICULTURE,Fès-Meknès,73,SALARIE_CDI,8577,1709,21095,12,45,3,0,0.192,CAUTION,IMMOBILIER,0
SERVICES,Oriental,79,INDEPENDANT,12665,3343,15854,60,45,5,2,0.246,HYPOTHEQUE,CONSOMMATION,0
SERVICES,Tanger-Tétouan-Al Hoceïma,33,RETRAITE,17649,4654,42859,84,14,4,1,0.314,AUCUNE,IMMOBILIER,1
SERVICES,Béni Mellal-Khénifra,20,SALARIE_CDI,18086,4573,17147,12,0,3,1,0.285,HYPOTHEQUE,CONSOMMATION,0
COMMERCE,Tanger-Tétouan-Al Hoceïma,19,SALARIE_CDI,6640,2107,53966,84,0,5,1,0.315,NANTISSEMENT,IMMOBILIER,0
INDUSTRIE,Souss-Massa,46,SALARIE_CDI,12339,7451,66110,48,25,0,0,0.558,CAUTION,IMMOBILIER,1
SERVICES,Guelmim-Oued Noun,57,INDEPENDANT,9814,2572,19825,120,39,5,1,0.183,AUCUNE,IMMOBILIER,0
INDUSTRIE,Oriental,21,FONCTIONNAIRE,4960,3042,96660,36,0,1,0,0.623,CAUTION,IMMOBILIER,1
COMMERCE,Oriental,50,FONCTIONNAIRE,3465,1472,48090,12,26,5,3,0.455,AUCUNE,CONSOMMATION,1
INDUSTRIE,Guelmim-Oued Noun,43,SALARIE_CDI,8646,3532,34509,60,24,4,0,0.356,AUCUNE,CONSOMMATION,0
AGRICULTURE,Souss-Massa,76,SALARIE_CDI,4135,2013,10456,48,45,4,1,0.536,CAUTION,CONSOMMATION,1
INDUSTRIE,Guelmim-Oued Noun,56,INDEPENDANT,5524,3054,10946,60,35,2,3,0.536,AUCUNE,IMMOBILIER,1
SERVICES,Drâa-Tafilalet,44,FONCTIONNAIRE,5954,3744,109192,120,22,3,0,0.542,AUCUNE,IMMOBILIER,1
AGRICULTURE,Laâyoune-Sakia El Hamra,54,SALARIE_CDI,8941,1353,91468,120,27,3,0,0.176,CAUTION,IMMOBILIER,0
TECH,Souss-Massa,26,SALARIE_CDI,14419,5033,111273,12,1,1,0,0.344,NANTISSEMENT,PROFESSIONNEL,0
INDUSTRIE,Oriental,47,SALARIE_CDI,8150,1952,133266,12,25,5,0,0.232,AUCUNE,CONSOMMATION,1
TECH,Rabat-Salé-Kénitra,38,SALARIE_CDI,6358,1436,95063,36,12,2,0,0.268,NANTISSEMENT,CONSOMMATION,0
COMMERCE,Rabat-Salé-Kénitra,29,SALARIE_CDI,3195,714,42910,12,8,4,1,0.299,HYPOTHEQUE,PROFESSIONNEL,0
INDUSTRIE,Rabat-Salé-Kénitra,42,INDEPENDANT,9959,5028,53737,120,22,3,1,0.534,CAUTION,CONSOMMATION,0
TECH,Béni Mellal-Khénifra,58,SALARIE_CDI,8208,1441,22493,48,34,0,0,0.155,CAUTION,IMMOBILIER,0
TECH,Fès-Meknès,54,SALARIE_CDD,6327,3596,42917,12,34,1,1,0.482,HYPOTHEQUE,CONSOMMATION,0
INDUSTRIE,Fès-Meknès,78,FONCTIONNAIRE,13694,7207,61201,48,45,5,3,0.557,AUCUNE,CONSOMMATION,1
COMMERCE,Béni Mellal-Khénifra,35,SALARIE_CDI,4742,1682,62030,84,12,3,3,0.357,CAUTION,CONSOMMATION,1
INDUSTRIE,Tanger-Tétouan-Al Hoceïma,62,SALARIE_CDD,5954,2160,33262,84,39,2,0,0.324,NANTISSEMENT,CONSOMMATION,1
SERVICES,Rabat-Salé-Kénitra,52,INDEPENDANT,7257,3550,8772,120,25,3,2,0.463,AUCUNE,PROFESSIONNEL,0
AGRICULTURE,Oriental,73,SALARIE_CDI,6292,978,12591,60,45,3,1,0.23,HYPOTHEQUE,CONSOMMATION,0
COMMERCE,Oriental,75,INDEPENDANT,10382,3567,50676,60,45,4,4,0.391,HYPOTHEQUE,CONSOMMATION,0
COMMERCE,Rabat-Salé-Kénitra,62,SALARIE_CDI,9984,2397,25495,12,40,5,0,0.297,AUCUNE,IMMOBILIER,0
COMMERCE,Fès-Meknès,44,SALARIE_CDI,13003,3126,57853,120,25,3,1,0.293,AUCUNE,PROFESSIONNEL,0
COMMERCE,Marrakech-Safi,51,SALARIE_CDI,10158,4320,15490,84,30,0,0,0.438,NANTISSEMENT,CONSOMMATION,0
INDUSTRIE,Drâa-Tafilalet,59,FONCTIONNAIRE,7693,2100,94194,84,37,5,2,0.221,CAUTION,CONSOMMATION,1
AGRICULTURE,Marrakech-Safi,68,SALARIE_CDD,6954,2348,18839,120,45,0,0,0.343,NANTISSEMENT,AUTO,1
COMMERCE,Casablanca-Settat,32,INDEPENDANT,9945,5059,102085,84,9,2,0,0.542,NANTISSEMENT,PROFESSIONNEL,1
COMMERCE,Fès-Meknès,72,SALARIE_CDI,7438,3424,12258,48,45,1,0,0.455,NANTISSEMENT,CONSOMMATION,0
INDUSTRIE,Souss-Massa,68,FONCTIONNAIRE,8277,2607,55400,60,45,3,5,0.328,AUCUNE,IMMOBILIER,1
INDUSTRIE,Guelmim-Oued Noun,23,SALARIE_CDI,10192,1782,18920,120,0,5,2,0.203,HYPOTHEQUE,PROFESSIONNEL,0
SERVICES,Casablanca-Settat,34,SALARIE_CDI,8624,1409,36091,12,15,3,4,0.212,HYPOTHEQUE,CONSOMMATION,1
INDUSTRIE,Laâyoune-Sakia El Hamra,32,FONCTIONNAIRE,9310,3666,77145,24,11,0,1,0.441,CAUTION,CONSOMMATION,0
SERVICES,Fès-Meknès,54,SALARIE_CDI,5676,2048,68271,36,28,2,0,0.343,CAUTION,CONSOMMATION,0
COMMERCE,Tanger-Tétouan-Al Hoceïma,31,SALARIE_CDD,14874,8154,20411,60,12,1,1,0.482,NANTISSEMENT,CONSOMMATION,1
TECH,Casablanca-Settat,36,FONCTIONNAIRE,4925,941,23652,84,12,3,2,0.268,AUCUNE,PROFESSIONNEL,1
INDUSTRIE,Fès-Meknès,29,INDEPENDANT,9874,5677,12077,36,2,2,0,0.591,CAUTION,PROFESSIONNEL,0
INDUSTRIE,Souss-Massa,22,INDEPENDANT,6512,1669,10359,24,0,1,1,0.242,CAUTION,CONSOMMATION,1
COMMERCE,Béni Mellal-Khénifra,46,SALARIE_CDI,13188,4291,20258,24,21,5,0,0.232,CAUTION,AUTO,0
SERVICES,Guelmim-Oued Noun,38,SALARIE_CDI,12060,6994,19964,36,19,4,0,0.616,AUCUNE,AUTO,0
AGRICULTURE,Oriental,49,SALARIE_CDD,8096,4605,12652,12,31,3,0,0.594,AUCUNE,CONSOMMATION,1
INDUSTRIE,Rabat-Salé-Kénitra,31,SALARIE_CDI,16311,6646,31454,48,12,5,0,0.394,HYPOTHEQUE,CONSOMMATION,0
SERVICES,Tanger-Tétouan-Al Hoceïma,36,SALARIE_CDI,7448,1421,35501,120,10,4,0,0.21,HYPOTHEQUE,PROFESSIONNEL,0
SERVICES,Drâa-Tafilalet,74,SALARIE_CDI,12049,5365,35979,36,45,1,0,0.516,CAUTION,CONSOMMATION,0
AGRICULTURE,Béni Mellal-Khénifra,68,SALARIE_CDD,5844,3102,20759,48,45,2,2,0.468,NANTISSEMENT,CONSOMMATION,0
SERVICES,Béni Mellal-Khénifra,34,FONCTIONNAIRE,9723,2734,24213,84,10,3,0,0.337,CAUTION,IMMOBILIER,0
COMMERCE,Oriental,28,SALARIE_CDI,5326,1286,29092,12,10,2,3,0.195,AUCUNE,PROFESSIONNEL,1
SERVICES,Oriental,79,SALARIE_CDI,8174,3258,64340,120,45,5,0,0.34,HYPOTHEQUE,CONSOMMATION,1
SERVICES,Dakhla-Oued Ed-Dahab,60,SALARIE_CDI,7918,4154,22612,24,36,2,1,0.511,CAUTION,PROFESSIONNEL,0
TECH,Béni Mellal-Khénifra,49,SALARIE_CDI,12032,4842,11214,12,23,3,0,0.471,HYPOTHEQUE,PROFESSIONNEL,1
SERVICES,Béni Mellal-Khénifra,62,INDEPENDANT,5992,1616,29004,60,38,0,0,0.231,AUCUNE,CONSOMMATION,0
SERVICES,Tanger-Tétouan-Al Hoceïma,31,SALARIE_CDI,32306,18882,26760,12,11,2,1,0.578,HYPOTHEQUE,CONSOMMATION,0
COMMERCE,Souss-Massa,44,SALARIE_CDI,4351,2550,11725,48,20,1,0,0.512,CAUTION,AUTO,1
TECH,Drâa-Tafilalet,42,INDEPENDANT,8999,4312,27460,84,21,4,0,0.505,CAUTION,CONSOMMATION,0
INDUSTRIE,Laâyoune-Sakia El Hamra,63,SALARIE_CDD,9223,1726,19547,60,36,5,1,0.144,CAUTION,CONSOMMATION,1
SERVICES,Guelmim-Oued Noun,29,SALARIE_CDI,10323,2747,34388,12,7,2,0,0.243,AUCUNE,CONSOMMATION,0
AGRICULTURE,Béni Mellal-Khénifra,48,INDEPENDANT,6426,2952,48721,84,24,0,3,0.504,HYPOTHEQUE,CONSOMMATION,1
COMMERCE,Guelmim-Oued Noun,70,FONCTIONNAIRE,9034,4884,24944,24,45,2,0,0.507,AUCUNE,IMMOBILIER,0
TECH,Casablanca-Settat,30,RETRAITE,6285,2433,51935,24,11,2,5,0.408,AUCUNE,CONSOMMATION,1
TECH,Fès-Meknès,25,INDEPENDANT,18824,5685,29311,36,1,5,0,0.318,CAUTION,CONSOMMATION,0
COMMERCE,Marrakech-Safi,69,FONCTIONNAIRE,6089,3606,30177,48,42,0,3,0.604,AUCUNE,PROFESSIONNEL,1
INDUSTRIE,Béni Mellal-Khénifra,73,SALARIE_CDI,7581,2583,29249,36,45,2,0,0.29,CAUTION,CONSOMMATION,1
INDUSTRIE,Guelmim-Oued Noun,45,SALARIE_CDD,6012,3656,31706,48,18,0,0,0.617,CAUTION,IMMOBILIER,1
TECH,Rabat-Salé-Kénitra,20,SALARIE_CDI,5653,2353,13856,60,0,5,0,0.407,AUCUNE,CONSOMMATION,1
TECH,Marrakech-Safi,52,FONCTIONNAIRE,4314,1972,10094,12,27,4,1,0.443,AUCUNE,CONSOMMATION,1
AGRICULTURE,Souss-Massa,36,INDEPENDANT,10965,2330,79424,24,13,4,1,0.248,AUCUNE,IMMOBILIER,0
COMMERCE,Dakhla-Oued Ed-Dahab,55,SALARIE_CDI,5986,1699,42112,36,37,3,0,0.221,HYPOTHEQUE,IMMOBILIER,1
INDUSTRIE,Casablanca-Settat,26,INDEPENDANT,5661,3608,24839,60,7,2,1,0.605,HYPOTHEQUE,CONSOMMATION,0
COMMERCE,Laâyoune-Sakia El Hamra,68,FONCTIONNAIRE,5253,2676,76442,24,45,4,0,0.509,AUCUNE,AUTO,0
COMMERCE,Marrakech-Safi,61,SALARIE_CDI,9293,3611,269704,60,36,5,0,0.465,AUCUNE,AUTO,1
INDUSTRIE,Fès-Meknès,58,INDEPENDANT,8183,3361,12708,84,38,1,0,0.32,HYPOTHEQUE,PROFESSIONNEL,0
TECH,Béni Mellal-Khénifra,50,FONCTIONNAIRE,8199,1590,35339,12,24,0,1,0.204,HYPOTHEQUE,IMMOBILIER,0
COMMERCE,Drâa-Tafilalet,31,SALARIE_CDD,5752,3116,57930,60,6,3,1,0.533,CAUTION,CONSOMMATION,0
SERVICES,Laâyoune-Sakia El Hamra,77,SALARIE_CDD,9856,1830,11601,36,45,5,0,0.224,AUCUNE,IMMOBILIER,0
COMMERCE,Casablanca-Settat,34,SALARIE_CDI,6015,2066,12474,36,8,3,0,0.308,HYPOTHEQUE,IMMOBILIER,1
COMMERCE,Casablanca-Settat,41,SALARIE_CDI,8363,2972,70753,12,22,4,0,0.345,HYPOTHEQUE,CONSOMMATION,0
AGRICULTURE,Souss-Massa,76,FONCTIONNAIRE,7609,3436,34963,48,45,1,0,0.407,HYPOTHEQUE,PROFESSIONNEL,1
INDUSTRIE,Oriental,20,INDEPENDANT,3790,1356,22346,84,0,3,1,0.337,AUCUNE,CONSOMMATION,0
COMMERCE,Fès-Meknès,25,FONCTIONNAIRE,20190,12727,11516,24,0,0,2,0.662,AUCUNE,CONSOMMATION,0
COMMERCE,Béni Mellal-Khénifra,65,INDEPENDANT,10495,5761,45634,12,45,2,0,0.569,AUCUNE,PROFESSIONNEL,1
COMMERCE,Fès-Meknès,41,INDEPENDANT,8788,5533,13615,12,19,5,2,0.616,AUCUNE,PROFESSIONNEL,1
SERVICES,Dakhla-Oued Ed-Dahab,54,SALARIE_CDI,9434,3862,17796,120,27,5,0,0.454,HYPOTHEQUE,PROFESSIONNEL,1
AGRICULTURE,Marrakech-Safi,54,INDEPENDANT,20405,6144,18601,24,36,3,2,0.423,CAUTION,CONSOMMATION,1
AGRICULTURE,Béni Mellal-Khénifra,70,INDEPENDANT,13515,8658,28647,84,45,4,0,0.601,HYPOTHEQUE,CONSOMMATION,1
COMMERCE,Oriental,57,SALARIE_CDI,9480,1807,16802,24,36,2,0,0.217,AUCUNE,CONSOMMATION,0
COMMERCE,Rabat-Salé-Kénitra,44,SALARIE_CDD,5891,3614,18678,48,19,3,0,0.616,HYPOTHEQUE,PROFESSIONNEL,0
SERVICES,Béni Mellal-Khénifra,52,INDEPENDANT,6325,1252,70368,48,30,2,0,0.252,CAUTION,CONSOMMATION,0
COMMERCE,Rabat-Salé-Kénitra,64,RETRAITE,3599,1992,40844,120,44,4,0,0.526,CAUTION,IMMOBILIER,0
INDUSTRIE,Oriental,41,RETRAITE,6866,3707,36709,24,18,0,0,0.59,HYPOTHEQUE,CONSOMMATION,0
COMMERCE,Béni Mellal-Khénifra,28,SALARIE_CDD,10914,5237,49283,36,8,3,4,0.475,AUCUNE,CONSOMMATION,1
SERVICES,Casablanca-Settat,48,INDEPENDANT,10777,5833,17304,48,25,1,5,0.53,HYPOTHEQUE,PROFESSIONNEL,1
TECH,Marrakech-Safi,80,SALARIE_CDD,10692,2075,46837,36,45,4,0,0.202,CAUTION,AUTO,0
INDUSTRIE,Fès-Meknès,25,INDEPENDANT,6426,2164,48961,24,0,3,0,0.345,AUCUNE,CONSOMMATION,1
COMMERCE,Dakhla-Oued Ed-Dahab,28,FONCTIONNAIRE,10383,3304,17737,12,4,3,0,0.273,AUCUNE,IMMOBILIER,0
COMMERCE,Marrakech-Safi,80,RETRAITE,11741,7523,55143,60,45,4,1,0.642,CAUTION,CONSOMMATION,0
SERVICES,Dakhla-Oued Ed-Dahab,70,RETRAITE,2975,1149,42829,84,45,1,0,0.453,CAUTION,CONSOMMATION,0
INDUSTRIE,Oriental,25,SALARIE_CDI,9293,1625,43636,24,7,4,0,0.117,CAUTION,CONSOMMATION,0
TECH,Dakhla-Oued Ed-Dahab,31,RETRAITE,20671,5781,116584,36,10,1,0,0.303,CAUTION,PROFESSIONNEL,0
COMMERCE,Guelmim-Oued Noun,61,FONCTIONNAIRE,7107,4066,39563,60,39,3,0,0.623,NANTISSEMENT,CONSOMMATION,0
SERVICES,Fès-Meknès,67,SALARIE_CDI,2605,1552,19027,120,45,4,0,0.594,AUCUNE,PROFESSIONNEL,0
INDUSTRIE,Oriental,64,SALARIE_CDI,5621,3449,39784,12,45,0,3,0.602,AUCUNE,CONSOMMATION,1
INDUSTRIE,Drâa-Tafilalet,72,FONCTIONNAIRE,3581,795,36654,120,45,1,5,0.223,CAUTION,PROFESSIONNEL,0
COMMERCE,Casablanca-Settat,49,SALARIE_CDI,6091,3009,16712,36,26,1,0,0.448,NANTISSEMENT,AUTO,1
COMMERCE,Béni Mellal-Khénifra,73,SALARIE_CDI,4671,1640,8806,48,45,5,0,0.341,HYPOTHEQUE,PROFESSIONNEL,0
SERVICES,Souss-Massa,55,FONCTIONNAIRE,12319,6378,34697,12,34,1,2,0.603,NANTISSEMENT,CONSOMMATION,1
COMMERCE,Casablanca-Settat,47,SALARIE_CDI,11503,6467,70276,48,22,3,3,0.556,NANTISSEMENT,IMMOBILIER,1
TECH,Laâyoune-Sakia El Hamra,58,SALARIE_CDD,9455,2653,70740,36,37,2,0,0.281,CAUTION,CONSOMMATION,0
TECH,Fès-Meknès,45,INDEPENDANT,14070,5630,44257,24,19,0,2,0.353,HYPOTHEQUE,IMMOBILIER,0
SERVICES,Laâyoune-Sakia El Hamra,56,SALARIE_CDI,6283,1971,108992,120,34,1,0,0.334,CAUTION,CONSOMMATION,0
INDUSTRIE,Marrakech-Safi,70,FONCTIONNAIRE,8376,3166,41034,24,45,4,0,0.325,CAUTION,AUTO,0
INDUSTRIE,Oriental,78,SALARIE_CDI,21753,6424,31633,24,45,2,1,0.285,HYPOTHEQUE,CONSOMMATION,0
SERVICES,Tanger-Tétouan-Al Hoceïma,54,INDEPENDANT,10545,3372,41892,24,35,4,0,0.184,AUCUNE,PROFESSIONNEL,0
INDUSTRIE,Laâyoune-Sakia El Hamra,18,SALARIE_CDD,10533,3014,21739,84,0,4,0,0.287,AUCUNE,IMMOBILIER,0
SERVICES,Dakhla-Oued Ed-Dahab,57,INDEPENDANT,5737,1717,14957,48,38,3,3,0.307,AUCUNE,PROFESSIONNEL,1
SERVICES,Guelmim-Oued Noun,33,INDEPENDANT,6718,2949,18304,48,11,1,4,0.401,HYPOTHEQUE,PROFESSIONNEL,1
COMMERCE,Laâyoune-Sakia El Hamra,32,INDEPENDANT,5160,2323,25963,12,11,5,0,0.423,HYPOTHEQUE,AUTO,1
SERVICES,Guelmim-Oued Noun,73,FONCTIONNAIRE,17265,10538,66591,36,45,3,2,0.576,AUCUNE,PROFESSIONNEL,1
TECH,Fès-Meknès,46,SALARIE_CDD,4019,1388,13188,120,26,4,0,0.379,CAUTION,CONSOMMATION,0
SERVICES,Dakhla-Oued Ed-Dahab,67,SALARIE_CDI,12227,5853,18364,48,45,5,1,0.452,CAUTION,CONSOMMATION,0
COMMERCE,Oriental,41,FONCTIONNAIRE,10525,6660,63813,120,23,4,0,0.702,HYPOTHEQUE,IMMOBILIER,0
INDUSTRIE,Tanger-Tétouan-Al Hoceïma,56,FONCTIONNAIRE,3938,1509,28289,12,35,2,0,0.455,NANTISSEMENT,CONSOMMATION,0
TECH,Marrakech-Safi,59,FONCTIONNAIRE,13549,7311,31586,24,39,3,0,0.542,HYPOTHEQUE,CONSOMMATION,1
TECH,Drâa-Tafilalet,74,SALARIE_CDI,7213,4579,27935,24,45,0,0,0.712,HYPOTHEQUE,IMMOBILIER,0
INDUSTRIE,Fès-Meknès,30,FONCTIONNAIRE,4472,2437,140481,60,8,4,0,0.617,CAUTION,AUTO,1
COMMERCE,Béni Mellal-Khénifra,53,SALARIE_CDD,9547,1816,53756,12,31,1,0,0.21,NANTISSEMENT,CONSOMMATION,1
SERVICES,Casablanca-Settat,43,FONCTIONNAIRE,5596,1380,43320,36,19,2,0,0.202,HYPOTHEQUE,CONSOMMATION,0
COMMERCE,Béni Mellal-Khénifra,47,FONCTIONNAIRE,7389,2198,41698,12,29,2,0,0.316,HYPOTHEQUE,IMMOBILIER,0
SERVICES,Béni Mellal-Khénifra,71,SALARIE_CDD,6454,3183,48370,48,45,2,1,0.504,AUCUNE,IMMOBILIER,1
INDUSTRIE,Oriental,26,FONCTIONNAIRE,5456,2650,132422,24,4,5,0,0.459,AUCUNE,AUTO,1
SERVICES,Béni Mellal-Khénifra,52,SALARIE_CDD,4747,1038,27952,84,31,3,0,0.319,CAUTION,CONSOMMATION,0
AGRICULTURE,Dakhla-Oued Ed-Dahab,42,INDEPENDANT,11598,4345,40868,48,22,5,0,0.407,AUCUNE,CONSOMMATION,1
INDUSTRIE,Laâyoune-Sakia El Hamra,74,INDEPENDANT,9379,3385,37064,60,45,4,2,0.301,NANTISSEMENT,PROFESSIONNEL,1
COMMERCE,Souss-Massa,31,SALARIE_CDI,9112,4510,68350,24,11,3,3,0.515,HYPOTHEQUE,PROFESSIONNEL,1
INDUSTRIE,Laâyoune-Sakia El Hamra,32,SALARIE_CDI,6878,1929,119780,60,13,0,5,0.283,AUCUNE,PROFESSIONNEL,0
INDUSTRIE,Dakhla-Oued Ed-Dahab,23,FONCTIONNAIRE,8292,2230,24058,12,3,0,0,0.291,AUCUNE,PROFESSIONNEL,1
SERVICES,Rabat-Salé-Kénitra,45,INDEPENDANT,5818,2609,49870,24,18,2,2,0.44,HYPOTHEQUE,CONSOMMATION,1
AGRICULTURE,Tanger-Tétouan-Al Hoceïma,18,SALARIE_CDI,5773,1105,41083,84,0,5,0,0.129,NANTISSEMENT,AUTO,0
TECH,Drâa-Tafilalet,49,SALARIE_CDD,17494,8475,13699,24,22,0,0,0.538,CAUTION,PROFESSIONNEL,1
SERVICES,Oriental,32,SALARIE_CDI,12065,4461,71619,84,8,5,2,0.46,HYPOTHEQUE,AUTO,1
TECH,Rabat-Salé-Kénitra,43,INDEPENDANT,6294,2632,108487,120,24,3,0,0.398,AUCUNE,IMMOBILIER,1
INDUSTRIE,Souss-Massa,56,SALARIE_CDI,4133,2277,64460,12,31,3,1,0.544,HYPOTHEQUE,PROFESSIONNEL,1
SERVICES,Tanger-Tétouan-Al Hoceïma,61,INDEPENDANT,3769,906,23331,120,41,2,3,0.297,AUCUNE,AUTO,0
COMMERCE,Drâa-Tafilalet,21,FONCTIONNAIRE,6091,1553,14049,84,0,2,0,0.231,HYPOTHEQUE,CONSOMMATION,1
SERVICES,Oriental,27,INDEPENDANT,8505,5108,56884,48,9,0,0,0.643,AUCUNE,CONSOMMATION,1
SERVICES,Rabat-Salé-Kénitra,38,RETRAITE,8546,4448,17058,36,20,2,0,0.517,AUCUNE,CONSOMMATION,0
COMMERCE,Casablanca-Settat,50,SALARIE_CDD,8662,2437,18291,24,25,2,0,0.241,NANTISSEMENT,CONSOMMATION,1
SERVICES,Fès-Meknès,73,FONCTIONNAIRE,9418,4807,42047,24,45,2,1,0.481,CAUTION,CONSOMMATION,0
AGRICULTURE,Rabat-Salé-Kénitra,26,INDEPENDANT,5078,1923,60784,48,4,1,0,0.377,NANTISSEMENT,AUTO,1
COMMERCE,Laâyoune-Sakia El Hamra,22,INDEPENDANT,15970,7325,28701,24,0,3,0,0.46,AUCUNE,PROFESSIONNEL,1
TECH,Fès-Meknès,57,FONCTIONNAIRE,7414,4028,31424,48,30,5,0,0.486,HYPOTHEQUE,CONSOMMATION,0
COMMERCE,Béni Mellal-Khénifra,79,SALARIE_CDI,9253,1595,33579,48,45,0,2,0.182,HYPOTHEQUE,AUTO,0
TECH,Rabat-Salé-Kénitra,70,RETRAITE,6031,2748,19125,60,45,2,4,0.345,AUCUNE,CONSOMMATION,1
INDUSTRIE,Souss-Massa,53,SALARIE_CDI,9322,2976,27831,12,27,1,0,0.353,HYPOTHEQUE,PROFESSIONNEL,0
COMMERCE,Dakhla-Oued Ed-Dahab,19,RETRAITE,20633,8420,11705,36,1,0,1,0.447,NANTISSEMENT,CONSOMMATION,1
COMMERCE,Béni Mellal-Khénifra,54,SALARIE_CDI,5192,1723,60768,12,29,4,2,0.294,HYPOTHEQUE,IMMOBILIER,0
AGRICULTURE,Fès-Meknès,46,SALARIE_CDD,4905,3044,255704,120,20,2,1,0.623,AUCUNE,IMMOBILIER,1
SERVICES,Drâa-Tafilalet,46,RETRAITE,5492,2464,37875,84,28,3,3,0.427,AUCUNE,IMMOBILIER,1
COMMERCE,Oriental,49,FONCTIONNAIRE,6975,3999,83595,120,24,3,1,0.553,AUCUNE,IMMOBILIER,1
TECH,Marrakech-Safi,53,FONCTIONNAIRE,6408,1784,30238,120,27,1,0,0.266,HYPOTHEQUE,CONSOMMATION,1
INDUSTRIE,Dakhla-Oued Ed-Dahab,63,SALARIE_CDI,5073,1686,14150,120,43,5,1,0.325,CAUTION,AUTO,0
TECH,Dakhla-Oued Ed-Dahab,30,SALARIE_CDI,7924,4307,175577,36,3,5,1,0.518,CAUTION,IMMOBILIER,1
INDUSTRIE,Oriental,22,SALARIE_CDI,16359,4371,20091,120,3,5,0,0.28,AUCUNE,IMMOBILIER,0
SERVICES,Casablanca-Settat,21,FONCTIONNAIRE,7575,4924,70471,12,0,1,0,0.726,CAUTION,CONSOMMATION,1
COMMERCE,Tanger-Tétouan-Al Hoceïma,43,SALARIE_CDD,7759,3725,42245,12,16,2,2,0.503,AUCUNE,CONSOMMATION,1
INDUSTRIE,Oriental,50,SALARIE_CDI,9455,5658,83368,36,28,1,2,0.589,AUCUNE,AUTO,1
SERVICES,Dakhla-Oued Ed-Dahab,67,SALARIE_CDD,10845,2193,34650,24,40,3,0,0.263,CAUTION,CONSOMMATION,0
SERVICES,Drâa-Tafilalet,45,RETRAITE,15032,5365,16080,84,22,1,1,0.414,AUCUNE,PROFESSIONNEL,0
SERVICES,Marrakech-Safi,51,INDEPENDANT,9027,2870,22804,84,26,5,1,0.362,CAUTION,AUTO,0
TECH,Oriental,79,SALARIE_CDD,8093,5143,188445,24,45,1,0,0.656,CAUTION,IMMOBILIER,0
AGRICULTURE,Marrakech-Safi,65,RETRAITE,5186,1153,45423,48,45,0,2,0.244,NANTISSEMENT,IMMOBILIER,0
COMMERCE,Souss-Massa,61,SALARIE_CDD,11305,5925,166740,12,40,2,2,0.557,AUCUNE,IMMOBILIER,0
SERVICES,Oriental,40,SALARIE_CDI,5541,2579,28077,120,21,5,2,0.524,CAUTION,IMMOBILIER,1
COMMERCE,Oriental,27,SALARIE_CDD,5464,3146,59855,60,8,0,0,0.542,AUCUNE,CONSOMMATION,0
TECH,Souss-Massa,75,INDEPENDANT,8839,5645,14783,24,45,5,0,0.632,AUCUNE,CONSOMMATION,1
TECH,Souss-Massa,52,SALARIE_CDI,16215,8966,37080,84,34,4,0,0.598,CAUTION,CONSOMMATION,1
INDUSTRIE,Guelmim-Oued Noun,22,SALARIE_CDI,11236,3102,172158,36,4,5,1,0.282,AUCUNE,CONSOMMATION,1
SERVICES,Oriental,48,RETRAITE,7967,4518,20980,24,21,3,0,0.572,CAUTION,PROFESSIONNEL,1
AGRICULTURE,Casablanca-Settat,23,INDEPENDANT,5210,2154,22398,60,4,5,1,0.457,CAUTION,PROFESSIONNEL,1
TECH,Drâa-Tafilalet,79,INDEPENDANT,16074,7662,64816,24,45,2,2,0.43,CAUTION,CONSOMMATION,1
SERVICES,Béni Mellal-Khénifra,51,INDEPENDANT,7899,2292,39349,36,33,0,0,0.338,AUCUNE,PROFESSIONNEL,1
TECH,Drâa-Tafilalet,67,FONCTIONNAIRE,7111,3968,136939,120,42,0,4,0.513,AUCUNE,PROFESSIONNEL,1
SERVICES,Drâa-Tafilalet,47,SALARIE_CDI,10403,3872,30679,36,24,3,0,0.354,HYPOTHEQUE,CONSOMMATION,0
SERVICES,Marrakech-Safi,19,INDEPENDANT,6623,3670,38107,24,1,0,4,0.476,CAUTION,PROFESSIONNEL,1
TECH,Dakhla-Oued Ed-Dahab,58,SALARIE_CDI,5774,2100,45333,48,34,0,0,0.341,CAUTION,CONSOMMATION,0
COMMERCE,Dakhla-Oued Ed-Dahab,59,SALARIE_CDI,6029,2763,17102,24,40,5,0,0.487,AUCUNE,IMMOBILIER,1
INDUSTRIE,Rabat-Salé-Kénitra,32,RETRAITE,6022,1213,14632,84,5,1,0,0.211,CAUTION,CONSOMMATION,1
AGRICULTURE,Marrakech-Safi,63,SALARIE_CDI,4879,957,13728,84,40,1,4,0.184,HYPOTHEQUE,CONSOMMATION,0
TECH,Marrakech-Safi,32,SALARIE_CDI,4640,2907,5000,48,14,4,0,0.648,AUCUNE,CONSOMMATION,0
SERVICES,Dakhla-Oued Ed-Dahab,61,SALARIE_CDI,12549,6438,34217,48,39,1,0,0.536,AUCUNE,CONSOMMATION,0
COMMERCE,Dakhla-Oued Ed-Dahab,65,INDEPENDANT,10949,2588,14611,12,38,5,0,0.183,NANTISSEMENT,IMMOBILIER,0
TECH,Fès-Meknès,26,RETRAITE,5596,2512,24902,60,1,1,0,0.504,CAUTION,PROFESSIONNEL,0
COMMERCE,Béni Mellal-Khénifra,36,SALARIE_CDI,12086,6534,74166,84,15,2,1,0.57,AUCUNE,CONSOMMATION,1
AGRICULTURE,Marrakech-Safi,28,SALARIE_CDD,9313,4185,18730,120,5,0,0,0.377,AUCUNE,PROFESSIONNEL,0
COMMERCE,Casablanca-Settat,63,INDEPENDANT,7004,2621,58857,84,37,4,0,0.455,CAUTION,CONSOMMATION,1
SERVICES,Marrakech-Safi,32,FONCTIONNAIRE,4667,2649,12014,36,11,5,1,0.554,AUCUNE,CONSOMMATION,1
SERVICES,Casablanca-Settat,58,SALARIE_CDI,9449,1657,22483,48,34,1,2,0.122,AUCUNE,IMMOBILIER,1
TECH,Laâyoune-Sakia El Hamra,44,SALARIE_CDI,18759,8754,122853,36,22,3,0,0.403,CAUTION,CONSOMMATION,0
AGRICULTURE,Guelmim-Oued Noun,23,FONCTIONNAIRE,8156,3152,26917,60,2,2,0,0.308,HYPOTHEQUE,CONSOMMATION,0
SERVICES,Marrakech-Safi,73,SALARIE_CDI,12700,6021,89453,120,45,5,0,0.45,AUCUNE,AUTO,0
SERVICES,Oriental,62,INDEPENDANT,7367,2175,188865,36,36,0,3,0.258,NANTISSEMENT,IMMOBILIER,1
TECH,Marrakech-Safi,34,SALARIE_CDI,12269,2837,27087,84,11,5,0,0.175,CAUTION,IMMOBILIER,1
SERVICES,Oriental,73,INDEPENDANT,7573,4825,22788,12,45,4,0,0.621,AUCUNE,PROFESSIONNEL,1
SERVICES,Laâyoune-Sakia El Hamra,62,FONCTIONNAIRE,2745,1598,8005,84,44,3,0,0.658,NANTISSEMENT,CONSOMMATION,0
AGRICULTURE,Laâyoune-Sakia El Hamra,69,FONCTIONNAIRE,5856,3540,44545,84,45,1,0,0.57,AUCUNE,AUTO,0
TECH,Guelmim-Oued Noun,29,INDEPENDANT,8600,4596,47358,84,9,1,0,0.518,AUCUNE,CONSOMMATION,1
AGRICULTURE,Marrakech-Safi,18,SALARIE_CDI,13190,2407,62287,36,0,0,0,0.211,AUCUNE,CONSOMMATION,1
COMMERCE,Marrakech-Safi,21,SALARIE_CDI,7562,3508,96177,84,0,0,1,0.554,CAUTION,CONSOMMATION,0
INDUSTRIE,Rabat-Salé-Kénitra,52,FONCTIONNAIRE,8213,2798,17710,120,30,2,0,0.35,HYPOTHEQUE,PROFESSIONNEL,0
AGRICULTURE,Rabat-Salé-Kénitra,67,INDEPENDANT,6221,1973,134561,12,45,3,0,0.34,HYPOTHEQUE,PROFESSIONNEL,0
INDUSTRIE,Béni Mellal-Khénifra,75,INDEPENDANT,16357,4492,29815,120,45,2,1,0.317,HYPOTHEQUE,CONSOMMATION,0
SERVICES,Béni Mellal-Khénifra,78,SALARIE_CDD,15920,3826,46844,36,45,0,1,0.265,HYPOTHEQUE,IMMOBILIER,1
AGRICULTURE,Laâyoune-Sakia El Hamra,55,INDEPENDANT,5977,1313,34642,36,37,4,3,0.137,AUCUNE,CONSOMMATION,1
COMMERCE,Rabat-Salé-Kénitra,57,SALARIE_CDI,4095,862,21164,12,30,0,1,0.172,HYPOTHEQUE,CONSOMMATION,1
AGRICULTURE,Fès-Meknès,36,SALARIE_CDI,3593,1817,15691,24,15,2,4,0.541,NANTISSEMENT,IMMOBILIER,1
SERVICES,Drâa-Tafilalet,18,SALARIE_CDI,10631,6540,42075,48,0,5,0,0.588,CAUTION,PROFESSIONNEL,1
AGRICULTURE,Drâa-Tafilalet,30,INDEPENDANT,8611,2929,18492,84,4,1,0,0.275,CAUTION,CONSOMMATION,0
COMMERCE,Souss-Massa,21,FONCTIONNAIRE,5700,1157,31123,84,0,2,0,0.189,NANTISSEMENT,PROFESSIONNEL,0
COMMERCE,Rabat-Salé-Kénitra,61,SALARIE_CDD,9158,2386,27214,84,34,0,1,0.288,NANTISSEMENT,CONSOMMATION,0
AGRICULTURE,Souss-Massa,49,INDEPENDANT,4658,2438,28181,84,25,0,0,0.549,CAUTION,PROFESSIONNEL,0
INDUSTRIE,Marrakech-Safi,66,SALARIE_CDI,11588,3758,10306,12,43,4,0,0.327,AUCUNE,IMMOBILIER,1
TECH,Oriental,27,SALARIE_CDI,6822,3284,5000,48,7,1,0,0.389,AUCUNE,PROFESSIONNEL,0
COMMERCE,Laâyoune-Sakia El Hamra,75,SALARIE_CDI,4981,1259,65338,48,45,0,1,0.263,CAUTION,PROFESSIONNEL,0
TECH,Marrakech-Safi,63,SALARIE_CDI,6869,3630,79845,12,39,5,1,0.464,HYPOTHEQUE,IMMOBILIER,0
AGRICULTURE,Rabat-Salé-Kénitra,75,SALARIE_CDD,6764,3230,6044,24,45,2,1,0.505,HYPOTHEQUE,CONSOMMATION,1
COMMERCE,Drâa-Tafilalet,58,SALARIE_CDI,9550,2494,48666,24,35,0,1,0.28,HYPOTHEQUE,CONSOMMATION,0
SERVICES,Casablanca-Settat,39,INDEPENDANT,13694,8435,42280,12,13,1,0,0.589,AUCUNE,CONSOMMATION,1
SERVICES,Dakhla-Oued Ed-Dahab,57,INDEPENDANT,13378,5503,14374,48,35,0,2,0.344,AUCUNE,CONSOMMATION,1
AGRICULTURE,Guelmim-Oued Noun,56,RETRAITE,8707,2263,68084,48,35,5,1,0.317,AUCUNE,PROFESSIONNEL,0
AGRICULTURE,Tanger-Tétouan-Al Hoceïma,29,SALARIE_CDI,7448,3228,80558,48,5,4,0,0.448,CAUTION,CONSOMMATION,0
AGRICULTURE,Tanger-Tétouan-Al Hoceïma,24,FONCTIONNAIRE,6274,2244,76234,12,2,3,0,0.311,HYPOTHEQUE,CONSOMMATION,1
SERVICES,Tanger-Tétouan-Al Hoceïma,58,SALARIE_CDI,3657,2226,123178,120,34,4,0,0.682,AUCUNE,CONSOMMATION,0
INDUSTRIE,Tanger-Tétouan-Al Hoceïma,23,SALARIE_CDI,8033,2449,73135,24,0,0,0,0.307,HYPOTHEQUE,IMMOBILIER,0
TECH,Laâyoune-Sakia El Hamra,24,FONCTIONNAIRE,5525,3277,20292,60,0,2,0,0.561,AUCUNE,AUTO,1
TECH,Guelmim-Oued Noun,22,SALARIE_CDD,14020,7307,36760,48,0,4,3,0.574,HYPOTHEQUE,CONSOMMATION,1
SERVICES,Marrakech-Safi,57,FONCTIONNAIRE,7403,3627,47563,12,37,4,0,0.53,HYPOTHEQUE,AUTO,0
COMMERCE,Marrakech-Safi,76,INDEPENDANT,11341,2744,105164,24,45,5,0,0.271,HYPOTHEQUE,PROFESSIONNEL,0
SERVICES,Oriental,49,SALARIE_CDI,6522,1259,30462,60,31,4,2,0.205,CAUTION,IMMOBILIER,1
COMMERCE,Béni Mellal-Khénifra,27,RETRAITE,5979,3481,23327,36,5,4,0,0.526,AUCUNE,PROFESSIONNEL,1
SERVICES,Drâa-Tafilalet,50,SALARIE_CDI,10638,4630,11410,36,31,1,0,0.382,AUCUNE,CONSOMMATION,1
SERVICES,Fès-Meknès,48,RETRAITE,9181,5808,66914,60,29,3,0,0.613,HYPOTHEQUE,PROFESSIONNEL,1
SERVICES,Souss-Massa,55,FONCTIONNAIRE,9367,3824,42042,84,28,3,0,0.309,CAUTION,PROFESSIONNEL,0
AGRICULTURE,Rabat-Salé-Kénitra,45,SALARIE_CDI,7768,3462,19800,84,24,1,0,0.46,CAUTION,CONSOMMATION,0
TECH,Souss-Massa,51,SALARIE_CDD,11559,7497,62279,48,28,3,2,0.645,HYPOTHEQUE,IMMOBILIER,1
AGRICULTURE,Drâa-Tafilalet,38,SALARIE_CDI,10831,5502,28621,48,16,3,1,0.51,NANTISSEMENT,CONSOMMATION,0
COMMERCE,Fès-Meknès,75,INDEPENDANT,3042,1004,14367,60,45,4,1,0.408,HYPOTHEQUE,CONSOMMATION,1
INDUSTRIE,Fès-Meknès,51,SALARIE_CDI,7217,4070,92186,60,26,0,0,0.507,CAUTION,CONSOMMATION,0
INDUSTRIE,Souss-Massa,37,INDEPENDANT,12793,3809,8568,36,19,1,0,0.305,HYPOTHEQUE,CONSOMMATION,0
COMMERCE,Laâyoune-Sakia El Hamra,18,SALARIE_CDI,5122,2113,40161,36,0,1,1,0.356,AUCUNE,PROFESSIONNEL,1
INDUSTRIE,Béni Mellal-Khénifra,60,RETRAITE,3784,1018,33605,120,36,1,0,0.333,CAUTION,CONSOMMATION,1
TECH,Dakhla-Oued Ed-Dahab,41,SALARIE_CDI,7613,4928,11532,120,14,5,0,0.596,HYPOTHEQUE,CONSOMMATION,1
TECH,Casablanca-Settat,33,FONCTIONNAIRE,10243,6323,45606,36,15,1,0,0.712,HYPOTHEQUE,PROFESSIONNEL,0
TECH,Laâyoune-Sakia El Hamra,48,INDEPENDANT,6587,3866,22350,12,30,4,0,0.539,CAUTION,CONSOMMATION,1
SERVICES,Casablanca-Settat,48,SALARIE_CDI,14499,5083,118008,120,28,5,1,0.366,CAUTION,AUTO,1
COMMERCE,Fès-Meknès,68,SALARIE_CDI,18576,9553,73337,12,45,0,0,0.54,AUCUNE,CONSOMMATION,0
SERVICES,Souss-Massa,52,FONCTIONNAIRE,3407,955,42396,24,28,4,0,0.324,AUCUNE,PROFESSIONNEL,1
SERVICES,Marrakech-Safi,62,FONCTIONNAIRE,6817,2352,6347,12,36,4,1,0.291,AUCUNE,CONSOMMATION,0
COMMERCE,Dakhla-Oued Ed-Dahab,58,INDEPENDANT,2902,1603,24613,84,34,5,2,0.493,CAUTION,CONSOMMATION,0
COMMERCE,Laâyoune-Sakia El Hamra,71,SALARIE_CDI,10910,1944,23320,12,45,5,0,0.155,HYPOTHEQUE,AUTO,0
TECH,Oriental,18,INDEPENDANT,5967,1043,84732,36,0,1,0,0.209,HYPOTHEQUE,AUTO,0
SERVICES,Souss-Massa,41,INDEPENDANT,6541,3143,41134,60,21,4,1,0.481,AUCUNE,CONSOMMATION,1
AGRICULTURE,Guelmim-Oued Noun,63,INDEPENDANT,13584,7299,45335,12,41,1,0,0.591,AUCUNE,CONSOMMATION,0
AGRICULTURE,Drâa-Tafilalet,26,SALARIE_CDI,4457,1523,74025,120,1,3,0,0.3,CAUTION,IMMOBILIER,0
COMMERCE,Souss-Massa,45,SALARIE_CDI,3981,1940,113717,84,19,5,0,0.475,AUCUNE,PROFESSIONNEL,0
TECH,Guelmim-Oued Noun,43,RETRAITE,2908,1749,100828,60,25,2,2,0.598,HYPOTHEQUE,CONSOMMATION,1
SERVICES,Marrakech-Safi,68,INDEPENDANT,14353,2870,53228,48,41,5,2,0.194,HYPOTHEQUE,IMMOBILIER,1
TECH,Fès-Meknès,78,FONCTIONNAIRE,12929,7308,30023,24,45,3,0,0.595,CAUTION,CONSOMMATION,0
TECH,Casablanca-Settat,24,INDEPENDANT,7099,3130,49240,60,0,5,3,0.503,CAUTION,IMMOBILIER,1
TECH,Rabat-Salé-Kénitra,31,SALARIE_CDI,4565,1649,35486,84,7,5,0,0.332,NANTISSEMENT,PROFESSIONNEL,1
TECH,Marrakech-Safi,66,INDEPENDANT,11794,2074,62957,48,45,0,0,0.153,NANTISSEMENT,CONSOMMATION,0
COMMERCE,Béni Mellal-Khénifra,29,FONCTIONNAIRE,27990,9574,24405,36,10,1,0,0.357,HYPOTHEQUE,CONSOMMATION,1
TECH,Laâyoune-Sakia El Hamra,49,INDEPENDANT,7288,3986,68352,36,29,0,1,0.564,CAUTION,PROFESSIONNEL,0
COMMERCE,Béni Mellal-Khénifra,77,INDEPENDANT,4716,1985,37517,60,45,4,0,0.475,CAUTION,PROFESSIONNEL,0
SERVICES,Souss-Massa,79,SALARIE_CDD,14168,3374,47583,120,45,4,3,0.243,HYPOTHEQUE,CONSOMMATION,1
SERVICES,Fès-Meknès,77,SALARIE_CDI,4868,1295,15719,48,45,3,2,0.256,HYPOTHEQUE,IMMOBILIER,0
TECH,Rabat-Salé-Kénitra,26,INDEPENDANT,6871,3943,29985,60,0,0,0,0.661,CAUTION,CONSOMMATION,1
COMMERCE,Béni Mellal-Khénifra,27,INDEPENDANT,2500,916,49641,48,6,0,0,0.383,CAUTION,CONSOMMATION,1
COMMERCE,Rabat-Salé-Kénitra,29,SALARIE_CDD,7069,1398,31965,48,4,5,0,0.234,AUCUNE,AUTO,1
AGRICULTURE,Guelmim-Oued Noun,66,RETRAITE,4559,2903,7025,12,39,1,0,0.558,AUCUNE,CONSOMMATION,1
COMMERCE,Tanger-Tétouan-Al Hoceïma,29,SALARIE_CDI,14278,3951,15309,36,8,3,0,0.27,AUCUNE,IMMOBILIER,0
INDUSTRIE,Tanger-Tétouan-Al Hoceïma,45,SALARIE_CDD,5223,2863,46132,120,26,5,0,0.605,CAUTION,CONSOMMATION,1
INDUSTRIE,Casablanca-Settat,69,RETRAITE,11509,1800,104088,120,45,1,2,0.162,HYPOTHEQUE,CONSOMMATION,0
COMMERCE,Marrakech-Safi,49,FONCTIONNAIRE,7729,2151,30859,36,27,1,1,0.275,CAUTION,PROFESSIONNEL,0
TECH,Casablanca-Settat,77,INDEPENDANT,8573,2731,25790,60,45,1,1,0.224,CAUTION,CONSOMMATION,1
COMMERCE,Drâa-Tafilalet,49,INDEPENDANT,10250,5942,75855,60,26,2,1,0.573,AUCUNE,AUTO,1
COMMERCE,Souss-Massa,41,FONCTIONNAIRE,7910,4145,36594,120,17,3,0,0.587,CAUTION,CONSOMMATION,1
TECH,Guelmim-Oued Noun,79,SALARIE_CDI,6054,1840,61094,12,45,1,0,0.305,AUCUNE,CONSOMMATION,1
COMMERCE,Oriental,52,INDEPENDANT,5623,3057,29525,36,26,1,0,0.568,HYPOTHEQUE,PROFESSIONNEL,0
TECH,Dakhla-Oued Ed-Dahab,29,FONCTIONNAIRE,10189,5655,27328,48,8,3,0,0.539,AUCUNE,IMMOBILIER,1
SERVICES,Guelmim-Oued Noun,57,FONCTIONNAIRE,3443,1398,64561,48,32,0,0,0.39,AUCUNE,IMMOBILIER,0
TECH,Rabat-Salé-Kénitra,66,FONCTIONNAIRE,17243,6965,58148,84,43,0,2,0.407,HYPOTHEQUE,PROFESSIONNEL,0
COMMERCE,Rabat-Salé-Kénitra,70,SALARIE_CDI,8598,3480,29011,36,45,3,3,0.43,NANTISSEMENT,IMMOBILIER,1
SERVICES,Laâyoune-Sakia El Hamra,18,SALARIE_CDI,6962,1627,16532,60,0,2,1,0.273,HYPOTHEQUE,CONSOMMATION,1
COMMERCE,Fès-Meknès,24,FONCTIONNAIRE,9134,5082,11289,84,4,5,0,0.592,CAUTION,PROFESSIONNEL,1
TECH,Guelmim-Oued Noun,57,INDEPENDANT,6202,3146,12379,36,35,2,1,0.491,CAUTION,IMMOBILIER,0
COMMERCE,Béni Mellal-Khénifra,64,SALARIE_CDD,7479,4298,23312,48,44,1,0,0.585,AUCUNE,PROFESSIONNEL,0
TECH,Drâa-Tafilalet,59,SALARIE_CDI,4869,2716,45325,60,36,4,3,0.495,CAUTION,CONSOMMATION,1
INDUSTRIE,Fès-Meknès,42,SALARIE_CDD,9593,5206,11317,84,23,0,1,0.556,CAUTION,PROFESSIONNEL,0
SERVICES,Fès-Meknès,65,INDEPENDANT,7822,4225,11846,84,41,1,0,0.44,AUCUNE,IMMOBILIER,0
INDUSTRIE,Oriental,54,SALARIE_CDI,8816,5486,47301,36,36,4,0,0.547,HYPOTHEQUE,PROFESSIONNEL,1
INDUSTRIE,Casablanca-Settat,76,FONCTIONNAIRE,15794,7150,108892,24,45,2,1,0.463,CAUTION,IMMOBILIER,0
COMMERCE,Fès-Meknès,41,INDEPENDANT,5643,3182,77820,12,14,2,3,0.591,HYPOTHEQUE,CONSOMMATION,1
TECH,Oriental,65,SALARIE_CDD,7646,4210,10005,12,45,3,0,0.49,CAUTION,IMMOBILIER,0
TECH,Marrakech-Safi,27,FONCTIONNAIRE,3854,1099,47773,48,6,3,2,0.313,AUCUNE,PROFESSIONNEL,1
SERVICES,Fès-Meknès,64,INDEPENDANT,10379,4493,70902,48,42,4,1,0.425,AUCUNE,PROFESSIONNEL,1
INDUSTRIE,Dakhla-Oued Ed-Dahab,64,SALARIE_CDI,8040,4139,25676,24,42,3,0,0.572,CAUTION,AUTO,0
SERVICES,Fès-Meknès,33,SALARIE_CDI,8167,1648,30767,48,9,4,0,0.275,HYPOTHEQUE,CONSOMMATION,1
COMMERCE,Laâyoune-Sakia El Hamra,21,SALARIE_CDI,7549,3135,45865,60,3,4,0,0.304,CAUTION,CONSOMMATION,1
SERVICES,Dakhla-Oued Ed-Dahab,80,INDEPENDANT,6247,946,51096,12,45,0,0,0.248,NANTISSEMENT,CONSOMMATION,0
COMMERCE,Drâa-Tafilalet,22,INDEPENDANT,24915,6731,47287,24,0,3,0,0.316,NANTISSEMENT,AUTO,0
TECH,Rabat-Salé-Kénitra,47,FONCTIONNAIRE,8244,3241,60295,60,29,2,0,0.424,HYPOTHEQUE,IMMOBILIER,0
COMMERCE,Marrakech-Safi,18,RETRAITE,9260,2810,42233,24,0,2,0,0.287,HYPOTHEQUE,IMMOBILIER,1
INDUSTRIE,Dakhla-Oued Ed-Dahab,44,INDEPENDANT,4853,2599,23434,60,19,1,0,0.562,AUCUNE,PROFESSIONNEL,1
INDUSTRIE,Casablanca-Settat,69,SALARIE_CDI,12068,5656,26572,84,43,4,1,0.487,HYPOTHEQUE,CONSOMMATION,0
COMMERCE,Oriental,49,SALARIE_CDI,7665,2175,21048,36,25,0,0,0.327,CAUTION,IMMOBILIER,0
COMMERCE,Béni Mellal-Khénifra,33,FONCTIONNAIRE,9903,1570,26298,12,6,0,0,0.177,AUCUNE,PROFESSIONNEL,0
SERVICES,Laâyoune-Sakia El Hamra,42,FONCTIONNAIRE,12162,3373,53810,24,15,1,0,0.306,AUCUNE,CONSOMMATION,0
TECH,Laâyoune-Sakia El Hamra,23,FONCTIONNAIRE,7733,3167,21143,60,0,5,1,0.447,HYPOTHEQUE,CONSOMMATION,1
COMMERCE,Fès-Meknès,55,FONCTIONNAIRE,5975,3173,76801,36,30,3,2,0.435,HYPOTHEQUE,CONSOMMATION,0
COMMERCE,Oriental,18,SALARIE_CDD,2843,1284,18182,120,0,2,1,0.438,AUCUNE,PROFESSIONNEL,1
SERVICES,Béni Mellal-Khénifra,40,SALARIE_CDI,6807,1211,41868,12,15,4,1,0.179,HYPOTHEQUE,CONSOMMATION,0
INDUSTRIE,Dakhla-Oued Ed-Dahab,21,FONCTIONNAIRE,5961,2285,65191,48,0,0,0,0.365,AUCUNE,CONSOMMATION,0
INDUSTRIE,Oriental,33,INDEPENDANT,4845,3051,49720,120,10,5,0,0.687,NANTISSEMENT,CONSOMMATION,1
SERVICES,Rabat-Salé-Kénitra,22,INDEPENDANT,15582,9381,9964,84,1,2,1,0.684,CAUTION,AUTO,1
COMMERCE,Dakhla-Oued Ed-Dahab,76,SALARIE_CDI,12610,6572,39866,12,45,2,0,0.529,CAUTION,IMMOBILIER,1
COMMERCE,Oriental,66,INDEPENDANT,3557,1038,21667,24,42,5,4,0.3,AUCUNE,IMMOBILIER,0
AGRICULTURE,Marrakech-Safi,76,SALARIE_CDI,8683,1399,14392,12,45,1,0,0.168,AUCUNE,IMMOBILIER,1
AGRICULTURE,Marrakech-Safi,61,SALARIE_CDI,5610,2122,42447,120,34,1,0,0.301,AUCUNE,CONSOMMATION,0
SERVICES,Marrakech-Safi,49,INDEPENDANT,9557,3223,15150,84,30,3,5,0.294,AUCUNE,IMMOBILIER,1
SERVICES,Drâa-Tafilalet,28,RETRAITE,5654,2759,43104,24,5,1,2,0.445,AUCUNE,CONSOMMATION,0
TECH,Dakhla-Oued Ed-Dahab,78,RETRAITE,6358,1178,100628,48,45,3,0,0.226,AUCUNE,IMMOBILIER,1
AGRICULTURE,Souss-Massa,75,SALARIE_CDI,12499,7646,44872,48,45,3,0,0.593,NANTISSEMENT,PROFESSIONNEL,1
TECH,Rabat-Salé-Kénitra,44,SALARIE_CDI,11716,6068,30854,84,24,3,1,0.515,NANTISSEMENT,PROFESSIONNEL,0
SERVICES,Laâyoune-Sakia El Hamra,32,INDEPENDANT,15983,10157,32452,12,9,2,1,0.628,HYPOTHEQUE,CONSOMMATION,1
SERVICES,Béni Mellal-Khénifra,42,INDEPENDANT,7349,4282,68857,48,16,4,3,0.57,HYPOTHEQUE,CONSOMMATION,1
SERVICES,Oriental,42,FONCTIONNAIRE,4209,1537,29322,84,18,4,2,0.47,HYPOTHEQUE,IMMOBILIER,1
TECH,Casablanca-Settat,75,SALARIE_CDI,12266,5903,26219,120,45,2,1,0.487,NANTISSEMENT,CONSOMMATION,0
COMMERCE,Dakhla-Oued Ed-Dahab,22,FONCTIONNAIRE,12298,7044,18922,36,0,1,1,0.643,AUCUNE,CONSOMMATION,0
COMMERCE,Casablanca-Settat,57,SALARIE_CDI,10751,2709,19422,36,38,1,5,0.217,AUCUNE,AUTO,0
COMMERCE,Béni Mellal-Khénifra,66,SALARIE_CDI,5798,898,67865,60,45,0,0,0.1,CAUTION,PROFESSIONNEL,0
SERVICES,Béni Mellal-Khénifra,66,FONCTIONNAIRE,5005,1520,25844,60,45,3,0,0.349,CAUTION,CONSOMMATION,1
COMMERCE,Oriental,30,SALARIE_CDI,10313,3803,53565,120,5,5,1,0.377,AUCUNE,CONSOMMATION,1
SERVICES,Oriental,44,INDEPENDANT,5438,2514,56681,24,19,3,0,0.494,AUCUNE,CONSOMMATION,0
COMMERCE,Tanger-Tétouan-Al Hoceïma,39,FONCTIONNAIRE,7054,1987,18598,36,21,4,2,0.372,AUCUNE,PROFESSIONNEL,1
TECH,Oriental,43,SALARIE_CDD,29969,11119,20815,48,18,2,0,0.381,AUCUNE,AUTO,1
COMMERCE,Tanger-Tétouan-Al Hoceïma,23,SALARIE_CDD,21121,10019,54398,48,0,5,0,0.494,CAUTION,AUTO,0
INDUSTRIE,Souss-Massa,23,INDEPENDANT,11576,6508,40068,12,0,1,1,0.546,CAUTION,CONSOMMATION,0
TECH,Drâa-Tafilalet,19,FONCTIONNAIRE,6015,1585,32042,24,0,3,3,0.27,CAUTION,PROFESSIONNEL,0
TECH,Drâa-Tafilalet,78,INDEPENDANT,5854,3219,50172,48,45,5,0,0.563,AUCUNE,CONSOMMATION,1
SERVICES,Rabat-Salé-Kénitra,44,SALARIE_CDD,11183,6929,73770,12,26,0,0,0.644,NANTISSEMENT,AUTO,1
SERVICES,Dakhla-Oued Ed-Dahab,32,FONCTIONNAIRE,15893,5639,35339,48,6,4,0,0.37,NANTISSEMENT,CONSOMMATION,0
COMMERCE,Rabat-Salé-Kénitra,68,RETRAITE,6437,2742,24387,24,43,2,0,0.349,HYPOTHEQUE,CONSOMMATION,0
INDUSTRIE,Fès-Meknès,49,SALARIE_CDI,6597,1022,39422,12,25,3,1,0.231,AUCUNE,CONSOMMATION,1
SERVICES,Tanger-Tétouan-Al Hoceïma,40,SALARIE_CDI,8429,4258,20675,36,13,4,0,0.51,AUCUNE,CONSOMMATION,1
SERVICES,Fès-Meknès,25,INDEPENDANT,4337,2542,40131,12,0,1,5,0.665,HYPOTHEQUE,CONSOMMATION,1
SERVICES,Tanger-Tétouan-Al Hoceïma,42,SALARIE_CDD,4397,703,36364,60,22,5,0,0.119,CAUTION,PROFESSIONNEL,0
COMMERCE,Fès-Meknès,58,SALARIE_CDI,4773,2729,20515,48,37,5,0,0.547,AUCUNE,IMMOBILIER,0
COMMERCE,Souss-Massa,57,RETRAITE,10360,2326,27355,24,37,3,0,0.214,CAUTION,CONSOMMATION,0
SERVICES,Guelmim-Oued Noun,42,SALARIE_CDI,9158,5230,28942,84,21,3,0,0.551,AUCUNE,CONSOMMATION,1
TECH,Guelmim-Oued Noun,56,FONCTIONNAIRE,13516,5690,60671,36,37,4,2,0.439,CAUTION,IMMOBILIER,1
INDUSTRIE,Tanger-Tétouan-Al Hoceïma,66,INDEPENDANT,3708,1242,19681,60,42,1,1,0.39,HYPOTHEQUE,CONSOMMATION,0
INDUSTRIE,Fès-Meknès,76,INDEPENDANT,4094,2541,20607,120,45,2,5,0.689,HYPOTHEQUE,CONSOMMATION,1
SERVICES,Drâa-Tafilalet,51,SALARIE_CDD,9947,4538,27958,84,27,2,0,0.433,AUCUNE,PROFESSIONNEL,0
TECH,Casablanca-Settat,32,SALARIE_CDI,5473,927,53894,36,5,0,0,0.139,HYPOTHEQUE,CONSOMMATION,1
AGRICULTURE,Souss-Massa,26,INDEPENDANT,5655,3014,60423,48,7,2,3,0.571,HYPOTHEQUE,CONSOMMATION,0
COMMERCE,Marrakech-Safi,27,INDEPENDANT,12781,3083,43622,36,7,5,1,0.188,HYPOTHEQUE,AUTO,1
SERVICES,Béni Mellal-Khénifra,18,SALARIE_CDI,6318,3864,59897,36,0,0,0,0.645,NANTISSEMENT,IMMOBILIER,0
SERVICES,Casablanca-Settat,53,SALARIE_CDI,6660,1553,81926,120,28,5,0,0.221,AUCUNE,CONSOMMATION,0
SERVICES,Guelmim-Oued Noun,31,FONCTIONNAIRE,7241,2852,40549,60,5,2,0,0.372,CAUTION,IMMOBILIER,0
TECH,Fès-Meknès,32,SALARIE_CDI,7441,3060,20720,48,8,1,0,0.271,HYPOTHEQUE,CONSOMMATION,1
SERVICES,Oriental,63,INDEPENDANT,11028,4763,34400,24,40,1,0,0.445,NANTISSEMENT,IMMOBILIER,1
AGRICULTURE,Oriental,38,RETRAITE,4701,1959,14000,48,15,1,0,0.475,AUCUNE,IMMOBILIER,0
COMMERCE,Souss-Massa,70,SALARIE_CDI,7445,2751,47873,60,45,2,0,0.31,CAUTION,CONSOMMATION,0
COMMERCE,Souss-Massa,26,RETRAITE,13671,6923,25741,60,2,1,0,0.521,AUCUNE,PROFESSIONNEL,1
TECH,Fès-Meknès,39,INDEPENDANT,21157,4819,39279,12,18,3,2,0.253,CAUTION,CONSOMMATION,0
SERVICES,Guelmim-Oued Noun,21,INDEPENDANT,4401,2393,34219,120,0,4,4,0.517,CAUTION,IMMOBILIER,1
TECH,Oriental,51,RETRAITE,9405,1587,27775,48,25,2,0,0.19,HYPOTHEQUE,CONSOMMATION,0
SERVICES,Marrakech-Safi,25,SALARIE_CDI,7439,4248,42522,36,0,5,3,0.616,HYPOTHEQUE,AUTO,1
TECH,Fès-Meknès,33,INDEPENDANT,7751,4069,33277,84,13,0,0,0.534,NANTISSEMENT,PROFESSIONNEL,0
COMMERCE,Souss-Massa,64,SALARIE_CDI,5680,3111,23357,48,40,0,0,0.575,CAUTION,PROFESSIONNEL,1
SERVICES,Laâyoune-Sakia El Hamra,73,SALARIE_CDD,11386,3398,16839,36,45,5,0,0.285,CAUTION,IMMOBILIER,1
TECH,Dakhla-Oued Ed-Dahab,52,FONCTIONNAIRE,11126,6396,46591,120,25,5,0,0.615,CAUTION,CONSOMMATION,0
SERVICES,Tanger-Tétouan-Al Hoceïma,78,SALARIE_CDI,25218,12498,15608,120,45,0,2,0.41,AUCUNE,PROFESSIONNEL,1
SERVICES,Tanger-Tétouan-Al Hoceïma,65,INDEPENDANT,4472,2836,127563,120,43,2,0,0.673,AUCUNE,IMMOBILIER,0
TECH,Rabat-Salé-Kénitra,65,SALARIE_CDD,3690,590,89412,12,38,2,0,0.221,AUCUNE,IMMOBILIER,0
COMMERCE,Oriental,80,SALARIE_CDD,20427,11138,11934,120,45,0,3,0.508,CAUTION,AUTO,0
AGRICULTURE,Marrakech-Safi,23,FONCTIONNAIRE,7916,3654,56345,24,0,4,2,0.423,HYPOTHEQUE,CONSOMMATION,0
COMMERCE,Guelmim-Oued Noun,32,SALARIE_CDI,6597,4252,80565,36,5,2,0,0.725,AUCUNE,PROFESSIONNEL,1
COMMERCE,Oriental,45,SALARIE_CDI,8819,3276,24094,60,20,5,0,0.391,AUCUNE,CONSOMMATION,0
INDUSTRIE,Marrakech-Safi,56,SALARIE_CDI,4326,1254,46434,48,35,2,0,0.214,AUCUNE,CONSOMMATION,0
SERVICES,Laâyoune-Sakia El Hamra,80,RETRAITE,9596,5660,33269,84,45,3,1,0.579,AUCUNE,PROFESSIONNEL,1
AGRICULTURE,Guelmim-Oued Noun,24,INDEPENDANT,7816,2445,58530,60,0,5,0,0.227,CAUTION,IMMOBILIER,1
SERVICES,Fès-Meknès,32,FONCTIONNAIRE,13137,6587,26570,12,5,1,0,0.49,CAUTION,IMMOBILIER,1
COMMERCE,Rabat-Salé-Kénitra,36,FONCTIONNAIRE,11916,3765,73849,12,11,2,4,0.315,CAUTION,PROFESSIONNEL,0
SERVICES,Fès-Meknès,60,FONCTIONNAIRE,12371,7705,32847,12,40,3,4,0.653,CAUTION,AUTO,0
SERVICES,Tanger-Tétouan-Al Hoceïma,77,SALARIE_CDI,8830,3647,29087,36,45,4,0,0.414,CAUTION,IMMOBILIER,0
COMMERCE,Tanger-Tétouan-Al Hoceïma,77,SALARIE_CDI,16680,5169,57178,48,45,2,3,0.39,AUCUNE,CONSOMMATION,1
TECH,Guelmim-Oued Noun,65,FONCTIONNAIRE,10502,5894,68220,120,41,0,0,0.567,CAUTION,IMMOBILIER,0
TECH,Dakhla-Oued Ed-Dahab,66,SALARIE_CDI,6375,1155,7077,36,45,4,0,0.086,CAUTION,CONSOMMATION,0
TECH,Drâa-Tafilalet,44,INDEPENDANT,5630,1108,5000,12,25,4,0,0.228,NANTISSEMENT,CONSOMMATION,1
INDUSTRIE,Laâyoune-Sakia El Hamra,56,SALARIE_CDI,5923,3366,46128,48,29,2,0,0.574,AUCUNE,CONSOMMATION,1
COMMERCE,Rabat-Salé-Kénitra,28,FONCTIONNAIRE,10562,3292,22848,36,3,4,1,0.303,HYPOTHEQUE,IMMOBILIER,0
SERVICES,Rabat-Salé-Kénitra,49,SALARIE_CDD,4450,1060,14404,84,25,0,2,0.291,AUCUNE,IMMOBILIER,0
TECH,Laâyoune-Sakia El Hamra,36,INDEPENDANT,8689,3854,27951,12,12,3,1,0.485,AUCUNE,PROFESSIONNEL,1
INDUSTRIE,Béni Mellal-Khénifra,76,RETRAITE,5570,1544,278670,36,45,3,1,0.234,CAUTION,PROFESSIONNEL,0
COMMERCE,Marrakech-Safi,41,SALARIE_CDD,4611,2968,14313,60,18,0,0,0.657,HYPOTHEQUE,PROFESSIONNEL,0
SERVICES,Guelmim-Oued Noun,42,SALARIE_CDI,4958,2778,67505,12,21,0,3,0.636,CAUTION,CONSOMMATION,0
TECH,Marrakech-Safi,43,FONCTIONNAIRE,8017,4767,21312,48,16,5,1,0.598,CAUTION,IMMOBILIER,1
TECH,Guelmim-Oued Noun,74,SALARIE_CDI,11427,6477,13141,60,45,3,2,0.502,AUCUNE,CONSOMMATION,1
TECH,Laâyoune-Sakia El Hamra,76,SALARIE_CDI,5978,3545,23662,12,45,5,2,0.613,AUCUNE,CONSOMMATION,0
SERVICES,Souss-Massa,45,FONCTIONNAIRE,3184,1016,13427,48,26,1,0,0.304,AUCUNE,IMMOBILIER,1
AGRICULTURE,Béni Mellal-Khénifra,80,SALARIE_CDI,33505,16307,12117,120,45,3,1,0.488,AUCUNE,PROFESSIONNEL,1
SERVICES,Drâa-Tafilalet,65,SALARIE_CDI,13400,8087,21863,48,42,5,0,0.556,HYPOTHEQUE,CONSOMMATION,0
INDUSTRIE,Laâyoune-Sakia El Hamra,71,SALARIE_CDD,12327,6077,16930,24,44,2,0,0.51,AUCUNE,CONSOMMATION,0
SERVICES,Béni Mellal-Khénifra,75,SALARIE_CDD,16857,10933,32786,84,45,3,1,0.62,HYPOTHEQUE,CONSOMMATION,1
SERVICES,Fès-Meknès,38,INDEPENDANT,8447,4923,40865,12,19,5,0,0.623,CAUTION,CONSOMMATION,0
COMMERCE,Marrakech-Safi,52,SALARIE_CDI,7625,1414,20903,84,27,0,2,0.253,AUCUNE,IMMOBILIER,0
SERVICES,Tanger-Tétouan-Al Hoceïma,35,SALARIE_CDD,14915,5978,56427,120,16,3,0,0.41,AUCUNE,CONSOMMATION,1
INDUSTRIE,Casablanca-Settat,37,INDEPENDANT,14870,4279,22813,24,16,3,3,0.24,NANTISSEMENT,CONSOMMATION,0
COMMERCE,Drâa-Tafilalet,47,INDEPENDANT,10688,6279,32614,24,23,5,2,0.55,AUCUNE,CONSOMMATION,1
TECH,Tanger-Tétouan-Al Hoceïma,21,SALARIE_CDI,12054,7457,7955,84,0,4,0,0.627,AUCUNE,PROFESSIONNEL,1
COMMERCE,Drâa-Tafilalet,31,FONCTIONNAIRE,4640,2011,38464,84,6,1,0,0.449,AUCUNE,CONSOMMATION,0
COMMERCE,Casablanca-Settat,68,FONCTIONNAIRE,7217,1292,175685,48,45,0,0,0.153,CAUTION,CONSOMMATION,1
SERVICES,Fès-Meknès,28,SALARIE_CDI,17443,5640,63354,60,4,1,0,0.313,CAUTION,CONSOMMATION,0
TECH,Tanger-Tétouan-Al Hoceïma,57,SALARIE_CDI,11637,2843,32183,120,33,4,0,0.273,AUCUNE,CONSOMMATION,0
SERVICES,Rabat-Salé-Kénitra,66,FONCTIONNAIRE,4197,1740,16145,84,45,1,0,0.468,HYPOTHEQUE,CONSOMMATION,0
SERVICES,Guelmim-Oued Noun,34,SALARIE_CDI,6381,4099,113831,48,10,4,0,0.642,NANTISSEMENT,AUTO,0
SERVICES,Béni Mellal-Khénifra,46,SALARIE_CDI,16211,5214,32445,36,24,5,1,0.352,HYPOTHEQUE,CONSOMMATION,0
COMMERCE,Laâyoune-Sakia El Hamra,73,FONCTIONNAIRE,9945,5141,22665,120,45,4,2,0.517,CAUTION,CONSOMMATION,1
INDUSTRIE,Guelmim-Oued Noun,70,SALARIE_CDI,8794,4973,23066,60,45,0,3,0.581,HYPOTHEQUE,IMMOBILIER,0
COMMERCE,Casablanca-Settat,75,SALARIE_CDI,8914,5037,154986,84,45,2,0,0.533,AUCUNE,IMMOBILIER,1
INDUSTRIE,Laâyoune-Sakia El Hamra,57,SALARIE_CDD,7804,1754,33432,84,34,1,5,0.244,AUCUNE,PROFESSIONNEL,1
INDUSTRIE,Casablanca-Settat,73,INDEPENDANT,6400,1720,49782,36,45,3,1,0.337,AUCUNE,IMMOBILIER,1
INDUSTRIE,Laâyoune-Sakia El Hamra,43,INDEPENDANT,5569,1457,31502,84,24,2,1,0.28,HYPOTHEQUE,CONSOMMATION,1
SERVICES,Drâa-Tafilalet,55,SALARIE_CDI,12767,3813,34695,60,33,2,0,0.32,AUCUNE,IMMOBILIER,0
INDUSTRIE,Guelmim-Oued Noun,60,SALARIE_CDI,9017,1564,26972,24,39,3,0,0.129,AUCUNE,AUTO,0
COMMERCE,Souss-Massa,79,RETRAITE,11139,4675,98285,48,45,2,0,0.437,HYPOTHEQUE,CONSOMMATION,1
COMMERCE,Rabat-Salé-Kénitra,41,FONCTIONNAIRE,10363,5394,37453,120,15,5,0,0.418,CAUTION,CONSOMMATION,0
SERVICES,Rabat-Salé-Kénitra,73,FONCTIONNAIRE,15274,4283,13555,48,45,0,0,0.313,NANTISSEMENT,AUTO,0
COMMERCE,Rabat-Salé-Kénitra,50,SALARIE_CDI,9943,4672,47853,60,29,4,0,0.542,AUCUNE,PROFESSIONNEL,1
INDUSTRIE,Guelmim-Oued Noun,24,SALARIE_CDI,11738,4963,33512,12,6,2,0,0.396,HYPOTHEQUE,PROFESSIONNEL,0
SERVICES,Oriental,59,SALARIE_CDI,8737,1744,47419,36,32,4,1,0.188,HYPOTHEQUE,CONSOMMATION,0
SERVICES,Marrakech-Safi,79,INDEPENDANT,5290,1428,28793,12,45,4,0,0.318,AUCUNE,CONSOMMATION,0
COMMERCE,Rabat-Salé-Kénitra,46,INDEPENDANT,7321,1982,24866,36,20,5,1,0.23,AUCUNE,IMMOBILIER,1
INDUSTRIE,Casablanca-Settat,52,SALARIE_CDI,10567,4167,67908,36,34,0,0,0.418,AUCUNE,CONSOMMATION,0
COMMERCE,Fès-Meknès,76,INDEPENDANT,10992,5099,133439,24,45,2,4,0.426,AUCUNE,CONSOMMATION,1
SERVICES,Drâa-Tafilalet,75,INDEPENDANT,15568,4681,9885,48,45,0,0,0.329,HYPOTHEQUE,PROFESSIONNEL,0
TECH,Laâyoune-Sakia El Hamra,43,INDEPENDANT,6588,1407,38462,48,16,2,4,0.201,AUCUNE,CONSOMMATION,1
INDUSTRIE,Béni Mellal-Khénifra,65,SALARIE_CDD,8971,2553,24882,48,42,1,0,0.147,HYPOTHEQUE,PROFESSIONNEL,0
COMMERCE,Dakhla-Oued Ed-Dahab,57,SALARIE_CDI,7646,1301,19181,36,31,3,0,0.118,NANTISSEMENT,IMMOBILIER,0
TECH,Tanger-Tétouan-Al Hoceïma,58,RETRAITE,16830,8825,8026,48,31,1,0,0.52,CAUTION,CONSOMMATION,1
INDUSTRIE,Fès-Meknès,63,SALARIE_CDI,9599,4796,46749,60,37,2,3,0.593,CAUTION,IMMOBILIER,1
SERVICES,Drâa-Tafilalet,38,SALARIE_CDI,9682,4699,25889,24,13,3,1,0.473,HYPOTHEQUE,CONSOMMATION,0
COMMERCE,Rabat-Salé-Kénitra,37,SALARIE_CDI,7974,3659,24832,48,18,0,0,0.423,HYPOTHEQUE,PROFESSIONNEL,0
AGRICULTURE,Laâyoune-Sakia El Hamra,19,FONCTIONNAIRE,7323,2188,84279,84,0,4,0,0.314,AUCUNE,PROFESSIONNEL,1
AGRICULTURE,Guelmim-Oued Noun,71,SALARIE_CDI,4222,877,26700,60,45,2,2,0.054,CAUTION,CONSOMMATION,0
SERVICES,Casablanca-Settat,35,FONCTIONNAIRE,4594,2065,25919,84,10,0,2,0.513,HYPOTHEQUE,CONSOMMATION,0
TECH,Marrakech-Safi,60,RETRAITE,8782,4534,14254,36,33,0,0,0.547,CAUTION,CONSOMMATION,0
INDUSTRIE,Béni Mellal-Khénifra,61,FONCTIONNAIRE,8303,4612,19235,120,39,4,0,0.53,AUCUNE,IMMOBILIER,1
SERVICES,Drâa-Tafilalet,62,RETRAITE,8804,4519,101366,48,42,5,4,0.549,AUCUNE,PROFESSIONNEL,1
COMMERCE,Marrakech-Safi,72,INDEPENDANT,12377,5933,55721,120,45,4,0,0.494,CAUTION,AUTO,0
COMMERCE,Drâa-Tafilalet,72,INDEPENDANT,8449,4750,89441,24,45,1,0,0.556,HYPOTHEQUE,PROFESSIONNEL,0
COMMERCE,Souss-Massa,18,FONCTIONNAIRE,6928,3678,20163,84,0,2,4,0.558,CAUTION,IMMOBILIER,1
TECH,Drâa-Tafilalet,70,INDEPENDANT,7372,4589,46762,36,45,1,1,0.618,CAUTION,PROFESSIONNEL,0
INDUSTRIE,Souss-Massa,31,FONCTIONNAIRE,9043,1384,75620,60,4,1,0,0.162,HYPOTHEQUE,PROFESSIONNEL,0
COMMERCE,Souss-Massa,58,SALARIE_CDI,6829,1525,54476,12,33,5,0,0.251,HYPOTHEQUE,IMMOBILIER,1
INDUSTRIE,Tanger-Tétouan-Al Hoceïma,60,RETRAITE,13082,5754,109779,48,35,0,0,0.421,NANTISSEMENT,IMMOBILIER,0
SERVICES,Rabat-Salé-Kénitra,21,FONCTIONNAIRE,8062,2826,48118,84,0,2,0,0.344,CAUTION,PROFESSIONNEL,0
INDUSTRIE,Marrakech-Safi,35,INDEPENDANT,9075,2906,36269,60,14,0,1,0.262,CAUTION,CONSOMMATION,1
AGRICULTURE,Marrakech-Safi,75,SALARIE_CDD,5611,2934,6988,36,45,2,0,0.459,HYPOTHEQUE,CONSOMMATION,0
COMMERCE,Guelmim-Oued Noun,26,SALARIE_CDI,13085,5467,48619,24,5,1,0,0.333,AUCUNE,CONSOMMATION,0
SERVICES,Souss-Massa,32,INDEPENDANT,15484,6399,55180,24,12,2,0,0.431,AUCUNE,AUTO,0
COMMERCE,Tanger-Tétouan-Al Hoceïma,23,FONCTIONNAIRE,4388,768,81088,120,0,3,1,0.159,CAUTION,CONSOMMATION,1
AGRICULTURE,Laâyoune-Sakia El Hamra,28,SALARIE_CDD,9705,3694,20823,36,1,1,0,0.322,AUCUNE,CONSOMMATION,0
AGRICULTURE,Laâyoune-Sakia El Hamra,58,INDEPENDANT,7719,3505,35472,60,36,2,2,0.435,HYPOTHEQUE,PROFESSIONNEL,1
COMMERCE,Marrakech-Safi,71,FONCTIONNAIRE,9208,2671,11932,12,45,1,1,0.237,CAUTION,CONSOMMATION,0
INDUSTRIE,Tanger-Tétouan-Al Hoceïma,55,SALARIE_CDI,9931,2676,11740,60,36,3,4,0.279,CAUTION,CONSOMMATION,1
COMMERCE,Tanger-Tétouan-Al Hoceïma,35,FONCTIONNAIRE,2964,1261,52004,60,9,4,0,0.475,HYPOTHEQUE,CONSOMMATION,1
TECH,Laâyoune-Sakia El Hamra,72,SALARIE_CDI,11405,6911,88130,60,45,5,3,0.672,CAUTION,IMMOBILIER,1
TECH,Drâa-Tafilalet,41,SALARIE_CDD,13367,2783,90321,84,22,5,0,0.2,HYPOTHEQUE,IMMOBILIER,0
TECH,Oriental,37,SALARIE_CDI,14061,4282,49362,60,13,0,4,0.296,AUCUNE,AUTO,1
INDUSTRIE,Marrakech-Safi,49,SALARIE_CDI,5297,949,152082,24,28,4,2,0.089,CAUTION,CONSOMMATION,0
SERVICES,Tanger-Tétouan-Al Hoceïma,26,RETRAITE,7991,2499,27591,60,8,5,0,0.24,AUCUNE,AUTO,0
COMMERCE,Casablanca-Settat,40,SALARIE_CDI,6358,3163,68103,24,16,0,0,0.564,HYPOTHEQUE,CONSOMMATION,0
SERVICES,Drâa-Tafilalet,68,INDEPENDANT,3423,1059,14436,12,45,1,2,0.318,AUCUNE,IMMOBILIER,0
SERVICES,Dakhla-Oued Ed-Dahab,56,FONCTIONNAIRE,6129,2141,5000,120,36,0,0,0.406,CAUTION,CONSOMMATION,0
COMMERCE,Guelmim-Oued Noun,80,SALARIE_CDI,4975,3073,25927,36,45,2,1,0.523,AUCUNE,PROFESSIONNEL,1
COMMERCE,Fès-Meknès,66,RETRAITE,9419,3047,33375,48,45,4,0,0.32,CAUTION,IMMOBILIER,1
TECH,Souss-Massa,40,SALARIE_CDI,3889,1633,42796,120,21,4,0,0.333,HYPOTHEQUE,CONSOMMATION,1
TECH,Dakhla-Oued Ed-Dahab,66,FONCTIONNAIRE,5215,3217,31879,60,45,4,0,0.508,NANTISSEMENT,CONSOMMATION,0
TECH,Souss-Massa,72,INDEPENDANT,6414,2593,46768,84,45,4,5,0.36,AUCUNE,PROFESSIONNEL,0
TECH,Laâyoune-Sakia El Hamra,57,INDEPENDANT,11459,2694,122788,120,35,4,0,0.326,AUCUNE,PROFESSIONNEL,1
COMMERCE,Oriental,66,SALARIE_CDI,28283,6266,60871,24,43,4,0,0.181,HYPOTHEQUE,IMMOBILIER,0
SERVICES,Souss-Massa,49,INDEPENDANT,9287,5567,21249,24,23,2,1,0.662,AUCUNE,IMMOBILIER,1
COMMERCE,Béni Mellal-Khénifra,75,RETRAITE,5093,3019,6255,36,45,4,2,0.58,CAUTION,PROFESSIONNEL,1
SERVICES,Marrakech-Safi,32,SALARIE_CDD,5969,1645,17108,12,12,0,0,0.337,AUCUNE,CONSOMMATION,1
SERVICES,Souss-Massa,44,FONCTIONNAIRE,10896,5030,92977,48,17,0,2,0.496,AUCUNE,CONSOMMATION,0
SERVICES,Fès-Meknès,33,SALARIE_CDD,4422,1031,25527,48,9,2,0,0.299,AUCUNE,CONSOMMATION,1
TECH,Guelmim-Oued Noun,24,SALARIE_CDD,13273,3527,58399,120,0,2,2,0.242,AUCUNE,IMMOBILIER,0
TECH,Béni Mellal-Khénifra,56,SALARIE_CDD,9164,5593,56852,24,36,4,3,0.624,HYPOTHEQUE,AUTO,1
AGRICULTURE,Tanger-Tétouan-Al Hoceïma,25,SALARIE_CDI,7660,2688,34927,120,0,2,3,0.357,AUCUNE,AUTO,1
AGRICULTURE,Guelmim-Oued Noun,32,FONCTIONNAIRE,3796,965,34175,24,11,1,0,0.381,CAUTION,IMMOBILIER,0
AGRICULTURE,Souss-Massa,66,SALARIE_CDI,12261,5052,22811,12,39,5,0,0.457,NANTISSEMENT,PROFESSIONNEL,0
SERVICES,Dakhla-Oued Ed-Dahab,33,SALARIE_CDI,5752,3310,172654,84,9,4,3,0.568,AUCUNE,IMMOBILIER,1
TECH,Béni Mellal-Khénifra,72,SALARIE_CDD,8683,4919,18598,24,45,5,2,0.668,AUCUNE,CONSOMMATION,1
TECH,Laâyoune-Sakia El Hamra,21,SALARIE_CDI,7550,3632,79592,36,0,3,3,0.587,AUCUNE,CONSOMMATION,1
TECH,Dakhla-Oued Ed-Dahab,46,FONCTIONNAIRE,3973,2212,64961,12,25,1,1,0.525,HYPOTHEQUE,IMMOBILIER,0
SERVICES,Fès-Meknès,22,FONCTIONNAIRE,7304,3943,55859,48,0,1,2,0.554,HYPOTHEQUE,CONSOMMATION,1
SERVICES,Fès-Meknès,21,SALARIE_CDI,4700,2970,33392,24,0,4,0,0.613,HYPOTHEQUE,CONSOMMATION,0
AGRICULTURE,Laâyoune-Sakia El Hamra,67,SALARIE_CDI,6043,2888,12889,60,45,0,0,0.399,AUCUNE,CONSOMMATION,1
SERVICES,Marrakech-Safi,22,SALARIE_CDI,9845,4420,16258,48,4,1,1,0.458,CAUTION,IMMOBILIER,1
INDUSTRIE,Guelmim-Oued Noun,74,FONCTIONNAIRE,11116,6701,21113,24,45,4,2,0.45,HYPOTHEQUE,CONSOMMATION,1
INDUSTRIE,Marrakech-Safi,55,SALARIE_CDI,8037,2658,47044,60,33,4,0,0.335,AUCUNE,CONSOMMATION,1
SERVICES,Laâyoune-Sakia El Hamra,48,INDEPENDANT,5444,2158,67740,24,24,3,2,0.394,CAUTION,CONSOMMATION,1
SERVICES,Drâa-Tafilalet,75,FONCTIONNAIRE,6055,3509,45243,84,45,1,0,0.576,AUCUNE,CONSOMMATION,0
AGRICULTURE,Oriental,42,SALARIE_CDD,6008,3842,43556,60,22,0,1,0.629,CAUTION,IMMOBILIER,1
TECH,Souss-Massa,43,SALARIE_CDI,3097,1117,75336,12,17,4,0,0.339,CAUTION,IMMOBILIER,1
AGRICULTURE,Béni Mellal-Khénifra,43,SALARIE_CDI,8375,3726,8409,120,25,1,2,0.359,AUCUNE,CONSOMMATION,1
INDUSTRIE,Tanger-Tétouan-Al Hoceïma,58,SALARIE_CDI,3829,2178,7748,24,34,0,0,0.499,AUCUNE,PROFESSIONNEL,1
SERVICES,Tanger-Tétouan-Al Hoceïma,71,SALARIE_CDI,8386,3433,12291,120,45,3,0,0.407,CAUTION,PROFESSIONNEL,0
INDUSTRIE,Marrakech-Safi,52,RETRAITE,4202,1480,69416,60,34,4,2,0.35,CAUTION,CONSOMMATION,1
INDUSTRIE,Rabat-Salé-Kénitra,35,SALARIE_CDI,4709,859,8897,120,9,2,3,0.225,HYPOTHEQUE,CONSOMMATION,0
SERVICES,Laâyoune-Sakia El Hamra,74,SALARIE_CDI,10948,2803,36066,48,45,2,1,0.232,HYPOTHEQUE,AUTO,0
TECH,Drâa-Tafilalet,55,INDEPENDANT,8193,2587,19201,84,32,2,2,0.262,AUCUNE,PROFESSIONNEL,0
AGRICULTURE,Souss-Massa,70,RETRAITE,3470,1217,40483,36,45,4,0,0.335,AUCUNE,IMMOBILIER,0
COMMERCE,Guelmim-Oued Noun,45,SALARIE_CDD,6301,3391,32887,60,24,5,0,0.428,AUCUNE,CONSOMMATION,0
INDUSTRIE,Béni Mellal-Khénifra,30,FONCTIONNAIRE,9117,2128,43271,24,12,0,0,0.242,HYPOTHEQUE,CONSOMMATION,1
INDUSTRIE,Béni Mellal-Khénifra,77,SALARIE_CDI,6132,1142,27463,24,45,1,1,0.215,HYPOTHEQUE,CONSOMMATION,0
SERVICES,Rabat-Salé-Kénitra,60,INDEPENDANT,6944,3082,59586,60,40,5,0,0.51,AUCUNE,CONSOMMATION,1
SERVICES,Oriental,37,FONCTIONNAIRE,9044,1393,101158,12,13,2,0,0.168,NANTISSEMENT,CONSOMMATION,0
COMMERCE,Rabat-Salé-Kénitra,71,SALARIE_CDD,8268,5088,88019,24,45,3,0,0.559,AUCUNE,PROFESSIONNEL,0
INDUSTRIE,Drâa-Tafilalet,18,SALARIE_CDI,5185,1441,28179,48,0,0,1,0.243,CAUTION,IMMOBILIER,0
COMMERCE,Casablanca-Settat,76,SALARIE_CDD,8185,4639,19820,60,45,2,1,0.558,NANTISSEMENT,PROFESSIONNEL,0
TECH,Oriental,54,INDEPENDANT,7120,2419,41645,60,30,3,2,0.305,HYPOTHEQUE,CONSOMMATION,1
SERVICES,Tanger-Tétouan-Al Hoceïma,55,SALARIE_CDI,17604,11432,144752,120,31,2,5,0.591,CAUTION,IMMOBILIER,0
SERVICES,Rabat-Salé-Kénitra,18,FONCTIONNAIRE,7736,3099,34988,84,0,1,2,0.37,HYPOTHEQUE,IMMOBILIER,0
SERVICES,Souss-Massa,29,SALARIE_CDI,8611,5437,65324,24,6,1,0,0.68,AUCUNE,PROFESSIONNEL,0
SERVICES,Marrakech-Safi,63,INDEPENDANT,9108,3501,62859,60,36,4,4,0.403,AUCUNE,CONSOMMATION,1
COMMERCE,Marrakech-Safi,53,SALARIE_CDI,7009,3554,62344,84,26,3,1,0.55,HYPOTHEQUE,CONSOMMATION,0
TECH,Laâyoune-Sakia El Hamra,26,INDEPENDANT,5861,1066,88521,84,5,1,3,0.142,AUCUNE,PROFESSIONNEL,1
AGRICULTURE,Tanger-Tétouan-Al Hoceïma,59,SALARIE_CDD,9966,3712,14447,84,35,0,0,0.441,CAUTION,IMMOBILIER,0
COMMERCE,Tanger-Tétouan-Al Hoceïma,65,SALARIE_CDD,10002,2855,18504,60,45,1,0,0.303,AUCUNE,PROFESSIONNEL,1
INDUSTRIE,Casablanca-Settat,35,SALARIE_CDD,20685,11306,37545,60,16,4,1,0.567,AUCUNE,CONSOMMATION,0
SERVICES,Fès-Meknès,61,FONCTIONNAIRE,11317,4710,85927,48,39,4,0,0.413,CAUTION,IMMOBILIER,0
INDUSTRIE,Tanger-Tétouan-Al Hoceïma,79,SALARIE_CDI,11404,5360,85789,36,45,4,3,0.346,HYPOTHEQUE,CONSOMMATION,0
INDUSTRIE,Drâa-Tafilalet,48,SALARIE_CDD,11192,3099,35164,120,29,5,1,0.346,HYPOTHEQUE,CONSOMMATION,1
TECH,Rabat-Salé-Kénitra,32,SALARIE_CDI,5939,1238,73037,24,12,1,0,0.224,HYPOTHEQUE,IMMOBILIER,0
COMMERCE,Dakhla-Oued Ed-Dahab,78,SALARIE_CDI,4600,2255,27035,84,45,4,0,0.439,HYPOTHEQUE,CONSOMMATION,1
SERVICES,Rabat-Salé-Kénitra,75,INDEPENDANT,5158,1914,20364,84,45,0,0,0.475,AUCUNE,CONSOMMATION,0
INDUSTRIE,Béni Mellal-Khénifra,46,SALARIE_CDI,11043,3959,14324,60,28,5,0,0.359,CAUTION,CONSOMMATION,0
SERVICES,Casablanca-Settat,44,INDEPENDANT,15363,9709,32989,36,20,5,0,0.613,AUCUNE,IMMOBILIER,1
AGRICULTURE,Guelmim-Oued Noun,70,INDEPENDANT,11275,2358,28492,60,45,2,0,0.16,CAUTION,PROFESSIONNEL,0
SERVICES,Drâa-Tafilalet,18,FONCTIONNAIRE,7517,3547,73305,84,0,3,1,0.44,HYPOTHEQUE,IMMOBILIER,0
SERVICES,Laâyoune-Sakia El Hamra,37,SALARIE_CDI,17232,3104,53850,60,14,1,0,0.1,AUCUNE,IMMOBILIER,0
SERVICES,Dakhla-Oued Ed-Dahab,52,FONCTIONNAIRE,6637,3268,37721,84,25,4,0,0.47,NANTISSEMENT,IMMOBILIER,0
TECH,Laâyoune-Sakia El Hamra,59,INDEPENDANT,4834,2078,37828,48,32,1,1,0.423,CAUTION,CONSOMMATION,0
COMMERCE,Béni Mellal-Khénifra,57,SALARIE_CDD,9080,4662,27081,120,34,3,0,0.541,AUCUNE,PROFESSIONNEL,1
COMMERCE,Laâyoune-Sakia El Hamra,41,SALARIE_CDI,14492,7614,10452,36,17,2,5,0.434,AUCUNE,CONSOMMATION,0
INDUSTRIE,Rabat-Salé-Kénitra,72,SALARIE_CDI,5543,1197,15872,84,45,1,0,0.176,AUCUNE,CONSOMMATION,1
SERVICES,Béni Mellal-Khénifra,58,SALARIE_CDD,3763,1081,62987,12,37,4,2,0.225,HYPOTHEQUE,IMMOBILIER,1
TECH,Dakhla-Oued Ed-Dahab,52,SALARIE_CDI,8242,2276,32961,120,33,4,0,0.321,HYPOTHEQUE,IMMOBILIER,0
SERVICES,Tanger-Tétouan-Al Hoceïma,77,SALARIE_CDI,11466,5206,14497,60,45,0,0,0.488,CAUTION,CONSOMMATION,0
SERVICES,Dakhla-Oued Ed-Dahab,23,FONCTIONNAIRE,2500,698,94556,120,0,2,0,0.184,NANTISSEMENT,IMMOBILIER,0
COMMERCE,Oriental,62,SALARIE_CDD,12579,5131,119220,120,37,3,0,0.394,HYPOTHEQUE,CONSOMMATION,1
SERVICES,Souss-Massa,76,SALARIE_CDI,4381,1626,84386,48,45,1,0,0.441,HYPOTHEQUE,CONSOMMATION,0
SERVICES,Fès-Meknès,59,RETRAITE,11228,4972,48864,60,35,1,0,0.48,NANTISSEMENT,AUTO,1
TECH,Rabat-Salé-Kénitra,53,SALARIE_CDI,3299,1074,44371,36,31,3,0,0.308,HYPOTHEQUE,PROFESSIONNEL,1
COMMERCE,Laâyoune-Sakia El Hamra,40,SALARIE_CDI,4173,2556,35696,120,13,2,0,0.634,NANTISSEMENT,PROFESSIONNEL,0
SERVICES,Drâa-Tafilalet,35,SALARIE_CDI,10705,6771,40717,24,12,5,3,0.672,HYPOTHEQUE,IMMOBILIER,1
INDUSTRIE,Tanger-Tétouan-Al Hoceïma,52,SALARIE_CDI,14004,4557,56393,24,30,4,0,0.414,CAUTION,IMMOBILIER,0
TECH,Dakhla-Oued Ed-Dahab,74,FONCTIONNAIRE,8070,4900,59587,36,45,4,1,0.585,CAUTION,CONSOMMATION,0
SERVICES,Marrakech-Safi,47,SALARIE_CDI,23811,13013,49905,48,28,5,3,0.615,CAUTION,PROFESSIONNEL,0
SERVICES,Guelmim-Oued Noun,25,INDEPENDANT,5114,1345,5000,24,5,4,3,0.235,AUCUNE,CONSOMMATION,1
COMMERCE,Souss-Massa,48,INDEPENDANT,5085,2194,81294,120,28,3,1,0.402,HYPOTHEQUE,CONSOMMATION,1
COMMERCE,Béni Mellal-Khénifra,24,SALARIE_CDI,7073,2396,41758,84,0,1,0,0.33,AUCUNE,PROFESSIONNEL,1
AGRICULTURE,Casablanca-Settat,76,INDEPENDANT,6923,3811,14042,24,45,1,3,0.558,CAUTION,CONSOMMATION,1
INDUSTRIE,Béni Mellal-Khénifra,51,FONCTIONNAIRE,9206,5496,41715,84,26,1,4,0.635,AUCUNE,CONSOMMATION,1
SERVICES,Drâa-Tafilalet,31,INDEPENDANT,5801,2675,44880,36,4,0,2,0.456,CAUTION,CONSOMMATION,0
COMMERCE,Dakhla-Oued Ed-Dahab,57,SALARIE_CDI,10461,4865,12094,48,39,4,1,0.44,HYPOTHEQUE,IMMOBILIER,0
COMMERCE,Tanger-Tétouan-Al Hoceïma,51,FONCTIONNAIRE,10349,5284,23160,120,31,5,0,0.468,CAUTION,IMMOBILIER,0
SERVICES,Casablanca-Settat,50,SALARIE_CDI,16748,6658,16745,84,29,4,1,0.427,AUCUNE,CONSOMMATION,1
COMMERCE,Casablanca-Settat,55,SALARIE_CDI,6498,2504,18371,36,35,1,0,0.387,HYPOTHEQUE,CONSOMMATION,1
SERVICES,Rabat-Salé-Kénitra,76,INDEPENDANT,9430,4070,54136,60,45,5,0,0.446,CAUTION,CONSOMMATION,0
TECH,Fès-Meknès,71,SALARIE_CDI,10643,5951,23493,84,45,3,0,0.579,CAUTION,CONSOMMATION,0
TECH,Guelmim-Oued Noun,34,SALARIE_CDD,8077,3826,38766,60,15,5,0,0.543,CAUTION,IMMOBILIER,1
INDUSTRIE,Marrakech-Safi,33,SALARIE_CDI,7367,1635,60860,24,6,4,0,0.278,CAUTION,PROFESSIONNEL,1
AGRICULTURE,Rabat-Salé-Kénitra,80,INDEPENDANT,3201,705,26803,84,45,2,0,0.258,AUCUNE,CONSOMMATION,0
AGRICULTURE,Casablanca-Settat,58,SALARIE_CDD,8413,3011,62584,36,38,3,0,0.35,AUCUNE,PROFESSIONNEL,0
SERVICES,Tanger-Tétouan-Al Hoceïma,19,SALARIE_CDI,10593,5080,93769,84,0,3,0,0.416,CAUTION,CONSOMMATION,0
INDUSTRIE,Béni Mellal-Khénifra,51,FONCTIONNAIRE,7895,2728,65667,48,26,2,0,0.322,CAUTION,PROFESSIONNEL,0
COMMERCE,Fès-Meknès,25,SALARIE_CDI,5699,1943,55267,84,1,3,1,0.336,CAUTION,CONSOMMATION,0
SERVICES,Souss-Massa,19,SALARIE_CDI,3806,2275,66047,84,0,4,0,0.564,CAUTION,CONSOMMATION,0
INDUSTRIE,Marrakech-Safi,29,FONCTIONNAIRE,9936,5804,47881,48,10,1,0,0.612,CAUTION,CONSOMMATION,0
SERVICES,Guelmim-Oued Noun,34,RETRAITE,8225,3190,65788,36,8,1,2,0.391,CAUTION,PROFESSIONNEL,0
AGRICULTURE,Casablanca-Settat,23,INDEPENDANT,15146,7711,15969,36,2,3,1,0.464,AUCUNE,IMMOBILIER,1
INDUSTRIE,Marrakech-Safi,70,SALARIE_CDI,4221,1587,34470,12,44,4,2,0.444,HYPOTHEQUE,PROFESSIONNEL,0
TECH,Oriental,45,SALARIE_CDI,6557,2961,47786,36,22,5,1,0.474,HYPOTHEQUE,IMMOBILIER,1
INDUSTRIE,Laâyoune-Sakia El Hamra,52,INDEPENDANT,4471,1284,34459,24,30,5,3,0.292,CAUTION,AUTO,1
SERVICES,Tanger-Tétouan-Al Hoceïma,72,SALARIE_CDI,12854,5126,209331,60,45,5,1,0.453,CAUTION,CONSOMMATION,0
TECH,Casablanca-Settat,70,INDEPENDANT,14151,6669,31761,60,45,1,0,0.432,CAUTION,CONSOMMATION,1
SERVICES,Oriental,69,SALARIE_CDD,19248,7139,10428,120,45,3,0,0.34,AUCUNE,CONSOMMATION,0
SERVICES,Fès-Meknès,30,INDEPENDANT,10246,5427,37744,24,10,1,1,0.512,CAUTION,IMMOBILIER,1
INDUSTRIE,Fès-Meknès,64,SALARIE_CDD,11558,3279,64849,84,41,1,3,0.31,AUCUNE,CONSOMMATION,0
COMMERCE,Dakhla-Oued Ed-Dahab,80,RETRAITE,9860,1542,19712,24,45,0,0,0.173,HYPOTHEQUE,IMMOBILIER,0
INDUSTRIE,Dakhla-Oued Ed-Dahab,18,SALARIE_CDD,10487,6367,35394,84,0,5,0,0.764,AUCUNE,IMMOBILIER,1
SERVICES,Fès-Meknès,72,INDEPENDANT,8284,2738,34501,84,45,2,0,0.282,AUCUNE,CONSOMMATION,1
INDUSTRIE,Béni Mellal-Khénifra,72,SALARIE_CDI,10705,2955,34832,36,45,5,0,0.28,AUCUNE,AUTO,0
SERVICES,Oriental,71,FONCTIONNAIRE,21226,8236,23890,120,45,1,1,0.375,HYPOTHEQUE,CONSOMMATION,0
SERVICES,Dakhla-Oued Ed-Dahab,42,SALARIE_CDI,8941,2456,78265,48,21,3,0,0.297,AUCUNE,IMMOBILIER,0
COMMERCE,Dakhla-Oued Ed-Dahab,30,SALARIE_CDI,8191,4232,165578,60,9,2,0,0.56,NANTISSEMENT,IMMOBILIER,0
SERVICES,Tanger-Tétouan-Al Hoceïma,64,SALARIE_CDD,8859,2688,20178,84,38,2,4,0.315,AUCUNE,PROFESSIONNEL,1
INDUSTRIE,Casablanca-Settat,57,SALARIE_CDI,7577,4894,14547,60,33,3,0,0.664,CAUTION,PROFESSIONNEL,0
COMMERCE,Casablanca-Settat,63,RETRAITE,9053,2608,26735,120,37,1,2,0.27,CAUTION,CONSOMMATION,1
TECH,Casablanca-Settat,34,INDEPENDANT,7463,2470,97238,12,14,2,4,0.413,HYPOTHEQUE,PROFESSIONNEL,1
SERVICES,Guelmim-Oued Noun,29,INDEPENDANT,13559,5684,30315,48,9,1,2,0.396,AUCUNE,CONSOMMATION,1
INDUSTRIE,Drâa-Tafilalet,74,SALARIE_CDD,12963,1966,46928,84,45,5,0,0.0,AUCUNE,AUTO,0
SERVICES,Guelmim-Oued Noun,50,SALARIE_CDI,21476,3266,19175,12,25,0,0,0.122,HYPOTHEQUE,PROFESSIONNEL,0
AGRICULTURE,Rabat-Salé-Kénitra,71,SALARIE_CDI,8018,2140,126585,48,45,5,2,0.386,HYPOTHEQUE,CONSOMMATION,1
SERVICES,Casablanca-Settat,76,SALARIE_CDI,9227,1761,29532,120,45,2,1,0.132,AUCUNE,PROFESSIONNEL,0
SERVICES,Marrakech-Safi,46,FONCTIONNAIRE,9056,4800,43243,36,28,5,0,0.554,CAUTION,IMMOBILIER,1
INDUSTRIE,Béni Mellal-Khénifra,34,INDEPENDANT,8865,5194,20802,12,16,0,2,0.546,CAUTION,CONSOMMATION,0
SERVICES,Casablanca-Settat,74,SALARIE_CDI,13474,4805,19447,36,45,2,1,0.38,AUCUNE,CONSOMMATION,0
SERVICES,Béni Mellal-Khénifra,63,SALARIE_CDI,3900,1592,36224,48,45,3,2,0.464,NANTISSEMENT,CONSOMMATION,0
SERVICES,Laâyoune-Sakia El Hamra,59,SALARIE_CDI,9970,4550,39060,12,37,1,0,0.433,CAUTION,IMMOBILIER,0
COMMERCE,Rabat-Salé-Kénitra,78,SALARIE_CDD,19892,3927,66433,48,45,1,1,0.261,HYPOTHEQUE,PROFESSIONNEL,1
COMMERCE,Drâa-Tafilalet,33,SALARIE_CDI,14963,5759,11143,60,10,0,0,0.439,CAUTION,AUTO,0
COMMERCE,Oriental,40,SALARIE_CDD,14212,8949,18664,120,21,5,0,0.646,CAUTION,CONSOMMATION,1
TECH,Dakhla-Oued Ed-Dahab,20,SALARIE_CDI,11836,3006,22447,60,0,3,1,0.25,HYPOTHEQUE,CONSOMMATION,0
INDUSTRIE,Marrakech-Safi,42,SALARIE_CDI,6197,1190,39501,12,23,0,0,0.181,NANTISSEMENT,AUTO,0
AGRICULTURE,Marrakech-Safi,46,INDEPENDANT,5782,1678,16470,120,26,5,0,0.25,CAUTION,PROFESSIONNEL,0
TECH,Casablanca-Settat,46,RETRAITE,5803,2460,33969,60,27,2,0,0.368,AUCUNE,CONSOMMATION,0
TECH,Drâa-Tafilalet,27,SALARIE_CDI,4855,2837,23142,84,4,5,2,0.614,HYPOTHEQUE,AUTO,1
TECH,Laâyoune-Sakia El Hamra,68,SALARIE_CDI,12406,4062,33028,36,45,0,2,0.345,CAUTION,AUTO,0
INDUSTRIE,Casablanca-Settat,48,SALARIE_CDI,15690,5059,21115,12,21,1,0,0.343,HYPOTHEQUE,CONSOMMATION,1
INDUSTRIE,Souss-Massa,45,INDEPENDANT,9853,3168,17888,48,20,3,1,0.372,NANTISSEMENT,CONSOMMATION,0
INDUSTRIE,Drâa-Tafilalet,72,FONCTIONNAIRE,11639,6640,44336,36,45,4,0,0.569,CAUTION,CONSOMMATION,0
SERVICES,Guelmim-Oued Noun,48,FONCTIONNAIRE,9247,3557,79149,36,26,1,0,0.452,HYPOTHEQUE,AUTO,0
INDUSTRIE,Dakhla-Oued Ed-Dahab,74,FONCTIONNAIRE,10467,3304,64177,120,45,2,0,0.234,HYPOTHEQUE,CONSOMMATION,1
SERVICES,Drâa-Tafilalet,32,RETRAITE,3125,745,79133,36,9,0,0,0.328,AUCUNE,PROFESSIONNEL,0
SERVICES,Dakhla-Oued Ed-Dahab,71,SALARIE_CDI,9336,1987,85907,24,45,5,0,0.211,NANTISSEMENT,CONSOMMATION,0
AGRICULTURE,Dakhla-Oued Ed-Dahab,80,SALARIE_CDI,6691,4263,32455,120,45,3,0,0.602,AUCUNE,CONSOMMATION,1
COMMERCE,Dakhla-Oued Ed-Dahab,65,SALARIE_CDD,7958,3129,134543,120,44,5,0,0.388,AUCUNE,AUTO,1
COMMERCE,Souss-Massa,74,SALARIE_CDD,8970,1669,61654,84,45,3,1,0.265,HYPOTHEQUE,PROFESSIONNEL,1
INDUSTRIE,Tanger-Tétouan-Al Hoceïma,64,SALARIE_CDI,5872,3542,18678,12,40,4,2,0.57,HYPOTHEQUE,CONSOMMATION,1
COMMERCE,Souss-Massa,55,INDEPENDANT,4994,3131,22741,120,34,1,0,0.632,NANTISSEMENT,PROFESSIONNEL,0
AGRICULTURE,Dakhla-Oued Ed-Dahab,66,FONCTIONNAIRE,5793,1556,40361,12,41,1,0,0.217,AUCUNE,PROFESSIONNEL,0
COMMERCE,Fès-Meknès,78,RETRAITE,4223,1301,67264,84,45,5,1,0.328,CAUTION,CONSOMMATION,0
COMMERCE,Guelmim-Oued Noun,56,RETRAITE,4818,3037,30940,84,34,1,2,0.693,AUCUNE,CONSOMMATION,1
COMMERCE,Béni Mellal-Khénifra,61,FONCTIONNAIRE,5125,809,18403,36,34,4,1,0.172,HYPOTHEQUE,AUTO,1
INDUSTRIE,Casablanca-Settat,22,INDEPENDANT,4248,1326,63154,24,0,5,2,0.294,CAUTION,IMMOBILIER,0
COMMERCE,Souss-Massa,78,INDEPENDANT,10280,3753,16617,12,45,3,0,0.345,CAUTION,CONSOMMATION,0
AGRICULTURE,Marrakech-Safi,66,SALARIE_CDD,5403,2892,44924,12,43,4,0,0.541,NANTISSEMENT,CONSOMMATION,0
INDUSTRIE,Drâa-Tafilalet,28,FONCTIONNAIRE,3504,1170,37429,36,6,5,1,0.361,CAUTION,CONSOMMATION,0
INDUSTRIE,Souss-Massa,36,RETRAITE,6764,2159,14190,48,17,0,0,0.363,CAUTION,CONSOMMATION,0
INDUSTRIE,Tanger-Tétouan-Al Hoceïma,32,INDEPENDANT,4910,2527,126009,36,14,4,0,0.463,NANTISSEMENT,IMMOBILIER,1
INDUSTRIE,Casablanca-Settat,38,INDEPENDANT,15624,8978,36743,60,12,5,3,0.55,HYPOTHEQUE,IMMOBILIER,1
AGRICULTURE,Rabat-Salé-Kénitra,73,SALARIE_CDI,8603,1692,15832,12,45,2,0,0.269,HYPOTHEQUE,CONSOMMATION,0
COMMERCE,Guelmim-Oued Noun,47,INDEPENDANT,4181,925,37571,60,21,0,2,0.246,CAUTION,CONSOMMATION,0
INDUSTRIE,Laâyoune-Sakia El Hamra,44,SALARIE_CDD,10466,5022,10817,24,23,5,4,0.487,CAUTION,CONSOMMATION,1
INDUSTRIE,Fès-Meknès,67,FONCTIONNAIRE,8419,2586,46759,48,45,4,0,0.346,AUCUNE,IMMOBILIER,1
INDUSTRIE,Guelmim-Oued Noun,41,FONCTIONNAIRE,7278,3524,66354,12,17,3,4,0.367,CAUTION,CONSOMMATION,0
SERVICES,Oriental,73,FONCTIONNAIRE,16458,3900,240703,120,45,4,1,0.271,CAUTION,CONSOMMATION,0
COMMERCE,Tanger-Tétouan-Al Hoceïma,65,SALARIE_CDI,5224,2884,38890,48,41,0,2,0.678,HYPOTHEQUE,PROFESSIONNEL,0
TECH,Souss-Massa,34,FONCTIONNAIRE,12911,4012,22897,36,12,5,0,0.315,AUCUNE,CONSOMMATION,1
COMMERCE,Drâa-Tafilalet,57,SALARIE_CDI,6739,2140,41969,24,31,0,0,0.332,CAUTION,IMMOBILIER,0
SERVICES,Laâyoune-Sakia El Hamra,48,SALARIE_CDI,8036,1924,99533,24,22,0,0,0.223,NANTISSEMENT,PROFESSIONNEL,0
TECH,Souss-Massa,39,SALARIE_CDI,5782,1478,51567,24,13,0,0,0.208,AUCUNE,IMMOBILIER,0
TECH,Tanger-Tétouan-Al Hoceïma,75,FONCTIONNAIRE,5951,2673,65048,12,45,4,1,0.424,AUCUNE,PROFESSIONNEL,0
SERVICES,Guelmim-Oued Noun,43,SALARIE_CDI,6659,2935,61823,48,24,2,3,0.486,NANTISSEMENT,CONSOMMATION,1
COMMERCE,Oriental,25,SALARIE_CDI,3445,1937,51763,24,0,5,4,0.591,AUCUNE,CONSOMMATION,1
COMMERCE,Tanger-Tétouan-Al Hoceïma,43,INDEPENDANT,9471,4405,13612,24,24,0,0,0.422,NANTISSEMENT,IMMOBILIER,0
TECH,Souss-Massa,50,SALARIE_CDD,8533,3105,13103,12,25,1,0,0.332,HYPOTHEQUE,PROFESSIONNEL,0
SERVICES,Oriental,25,INDEPENDANT,4130,2279,12022,12,0,3,0,0.521,CAUTION,PROFESSIONNEL,1
SERVICES,Rabat-Salé-Kénitra,64,SALARIE_CDD,10905,1726,15705,84,38,2,0,0.167,HYPOTHEQUE,CONSOMMATION,0
COMMERCE,Casablanca-Settat,32,SALARIE_CDI,15610,7819,17023,84,12,2,0,0.491,AUCUNE,CONSOMMATION,0
SERVICES,Béni Mellal-Khénifra,23,INDEPENDANT,6009,2533,133493,60,0,0,0,0.418,AUCUNE,CONSOMMATION,0
INDUSTRIE,Marrakech-Safi,51,SALARIE_CDD,5692,1482,22141,120,25,2,0,0.207,HYPOTHEQUE,AUTO,0
TECH,Oriental,28,RETRAITE,13374,6269,38945,48,10,0,0,0.55,CAUTION,CONSOMMATION,0
SERVICES,Guelmim-Oued Noun,67,SALARIE_CDI,9715,6250,30616,36,45,2,0,0.658,AUCUNE,CONSOMMATION,1
INDUSTRIE,Marrakech-Safi,22,INDEPENDANT,7622,2464,41583,48,3,1,0,0.297,CAUTION,IMMOBILIER,0
AGRICULTURE,Tanger-Tétouan-Al Hoceïma,44,SALARIE_CDD,11691,5486,38141,48,23,2,0,0.429,AUCUNE,AUTO,0
COMMERCE,Dakhla-Oued Ed-Dahab,21,INDEPENDANT,9167,3389,15075,12,0,4,0,0.35,HYPOTHEQUE,CONSOMMATION,0
COMMERCE,Casablanca-Settat,42,SALARIE_CDI,15411,5336,55184,36,23,5,1,0.405,AUCUNE,CONSOMMATION,1
COMMERCE,Guelmim-Oued Noun,76,FONCTIONNAIRE,8042,2441,22564,48,45,3,3,0.379,CAUTION,AUTO,0
SERVICES,Marrakech-Safi,58,SALARIE_CDI,9817,2596,22041,48,31,2,0,0.233,AUCUNE,PROFESSIONNEL,0
SERVICES,Laâyoune-Sakia El Hamra,51,INDEPENDANT,13282,3557,29304,36,25,0,0,0.246,AUCUNE,CONSOMMATION,1
COMMERCE,Tanger-Tétouan-Al Hoceïma,27,SALARIE_CDI,2693,1446,63977,12,9,5,1,0.453,AUCUNE,IMMOBILIER,0
INDUSTRIE,Casablanca-Settat,37,SALARIE_CDD,13500,4211,23454,24,10,5,0,0.231,NANTISSEMENT,CONSOMMATION,0
INDUSTRIE,Drâa-Tafilalet,41,FONCTIONNAIRE,6456,2678,38725,48,18,5,3,0.421,CAUTION,PROFESSIONNEL,0
SERVICES,Rabat-Salé-Kénitra,54,SALARIE_CDD,10147,2605,48146,24,27,3,0,0.241,CAUTION,PROFESSIONNEL,0
TECH,Tanger-Tétouan-Al Hoceïma,31,INDEPENDANT,17135,4391,43468,48,6,2,2,0.238,NANTISSEMENT,IMMOBILIER,0
SERVICES,Oriental,80,FONCTIONNAIRE,7061,3132,41833,36,45,0,0,0.419,HYPOTHEQUE,PROFESSIONNEL,0
TECH,Drâa-Tafilalet,59,SALARIE_CDI,6601,2914,13596,36,37,0,5,0.457,HYPOTHEQUE,CONSOMMATION,1
INDUSTRIE,Souss-Massa,37,INDEPENDANT,7906,3183,39688,120,18,5,0,0.409,AUCUNE,IMMOBILIER,1
COMMERCE,Laâyoune-Sakia El Hamra,25,SALARIE_CDD,4215,2093,19143,120,5,5,2,0.549,HYPOTHEQUE,CONSOMMATION,0
SERVICES,Souss-Massa,55,FONCTIONNAIRE,21799,10213,10594,60,32,4,0,0.599,CAUTION,CONSOMMATION,0
SERVICES,Tanger-Tétouan-Al Hoceïma,46,SALARIE_CDI,7950,1988,26269,36,27,1,0,0.197,AUCUNE,CONSOMMATION,1
COMMERCE,Tanger-Tétouan-Al Hoceïma,60,SALARIE_CDD,16992,3020,25256,84,42,0,1,0.116,AUCUNE,AUTO,0
COMMERCE,Guelmim-Oued Noun,55,INDEPENDANT,6975,1987,288409,24,36,0,0,0.366,AUCUNE,CONSOMMATION,0
SERVICES,Béni Mellal-Khénifra,58,RETRAITE,8228,3008,71922,24,33,5,1,0.363,AUCUNE,PROFESSIONNEL,0
INDUSTRIE,Rabat-Salé-Kénitra,70,RETRAITE,12393,3150,62882,84,43,5,0,0.295,CAUTION,PROFESSIONNEL,1
INDUSTRIE,Guelmim-Oued Noun,51,INDEPENDANT,4934,1930,27299,120,25,3,0,0.335,CAUTION,PROFESSIONNEL,1
SERVICES,Tanger-Tétouan-Al Hoceïma,63,SALARIE_CDI,7738,1303,31899,24,41,3,1,0.115,AUCUNE,IMMOBILIER,0
COMMERCE,Tanger-Tétouan-Al Hoceïma,40,SALARIE_CDD,12186,4735,219717,48,17,4,1,0.432,AUCUNE,IMMOBILIER,1
SERVICES,Rabat-Salé-Kénitra,77,SALARIE_CDI,7362,2398,23268,12,45,1,1,0.263,CAUTION,CONSOMMATION,0
COMMERCE,Dakhla-Oued Ed-Dahab,43,FONCTIONNAIRE,6520,4105,43410,120,20,5,0,0.701,CAUTION,CONSOMMATION,0
SERVICES,Casablanca-Settat,60,SALARIE_CDI,13385,7875,131783,36,39,1,1,0.631,CAUTION,CONSOMMATION,1
COMMERCE,Dakhla-Oued Ed-Dahab,80,RETRAITE,15222,9522,21882,84,45,1,0,0.591,CAUTION,IMMOBILIER,0
INDUSTRIE,Casablanca-Settat,39,SALARIE_CDI,16351,7839,40330,84,15,4,0,0.557,AUCUNE,IMMOBILIER,0
INDUSTRIE,Oriental,24,SALARIE_CDI,5980,3803,35857,24,2,5,1,0.663,CAUTION,CONSOMMATION,1
INDUSTRIE,Rabat-Salé-Kénitra,32,INDEPENDANT,6244,1528,19494,120,8,0,0,0.235,CAUTION,IMMOBILIER,0
AGRICULTURE,Souss-Massa,33,SALARIE_CDI,6554,2728,62472,120,7,1,0,0.421,AUCUNE,CONSOMMATION,1
COMMERCE,Laâyoune-Sakia El Hamra,21,SALARIE_CDI,11196,5840,16635,60,3,4,0,0.425,AUCUNE,CONSOMMATION,0
TECH,Béni Mellal-Khénifra,52,FONCTIONNAIRE,4729,1850,62511,120,25,4,1,0.325,CAUTION,CONSOMMATION,0
SERVICES,Oriental,35,RETRAITE,4851,1246,49054,120,15,2,0,0.296,AUCUNE,IMMOBILIER,1
INDUSTRIE,Rabat-Salé-Kénitra,24,SALARIE_CDI,5876,2802,68088,48,0,3,0,0.488,AUCUNE,PROFESSIONNEL,1
SERVICES,Dakhla-Oued Ed-Dahab,26,SALARIE_CDD,5312,3376,31700,48,1,5,0,0.709,AUCUNE,CONSOMMATION,1
INDUSTRIE,Tanger-Tétouan-Al Hoceïma,35,SALARIE_CDI,12064,4966,47697,120,8,1,3,0.432,AUCUNE,CONSOMMATION,1
COMMERCE,Oriental,41,FONCTIONNAIRE,11703,3207,74483,24,14,3,2,0.214,AUCUNE,CONSOMMATION,1
TECH,Laâyoune-Sakia El Hamra,79,SALARIE_CDI,6524,1111,13545,48,45,1,4,0.119,CAUTION,CONSOMMATION,0
COMMERCE,Béni Mellal-Khénifra,62,FONCTIONNAIRE,7426,1501,15585,48,39,5,0,0.161,NANTISSEMENT,PROFESSIONNEL,0
COMMERCE,Drâa-Tafilalet,63,SALARIE_CDD,2584,1392,54569,12,36,0,0,0.51,AUCUNE,PROFESSIONNEL,1
SERVICES,Marrakech-Safi,61,RETRAITE,6596,2590,64608,84,43,5,5,0.4,CAUTION,PROFESSIONNEL,0
SERVICES,Souss-Massa,68,FONCTIONNAIRE,14183,3607,39929,60,44,2,1,0.314,HYPOTHEQUE,IMMOBILIER,0
TECH,Oriental,38,FONCTIONNAIRE,6436,3733,69146,12,12,2,3,0.611,CAUTION,IMMOBILIER,1
SERVICES,Marrakech-Safi,24,SALARIE_CDD,4956,1824,28183,84,2,1,0,0.431,AUCUNE,CONSOMMATION,1
SERVICES,Tanger-Tétouan-Al Hoceïma,50,SALARIE_CDI,15053,8247,88168,36,28,2,2,0.568,AUCUNE,PROFESSIONNEL,0
AGRICULTURE,Guelmim-Oued Noun,18,SALARIE_CDI,4907,2727,34516,12,0,5,2,0.535,CAUTION,AUTO,1
AGRICULTURE,Dakhla-Oued Ed-Dahab,31,FONCTIONNAIRE,16248,8270,21055,12,6,5,1,0.44,CAUTION,CONSOMMATION,1
COMMERCE,Guelmim-Oued Noun,65,SALARIE_CDI,29720,18910,98460,24,45,1,0,0.668,NANTISSEMENT,CONSOMMATION,0
INDUSTRIE,Dakhla-Oued Ed-Dahab,49,SALARIE_CDI,7714,4616,64784,36,29,0,2,0.594,AUCUNE,IMMOBILIER,0
TECH,Dakhla-Oued Ed-Dahab,61,SALARIE_CDD,14182,3017,26497,36,43,0,0,0.252,HYPOTHEQUE,CONSOMMATION,0
SERVICES,Marrakech-Safi,50,SALARIE_CDI,3824,1231,26871,48,24,2,2,0.292,HYPOTHEQUE,AUTO,0
INDUSTRIE,Laâyoune-Sakia El Hamra,52,SALARIE_CDI,3749,2351,55305,60,27,5,0,0.709,CAUTION,PROFESSIONNEL,1
INDUSTRIE,Béni Mellal-Khénifra,36,FONCTIONNAIRE,5662,2705,18027,84,16,3,0,0.56,HYPOTHEQUE,IMMOBILIER,0
AGRICULTURE,Laâyoune-Sakia El Hamra,31,INDEPENDANT,11732,4363,45450,48,7,1,0,0.328,AUCUNE,PROFESSIONNEL,1
AGRICULTURE,Béni Mellal-Khénifra,34,SALARIE_CDI,8109,4712,32270,36,10,2,0,0.598,AUCUNE,CONSOMMATION,1
COMMERCE,Rabat-Salé-Kénitra,68,INDEPENDANT,7451,3498,42207,84,45,2,3,0.391,HYPOTHEQUE,PROFESSIONNEL,0
SERVICES,Oriental,79,SALARIE_CDI,4533,1520,8823,12,45,0,2,0.294,HYPOTHEQUE,CONSOMMATION,0
COMMERCE,Guelmim-Oued Noun,23,RETRAITE,7652,2186,19246,120,2,5,0,0.242,CAUTION,PROFESSIONNEL,0
SERVICES,Rabat-Salé-Kénitra,51,FONCTIONNAIRE,6066,3491,43372,48,30,1,1,0.545,NANTISSEMENT,CONSOMMATION,1
AGRICULTURE,Oriental,47,SALARIE_CDD,5350,3068,75874,60,23,0,0,0.56,HYPOTHEQUE,IMMOBILIER,0
SERVICES,Béni Mellal-Khénifra,53,FONCTIONNAIRE,5150,3137,33130,12,34,2,1,0.57,HYPOTHEQUE,IMMOBILIER,1
SERVICES,Souss-Massa,32,SALARIE_CDD,8834,4790,60222,12,12,3,0,0.55,HYPOTHEQUE,CONSOMMATION,1
COMMERCE,Guelmim-Oued Noun,18,SALARIE_CDD,5860,1420,12873,12,0,5,0,0.166,CAUTION,CONSOMMATION,0
INDUSTRIE,Rabat-Salé-Kénitra,30,SALARIE_CDD,8079,2781,26529,36,11,0,2,0.394,AUCUNE,IMMOBILIER,0
TECH,Tanger-Tétouan-Al Hoceïma,29,RETRAITE,3655,1148,44174,84,7,3,4,0.261,HYPOTHEQUE,CONSOMMATION,0
SERVICES,Dakhla-Oued Ed-Dahab,21,INDEPENDANT,10162,2835,34764,120,0,3,0,0.271,AUCUNE,CONSOMMATION,0
TECH,Oriental,40,FONCTIONNAIRE,9030,4943,61934,60,18,1,0,0.526,HYPOTHEQUE,CONSOMMATION,1
SERVICES,Marrakech-Safi,61,INDEPENDANT,7302,1550,30339,48,39,1,0,0.264,HYPOTHEQUE,CONSOMMATION,0
SERVICES,Rabat-Salé-Kénitra,78,SALARIE_CDI,8714,3395,30547,48,45,1,1,0.373,HYPOTHEQUE,CONSOMMATION,0
COMMERCE,Béni Mellal-Khénifra,59,FONCTIONNAIRE,12337,7190,57385,24,37,2,3,0.656,HYPOTHEQUE,CONSOMMATION,1
SERVICES,Dakhla-Oued Ed-Dahab,29,SALARIE_CDD,4222,2299,24930,24,10,3,0,0.562,AUCUNE,PROFESSIONNEL,1
COMMERCE,Casablanca-Settat,40,SALARIE_CDI,8350,2369,19238,120,21,2,0,0.237,NANTISSEMENT,CONSOMMATION,1
SERVICES,Rabat-Salé-Kénitra,37,INDEPENDANT,4504,756,50282,120,16,1,2,0.157,CAUTION,PROFESSIONNEL,1
SERVICES,Tanger-Tétouan-Al Hoceïma,31,INDEPENDANT,8429,3009,18498,84,7,1,0,0.355,AUCUNE,PROFESSIONNEL,1
TECH,Marrakech-Safi,80,INDEPENDANT,7212,3222,98025,120,45,0,0,0.483,CAUTION,AUTO,1
SERVICES,Rabat-Salé-Kénitra,59,FONCTIONNAIRE,8013,4627,10002,84,40,2,2,0.586,HYPOTHEQUE,AUTO,1
COMMERCE,Fès-Meknès,48,SALARIE_CDD,11870,4916,29473,84,25,0,0,0.403,AUCUNE,PROFESSIONNEL,0
TECH,Béni Mellal-Khénifra,45,INDEPENDANT,11712,3313,113396,12,21,4,5,0.245,CAUTION,PROFESSIONNEL,1
SERVICES,Guelmim-Oued Noun,38,SALARIE_CDI,13214,6546,144797,12,19,4,0,0.519,HYPOTHEQUE,PROFESSIONNEL,0
TECH,Fès-Meknès,44,INDEPENDANT,6779,2378,34068,120,26,3,1,0.333,AUCUNE,CONSOMMATION,0
SERVICES,Drâa-Tafilalet,57,SALARIE_CDI,11119,6256,78651,12,32,5,3,0.527,CAUTION,AUTO,1
INDUSTRIE,Guelmim-Oued Noun,76,INDEPENDANT,10178,1647,62479,24,45,3,0,0.11,AUCUNE,CONSOMMATION,0
SERVICES,Casablanca-Settat,49,INDEPENDANT,6857,2465,25743,48,25,3,0,0.411,CAUTION,PROFESSIONNEL,0
TECH,Laâyoune-Sakia El Hamra,29,SALARIE_CDI,8542,3084,50365,48,9,3,0,0.287,HYPOTHEQUE,CONSOMMATION,0
COMMERCE,Marrakech-Safi,78,SALARIE_CDI,7635,3388,19868,36,45,1,0,0.468,AUCUNE,CONSOMMATION,1
COMMERCE,Drâa-Tafilalet,37,SALARIE_CDD,15179,4999,12168,120,11,2,0,0.33,CAUTION,PROFESSIONNEL,0
AGRICULTURE,Guelmim-Oued Noun,23,SALARIE_CDI,11668,4096,51688,36,3,1,0,0.324,AUCUNE,IMMOBILIER,0
INDUSTRIE,Laâyoune-Sakia El Hamra,52,INDEPENDANT,6966,3605,53863,84,34,2,1,0.482,AUCUNE,PROFESSIONNEL,0
AGRICULTURE,Tanger-Tétouan-Al Hoceïma,67,SALARIE_CDI,6752,1591,15838,60,42,1,0,0.237,AUCUNE,PROFESSIONNEL,1
TECH,Béni Mellal-Khénifra,34,SALARIE_CDD,12468,3356,32862,12,10,1,1,0.242,HYPOTHEQUE,CONSOMMATION,0
AGRICULTURE,Casablanca-Settat,35,SALARIE_CDI,14809,2979,15831,120,8,1,0,0.172,HYPOTHEQUE,PROFESSIONNEL,0
AGRICULTURE,Souss-Massa,36,SALARIE_CDI,9339,2604,26294,24,14,0,0,0.329,AUCUNE,CONSOMMATION,0
AGRICULTURE,Dakhla-Oued Ed-Dahab,68,SALARIE_CDI,10898,4389,26755,60,43,3,0,0.395,CAUTION,AUTO,0
SERVICES,Rabat-Salé-Kénitra,78,INDEPENDANT,14565,3562,60998,60,45,0,2,0.245,NANTISSEMENT,PROFESSIONNEL,1
TECH,Rabat-Salé-Kénitra,71,INDEPENDANT,7490,1399,25589,12,45,5,0,0.147,HYPOTHEQUE,IMMOBILIER,0
TECH,Drâa-Tafilalet,32,INDEPENDANT,8413,5453,15014,120,8,3,0,0.698,CAUTION,IMMOBILIER,0
COMMERCE,Oriental,71,SALARIE_CDD,10087,3809,120694,12,45,1,1,0.439,CAUTION,CONSOMMATION,0
SERVICES,Souss-Massa,37,SALARIE_CDI,6681,3780,51351,48,11,5,0,0.577,CAUTION,CONSOMMATION,1
AGRICULTURE,Marrakech-Safi,72,SALARIE_CDI,17406,9040,67997,24,45,2,0,0.591,CAUTION,CONSOMMATION,0
SERVICES,Marrakech-Safi,80,SALARIE_CDD,6654,1549,55589,24,45,3,0,0.206,CAUTION,IMMOBILIER,1
COMMERCE,Drâa-Tafilalet,63,SALARIE_CDI,8330,3383,70174,12,45,3,0,0.452,NANTISSEMENT,PROFESSIONNEL,1
COMMERCE,Tanger-Tétouan-Al Hoceïma,78,SALARIE_CDI,19194,8329,49295,12,45,5,4,0.415,NANTISSEMENT,AUTO,0
SERVICES,Guelmim-Oued Noun,26,FONCTIONNAIRE,3506,803,50291,12,8,2,0,0.205,CAUTION,PROFESSIONNEL,0
TECH,Souss-Massa,59,SALARIE_CDI,8930,1839,39701,60,32,4,0,0.276,HYPOTHEQUE,AUTO,1
SERVICES,Tanger-Tétouan-Al Hoceïma,21,FONCTIONNAIRE,6019,1695,26706,12,0,0,1,0.263,NANTISSEMENT,CONSOMMATION,0
COMMERCE,Marrakech-Safi,59,FONCTIONNAIRE,8104,2274,67553,48,40,0,0,0.233,HYPOTHEQUE,PROFESSIONNEL,0
TECH,Béni Mellal-Khénifra,39,INDEPENDANT,4710,1360,30175,24,19,0,0,0.198,AUCUNE,CONSOMMATION,1
INDUSTRIE,Fès-Meknès,79,SALARIE_CDD,6858,1894,39435,12,45,5,1,0.277,AUCUNE,CONSOMMATION,1
COMMERCE,Laâyoune-Sakia El Hamra,49,INDEPENDANT,8194,3469,47054,12,25,3,2,0.372,NANTISSEMENT,IMMOBILIER,0
SERVICES,Tanger-Tétouan-Al Hoceïma,66,SALARIE_CDD,9020,2681,49920,84,42,2,0,0.396,CAUTION,IMMOBILIER,0
TECH,Guelmim-Oued Noun,37,SALARIE_CDI,12125,6497,17854,120,10,3,0,0.623,AUCUNE,AUTO,0
AGRICULTURE,Souss-Massa,22,SALARIE_CDI,2848,502,41808,60,0,2,0,0.026,HYPOTHEQUE,IMMOBILIER,1
SERVICES,Tanger-Tétouan-Al Hoceïma,64,SALARIE_CDI,7657,3528,17773,48,42,3,0,0.543,AUCUNE,CONSOMMATION,1
COMMERCE,Souss-Massa,31,SALARIE_CDD,7490,4016,41151,24,6,3,2,0.497,NANTISSEMENT,IMMOBILIER,0
COMMERCE,Souss-Massa,63,INDEPENDANT,7872,2901,62683,120,44,4,0,0.431,AUCUNE,CONSOMMATION,0
COMMERCE,Souss-Massa,47,INDEPENDANT,8222,2546,128015,48,29,3,1,0.363,AUCUNE,AUTO,1
COMMERCE,Laâyoune-Sakia El Hamra,79,SALARIE_CDI,5577,1682,54414,60,45,1,0,0.369,CAUTION,CONSOMMATION,0
COMMERCE,Drâa-Tafilalet,40,SALARIE_CDI,4039,1268,66488,84,19,1,0,0.404,AUCUNE,CONSOMMATION,0
COMMERCE,Casablanca-Settat,43,SALARIE_CDI,8935,1865,16959,48,21,2,1,0.151,AUCUNE,IMMOBILIER,0
SERVICES,Casablanca-Settat,64,RETRAITE,5180,2282,52930,36,37,5,0,0.388,CAUTION,IMMOBILIER,0
INDUSTRIE,Casablanca-Settat,67,SALARIE_CDI,9713,4485,16634,48,45,2,0,0.502,HYPOTHEQUE,IMMOBILIER,1
TECH,Drâa-Tafilalet,25,SALARIE_CDD,5315,1833,84264,120,3,2,2,0.35,HYPOTHEQUE,PROFESSIONNEL,0
SERVICES,Marrakech-Safi,64,SALARIE_CDI,11067,6949,17217,84,41,1,2,0.662,AUCUNE,CONSOMMATION,0
COMMERCE,Tanger-Tétouan-Al Hoceïma,48,INDEPENDANT,7907,4789,18325,60,30,0,0,0.588,AUCUNE,IMMOBILIER,0
SERVICES,Guelmim-Oued Noun,80,SALARIE_CDD,8158,2439,61594,36,45,4,1,0.343,CAUTION,CONSOMMATION,1
TECH,Rabat-Salé-Kénitra,57,SALARIE_CDI,7253,3744,117694,36,37,5,0,0.451,NANTISSEMENT,PROFESSIONNEL,1
COMMERCE,Rabat-Salé-Kénitra,66,SALARIE_CDD,6748,1405,76153,48,39,1,1,0.306,AUCUNE,IMMOBILIER,0
INDUSTRIE,Casablanca-Settat,39,INDEPENDANT,7297,3859,28345,12,14,1,2,0.652,CAUTION,CONSOMMATION,0
SERVICES,Fès-Meknès,35,SALARIE_CDD,13791,7142,18169,12,11,3,1,0.428,CAUTION,CONSOMMATION,1
INDUSTRIE,Rabat-Salé-Kénitra,67,RETRAITE,4062,1334,26917,48,41,5,2,0.407,CAUTION,PROFESSIONNEL,0
AGRICULTURE,Béni Mellal-Khénifra,18,INDEPENDANT,6053,2079,39656,84,0,2,0,0.257,NANTISSEMENT,AUTO,0
COMMERCE,Drâa-Tafilalet,54,FONCTIONNAIRE,13036,5775,34400,36,29,5,0,0.472,NANTISSEMENT,PROFESSIONNEL,0
COMMERCE,Marrakech-Safi,78,RETRAITE,11718,3400,17673,36,45,1,0,0.242,AUCUNE,IMMOBILIER,1
TECH,Oriental,80,INDEPENDANT,14833,6473,89350,60,45,5,1,0.459,AUCUNE,CONSOMMATION,0
INDUSTRIE,Fès-Meknès,63,SALARIE_CDD,7890,4685,90721,24,43,1,0,0.531,HYPOTHEQUE,CONSOMMATION,0
INDUSTRIE,Casablanca-Settat,49,INDEPENDANT,4477,1667,135872,12,28,0,0,0.393,CAUTION,IMMOBILIER,1
INDUSTRIE,Souss-Massa,69,FONCTIONNAIRE,4922,1241,11358,84,44,2,1,0.243,AUCUNE,IMMOBILIER,0
SERVICES,Drâa-Tafilalet,18,FONCTIONNAIRE,7084,3039,20619,48,0,1,1,0.416,HYPOTHEQUE,AUTO,0
TECH,Marrakech-Safi,67,FONCTIONNAIRE,11411,5436,43286,12,41,1,1,0.494,AUCUNE,CONSOMMATION,1
TECH,Guelmim-Oued Noun,29,INDEPENDANT,7226,2984,36439,60,8,2,0,0.328,HYPOTHEQUE,CONSOMMATION,0
AGRICULTURE,Dakhla-Oued Ed-Dahab,64,INDEPENDANT,6980,1129,26511,120,40,4,3,0.193,HYPOTHEQUE,CONSOMMATION,0
AGRICULTURE,Casablanca-Settat,39,SALARIE_CDI,9688,4695,19944,36,20,4,0,0.469,CAUTION,IMMOBILIER,0
INDUSTRIE,Rabat-Salé-Kénitra,65,FONCTIONNAIRE,8205,1382,18062,60,39,3,1,0.091,CAUTION,IMMOBILIER,1
INDUSTRIE,Fès-Meknès,56,FONCTIONNAIRE,6646,2384,149987,60,38,1,0,0.393,NANTISSEMENT,PROFESSIONNEL,0
COMMERCE,Laâyoune-Sakia El Hamra,76,INDEPENDANT,5163,1844,13375,84,45,4,0,0.326,AUCUNE,CONSOMMATION,0
AGRICULTURE,Rabat-Salé-Kénitra,67,SALARIE_CDD,12408,7112,12207,48,42,5,0,0.571,HYPOTHEQUE,AUTO,1
TECH,Souss-Massa,75,SALARIE_CDI,12985,7549,15808,12,45,0,0,0.598,CAUTION,CONSOMMATION,0
COMMERCE,Oriental,27,SALARIE_CDI,5034,2706,41546,12,8,1,0,0.534,HYPOTHEQUE,IMMOBILIER,1
COMMERCE,Rabat-Salé-Kénitra,41,SALARIE_CDI,6760,3785,29998,48,21,5,0,0.558,HYPOTHEQUE,IMMOBILIER,0
TECH,Casablanca-Settat,45,SALARIE_CDI,10940,2838,48511,48,25,0,0,0.289,AUCUNE,CONSOMMATION,1
AGRICULTURE,Rabat-Salé-Kénitra,19,SALARIE_CDI,4856,2468,22144,12,0,3,0,0.494,HYPOTHEQUE,AUTO,1
TECH,Casablanca-Settat,19,SALARIE_CDI,9550,5010,38625,24,0,4,5,0.576,NANTISSEMENT,PROFESSIONNEL,1
INDUSTRIE,Oriental,20,INDEPENDANT,6996,3771,38535,36,2,3,0,0.596,CAUTION,IMMOBILIER,1
SERVICES,Dakhla-Oued Ed-Dahab,66,SALARIE_CDD,4687,2566,109354,84,45,1,2,0.518,HYPOTHEQUE,CONSOMMATION,1
COMMERCE,Tanger-Tétouan-Al Hoceïma,46,SALARIE_CDD,18030,4176,126160,84,22,5,0,0.204,HYPOTHEQUE,PROFESSIONNEL,1
INDUSTRIE,Fès-Meknès,65,INDEPENDANT,6949,1935,32674,120,44,0,2,0.31,AUCUNE,CONSOMMATION,1
AGRICULTURE,Marrakech-Safi,70,SALARIE_CDI,10259,5559,66069,24,44,3,3,0.626,CAUTION,CONSOMMATION,0
COMMERCE,Dakhla-Oued Ed-Dahab,20,INDEPENDANT,4893,1094,40687,120,0,4,1,0.278,CAUTION,CONSOMMATION,0
COMMERCE,Dakhla-Oued Ed-Dahab,71,INDEPENDANT,16294,3454,62288,60,45,5,0,0.167,AUCUNE,PROFESSIONNEL,0
INDUSTRIE,Béni Mellal-Khénifra,32,SALARIE_CDD,19464,12428,47544,12,8,0,1,0.624,NANTISSEMENT,IMMOBILIER,0
COMMERCE,Souss-Massa,43,SALARIE_CDD,4122,2613,60788,48,17,1,4,0.593,AUCUNE,PROFESSIONNEL,0
COMMERCE,Rabat-Salé-Kénitra,78,SALARIE_CDI,7525,2396,65983,24,45,5,0,0.392,HYPOTHEQUE,CONSOMMATION,1
SERVICES,Dakhla-Oued Ed-Dahab,37,SALARIE_CDD,14729,2273,48884,120,19,4,1,0.176,HYPOTHEQUE,AUTO,1
TECH,Casablanca-Settat,77,FONCTIONNAIRE,6563,2291,39964,48,45,0,0,0.299,NANTISSEMENT,CONSOMMATION,0
INDUSTRIE,Rabat-Salé-Kénitra,49,SALARIE_CDI,9742,1587,75356,48,25,5,2,0.141,HYPOTHEQUE,PROFESSIONNEL,0
INDUSTRIE,Drâa-Tafilalet,18,SALARIE_CDD,3804,843,33049,120,0,4,0,0.174,HYPOTHEQUE,IMMOBILIER,1
SERVICES,Marrakech-Safi,70,SALARIE_CDD,5683,1489,24264,36,45,1,1,0.242,AUCUNE,PROFESSIONNEL,1
COMMERCE,Rabat-Salé-Kénitra,20,SALARIE_CDI,9295,5295,12235,60,0,1,0,0.598,AUCUNE,IMMOBILIER,0
COMMERCE,Béni Mellal-Khénifra,58,SALARIE_CDI,6215,2098,48909,120,40,2,2,0.307,HYPOTHEQUE,CONSOMMATION,0
AGRICULTURE,Casablanca-Settat,46,FONCTIONNAIRE,6890,1062,58960,48,27,4,0,0.159,CAUTION,IMMOBILIER,0
SERVICES,Fès-Meknès,26,SALARIE_CDI,4097,1919,10865,48,2,5,2,0.484,HYPOTHEQUE,PROFESSIONNEL,1
AGRICULTURE,Béni Mellal-Khénifra,50,INDEPENDANT,10876,2015,23632,36,28,2,0,0.09,HYPOTHEQUE,IMMOBILIER,0
COMMERCE,Marrakech-Safi,40,INDEPENDANT,4435,2648,61433,36,21,2,3,0.512,CAUTION,PROFESSIONNEL,1
INDUSTRIE,Guelmim-Oued Noun,24,INDEPENDANT,16209,4420,32841,84,6,4,0,0.249,HYPOTHEQUE,PROFESSIONNEL,1
SERVICES,Rabat-Salé-Kénitra,52,SALARIE_CDI,5960,1602,37748,36,30,4,3,0.224,AUCUNE,PROFESSIONNEL,1
INDUSTRIE,Béni Mellal-Khénifra,20,SALARIE_CDD,11618,4049,68792,36,0,4,0,0.369,NANTISSEMENT,IMMOBILIER,0
TECH,Casablanca-Settat,51,FONCTIONNAIRE,11114,2264,33668,48,31,0,3,0.186,AUCUNE,CONSOMMATION,0
INDUSTRIE,Drâa-Tafilalet,32,FONCTIONNAIRE,5202,840,47525,12,10,2,0,0.197,AUCUNE,IMMOBILIER,0
COMMERCE,Guelmim-Oued Noun,70,RETRAITE,6254,3797,17041,24,45,1,0,0.632,CAUTION,CONSOMMATION,1
COMMERCE,Guelmim-Oued Noun,77,SALARIE_CDD,6596,3838,46448,120,45,5,5,0.625,AUCUNE,CONSOMMATION,1
TECH,Fès-Meknès,76,SALARIE_CDI,6800,4135,14226,84,45,3,0,0.582,HYPOTHEQUE,CONSOMMATION,0
COMMERCE,Marrakech-Safi,77,SALARIE_CDD,4519,2207,14651,120,45,4,0,0.477,HYPOTHEQUE,IMMOBILIER,0
TECH,Dakhla-Oued Ed-Dahab,24,RETRAITE,10304,1613,25530,84,0,2,0,0.257,AUCUNE,IMMOBILIER,0
SERVICES,Drâa-Tafilalet,50,FONCTIONNAIRE,5944,3784,53326,12,28,5,0,0.584,HYPOTHEQUE,AUTO,0
TECH,Marrakech-Safi,32,INDEPENDANT,7697,3882,37674,48,13,3,1,0.538,HYPOTHEQUE,PROFESSIONNEL,1
SERVICES,Casablanca-Settat,24,INDEPENDANT,12745,4558,20900,12,5,3,0,0.408,HYPOTHEQUE,CONSOMMATION,0
SERVICES,Tanger-Tétouan-Al Hoceïma,42,RETRAITE,10481,5411,67120,12,21,3,1,0.54,NANTISSEMENT,CONSOMMATION,1
AGRICULTURE,Béni Mellal-Khénifra,45,FONCTIONNAIRE,6127,2656,45394,24,19,1,2,0.478,NANTISSEMENT,PROFESSIONNEL,1
SERVICES,Tanger-Tétouan-Al Hoceïma,36,RETRAITE,12944,6289,75474,12,16,5,0,0.486,AUCUNE,CONSOMMATION,1
SERVICES,Guelmim-Oued Noun,25,INDEPENDANT,10932,6144,19467,120,4,2,4,0.586,CAUTION,AUTO,1
COMMERCE,Oriental,43,INDEPENDANT,5898,3646,99112,48,24,0,0,0.629,HYPOTHEQUE,CONSOMMATION,0
INDUSTRIE,Dakhla-Oued Ed-Dahab,27,RETRAITE,6430,3526,109902,120,3,1,1,0.478,HYPOTHEQUE,IMMOBILIER,0
SERVICES,Laâyoune-Sakia El Hamra,20,FONCTIONNAIRE,12711,7600,68744,24,2,3,1,0.587,CAUTION,PROFESSIONNEL,0
COMMERCE,Souss-Massa,46,INDEPENDANT,11503,4989,51098,48,27,4,1,0.358,CAUTION,CONSOMMATION,0
TECH,Laâyoune-Sakia El Hamra,22,FONCTIONNAIRE,4121,1315,51406,36,0,2,0,0.351,CAUTION,CONSOMMATION,0
TECH,Souss-Massa,78,INDEPENDANT,5154,2499,45774,48,45,3,0,0.496,AUCUNE,CONSOMMATION,1
SERVICES,Casablanca-Settat,70,INDEPENDANT,11080,4744,13888,48,45,5,0,0.476,AUCUNE,AUTO,0
COMMERCE,Fès-Meknès,76,INDEPENDANT,4777,851,23883,12,45,0,0,0.121,CAUTION,IMMOBILIER,0
TECH,Tanger-Tétouan-Al Hoceïma,24,SALARIE_CDD,11640,5098,33765,60,6,5,0,0.443,CAUTION,CONSOMMATION,1
SERVICES,Dakhla-Oued Ed-Dahab,47,INDEPENDANT,19363,6946,17654,24,24,3,1,0.365,CAUTION,CONSOMMATION,1
SERVICES,Guelmim-Oued Noun,69,INDEPENDANT,9585,3209,99152,24,45,1,2,0.435,CAUTION,AUTO,1
SERVICES,Rabat-Salé-Kénitra,54,FONCTIONNAIRE,5349,2740,51547,120,31,0,0,0.503,HYPOTHEQUE,CONSOMMATION,1
COMMERCE,Casablanca-Settat,37,SALARIE_CDD,8773,5198,126455,60,11,5,3,0.565,HYPOTHEQUE,CONSOMMATION,1
SERVICES,Oriental,70,INDEPENDANT,12908,3209,63139,12,45,3,1,0.25,HYPOTHEQUE,IMMOBILIER,0
TECH,Oriental,37,INDEPENDANT,8472,4638,13661,12,10,3,1,0.63,AUCUNE,PROFESSIONNEL,0
AGRICULTURE,Drâa-Tafilalet,79,SALARIE_CDD,10074,2365,90661,12,45,3,0,0.278,AUCUNE,CONSOMMATION,1
SERVICES,Fès-Meknès,24,FONCTIONNAIRE,5655,2478,26491,48,0,1,2,0.471,CAUTION,CONSOMMATION,0
COMMERCE,Guelmim-Oued Noun,62,FONCTIONNAIRE,5851,3359,94388,60,44,0,1,0.562,AUCUNE,IMMOBILIER,1
SERVICES,Tanger-Tétouan-Al Hoceïma,18,FONCTIONNAIRE,12182,7345,104366,60,0,0,0,0.592,AUCUNE,PROFESSIONNEL,1
SERVICES,Tanger-Tétouan-Al Hoceïma,75,SALARIE_CDI,5882,1789,93544,12,45,4,0,0.379,AUCUNE,CONSOMMATION,1
TECH,Souss-Massa,40,SALARIE_CDI,2531,1416,76986,36,22,1,0,0.539,AUCUNE,IMMOBILIER,1
INDUSTRIE,Dakhla-Oued Ed-Dahab,19,INDEPENDANT,7060,4161,49186,24,1,0,5,0.564,AUCUNE,CONSOMMATION,1
AGRICULTURE,Tanger-Tétouan-Al Hoceïma,70,RETRAITE,9334,2206,36054,84,45,3,5,0.152,AUCUNE,PROFESSIONNEL,1
COMMERCE,Oriental,78,SALARIE_CDD,13047,4467,135886,24,45,2,1,0.265,HYPOTHEQUE,CONSOMMATION,1
SERVICES,Laâyoune-Sakia El Hamra,75,INDEPENDANT,16994,9145,43944,84,45,2,0,0.595,CAUTION,CONSOMMATION,0
INDUSTRIE,Casablanca-Settat,48,SALARIE_CDD,8418,1325,27731,24,30,0,0,0.056,NANTISSEMENT,CONSOMMATION,0
SERVICES,Oriental,21,SALARIE_CDI,10898,5044,49481,120,0,0,0,0.543,AUCUNE,CONSOMMATION,0
TECH,Drâa-Tafilalet,32,INDEPENDANT,8555,3057,81160,36,10,3,2,0.345,HYPOTHEQUE,AUTO,0
COMMERCE,Laâyoune-Sakia El Hamra,19,SALARIE_CDI,9503,3884,79095,36,0,5,0,0.427,AUCUNE,PROFESSIONNEL,1
INDUSTRIE,Casablanca-Settat,20,SALARIE_CDI,7450,2676,16979,48,0,1,1,0.412,HYPOTHEQUE,CONSOMMATION,0
COMMERCE,Drâa-Tafilalet,28,RETRAITE,9642,2388,77359,120,9,3,0,0.218,CAUTION,AUTO,1
COMMERCE,Guelmim-Oued Noun,53,FONCTIONNAIRE,5834,1892,58838,48,32,1,0,0.354,CAUTION,IMMOBILIER,1
TECH,Tanger-Tétouan-Al Hoceïma,66,SALARIE_CDI,19753,11467,28515,48,45,5,0,0.529,AUCUNE,IMMOBILIER,0
SERVICES,Drâa-Tafilalet,54,SALARIE_CDD,2763,1258,20392,36,34,3,0,0.423,CAUTION,CONSOMMATION,1
SERVICES,Souss-Massa,30,FONCTIONNAIRE,10477,4072,98821,36,3,1,0,0.411,CAUTION,CONSOMMATION,0
SERVICES,Béni Mellal-Khénifra,55,FONCTIONNAIRE,9356,4706,105893,120,31,0,2,0.524,CAUTION,PROFESSIONNEL,0
INDUSTRIE,Tanger-Tétouan-Al Hoceïma,32,SALARIE_CDI,9577,2316,108971,60,14,1,2,0.26,AUCUNE,PROFESSIONNEL,1
COMMERCE,Marrakech-Safi,47,SALARIE_CDD,4759,912,14537,120,28,4,1,0.266,AUCUNE,CONSOMMATION,1
SERVICES,Guelmim-Oued Noun,74,FONCTIONNAIRE,3808,1616,31359,120,45,5,0,0.421,AUCUNE,CONSOMMATION,0
INDUSTRIE,Marrakech-Safi,26,FONCTIONNAIRE,10642,1658,37793,48,0,3,1,0.236,HYPOTHEQUE,IMMOBILIER,0
INDUSTRIE,Marrakech-Safi,73,RETRAITE,14816,3320,103957,120,45,4,5,0.227,HYPOTHEQUE,AUTO,1
SERVICES,Laâyoune-Sakia El Hamra,35,SALARIE_CDD,8947,4550,63915,12,17,1,0,0.539,NANTISSEMENT,CONSOMMATION,0
AGRICULTURE,Dakhla-Oued Ed-Dahab,60,INDEPENDANT,11642,6995,31049,24,37,1,1,0.637,CAUTION,IMMOBILIER,0
COMMERCE,Béni Mellal-Khénifra,34,RETRAITE,6593,1929,40676,48,12,0,0,0.267,NANTISSEMENT,CONSOMMATION,0
INDUSTRIE,Oriental,28,SALARIE_CDI,9407,3211,59854,24,8,2,0,0.352,CAUTION,PROFESSIONNEL,0
COMMERCE,Tanger-Tétouan-Al Hoceïma,46,SALARIE_CDI,14066,6900,61290,12,24,3,1,0.418,AUCUNE,IMMOBILIER,1
INDUSTRIE,Béni Mellal-Khénifra,42,FONCTIONNAIRE,7037,3888,117755,48,20,1,2,0.558,HYPOTHEQUE,IMMOBILIER,0
TECH,Béni Mellal-Khénifra,49,INDEPENDANT,13816,3870,100666,12,30,0,2,0.284,CAUTION,IMMOBILIER,0
COMMERCE,Oriental,32,SALARIE_CDI,3883,2186,86938,120,10,4,2,0.59,CAUTION,PROFESSIONNEL,0
COMMERCE,Béni Mellal-Khénifra,79,SALARIE_CDI,6150,3914,21270,48,45,0,2,0.63,CAUTION,CONSOMMATION,1
AGRICULTURE,Oriental,60,FONCTIONNAIRE,10360,2010,22203,120,33,1,1,0.283,AUCUNE,PROFESSIONNEL,0
TECH,Laâyoune-Sakia El Hamra,70,INDEPENDANT,19077,5001,18151,60,45,0,0,0.177,HYPOTHEQUE,PROFESSIONNEL,0
TECH,Drâa-Tafilalet,67,SALARIE_CDI,8155,4184,48835,24,45,0,0,0.454,AUCUNE,IMMOBILIER,1
SERVICES,Tanger-Tétouan-Al Hoceïma,63,SALARIE_CDD,5088,857,26142,60,38,0,2,0.121,AUCUNE,AUTO,0
SERVICES,Béni Mellal-Khénifra,26,SALARIE_CDI,18883,5514,55104,12,5,4,0,0.29,CAUTION,IMMOBILIER,1
COMMERCE,Marrakech-Safi,55,RETRAITE,7656,4381,60963,48,36,1,0,0.533,HYPOTHEQUE,AUTO,1
COMMERCE,Marrakech-Safi,74,FONCTIONNAIRE,10929,5364,43153,60,45,0,5,0.432,AUCUNE,CONSOMMATION,0
COMMERCE,Guelmim-Oued Noun,24,SALARIE_CDD,6971,3279,68524,48,5,4,0,0.445,NANTISSEMENT,CONSOMMATION,1
TECH,Oriental,47,INDEPENDANT,8639,3939,23600,24,24,3,0,0.382,AUCUNE,CONSOMMATION,0
INDUSTRIE,Casablanca-Settat,29,FONCTIONNAIRE,6292,2523,13178,120,6,5,0,0.419,AUCUNE,PROFESSIONNEL,1
INDUSTRIE,Tanger-Tétouan-Al Hoceïma,68,INDEPENDANT,22380,11937,22626,24,45,1,0,0.549,AUCUNE,IMMOBILIER,0
COMMERCE,Dakhla-Oued Ed-Dahab,76,SALARIE_CDI,13850,8070,66671,24,45,5,3,0.519,CAUTION,AUTO,0
SERVICES,Béni Mellal-Khénifra,21,SALARIE_CDI,17956,9836,134524,84,0,2,0,0.591,AUCUNE,CONSOMMATION,1
COMMERCE,Laâyoune-Sakia El Hamra,68,SALARIE_CDD,5683,2224,104551,24,45,3,2,0.325,AUCUNE,IMMOBILIER,0
TECH,Oriental,40,SALARIE_CDI,3564,1922,32308,24,14,0,0,0.512,CAUTION,CONSOMMATION,0
COMMERCE,Casablanca-Settat,78,INDEPENDANT,7102,3748,72842,24,45,0,0,0.539,HYPOTHEQUE,PROFESSIONNEL,1
TECH,Marrakech-Safi,18,FONCTIONNAIRE,25145,9502,14092,84,0,0,5,0.381,NANTISSEMENT,PROFESSIONNEL,0
COMMERCE,Rabat-Salé-Kénitra,30,SALARIE_CDI,7010,2223,110092,12,4,4,0,0.239,CAUTION,PROFESSIONNEL,0
TECH,Drâa-Tafilalet,63,INDEPENDANT,13008,4619,53873,120,36,3,0,0.377,AUCUNE,CONSOMMATION,1
SERVICES,Guelmim-Oued Noun,67,FONCTIONNAIRE,5109,2026,64932,24,42,4,1,0.394,AUCUNE,IMMOBILIER,0
TECH,Souss-Massa,23,FONCTIONNAIRE,5580,1247,9797,24,4,2,0,0.318,HYPOTHEQUE,PROFESSIONNEL,0
TECH,Drâa-Tafilalet,28,SALARIE_CDI,7817,2026,51709,120,4,2,0,0.289,HYPOTHEQUE,IMMOBILIER,1
SERVICES,Oriental,39,RETRAITE,20939,4207,136169,48,20,2,3,0.274,HYPOTHEQUE,CONSOMMATION,1
COMMERCE,Drâa-Tafilalet,20,FONCTIONNAIRE,13294,2475,46102,84,0,2,1,0.139,HYPOTHEQUE,PROFESSIONNEL,1
TECH,Drâa-Tafilalet,67,INDEPENDANT,3217,1393,35197,60,45,0,0,0.354,NANTISSEMENT,CONSOMMATION,0
SERVICES,Souss-Massa,60,INDEPENDANT,10938,5458,31392,36,33,1,0,0.565,HYPOTHEQUE,CONSOMMATION,1
TECH,Béni Mellal-Khénifra,65,FONCTIONNAIRE,4832,2207,22678,48,40,5,0,0.474,HYPOTHEQUE,IMMOBILIER,0
AGRICULTURE,Fès-Meknès,47,SALARIE_CDI,5963,3062,40009,48,21,4,0,0.605,CAUTION,CONSOMMATION,0
TECH,Drâa-Tafilalet,58,FONCTIONNAIRE,10195,3601,16038,120,35,3,4,0.409,CAUTION,CONSOMMATION,1
INDUSTRIE,Laâyoune-Sakia El Hamra,54,SALARIE_CDI,15204,8356,51523,84,35,2,0,0.603,AUCUNE,CONSOMMATION,0
COMMERCE,Marrakech-Safi,61,RETRAITE,14871,7790,81774,12,42,2,5,0.547,CAUTION,PROFESSIONNEL,0
AGRICULTURE,Drâa-Tafilalet,46,SALARIE_CDI,9407,4755,27836,60,20,4,1,0.463,CAUTION,CONSOMMATION,0
COMMERCE,Rabat-Salé-Kénitra,59,SALARIE_CDD,9467,5046,49193,120,33,5,0,0.482,AUCUNE,IMMOBILIER,0
SERVICES,Tanger-Tétouan-Al Hoceïma,58,FONCTIONNAIRE,14851,3946,35964,48,37,2,2,0.164,AUCUNE,IMMOBILIER,0
SERVICES,Drâa-Tafilalet,58,FONCTIONNAIRE,3988,1734,49585,48,31,0,0,0.409,CAUTION,PROFESSIONNEL,0
TECH,Fès-Meknès,72,FONCTIONNAIRE,18441,9911,71129,84,45,3,0,0.537,CAUTION,IMMOBILIER,0
INDUSTRIE,Marrakech-Safi,40,INDEPENDANT,5819,1161,50274,24,18,2,0,0.194,CAUTION,IMMOBILIER,0
SERVICES,Tanger-Tétouan-Al Hoceïma,73,INDEPENDANT,9111,2492,68685,24,45,5,2,0.274,AUCUNE,IMMOBILIER,1
INDUSTRIE,Rabat-Salé-Kénitra,19,INDEPENDANT,6481,2563,54190,60,1,3,1,0.289,CAUTION,IMMOBILIER,1
TECH,Béni Mellal-Khénifra,48,SALARIE_CDD,4816,1720,68822,120,28,0,0,0.367,NANTISSEMENT,IMMOBILIER,0
COMMERCE,Rabat-Salé-Kénitra,45,FONCTIONNAIRE,9974,6056,46930,60,22,1,2,0.684,HYPOTHEQUE,AUTO,0
TECH,Fès-Meknès,72,INDEPENDANT,9013,4735,47426,84,45,1,0,0.486,AUCUNE,IMMOBILIER,0
TECH,Fès-Meknès,20,SALARIE_CDI,7728,1317,61035,12,0,1,0,0.099,CAUTION,CONSOMMATION,0
AGRICULTURE,Dakhla-Oued Ed-Dahab,31,SALARIE_CDI,7565,2895,35751,12,8,2,3,0.304,AUCUNE,IMMOBILIER,0
AGRICULTURE,Dakhla-Oued Ed-Dahab,47,SALARIE_CDI,16102,8555,51531,84,28,0,1,0.5,AUCUNE,IMMOBILIER,1
SERVICES,Casablanca-Settat,69,INDEPENDANT,21737,10532,20152,84,45,4,1,0.466,AUCUNE,CONSOMMATION,0
COMMERCE,Rabat-Salé-Kénitra,47,FONCTIONNAIRE,14240,5964,10574,12,29,4,1,0.428,AUCUNE,PROFESSIONNEL,0
SERVICES,Drâa-Tafilalet,58,SALARIE_CDI,9180,1768,40109,36,34,2,0,0.231,CAUTION,PROFESSIONNEL,0
AGRICULTURE,Fès-Meknès,29,SALARIE_CDI,3879,2357,21492,24,7,4,5,0.559,AUCUNE,IMMOBILIER,1
SERVICES,Béni Mellal-Khénifra,77,SALARIE_CDI,10745,3842,145170,60,45,5,0,0.331,HYPOTHEQUE,AUTO,0
COMMERCE,Dakhla-Oued Ed-Dahab,67,SALARIE_CDD,10961,2440,21448,60,41,2,0,0.14,CAUTION,CONSOMMATION,1
TECH,Rabat-Salé-Kénitra,20,SALARIE_CDI,11466,2204,64087,12,0,2,0,0.22,HYPOTHEQUE,CONSOMMATION,0
SERVICES,Dakhla-Oued Ed-Dahab,62,INDEPENDANT,4849,2630,22804,84,42,0,4,0.523,CAUTION,CONSOMMATION,0
TECH,Casablanca-Settat,26,RETRAITE,11879,5421,36863,24,3,3,1,0.444,AUCUNE,IMMOBILIER,1
SERVICES,Marrakech-Safi,53,INDEPENDANT,16362,4514,17142,60,32,1,0,0.341,NANTISSEMENT,PROFESSIONNEL,0
INDUSTRIE,Oriental,62,INDEPENDANT,5207,2169,16062,84,36,0,0,0.421,AUCUNE,CONSOMMATION,0
COMMERCE,Laâyoune-Sakia El Hamra,76,RETRAITE,11027,6872,45747,60,45,2,0,0.707,CAUTION,CONSOMMATION,0
INDUSTRIE,Oriental,22,INDEPENDANT,5623,2230,28361,120,0,4,0,0.433,HYPOTHEQUE,AUTO,1
COMMERCE,Rabat-Salé-Kénitra,36,FONCTIONNAIRE,7732,2670,62968,48,12,1,0,0.323,AUCUNE,PROFESSIONNEL,0
AGRICULTURE,Marrakech-Safi,61,INDEPENDANT,5287,1607,89683,24,34,0,0,0.248,AUCUNE,CONSOMMATION,1
INDUSTRIE,Guelmim-Oued Noun,34,FONCTIONNAIRE,6920,1669,12265,48,11,4,0,0.233,AUCUNE,IMMOBILIER,0
COMMERCE,Oriental,62,SALARIE_CDD,6944,4202,78036,84,38,1,5,0.656,CAUTION,CONSOMMATION,0
TECH,Casablanca-Settat,29,SALARIE_CDI,9755,2301,18529,48,8,0,0,0.166,AUCUNE,CONSOMMATION,0
TECH,Oriental,28,FONCTIONNAIRE,12096,2145,28763,12,3,0,2,0.146,CAUTION,CONSOMMATION,0
SERVICES,Tanger-Tétouan-Al Hoceïma,52,INDEPENDANT,14007,3101,13612,24,25,2,2,0.179,AUCUNE,IMMOBILIER,1
AGRICULTURE,Casablanca-Settat,61,FONCTIONNAIRE,6043,1458,13899,48,38,2,0,0.22,HYPOTHEQUE,CONSOMMATION,0
SERVICES,Marrakech-Safi,30,SALARIE_CDD,9528,3453,9306,36,6,5,0,0.382,AUCUNE,AUTO,1
COMMERCE,Dakhla-Oued Ed-Dahab,73,FONCTIONNAIRE,4943,2990,27361,120,45,4,1,0.614,HYPOTHEQUE,CONSOMMATION,1
COMMERCE,Drâa-Tafilalet,72,INDEPENDANT,7709,1676,37906,120,45,2,4,0.226,CAUTION,PROFESSIONNEL,0
TECH,Casablanca-Settat,23,INDEPENDANT,8260,1843,28000,60,2,2,0,0.153,CAUTION,CONSOMMATION,0
SERVICES,Casablanca-Settat,37,SALARIE_CDD,5350,1972,10369,36,19,4,0,0.404,NANTISSEMENT,PROFESSIONNEL,0
SERVICES,Tanger-Tétouan-Al Hoceïma,53,SALARIE_CDD,10421,6272,9229,24,26,0,0,0.651,CAUTION,CONSOMMATION,0
TECH,Souss-Massa,48,SALARIE_CDD,7555,4635,36574,84,24,1,2,0.601,AUCUNE,PROFESSIONNEL,0
SERVICES,Souss-Massa,34,INDEPENDANT,8686,5432,63090,120,9,4,0,0.58,AUCUNE,CONSOMMATION,1
COMMERCE,Drâa-Tafilalet,51,SALARIE_CDI,14059,3001,43194,60,31,3,0,0.254,AUCUNE,PROFESSIONNEL,1
TECH,Marrakech-Safi,78,INDEPENDANT,6684,3361,134260,12,45,5,0,0.57,NANTISSEMENT,IMMOBILIER,1
COMMERCE,Casablanca-Settat,37,SALARIE_CDI,11880,5627,35359,24,18,3,1,0.492,NANTISSEMENT,CONSOMMATION,0
SERVICES,Drâa-Tafilalet,31,RETRAITE,15511,2563,45288,48,4,1,0,0.129,NANTISSEMENT,CONSOMMATION,0
INDUSTRIE,Laâyoune-Sakia El Hamra,64,SALARIE_CDD,15089,7336,35785,24,39,3,2,0.433,CAUTION,PROFESSIONNEL,0
AGRICULTURE,Marrakech-Safi,53,INDEPENDANT,7445,3711,21014,60,33,1,0,0.527,HYPOTHEQUE,IMMOBILIER,0
INDUSTRIE,Tanger-Tétouan-Al Hoceïma,61,INDEPENDANT,5231,2502,32371,12,35,0,1,0.4,CAUTION,PROFESSIONNEL,0
SERVICES,Béni Mellal-Khénifra,58,INDEPENDANT,5887,1518,65314,48,35,3,2,0.188,CAUTION,IMMOBILIER,0
SERVICES,Rabat-Salé-Kénitra,65,INDEPENDANT,3968,1255,67124,48,43,0,2,0.327,AUCUNE,AUTO,0
INDUSTRIE,Laâyoune-Sakia El Hamra,63,SALARIE_CDI,11034,4710,46644,60,40,1,0,0.505,AUCUNE,CONSOMMATION,0
AGRICULTURE,Marrakech-Safi,56,SALARIE_CDI,11346,2487,109929,24,35,0,1,0.277,NANTISSEMENT,CONSOMMATION,0
INDUSTRIE,Oriental,46,SALARIE_CDI,8543,1960,50023,60,24,4,4,0.248,CAUTION,IMMOBILIER,1
SERVICES,Tanger-Tétouan-Al Hoceïma,46,FONCTIONNAIRE,4362,2178,45649,24,27,4,2,0.395,NANTISSEMENT,CONSOMMATION,0
COMMERCE,Drâa-Tafilalet,34,FONCTIONNAIRE,6875,1601,103937,48,16,5,2,0.11,CAUTION,CONSOMMATION,1
SERVICES,Marrakech-Safi,46,SALARIE_CDI,15080,2388,22015,84,22,5,3,0.15,NANTISSEMENT,CONSOMMATION,1
SERVICES,Rabat-Salé-Kénitra,56,INDEPENDANT,10661,2586,98678,12,32,5,0,0.331,HYPOTHEQUE,AUTO,0
AGRICULTURE,Oriental,63,SALARIE_CDI,11526,2164,18366,48,45,1,0,0.143,CAUTION,PROFESSIONNEL,0
COMMERCE,Laâyoune-Sakia El Hamra,66,SALARIE_CDI,35905,10451,30145,120,45,0,2,0.334,HYPOTHEQUE,CONSOMMATION,0
SERVICES,Béni Mellal-Khénifra,41,SALARIE_CDD,9392,4979,10042,36,17,1,2,0.546,NANTISSEMENT,CONSOMMATION,1
INDUSTRIE,Guelmim-Oued Noun,64,INDEPENDANT,3067,1666,43298,36,45,5,0,0.515,AUCUNE,PROFESSIONNEL,1
SERVICES,Souss-Massa,45,SALARIE_CDI,4937,917,91851,24,18,2,2,0.165,HYPOTHEQUE,IMMOBILIER,0
SERVICES,Rabat-Salé-Kénitra,40,INDEPENDANT,9297,4046,18836,24,19,4,0,0.351,AUCUNE,CONSOMMATION,0
COMMERCE,Souss-Massa,28,FONCTIONNAIRE,8172,1586,29793,48,7,2,3,0.216,CAUTION,IMMOBILIER,0
COMMERCE,Dakhla-Oued Ed-Dahab,34,FONCTIONNAIRE,7500,1827,31096,48,10,3,0,0.211,AUCUNE,AUTO,1
TECH,Guelmim-Oued Noun,60,SALARIE_CDI,7559,4098,31239,24,35,3,1,0.585,AUCUNE,PROFESSIONNEL,1
AGRICULTURE,Drâa-Tafilalet,31,INDEPENDANT,5693,3621,17440,48,10,5,5,0.625,AUCUNE,IMMOBILIER,1
SERVICES,Fès-Meknès,22,INDEPENDANT,9588,2740,37282,12,4,2,1,0.271,NANTISSEMENT,PROFESSIONNEL,1
AGRICULTURE,Béni Mellal-Khénifra,35,FONCTIONNAIRE,15176,8170,108989,48,12,5,0,0.433,HYPOTHEQUE,AUTO,0
COMMERCE,Béni Mellal-Khénifra,80,SALARIE_CDI,17669,5672,25575,120,45,3,0,0.335,AUCUNE,IMMOBILIER,0
SERVICES,Béni Mellal-Khénifra,27,SALARIE_CDD,17445,9460,42666,60,7,2,1,0.568,CAUTION,PROFESSIONNEL,1
TECH,Laâyoune-Sakia El Hamra,27,SALARIE_CDD,5270,2293,42427,48,5,0,1,0.498,NANTISSEMENT,IMMOBILIER,0
SERVICES,Drâa-Tafilalet,43,SALARIE_CDI,8030,3398,27530,120,24,5,2,0.381,CAUTION,PROFESSIONNEL,1
COMMERCE,Marrakech-Safi,42,INDEPENDANT,7036,3901,44125,84,18,4,1,0.568,CAUTION,PROFESSIONNEL,1
TECH,Marrakech-Safi,75,SALARIE_CDI,10576,5268,27817,12,45,5,0,0.518,CAUTION,IMMOBILIER,1
SERVICES,Béni Mellal-Khénifra,32,INDEPENDANT,7807,4960,48647,84,12,4,0,0.572,HYPOTHEQUE,AUTO,1
TECH,Laâyoune-Sakia El Hamra,44,SALARIE_CDD,7321,2426,34567,84,22,2,1,0.3,HYPOTHEQUE,CONSOMMATION,0
SERVICES,Dakhla-Oued Ed-Dahab,36,FONCTIONNAIRE,15593,9785,13575,12,12,5,1,0.568,AUCUNE,AUTO,0
TECH,Béni Mellal-Khénifra,33,RETRAITE,8470,4776,10308,36,7,1,0,0.509,HYPOTHEQUE,CONSOMMATION,1
SERVICES,Oriental,38,SALARIE_CDD,8569,3400,8131,60,13,3,4,0.377,AUCUNE,PROFESSIONNEL,1
SERVICES,Guelmim-Oued Noun,34,SALARIE_CDI,9759,3908,27252,60,8,2,1,0.366,AUCUNE,IMMOBILIER,1
INDUSTRIE,Dakhla-Oued Ed-Dahab,63,FONCTIONNAIRE,10985,6602,64957,12,44,3,2,0.6,HYPOTHEQUE,IMMOBILIER,0
TECH,Casablanca-Settat,67,SALARIE_CDD,11014,4887,21785,24,45,0,1,0.475,AUCUNE,CONSOMMATION,0
SERVICES,Fès-Meknès,29,INDEPENDANT,16293,5196,30551,12,3,3,0,0.349,CAUTION,IMMOBILIER,0
TECH,Tanger-Tétouan-Al Hoceïma,49,INDEPENDANT,4544,776,22979,48,29,2,3,0.21,CAUTION,IMMOBILIER,0
SERVICES,Oriental,34,INDEPENDANT,9377,2811,20242,12,10,0,1,0.286,CAUTION,PROFESSIONNEL,0
INDUSTRIE,Fès-Meknès,72,RETRAITE,7738,2002,169706,60,45,1,1,0.233,HYPOTHEQUE,PROFESSIONNEL,0
INDUSTRIE,Fès-Meknès,24,SALARIE_CDI,7077,1518,20772,84,0,1,0,0.153,CAUTION,IMMOBILIER,0
SERVICES,Casablanca-Settat,43,SALARIE_CDI,11396,5542,14093,84,22,1,2,0.521,CAUTION,PROFESSIONNEL,1
AGRICULTURE,Casablanca-Settat,38,SALARIE_CDI,14522,5051,19410,48,13,5,4,0.397,NANTISSEMENT,PROFESSIONNEL,0
INDUSTRIE,Souss-Massa,40,FONCTIONNAIRE,6209,1225,38267,60,15,4,0,0.26,HYPOTHEQUE,AUTO,0
COMMERCE,Dakhla-Oued Ed-Dahab,77,SALARIE_CDI,17311,5427,24308,84,45,5,2,0.329,CAUTION,CONSOMMATION,1
COMMERCE,Fès-Meknès,52,SALARIE_CDI,4255,937,44362,84,32,0,0,0.197,AUCUNE,CONSOMMATION,0
COMMERCE,Marrakech-Safi,41,RETRAITE,10568,4748,21781,60,23,5,0,0.395,CAUTION,IMMOBILIER,0
COMMERCE,Fès-Meknès,68,SALARIE_CDI,5427,1972,24063,120,41,3,3,0.296,CAUTION,AUTO,0
AGRICULTURE,Dakhla-Oued Ed-Dahab,66,SALARIE_CDI,6071,3746,22134,12,44,4,1,0.519,CAUTION,PROFESSIONNEL,1
COMMERCE,Béni Mellal-Khénifra,27,SALARIE_CDD,8325,3783,34065,48,3,5,0,0.506,AUCUNE,IMMOBILIER,0
COMMERCE,Béni Mellal-Khénifra,47,SALARIE_CDI,6772,3607,59843,60,26,1,0,0.552,HYPOTHEQUE,CONSOMMATION,1
COMMERCE,Marrakech-Safi,43,SALARIE_CDI,2500,794,64436,84,16,5,1,0.434,NANTISSEMENT,PROFESSIONNEL,1
COMMERCE,Laâyoune-Sakia El Hamra,46,SALARIE_CDI,10670,5626,97273,12,21,4,0,0.521,NANTISSEMENT,PROFESSIONNEL,0
INDUSTRIE,Marrakech-Safi,39,SALARIE_CDI,11509,5955,14490,36,15,1,0,0.52,NANTISSEMENT,PROFESSIONNEL,1
COMMERCE,Dakhla-Oued Ed-Dahab,69,INDEPENDANT,7537,4865,17538,12,45,3,2,0.664,NANTISSEMENT,IMMOBILIER,0
INDUSTRIE,Dakhla-Oued Ed-Dahab,80,SALARIE_CDD,7275,3496,19091,36,45,4,0,0.51,CAUTION,CONSOMMATION,0
TECH,Oriental,19,INDEPENDANT,6851,4166,36231,36,0,0,0,0.574,CAUTION,CONSOMMATION,1
AGRICULTURE,Laâyoune-Sakia El Hamra,71,INDEPENDANT,3751,2189,17086,36,45,0,1,0.581,CAUTION,PROFESSIONNEL,0
AGRICULTURE,Dakhla-Oued Ed-Dahab,72,INDEPENDANT,3577,2180,22419,12,45,0,1,0.648,HYPOTHEQUE,CONSOMMATION,1
TECH,Oriental,41,INDEPENDANT,11633,5079,58637,60,18,4,0,0.516,AUCUNE,IMMOBILIER,1
COMMERCE,Guelmim-Oued Noun,48,SALARIE_CDD,13084,3428,76807,60,29,3,1,0.216,CAUTION,IMMOBILIER,0
TECH,Béni Mellal-Khénifra,24,SALARIE_CDI,10600,4691,58989,24,0,2,0,0.452,AUCUNE,CONSOMMATION,1
SERVICES,Oriental,40,SALARIE_CDI,9611,5871,45450,60,19,3,3,0.615,HYPOTHEQUE,PROFESSIONNEL,1
COMMERCE,Tanger-Tétouan-Al Hoceïma,33,SALARIE_CDI,11524,7335,22838,36,11,3,1,0.623,CAUTION,CONSOMMATION,0
SERVICES,Béni Mellal-Khénifra,75,INDEPENDANT,11184,6969,36860,60,45,1,1,0.674,CAUTION,IMMOBILIER,0
SERVICES,Fès-Meknès,24,FONCTIONNAIRE,5691,2109,80700,48,6,3,1,0.485,HYPOTHEQUE,CONSOMMATION,1
AGRICULTURE,Marrakech-Safi,39,SALARIE_CDI,8956,4945,57704,120,19,5,0,0.57,HYPOTHEQUE,CONSOMMATION,0
TECH,Fès-Meknès,48,SALARIE_CDI,7092,2796,67458,84,28,5,0,0.355,HYPOTHEQUE,PROFESSIONNEL,0
COMMERCE,Casablanca-Settat,79,INDEPENDANT,7135,3538,70647,36,45,1,0,0.425,CAUTION,CONSOMMATION,1
SERVICES,Dakhla-Oued Ed-Dahab,69,FONCTIONNAIRE,13536,4951,28866,48,45,1,1,0.362,AUCUNE,CONSOMMATION,1
COMMERCE,Fès-Meknès,76,SALARIE_CDI,16459,4959,56592,48,45,0,5,0.348,HYPOTHEQUE,PROFESSIONNEL,1
INDUSTRIE,Guelmim-Oued Noun,37,INDEPENDANT,2819,1046,27838,12,18,5,0,0.361,AUCUNE,CONSOMMATION,1
TECH,Souss-Massa,34,INDEPENDANT,7224,2192,55084,36,7,2,3,0.316,CAUTION,AUTO,0
AGRICULTURE,Tanger-Tétouan-Al Hoceïma,53,SALARIE_CDD,7056,2551,85708,24,29,3,0,0.459,NANTISSEMENT,CONSOMMATION,0
INDUSTRIE,Marrakech-Safi,39,SALARIE_CDD,13666,6681,107762,12,19,2,0,0.521,AUCUNE,IMMOBILIER,1
SERVICES,Guelmim-Oued Noun,18,FONCTIONNAIRE,4219,1056,55066,24,0,0,0,0.253,HYPOTHEQUE,CONSOMMATION,1
SERVICES,Oriental,69,SALARIE_CDI,2500,1221,47846,84,42,2,0,0.421,CAUTION,IMMOBILIER,0
SERVICES,Souss-Massa,23,RETRAITE,11724,2190,95935,84,2,0,2,0.227,AUCUNE,AUTO,0
INDUSTRIE,Béni Mellal-Khénifra,30,INDEPENDANT,12498,1885,19827,60,12,4,0,0.179,AUCUNE,CONSOMMATION,1
SERVICES,Guelmim-Oued Noun,77,FONCTIONNAIRE,3631,968,99916,60,45,2,2,0.308,AUCUNE,CONSOMMATION,1
SERVICES,Béni Mellal-Khénifra,64,FONCTIONNAIRE,7662,1925,39795,60,42,1,3,0.189,HYPOTHEQUE,IMMOBILIER,1
SERVICES,Souss-Massa,58,RETRAITE,16132,9140,39999,60,38,1,0,0.565,AUCUNE,CONSOMMATION,0
SERVICES,Laâyoune-Sakia El Hamra,26,SALARIE_CDI,4988,2634,26486,24,4,3,0,0.557,AUCUNE,CONSOMMATION,1
TECH,Laâyoune-Sakia El Hamra,33,SALARIE_CDI,8480,4097,15975,48,12,1,0,0.41,HYPOTHEQUE,PROFESSIONNEL,0
SERVICES,Dakhla-Oued Ed-Dahab,30,INDEPENDANT,10184,5124,101733,84,9,3,1,0.51,CAUTION,PROFESSIONNEL,1
TECH,Rabat-Salé-Kénitra,58,SALARIE_CDI,4262,2052,48185,12,38,0,4,0.536,NANTISSEMENT,PROFESSIONNEL,1
SERVICES,Laâyoune-Sakia El Hamra,49,FONCTIONNAIRE,6287,3541,28045,48,31,5,0,0.531,HYPOTHEQUE,IMMOBILIER,1
SERVICES,Marrakech-Safi,40,FONCTIONNAIRE,3786,1579,46398,12,19,0,3,0.47,HYPOTHEQUE,PROFESSIONNEL,0
SERVICES,Béni Mellal-Khénifra,64,SALARIE_CDI,7525,1195,28691,12,38,4,5,0.16,AUCUNE,IMMOBILIER,0
TECH,Béni Mellal-Khénifra,67,SALARIE_CDI,5676,3301,11011,60,40,5,1,0.586,CAUTION,IMMOBILIER,0
SERVICES,Marrakech-Safi,64,INDEPENDANT,8897,3427,32059,36,37,5,1,0.434,AUCUNE,PROFESSIONNEL,1
COMMERCE,Casablanca-Settat,24,SALARIE_CDI,10782,6622,13563,48,4,5,2,0.58,NANTISSEMENT,PROFESSIONNEL,1
SERVICES,Dakhla-Oued Ed-Dahab,56,SALARIE_CDI,15137,9029,42894,48,31,5,4,0.532,AUCUNE,PROFESSIONNEL,1
AGRICULTURE,Laâyoune-Sakia El Hamra,31,SALARIE_CDD,23145,8093,110209,48,13,3,1,0.336,AUCUNE,PROFESSIONNEL,0
SERVICES,Marrakech-Safi,35,SALARIE_CDI,8897,5485,23180,36,16,0,0,0.633,HYPOTHEQUE,CONSOMMATION,1
INDUSTRIE,Béni Mellal-Khénifra,79,FONCTIONNAIRE,7027,1260,63174,48,45,4,2,0.197,CAUTION,IMMOBILIER,0
TECH,Rabat-Salé-Kénitra,44,RETRAITE,6846,3294,23204,12,24,3,0,0.497,CAUTION,IMMOBILIER,1
SERVICES,Oriental,67,INDEPENDANT,5249,2576,35800,24,41,1,0,0.454,AUCUNE,PROFESSIONNEL,1
SERVICES,Fès-Meknès,33,FONCTIONNAIRE,9914,5652,19642,36,13,5,1,0.594,CAUTION,PROFESSIONNEL,0
TECH,Guelmim-Oued Noun,79,SALARIE_CDD,6485,2501,56023,48,45,2,0,0.38,AUCUNE,IMMOBILIER,0
SERVICES,Oriental,35,RETRAITE,10230,2765,93203,12,8,4,0,0.347,NANTISSEMENT,CONSOMMATION,1
SERVICES,Souss-Massa,29,INDEPENDANT,5325,916,41552,120,6,1,0,0.216,HYPOTHEQUE,CONSOMMATION,0
INDUSTRIE,Drâa-Tafilalet,38,INDEPENDANT,6570,2521,52832,24,13,5,0,0.41,AUCUNE,CONSOMMATION,1
SERVICES,Souss-Massa,28,SALARIE_CDI,9843,3707,52763,84,1,5,4,0.368,CAUTION,AUTO,1
AGRICULTURE,Casablanca-Settat,55,SALARIE_CDI,7660,2514,30516,60,33,0,0,0.31,HYPOTHEQUE,CONSOMMATION,0
COMMERCE,Béni Mellal-Khénifra,27,SALARIE_CDI,3415,1599,90687,36,5,5,2,0.457,AUCUNE,IMMOBILIER,1
COMMERCE,Guelmim-Oued Noun,31,SALARIE_CDI,8048,3345,25276,48,8,2,0,0.429,AUCUNE,CONSOMMATION,1
SERVICES,Souss-Massa,62,SALARIE_CDI,5649,1174,12080,24,38,0,0,0.257,CAUTION,IMMOBILIER,1
COMMERCE,Marrakech-Safi,20,INDEPENDANT,13789,2400,19054,36,0,0,0,0.101,CAUTION,CONSOMMATION,0
COMMERCE,Casablanca-Settat,45,SALARIE_CDI,12544,7468,55883,84,25,2,0,0.57,HYPOTHEQUE,IMMOBILIER,0
SERVICES,Fès-Meknès,61,SALARIE_CDI,2901,1512,27699,120,43,0,0,0.584,HYPOTHEQUE,IMMOBILIER,0
AGRICULTURE,Guelmim-Oued Noun,46,INDEPENDANT,11622,4435,38753,48,24,4,3,0.353,HYPOTHEQUE,PROFESSIONNEL,1
COMMERCE,Fès-Meknès,19,RETRAITE,9655,3843,30731,12,0,3,2,0.356,AUCUNE,CONSOMMATION,0
TECH,Dakhla-Oued Ed-Dahab,27,SALARIE_CDI,4155,861,41218,48,4,1,0,0.261,HYPOTHEQUE,AUTO,0
SERVICES,Fès-Meknès,79,SALARIE_CDI,12031,3390,78069,60,45,5,0,0.307,HYPOTHEQUE,CONSOMMATION,1
SERVICES,Souss-Massa,66,INDEPENDANT,4555,2562,105649,48,45,2,0,0.574,CAUTION,CONSOMMATION,0
COMMERCE,Guelmim-Oued Noun,40,RETRAITE,13567,2892,18425,60,13,4,0,0.244,AUCUNE,PROFESSIONNEL,0
TECH,Béni Mellal-Khénifra,73,FONCTIONNAIRE,6058,1225,69732,24,45,2,0,0.188,AUCUNE,PROFESSIONNEL,0
INDUSTRIE,Casablanca-Settat,18,SALARIE_CDD,4092,1756,41677,48,0,3,1,0.431,HYPOTHEQUE,IMMOBILIER,0
SERVICES,Casablanca-Settat,20,FONCTIONNAIRE,21043,11998,15425,36,0,3,1,0.575,AUCUNE,PROFESSIONNEL,0
TECH,Marrakech-Safi,73,INDEPENDANT,4041,1372,51327,24,45,5,0,0.323,HYPOTHEQUE,CONSOMMATION,1
SERVICES,Laâyoune-Sakia El Hamra,60,SALARIE_CDI,5638,2666,132447,120,39,4,0,0.456,HYPOTHEQUE,CONSOMMATION,0
INDUSTRIE,Casablanca-Settat,55,SALARIE_CDD,6158,3701,21663,48,28,3,1,0.557,AUCUNE,IMMOBILIER,0
COMMERCE,Casablanca-Settat,39,INDEPENDANT,6601,3932,30943,36,19,0,0,0.571,AUCUNE,IMMOBILIER,0
SERVICES,Guelmim-Oued Noun,69,INDEPENDANT,11097,4261,11800,48,43,0,0,0.362,HYPOTHEQUE,PROFESSIONNEL,0
SERVICES,Béni Mellal-Khénifra,56,SALARIE_CDI,8317,2477,33465,60,37,0,0,0.204,CAUTION,IMMOBILIER,0
SERVICES,Dakhla-Oued Ed-Dahab,45,INDEPENDANT,12733,5560,40625,24,22,3,3,0.467,HYPOTHEQUE,AUTO,1
AGRICULTURE,Marrakech-Safi,41,FONCTIONNAIRE,9579,5863,144592,120,15,5,2,0.625,AUCUNE,CONSOMMATION,1
INDUSTRIE,Béni Mellal-Khénifra,40,SALARIE_CDI,3817,1872,18882,24,13,0,0,0.565,CAUTION,CONSOMMATION,0
COMMERCE,Rabat-Salé-Kénitra,54,SALARIE_CDI,10378,6513,71307,12,35,3,1,0.562,HYPOTHEQUE,PROFESSIONNEL,0
AGRICULTURE,Béni Mellal-Khénifra,59,SALARIE_CDI,9002,3957,44823,48,40,2,2,0.389,HYPOTHEQUE,IMMOBILIER,1
COMMERCE,Rabat-Salé-Kénitra,68,RETRAITE,6118,983,173487,120,45,5,0,0.207,NANTISSEMENT,CONSOMMATION,0
COMMERCE,Laâyoune-Sakia El Hamra,43,SALARIE_CDI,20603,7705,41054,36,18,2,0,0.313,HYPOTHEQUE,PROFESSIONNEL,0
COMMERCE,Tanger-Tétouan-Al Hoceïma,33,INDEPENDANT,10655,6410,35031,60,14,4,3,0.599,NANTISSEMENT,CONSOMMATION,1
INDUSTRIE,Fès-Meknès,53,FONCTIONNAIRE,12379,2066,65685,12,28,5,1,0.155,AUCUNE,PROFESSIONNEL,1
COMMERCE,Dakhla-Oued Ed-Dahab,54,INDEPENDANT,12575,5772,51135,48,31,2,0,0.536,CAUTION,CONSOMMATION,1
AGRICULTURE,Casablanca-Settat,35,RETRAITE,6707,2273,69911,24,12,0,0,0.336,HYPOTHEQUE,CONSOMMATION,0
TECH,Guelmim-Oued Noun,22,RETRAITE,10775,3791,53792,12,0,5,0,0.349,NANTISSEMENT,IMMOBILIER,1
INDUSTRIE,Oriental,38,INDEPENDANT,9341,4052,12928,60,17,5,0,0.445,CAUTION,CONSOMMATION,0
INDUSTRIE,Drâa-Tafilalet,22,SALARIE_CDD,6307,2244,52339,48,1,1,1,0.313,AUCUNE,IMMOBILIER,1
AGRICULTURE,Fès-Meknès,23,SALARIE_CDI,4676,2853,51493,60,3,1,0,0.585,HYPOTHEQUE,CONSOMMATION,1
SERVICES,Laâyoune-Sakia El Hamra,78,SALARIE_CDI,8192,2473,21638,120,45,3,1,0.247,NANTISSEMENT,CONSOMMATION,0
TECH,Souss-Massa,67,FONCTIONNAIRE,10553,5589,44476,84,43,2,0,0.562,CAUTION,CONSOMMATION,0
SERVICES,Souss-Massa,20,SALARIE_CDI,8163,1600,10046,120,0,2,0,0.23,CAUTION,CONSOMMATION,0
TECH,Souss-Massa,39,SALARIE_CDD,7465,2362,43422,48,18,5,1,0.274,AUCUNE,PROFESSIONNEL,0
TECH,Fès-Meknès,34,SALARIE_CDI,8203,1878,58649,120,7,5,2,0.216,CAUTION,CONSOMMATION,0
COMMERCE,Fès-Meknès,79,INDEPENDANT,7121,1851,71086,12,45,2,0,0.268,AUCUNE,CONSOMMATION,0
SERVICES,Rabat-Salé-Kénitra,45,SALARIE_CDI,16272,7034,59310,84,19,4,0,0.363,CAUTION,AUTO,0
TECH,Souss-Massa,34,SALARIE_CDI,9151,2938,19529,24,8,4,5,0.348,HYPOTHEQUE,AUTO,1
INDUSTRIE,Souss-Massa,57,FONCTIONNAIRE,6510,1135,13020,120,39,2,0,0.121,AUCUNE,CONSOMMATION,0
INDUSTRIE,Tanger-Tétouan-Al Hoceïma,47,FONCTIONNAIRE,3592,2089,70181,84,22,5,0,0.497,AUCUNE,CONSOMMATION,1
COMMERCE,Dakhla-Oued Ed-Dahab,29,INDEPENDANT,7415,3616,48216,24,10,4,3,0.491,HYPOTHEQUE,PROFESSIONNEL,1
INDUSTRIE,Rabat-Salé-Kénitra,37,FONCTIONNAIRE,6251,3923,51288,36,17,1,0,0.658,HYPOTHEQUE,IMMOBILIER,1
COMMERCE,Laâyoune-Sakia El Hamra,26,INDEPENDANT,6147,3382,117817,12,2,2,1,0.595,CAUTION,CONSOMMATION,1
SERVICES,Laâyoune-Sakia El Hamra,61,SALARIE_CDI,12384,5321,11789,60,43,1,0,0.453,HYPOTHEQUE,PROFESSIONNEL,1
INDUSTRIE,Casablanca-Settat,79,SALARIE_CDI,8399,3193,128303,24,45,5,1,0.346,CAUTION,PROFESSIONNEL,0
AGRICULTURE,Drâa-Tafilalet,68,INDEPENDANT,3801,2369,24501,60,45,3,4,0.716,CAUTION,CONSOMMATION,1
SERVICES,Marrakech-Safi,41,SALARIE_CDI,10705,3875,64696,12,23,0,0,0.365,CAUTION,CONSOMMATION,0
INDUSTRIE,Casablanca-Settat,48,INDEPENDANT,3976,1680,35982,48,25,2,2,0.376,AUCUNE,CONSOMMATION,1
COMMERCE,Laâyoune-Sakia El Hamra,21,RETRAITE,11070,3508,28511,24,0,4,0,0.365,CAUTION,CONSOMMATION,0
AGRICULTURE,Rabat-Salé-Kénitra,41,SALARIE_CDI,6543,1900,12629,36,17,2,2,0.305,HYPOTHEQUE,IMMOBILIER,0
COMMERCE,Fès-Meknès,20,INDEPENDANT,8426,4826,22682,36,0,3,4,0.674,AUCUNE,CONSOMMATION,1
TECH,Rabat-Salé-Kénitra,64,SALARIE_CDD,8013,2192,50358,12,42,4,2,0.351,HYPOTHEQUE,CONSOMMATION,0
SERVICES,Rabat-Salé-Kénitra,75,SALARIE_CDI,7581,1683,46561,36,45,0,0,0.202,CAUTION,CONSOMMATION,0
INDUSTRIE,Casablanca-Settat,30,SALARIE_CDD,8904,4577,70715,84,4,5,1,0.453,HYPOTHEQUE,IMMOBILIER,0
AGRICULTURE,Laâyoune-Sakia El Hamra,60,FONCTIONNAIRE,8407,4797,22379,36,42,4,0,0.546,HYPOTHEQUE,PROFESSIONNEL,0
AGRICULTURE,Casablanca-Settat,55,RETRAITE,18796,11538,61252,24,35,2,0,0.498,AUCUNE,CONSOMMATION,0
COMMERCE,Guelmim-Oued Noun,44,SALARIE_CDI,8962,4333,38037,48,23,2,0,0.485,HYPOTHEQUE,CONSOMMATION,0
COMMERCE,Rabat-Salé-Kénitra,64,INDEPENDANT,9056,2936,56555,24,37,1,0,0.373,AUCUNE,IMMOBILIER,1
INDUSTRIE,Laâyoune-Sakia El Hamra,60,SALARIE_CDI,5888,2387,52012,120,41,3,0,0.407,CAUTION,CONSOMMATION,0
SERVICES,Laâyoune-Sakia El Hamra,34,SALARIE_CDI,9618,2338,26107,12,10,4,1,0.267,AUCUNE,CONSOMMATION,1
AGRICULTURE,Béni Mellal-Khénifra,68,FONCTIONNAIRE,5112,1309,43327,48,45,3,0,0.295,HYPOTHEQUE,IMMOBILIER,0
TECH,Guelmim-Oued Noun,59,INDEPENDANT,13596,8132,50143,84,34,3,0,0.673,CAUTION,IMMOBILIER,0
INDUSTRIE,Fès-Meknès,37,INDEPENDANT,4155,2387,62978,36,16,4,0,0.583,AUCUNE,PROFESSIONNEL,1
SERVICES,Guelmim-Oued Noun,64,RETRAITE,5543,1605,104152,120,41,4,0,0.279,AUCUNE,PROFESSIONNEL,0
INDUSTRIE,Marrakech-Safi,58,SALARIE_CDI,3893,1324,23293,120,39,4,0,0.312,NANTISSEMENT,IMMOBILIER,0
SERVICES,Béni Mellal-Khénifra,25,FONCTIONNAIRE,9787,6160,16051,48,0,5,1,0.71,AUCUNE,CONSOMMATION,1
TECH,Dakhla-Oued Ed-Dahab,28,SALARIE_CDI,6696,2317,89381,60,10,4,4,0.316,CAUTION,CONSOMMATION,1
COMMERCE,Drâa-Tafilalet,38,INDEPENDANT,11033,3461,14758,36,19,1,0,0.406,HYPOTHEQUE,IMMOBILIER,1
SERVICES,Fès-Meknès,20,SALARIE_CDI,5224,1308,74870,120,0,1,1,0.234,AUCUNE,IMMOBILIER,0
COMMERCE,Drâa-Tafilalet,43,SALARIE_CDI,10292,3642,19217,48,21,4,2,0.312,CAUTION,CONSOMMATION,1
AGRICULTURE,Laâyoune-Sakia El Hamra,47,INDEPENDANT,10519,3490,23371,60,25,0,0,0.353,CAUTION,IMMOBILIER,0
SERVICES,Laâyoune-Sakia El Hamra,66,SALARIE_CDD,8913,4612,34360,36,45,1,0,0.53,HYPOTHEQUE,IMMOBILIER,1
INDUSTRIE,Drâa-Tafilalet,28,FONCTIONNAIRE,8216,2658,13148,36,8,4,0,0.241,AUCUNE,CONSOMMATION,0
COMMERCE,Drâa-Tafilalet,53,RETRAITE,8619,3268,18416,36,33,1,1,0.414,CAUTION,PROFESSIONNEL,1
SERVICES,Guelmim-Oued Noun,59,SALARIE_CDD,5379,1671,11257,24,37,4,0,0.219,NANTISSEMENT,PROFESSIONNEL,1
COMMERCE,Drâa-Tafilalet,46,FONCTIONNAIRE,4995,1547,58015,120,20,4,1,0.4,HYPOTHEQUE,IMMOBILIER,1
COMMERCE,Rabat-Salé-Kénitra,75,RETRAITE,10350,2853,36022,36,45,2,0,0.205,AUCUNE,AUTO,0
SERVICES,Guelmim-Oued Noun,38,INDEPENDANT,6864,2739,36684,120,15,1,1,0.414,NANTISSEMENT,PROFESSIONNEL,0
SERVICES,Marrakech-Safi,43,SALARIE_CDI,9937,3622,34795,12,21,2,0,0.392,HYPOTHEQUE,AUTO,0
TECH,Oriental,18,INDEPENDANT,16284,2911,35869,60,0,0,1,0.227,NANTISSEMENT,IMMOBILIER,0
INDUSTRIE,Tanger-Tétouan-Al Hoceïma,43,FONCTIONNAIRE,6596,4058,25915,84,21,3,0,0.543,AUCUNE,IMMOBILIER,1
COMMERCE,Marrakech-Safi,19,INDEPENDANT,6185,2006,70930,12,0,2,4,0.35,NANTISSEMENT,CONSOMMATION,1
COMMERCE,Fès-Meknès,79,FONCTIONNAIRE,7003,3703,10570,12,45,0,1,0.475,CAUTION,CONSOMMATION,1
TECH,Rabat-Salé-Kénitra,33,SALARIE_CDI,8246,4976,13229,36,14,2,1,0.616,HYPOTHEQUE,AUTO,1
TECH,Souss-Massa,69,INDEPENDANT,10683,1663,93973,36,42,0,2,0.059,AUCUNE,IMMOBILIER,0
TECH,Souss-Massa,25,SALARIE_CDI,8000,1693,43781,24,0,0,0,0.238,HYPOTHEQUE,CONSOMMATION,0
COMMERCE,Tanger-Tétouan-Al Hoceïma,35,INDEPENDANT,20647,5064,8802,48,13,3,0,0.311,CAUTION,CONSOMMATION,0
INDUSTRIE,Rabat-Salé-Kénitra,25,INDEPENDANT,9793,5806,45415,60,1,2,0,0.579,CAUTION,CONSOMMATION,1
INDUSTRIE,Béni Mellal-Khénifra,41,RETRAITE,11515,4869,11936,120,17,1,0,0.427,AUCUNE,AUTO,0
INDUSTRIE,Marrakech-Safi,55,SALARIE_CDI,7970,2435,90244,36,29,2,0,0.336,CAUTION,CONSOMMATION,0
INDUSTRIE,Laâyoune-Sakia El Hamra,44,SALARIE_CDD,12776,2198,69151,84,23,4,3,0.189,NANTISSEMENT,PROFESSIONNEL,1
SERVICES,Casablanca-Settat,56,SALARIE_CDI,7388,1239,157641,36,32,3,0,0.088,HYPOTHEQUE,CONSOMMATION,0
INDUSTRIE,Casablanca-Settat,68,SALARIE_CDD,6064,2661,29458,84,45,4,0,0.378,AUCUNE,CONSOMMATION,1
INDUSTRIE,Fès-Meknès,20,SALARIE_CDD,12178,6108,15492,120,0,2,1,0.481,CAUTION,PROFESSIONNEL,0
SERVICES,Tanger-Tétouan-Al Hoceïma,44,FONCTIONNAIRE,7897,2707,24875,36,25,5,0,0.349,HYPOTHEQUE,PROFESSIONNEL,0
SERVICES,Dakhla-Oued Ed-Dahab,55,SALARIE_CDD,9049,2659,25276,120,35,0,0,0.27,HYPOTHEQUE,AUTO,0
TECH,Oriental,50,RETRAITE,12605,6974,47566,48,25,5,3,0.558,NANTISSEMENT,PROFESSIONNEL,1
COMMERCE,Tanger-Tétouan-Al Hoceïma,27,SALARIE_CDI,8626,5027,10076,24,4,4,2,0.633,HYPOTHEQUE,IMMOBILIER,1
TECH,Laâyoune-Sakia El Hamra,31,SALARIE_CDD,7577,2589,36180,120,13,1,1,0.324,CAUTION,PROFESSIONNEL,1
COMMERCE,Marrakech-Safi,41,INDEPENDANT,6368,3337,17852,60,23,5,0,0.469,CAUTION,PROFESSIONNEL,1
TECH,Laâyoune-Sakia El Hamra,59,SALARIE_CDI,13066,7640,25360,48,32,3,0,0.61,HYPOTHEQUE,AUTO,0
TECH,Tanger-Tétouan-Al Hoceïma,80,INDEPENDANT,6948,2364,95616,120,45,4,0,0.402,CAUTION,CONSOMMATION,1
SERVICES,Fès-Meknès,41,INDEPENDANT,7919,1824,73268,60,20,2,0,0.245,HYPOTHEQUE,PROFESSIONNEL,0
AGRICULTURE,Fès-Meknès,50,INDEPENDANT,9220,3081,60526,120,31,0,0,0.311,AUCUNE,CONSOMMATION,0
SERVICES,Casablanca-Settat,37,FONCTIONNAIRE,9203,1667,56699,12,17,2,0,0.172,AUCUNE,IMMOBILIER,0
COMMERCE,Drâa-Tafilalet,20,INDEPENDANT,12787,2145,30178,84,0,3,0,0.144,HYPOTHEQUE,IMMOBILIER,0
TECH,Oriental,43,RETRAITE,7852,4416,35103,48,25,0,1,0.577,AUCUNE,CONSOMMATION,1
INDUSTRIE,Béni Mellal-Khénifra,39,SALARIE_CDI,15054,8677,12079,12,17,1,0,0.471,AUCUNE,PROFESSIONNEL,1
COMMERCE,Béni Mellal-Khénifra,27,SALARIE_CDD,7245,3432,15311,36,2,1,0,0.479,CAUTION,IMMOBILIER,1
INDUSTRIE,Casablanca-Settat,60,INDEPENDANT,9574,5537,39684,60,35,2,0,0.57,HYPOTHEQUE,CONSOMMATION,1
SERVICES,Laâyoune-Sakia El Hamra,34,SALARIE_CDI,7460,4608,16583,12,12,1,3,0.663,NANTISSEMENT,PROFESSIONNEL,0
SERVICES,Oriental,32,FONCTIONNAIRE,20783,10251,58855,48,9,5,3,0.422,HYPOTHEQUE,PROFESSIONNEL,1
SERVICES,Drâa-Tafilalet,42,FONCTIONNAIRE,6920,4192,35074,60,18,4,1,0.548,CAUTION,IMMOBILIER,0
SERVICES,Casablanca-Settat,78,SALARIE_CDI,7208,4395,29487,36,45,0,1,0.627,HYPOTHEQUE,IMMOBILIER,1
COMMERCE,Guelmim-Oued Noun,58,SALARIE_CDD,8532,2451,23747,120,33,1,0,0.352,NANTISSEMENT,CONSOMMATION,0
COMMERCE,Drâa-Tafilalet,44,INDEPENDANT,7186,4491,49788,120,20,5,0,0.618,AUCUNE,PROFESSIONNEL,1
INDUSTRIE,Tanger-Tétouan-Al Hoceïma,69,SALARIE_CDI,9335,5992,58365,60,45,4,0,0.63,AUCUNE,AUTO,1
COMMERCE,Dakhla-Oued Ed-Dahab,19,SALARIE_CDI,14088,4084,19611,60,0,2,1,0.251,CAUTION,PROFESSIONNEL,0
SERVICES,Béni Mellal-Khénifra,39,INDEPENDANT,8658,4015,25158,24,19,1,2,0.466,CAUTION,CONSOMMATION,1
SERVICES,Laâyoune-Sakia El Hamra,52,INDEPENDANT,8804,2290,31833,120,25,3,0,0.212,AUCUNE,CONSOMMATION,0
TECH,Guelmim-Oued Noun,48,FONCTIONNAIRE,7309,2535,45464,48,29,4,0,0.28,HYPOTHEQUE,IMMOBILIER,0
AGRICULTURE,Marrakech-Safi,60,SALARIE_CDD,6456,2983,45062,12,42,2,0,0.489,AUCUNE,AUTO,1
INDUSTRIE,Dakhla-Oued Ed-Dahab,62,SALARIE_CDI,8463,1428,33808,36,37,3,0,0.125,CAUTION,PROFESSIONNEL,0
SERVICES,Drâa-Tafilalet,46,INDEPENDANT,8131,3848,59620,84,25,3,0,0.507,CAUTION,CONSOMMATION,1
TECH,Marrakech-Safi,76,SALARIE_CDI,13739,5400,33023,60,45,3,5,0.39,HYPOTHEQUE,CONSOMMATION,1
AGRICULTURE,Guelmim-Oued Noun,76,INDEPENDANT,5263,1115,13661,60,45,3,0,0.261,CAUTION,PROFESSIONNEL,0
INDUSTRIE,Souss-Massa,47,INDEPENDANT,15592,7676,92600,60,21,1,0,0.438,NANTISSEMENT,PROFESSIONNEL,0
SERVICES,Laâyoune-Sakia El Hamra,74,SALARIE_CDI,7585,4712,72112,36,45,0,0,0.661,AUCUNE,PROFESSIONNEL,0
SERVICES,Marrakech-Safi,58,FONCTIONNAIRE,8663,1309,13850,24,40,3,1,0.152,CAUTION,CONSOMMATION,0
COMMERCE,Fès-Meknès,26,RETRAITE,5018,1851,41149,120,5,1,4,0.295,AUCUNE,PROFESSIONNEL,1
AGRICULTURE,Tanger-Tétouan-Al Hoceïma,25,INDEPENDANT,10434,2223,90256,48,7,3,1,0.177,NANTISSEMENT,PROFESSIONNEL,0
COMMERCE,Souss-Massa,23,FONCTIONNAIRE,5259,1333,29350,84,5,4,2,0.219,HYPOTHEQUE,IMMOBILIER,0
INDUSTRIE,Béni Mellal-Khénifra,31,SALARIE_CDI,9586,3794,62327,60,13,4,1,0.415,AUCUNE,PROFESSIONNEL,1
COMMERCE,Marrakech-Safi,37,FONCTIONNAIRE,9173,2712,79015,48,13,4,4,0.248,AUCUNE,CONSOMMATION,1
TECH,Drâa-Tafilalet,22,FONCTIONNAIRE,6999,3322,43815,48,0,3,1,0.413,AUCUNE,PROFESSIONNEL,1
COMMERCE,Casablanca-Settat,56,FONCTIONNAIRE,3199,902,162776,120,29,3,1,0.262,NANTISSEMENT,CONSOMMATION,1
TECH,Fès-Meknès,43,SALARIE_CDI,21424,11529,57234,60,19,4,5,0.584,CAUTION,IMMOBILIER,1
INDUSTRIE,Béni Mellal-Khénifra,55,INDEPENDANT,5042,1219,39005,84,36,5,1,0.248,NANTISSEMENT,CONSOMMATION,1
INDUSTRIE,Fès-Meknès,49,FONCTIONNAIRE,9161,5530,32308,24,23,5,0,0.589,HYPOTHEQUE,AUTO,0
COMMERCE,Souss-Massa,35,SALARIE_CDI,5835,2043,35134,48,15,0,4,0.379,AUCUNE,IMMOBILIER,1
COMMERCE,Béni Mellal-Khénifra,56,SALARIE_CDI,12986,2308,24462,48,35,1,1,0.129,CAUTION,AUTO,0
AGRICULTURE,Marrakech-Safi,77,SALARIE_CDI,6831,1365,16657,12,45,5,2,0.289,CAUTION,PROFESSIONNEL,0
COMMERCE,Dakhla-Oued Ed-Dahab,37,SALARIE_CDD,5777,2406,19353,120,16,3,0,0.5,NANTISSEMENT,IMMOBILIER,0
INDUSTRIE,Laâyoune-Sakia El Hamra,37,SALARIE_CDI,10592,6414,32868,60,13,2,4,0.582,AUCUNE,AUTO,0
INDUSTRIE,Dakhla-Oued Ed-Dahab,50,FONCTIONNAIRE,4572,1864,63724,12,31,3,2,0.412,HYPOTHEQUE,CONSOMMATION,1
COMMERCE,Souss-Massa,68,SALARIE_CDI,6728,2524,45641,48,45,5,1,0.369,HYPOTHEQUE,AUTO,1
INDUSTRIE,Tanger-Tétouan-Al Hoceïma,51,SALARIE_CDI,11055,5930,40877,120,25,4,2,0.51,CAUTION,CONSOMMATION,1
TECH,Dakhla-Oued Ed-Dahab,70,SALARIE_CDI,15964,4205,160211,60,45,2,2,0.309,NANTISSEMENT,IMMOBILIER,1
INDUSTRIE,Drâa-Tafilalet,22,SALARIE_CDD,5255,2566,117948,24,2,4,2,0.414,NANTISSEMENT,PROFESSIONNEL,1
INDUSTRIE,Guelmim-Oued Noun,24,SALARIE_CDD,6154,1595,19172,12,2,4,1,0.24,CAUTION,IMMOBILIER,1
COMMERCE,Marrakech-Safi,43,SALARIE_CDD,9494,5437,59462,36,19,4,1,0.597,HYPOTHEQUE,PROFESSIONNEL,1
SERVICES,Laâyoune-Sakia El Hamra,32,INDEPENDANT,3298,1948,15818,84,14,5,4,0.668,HYPOTHEQUE,IMMOBILIER,1
COMMERCE,Oriental,19,SALARIE_CDD,14927,3691,43802,24,0,2,1,0.314,CAUTION,IMMOBILIER,1
COMMERCE,Guelmim-Oued Noun,31,FONCTIONNAIRE,5168,1146,13889,84,12,5,0,0.186,HYPOTHEQUE,PROFESSIONNEL,0
INDUSTRIE,Guelmim-Oued Noun,35,SALARIE_CDI,6655,3405,23745,48,14,1,0,0.471,CAUTION,CONSOMMATION,0
TECH,Rabat-Salé-Kénitra,75,SALARIE_CDD,9112,4341,56203,84,45,0,2,0.454,NANTISSEMENT,PROFESSIONNEL,0
TECH,Rabat-Salé-Kénitra,67,SALARIE_CDI,8292,3821,26420,120,45,1,0,0.531,CAUTION,CONSOMMATION,0
TECH,Casablanca-Settat,40,SALARIE_CDD,5252,2125,17065,84,16,4,1,0.424,CAUTION,CONSOMMATION,1
INDUSTRIE,Béni Mellal-Khénifra,78,FONCTIONNAIRE,17582,3772,22443,60,45,1,3,0.356,CAUTION,AUTO,1
INDUSTRIE,Laâyoune-Sakia El Hamra,70,INDEPENDANT,2543,1296,18758,24,45,2,1,0.54,CAUTION,IMMOBILIER,1
TECH,Casablanca-Settat,33,FONCTIONNAIRE,4891,1131,48470,84,12,2,0,0.314,HYPOTHEQUE,IMMOBILIER,1
COMMERCE,Rabat-Salé-Kénitra,48,SALARIE_CDD,6084,2564,84282,48,24,1,3,0.416,CAUTION,CONSOMMATION,1
COMMERCE,Souss-Massa,76,SALARIE_CDI,5285,1709,31637,24,45,1,0,0.281,AUCUNE,CONSOMMATION,0
COMMERCE,Tanger-Tétouan-Al Hoceïma,46,RETRAITE,14028,4430,74657,84,28,4,0,0.435,CAUTION,CONSOMMATION,0
TECH,Rabat-Salé-Kénitra,41,SALARIE_CDI,3842,2175,24312,120,23,4,0,0.499,AUCUNE,CONSOMMATION,1
SERVICES,Béni Mellal-Khénifra,74,SALARIE_CDI,16332,6175,33833,60,45,2,2,0.391,CAUTION,IMMOBILIER,0
COMMERCE,Laâyoune-Sakia El Hamra,59,SALARIE_CDI,7150,2837,126594,120,34,4,1,0.402,CAUTION,CONSOMMATION,0
SERVICES,Marrakech-Safi,45,RETRAITE,4392,2627,32065,48,21,3,1,0.567,HYPOTHEQUE,IMMOBILIER,0
INDUSTRIE,Casablanca-Settat,72,INDEPENDANT,3148,1351,76801,120,45,0,0,0.446,HYPOTHEQUE,PROFESSIONNEL,0
COMMERCE,Marrakech-Safi,64,SALARIE_CDI,7355,4050,21938,36,40,4,0,0.542,AUCUNE,CONSOMMATION,1
COMMERCE,Marrakech-Safi,39,SALARIE_CDI,5908,3435,35807,12,13,2,1,0.537,AUCUNE,IMMOBILIER,0
INDUSTRIE,Souss-Massa,44,INDEPENDANT,9013,4485,19916,60,21,4,0,0.432,AUCUNE,CONSOMMATION,1
AGRICULTURE,Rabat-Salé-Kénitra,20,SALARIE_CDI,6616,1469,38045,36,1,0,5,0.243,AUCUNE,CONSOMMATION,1
TECH,Tanger-Tétouan-Al Hoceïma,24,SALARIE_CDI,12458,2612,42943,12,2,2,0,0.169,HYPOTHEQUE,PROFESSIONNEL,0
COMMERCE,Rabat-Salé-Kénitra,78,SALARIE_CDD,7600,2790,61676,48,45,5,0,0.34,AUCUNE,PROFESSIONNEL,1
AGRICULTURE,Drâa-Tafilalet,21,SALARIE_CDD,6696,1216,24212,12,3,2,0,0.139,AUCUNE,CONSOMMATION,1
INDUSTRIE,Souss-Massa,70,SALARIE_CDD,12556,3771,32304,48,45,4,0,0.259,CAUTION,AUTO,0
TECH,Casablanca-Settat,31,FONCTIONNAIRE,8979,2283,83456,48,8,2,0,0.246,CAUTION,AUTO,1
SERVICES,Casablanca-Settat,52,INDEPENDANT,11483,1944,15580,24,30,4,0,0.106,NANTISSEMENT,PROFESSIONNEL,1
INDUSTRIE,Souss-Massa,63,FONCTIONNAIRE,13587,4750,6421,48,43,4,2,0.333,AUCUNE,CONSOMMATION,1
INDUSTRIE,Béni Mellal-Khénifra,80,SALARIE_CDI,7100,1949,22985,36,45,1,0,0.302,AUCUNE,CONSOMMATION,0
SERVICES,Marrakech-Safi,41,SALARIE_CDI,8244,1657,55665,36,20,5,0,0.23,AUCUNE,IMMOBILIER,0
COMMERCE,Fès-Meknès,76,INDEPENDANT,11846,6102,38485,12,45,1,0,0.489,AUCUNE,CONSOMMATION,0
SERVICES,Béni Mellal-Khénifra,46,SALARIE_CDI,2690,1631,18595,60,23,1,0,0.568,CAUTION,IMMOBILIER,0
COMMERCE,Souss-Massa,72,SALARIE_CDD,7740,3563,38177,12,45,1,0,0.518,CAUTION,IMMOBILIER,0
SERVICES,Rabat-Salé-Kénitra,24,SALARIE_CDI,7323,4501,28094,120,2,1,0,0.634,AUCUNE,CONSOMMATION,1
SERVICES,Tanger-Tétouan-Al Hoceïma,34,SALARIE_CDI,9589,2236,12138,84,10,5,0,0.258,CAUTION,PROFESSIONNEL,1
AGRICULTURE,Marrakech-Safi,57,SALARIE_CDD,5651,3018,28617,12,35,3,0,0.596,AUCUNE,IMMOBILIER,0
COMMERCE,Dakhla-Oued Ed-Dahab,62,SALARIE_CDI,13266,4700,61162,36,37,3,4,0.405,CAUTION,CONSOMMATION,0
AGRICULTURE,Guelmim-Oued Noun,68,FONCTIONNAIRE,5814,2295,29896,48,45,2,0,0.438,AUCUNE,CONSOMMATION,0
COMMERCE,Fès-Meknès,40,SALARIE_CDD,6591,3178,12593,60,15,1,1,0.393,HYPOTHEQUE,PROFESSIONNEL,1
SERVICES,Marrakech-Safi,57,INDEPENDANT,6009,3256,121549,120,32,0,0,0.512,CAUTION,CONSOMMATION,0
COMMERCE,Rabat-Salé-Kénitra,57,FONCTIONNAIRE,14093,2535,18120,12,37,4,1,0.111,CAUTION,AUTO,0
COMMERCE,Drâa-Tafilalet,80,SALARIE_CDI,3170,1091,47146,120,45,0,0,0.41,AUCUNE,IMMOBILIER,1
SERVICES,Dakhla-Oued Ed-Dahab,25,INDEPENDANT,18108,9642,65159,60,0,1,0,0.514,HYPOTHEQUE,PROFESSIONNEL,0
TECH,Fès-Meknès,19,RETRAITE,15725,6565,48787,48,0,3,0,0.378,AUCUNE,PROFESSIONNEL,1
COMMERCE,Béni Mellal-Khénifra,54,SALARIE_CDI,6284,2016,30863,36,30,2,1,0.335,HYPOTHEQUE,PROFESSIONNEL,1
TECH,Marrakech-Safi,18,FONCTIONNAIRE,12863,2190,10184,84,0,2,4,0.201,AUCUNE,PROFESSIONNEL,1
COMMERCE,Dakhla-Oued Ed-Dahab,30,FONCTIONNAIRE,8592,1320,82509,12,4,3,0,0.176,AUCUNE,CONSOMMATION,0
COMMERCE,Fès-Meknès,49,FONCTIONNAIRE,17048,6181,16049,24,25,3,1,0.362,NANTISSEMENT,PROFESSIONNEL,0
SERVICES,Rabat-Salé-Kénitra,34,SALARIE_CDI,12429,4870,71717,120,16,1,1,0.451,NANTISSEMENT,IMMOBILIER,1
AGRICULTURE,Laâyoune-Sakia El Hamra,34,SALARIE_CDI,21740,5752,79033,84,16,4,3,0.247,AUCUNE,PROFESSIONNEL,1
INDUSTRIE,Dakhla-Oued Ed-Dahab,39,SALARIE_CDI,4012,2206,15446,48,19,5,1,0.474,HYPOTHEQUE,PROFESSIONNEL,1
SERVICES,Tanger-Tétouan-Al Hoceïma,61,SALARIE_CDI,8832,4520,15283,120,36,2,0,0.491,CAUTION,CONSOMMATION,0
SERVICES,Laâyoune-Sakia El Hamra,41,SALARIE_CDD,3730,910,27579,36,17,4,1,0.221,AUCUNE,CONSOMMATION,0
COMMERCE,Marrakech-Safi,67,INDEPENDANT,6416,1565,69130,36,45,3,2,0.275,CAUTION,IMMOBILIER,0
AGRICULTURE,Fès-Meknès,28,SALARIE_CDD,22300,12988,23900,12,7,3,2,0.628,AUCUNE,CONSOMMATION,0
AGRICULTURE,Oriental,24,SALARIE_CDD,10003,6098,38782,24,0,2,2,0.571,AUCUNE,PROFESSIONNEL,1
COMMERCE,Béni Mellal-Khénifra,28,SALARIE_CDI,12620,8106,25554,24,8,3,0,0.534,AUCUNE,CONSOMMATION,0
AGRICULTURE,Tanger-Tétouan-Al Hoceïma,75,SALARIE_CDD,10212,5037,62943,12,45,5,0,0.591,AUCUNE,IMMOBILIER,1
TECH,Guelmim-Oued Noun,35,INDEPENDANT,9924,6098,23285,120,10,0,0,0.624,HYPOTHEQUE,AUTO,0
INDUSTRIE,Guelmim-Oued Noun,19,INDEPENDANT,6406,1437,21927,48,0,5,5,0.121,NANTISSEMENT,IMMOBILIER,1
COMMERCE,Rabat-Salé-Kénitra,37,SALARIE_CDD,5891,1342,17629,120,10,1,0,0.145,AUCUNE,IMMOBILIER,1
SERVICES,Dakhla-Oued Ed-Dahab,61,SALARIE_CDD,6329,1081,17252,36,41,4,0,0.182,AUCUNE,IMMOBILIER,0
SERVICES,Rabat-Salé-Kénitra,40,SALARIE_CDI,2500,1048,76483,120,17,3,1,0.393,HYPOTHEQUE,IMMOBILIER,0
INDUSTRIE,Oriental,42,RETRAITE,7809,2035,28269,48,19,2,0,0.322,HYPOTHEQUE,IMMOBILIER,0
SERVICES,Souss-Massa,23,SALARIE_CDI,9027,3921,18663,24,1,4,3,0.408,AUCUNE,CONSOMMATION,0
AGRICULTURE,Souss-Massa,60,SALARIE_CDI,6132,943,11274,48,34,5,1,0.15,AUCUNE,CONSOMMATION,1
AGRICULTURE,Rabat-Salé-Kénitra,31,SALARIE_CDD,7640,3167,30052,24,10,4,0,0.384,CAUTION,PROFESSIONNEL,0
INDUSTRIE,Tanger-Tétouan-Al Hoceïma,24,SALARIE_CDI,10263,6101,20443,120,4,2,1,0.587,CAUTION,CONSOMMATION,0
COMMERCE,Casablanca-Settat,63,SALARIE_CDI,12066,6189,17900,36,45,2,1,0.516,CAUTION,CONSOMMATION,0
INDUSTRIE,Dakhla-Oued Ed-Dahab,77,RETRAITE,4727,1576,21123,120,45,3,0,0.4,CAUTION,CONSOMMATION,1
SERVICES,Rabat-Salé-Kénitra,56,SALARIE_CDI,5667,1043,39547,84,38,1,4,0.199,HYPOTHEQUE,PROFESSIONNEL,0
INDUSTRIE,Souss-Massa,77,SALARIE_CDI,11371,3099,16112,48,45,5,0,0.277,HYPOTHEQUE,IMMOBILIER,0
SERVICES,Marrakech-Safi,43,SALARIE_CDI,10562,4243,29310,48,20,0,0,0.439,HYPOTHEQUE,CONSOMMATION,1
INDUSTRIE,Marrakech-Safi,50,SALARIE_CDI,14838,4135,67502,84,25,3,1,0.344,AUCUNE,IMMOBILIER,1
SERVICES,Tanger-Tétouan-Al Hoceïma,40,RETRAITE,14564,7838,24652,12,20,1,0,0.471,AUCUNE,IMMOBILIER,0
SERVICES,Dakhla-Oued Ed-Dahab,50,INDEPENDANT,24021,14835,17243,48,31,2,1,0.584,CAUTION,IMMOBILIER,0
SERVICES,Souss-Massa,74,INDEPENDANT,7103,1691,76015,60,45,0,0,0.248,NANTISSEMENT,IMMOBILIER,1
AGRICULTURE,Dakhla-Oued Ed-Dahab,57,INDEPENDANT,16487,2519,34143,84,36,0,3,0.153,HYPOTHEQUE,AUTO,0
SERVICES,Guelmim-Oued Noun,19,FONCTIONNAIRE,5356,1029,32137,120,0,3,3,0.161,CAUTION,CONSOMMATION,1
INDUSTRIE,Souss-Massa,54,FONCTIONNAIRE,23797,13122,52300,60,32,4,2,0.454,CAUTION,CONSOMMATION,0
COMMERCE,Laâyoune-Sakia El Hamra,41,FONCTIONNAIRE,9943,1758,34184,48,22,0,0,0.163,NANTISSEMENT,CONSOMMATION,1
INDUSTRIE,Tanger-Tétouan-Al Hoceïma,52,FONCTIONNAIRE,10341,5410,38136,84,34,0,0,0.542,AUCUNE,AUTO,1
COMMERCE,Oriental,53,INDEPENDANT,12651,4461,12092,24,35,1,4,0.425,CAUTION,CONSOMMATION,1
SERVICES,Drâa-Tafilalet,55,FONCTIONNAIRE,4403,1598,20178,24,34,0,0,0.364,HYPOTHEQUE,CONSOMMATION,0
COMMERCE,Béni Mellal-Khénifra,72,SALARIE_CDD,4996,2575,133748,12,45,2,0,0.516,AUCUNE,AUTO,0
COMMERCE,Guelmim-Oued Noun,72,FONCTIONNAIRE,8536,2646,17533,84,45,1,0,0.271,NANTISSEMENT,AUTO,1
COMMERCE,Rabat-Salé-Kénitra,79,SALARIE_CDI,9467,5257,38104,36,45,2,0,0.555,CAUTION,PROFESSIONNEL,1
COMMERCE,Souss-Massa,56,FONCTIONNAIRE,20685,4079,122929,24,29,3,0,0.172,HYPOTHEQUE,IMMOBILIER,0
INDUSTRIE,Béni Mellal-Khénifra,35,FONCTIONNAIRE,5286,2692,58733,24,11,1,0,0.537,AUCUNE,CONSOMMATION,0
INDUSTRIE,Fès-Meknès,30,FONCTIONNAIRE,16205,9753,44502,60,3,5,0,0.625,HYPOTHEQUE,CONSOMMATION,1
SERVICES,Laâyoune-Sakia El Hamra,71,FONCTIONNAIRE,7190,1669,20720,48,45,3,1,0.303,CAUTION,CONSOMMATION,0
COMMERCE,Fès-Meknès,75,INDEPENDANT,7145,3054,23475,120,45,0,0,0.442,CAUTION,IMMOBILIER,0
SERVICES,Fès-Meknès,20,INDEPENDANT,7527,3541,29248,60,0,2,0,0.497,NANTISSEMENT,IMMOBILIER,1
INDUSTRIE,Fès-Meknès,31,SALARIE_CDI,7063,1528,45981,60,9,4,2,0.148,AUCUNE,PROFESSIONNEL,1
COMMERCE,Drâa-Tafilalet,60,SALARIE_CDD,10086,4253,88503,24,39,2,2,0.439,CAUTION,IMMOBILIER,0
SERVICES,Rabat-Salé-Kénitra,28,SALARIE_CDI,6784,1873,39430,120,1,3,0,0.313,CAUTION,PROFESSIONNEL,0
SERVICES,Rabat-Salé-Kénitra,21,SALARIE_CDI,4295,2263,24353,36,3,4,0,0.533,CAUTION,CONSOMMATION,1
COMMERCE,Guelmim-Oued Noun,80,SALARIE_CDI,7183,3118,33940,84,45,3,3,0.432,HYPOTHEQUE,CONSOMMATION,1
INDUSTRIE,Marrakech-Safi,24,INDEPENDANT,9952,3536,52285,12,0,0,0,0.346,HYPOTHEQUE,PROFESSIONNEL,0
TECH,Rabat-Salé-Kénitra,31,INDEPENDANT,4311,2247,45972,60,12,4,0,0.604,CAUTION,IMMOBILIER,1
AGRICULTURE,Fès-Meknès,80,SALARIE_CDI,10528,5432,30512,84,45,0,1,0.435,AUCUNE,IMMOBILIER,0
AGRICULTURE,Tanger-Tétouan-Al Hoceïma,24,INDEPENDANT,13784,3518,16578,12,4,3,0,0.318,CAUTION,CONSOMMATION,1
INDUSTRIE,Casablanca-Settat,68,SALARIE_CDD,15772,2568,77182,60,41,4,1,0.183,CAUTION,AUTO,0
SERVICES,Laâyoune-Sakia El Hamra,53,INDEPENDANT,9433,2586,30234,12,29,4,0,0.25,HYPOTHEQUE,IMMOBILIER,1
COMMERCE,Rabat-Salé-Kénitra,52,SALARIE_CDD,3597,2127,43121,48,30,5,0,0.618,CAUTION,IMMOBILIER,1
COMMERCE,Tanger-Tétouan-Al Hoceïma,70,INDEPENDANT,10845,3779,22614,120,43,0,4,0.369,CAUTION,CONSOMMATION,0
COMMERCE,Marrakech-Safi,19,SALARIE_CDD,12522,3140,22213,36,0,5,4,0.201,NANTISSEMENT,PROFESSIONNEL,1
INDUSTRIE,Fès-Meknès,21,SALARIE_CDI,5923,1981,51439,60,0,1,1,0.387,CAUTION,IMMOBILIER,0
SERVICES,Casablanca-Settat,30,SALARIE_CDI,7842,2679,14966,24,7,0,3,0.352,CAUTION,CONSOMMATION,1
SERVICES,Dakhla-Oued Ed-Dahab,48,FONCTIONNAIRE,10073,3798,16083,48,29,5,2,0.338,NANTISSEMENT,IMMOBILIER,1
SERVICES,Dakhla-Oued Ed-Dahab,78,INDEPENDANT,18111,6792,104412,48,45,5,0,0.452,AUCUNE,IMMOBILIER,0
SERVICES,Rabat-Salé-Kénitra,22,FONCTIONNAIRE,7222,2160,64752,12,0,0,1,0.33,NANTISSEMENT,CONSOMMATION,0
AGRICULTURE,Marrakech-Safi,44,INDEPENDANT,12101,3627,48618,84,25,2,5,0.319,AUCUNE,IMMOBILIER,0
SERVICES,Laâyoune-Sakia El Hamra,45,SALARIE_CDI,9343,5137,17141,12,25,5,1,0.602,AUCUNE,AUTO,1
COMMERCE,Tanger-Tétouan-Al Hoceïma,30,INDEPENDANT,8864,4268,42380,12,4,4,2,0.483,CAUTION,IMMOBILIER,0
AGRICULTURE,Casablanca-Settat,39,INDEPENDANT,14746,7221,34490,60,21,2,1,0.533,CAUTION,IMMOBILIER,0
INDUSTRIE,Rabat-Salé-Kénitra,30,SALARIE_CDD,5574,1367,26646,84,6,4,0,0.286,AUCUNE,CONSOMMATION,1
COMMERCE,Tanger-Tétouan-Al Hoceïma,26,SALARIE_CDD,8988,5806,34107,24,2,2,0,0.619,HYPOTHEQUE,PROFESSIONNEL,0
COMMERCE,Oriental,50,SALARIE_CDI,8203,1587,13338,60,32,1,1,0.186,AUCUNE,CONSOMMATION,0
INDUSTRIE,Béni Mellal-Khénifra,76,SALARIE_CDI,4113,2021,8531,36,45,2,0,0.469,AUCUNE,IMMOBILIER,0
COMMERCE,Rabat-Salé-Kénitra,43,SALARIE_CDI,14110,7361,44706,84,21,5,0,0.592,HYPOTHEQUE,PROFESSIONNEL,0
TECH,Tanger-Tétouan-Al Hoceïma,57,INDEPENDANT,11767,3337,40665,84,35,1,0,0.21,AUCUNE,IMMOBILIER,0
TECH,Fès-Meknès,60,INDEPENDANT,8228,1551,43318,48,39,3,0,0.206,AUCUNE,CONSOMMATION,0
TECH,Oriental,71,SALARIE_CDI,7204,3737,62238,36,45,4,0,0.587,AUCUNE,PROFESSIONNEL,0
AGRICULTURE,Fès-Meknès,69,RETRAITE,8104,3507,51953,36,45,0,0,0.372,CAUTION,CONSOMMATION,0
INDUSTRIE,Marrakech-Safi,75,INDEPENDANT,11140,7050,102677,48,45,3,0,0.636,CAUTION,CONSOMMATION,0
TECH,Guelmim-Oued Noun,69,FONCTIONNAIRE,8298,4264,82918,24,45,5,4,0.575,AUCUNE,CONSOMMATION,1
COMMERCE,Oriental,76,RETRAITE,6001,3690,37833,12,45,1,4,0.597,NANTISSEMENT,IMMOBILIER,0
COMMERCE,Souss-Massa,78,INDEPENDANT,6421,3000,40569,60,45,0,0,0.475,AUCUNE,CONSOMMATION,0
TECH,Rabat-Salé-Kénitra,65,SALARIE_CDI,8059,3216,42497,48,41,4,0,0.388,AUCUNE,CONSOMMATION,1
TECH,Casablanca-Settat,49,RETRAITE,5326,3315,12411,48,24,2,0,0.575,HYPOTHEQUE,IMMOBILIER,0
AGRICULTURE,Guelmim-Oued Noun,37,SALARIE_CDD,9414,5266,69148,84,11,4,1,0.541,CAUTION,PROFESSIONNEL,1
INDUSTRIE,Dakhla-Oued Ed-Dahab,53,SALARIE_CDI,5671,950,54707,48,30,2,0,0.135,CAUTION,PROFESSIONNEL,0
COMMERCE,Béni Mellal-Khénifra,70,SALARIE_CDI,5274,2329,11381,24,45,3,0,0.365,CAUTION,PROFESSIONNEL,0
INDUSTRIE,Casablanca-Settat,65,FONCTIONNAIRE,34095,7661,107440,12,42,2,1,0.297,HYPOTHEQUE,PROFESSIONNEL,0
COMMERCE,Souss-Massa,50,RETRAITE,19398,12104,26912,60,28,2,0,0.646,CAUTION,CONSOMMATION,1
TECH,Fès-Meknès,22,SALARIE_CDD,8645,4218,33291,60,0,0,0,0.469,AUCUNE,CONSOMMATION,0
TECH,Casablanca-Settat,35,FONCTIONNAIRE,11884,4465,32847,60,16,5,1,0.352,AUCUNE,IMMOBILIER,0
INDUSTRIE,Rabat-Salé-Kénitra,54,SALARIE_CDI,12829,8081,32199,12,36,2,0,0.609,CAUTION,IMMOBILIER,0
COMMERCE,Souss-Massa,42,INDEPENDANT,7833,2492,194129,84,23,1,3,0.281,AUCUNE,CONSOMMATION,1
INDUSTRIE,Souss-Massa,46,SALARIE_CDI,9203,3424,30249,120,27,0,0,0.353,NANTISSEMENT,CONSOMMATION,0
SERVICES,Oriental,36,FONCTIONNAIRE,7201,2517,28937,36,12,5,0,0.304,HYPOTHEQUE,IMMOBILIER,1
SERVICES,Drâa-Tafilalet,22,FONCTIONNAIRE,14258,3079,36814,12,3,4,4,0.251,AUCUNE,AUTO,1
AGRICULTURE,Fès-Meknès,47,SALARIE_CDI,14346,3227,20053,120,26,3,4,0.132,NANTISSEMENT,IMMOBILIER,0
INDUSTRIE,Fès-Meknès,46,RETRAITE,16364,7290,44547,60,27,3,1,0.456,AUCUNE,CONSOMMATION,0
AGRICULTURE,Drâa-Tafilalet,67,RETRAITE,9133,1687,20439,48,45,5,1,0.141,AUCUNE,CONSOMMATION,1
SERVICES,Marrakech-Safi,25,SALARIE_CDD,21494,13230,51563,24,1,4,0,0.661,AUCUNE,AUTO,1
TECH,Casablanca-Settat,48,INDEPENDANT,7829,2457,17500,12,27,5,0,0.305,CAUTION,AUTO,0
COMMERCE,Laâyoune-Sakia El Hamra,71,INDEPENDANT,20356,6320,24076,24,45,3,0,0.328,CAUTION,AUTO,0
COMMERCE,Marrakech-Safi,34,SALARIE_CDI,6578,1446,17972,12,9,0,0,0.189,CAUTION,AUTO,0
COMMERCE,Rabat-Salé-Kénitra,37,SALARIE_CDI,4519,1471,25023,24,17,1,3,0.391,HYPOTHEQUE,IMMOBILIER,1
COMMERCE,Drâa-Tafilalet,23,FONCTIONNAIRE,20181,10001,10398,120,5,2,0,0.433,CAUTION,CONSOMMATION,0
AGRICULTURE,Oriental,54,FONCTIONNAIRE,10907,6857,6557,60,27,5,1,0.595,CAUTION,CONSOMMATION,1
COMMERCE,Rabat-Salé-Kénitra,71,FONCTIONNAIRE,10235,2521,28985,12,45,3,2,0.197,NANTISSEMENT,AUTO,0
SERVICES,Laâyoune-Sakia El Hamra,48,FONCTIONNAIRE,6890,1645,12392,84,24,1,0,0.235,HYPOTHEQUE,IMMOBILIER,0
SERVICES,Marrakech-Safi,44,INDEPENDANT,5540,1216,122233,84,21,0,1,0.224,AUCUNE,PROFESSIONNEL,1
COMMERCE,Drâa-Tafilalet,65,SALARIE_CDI,5781,2526,28246,24,39,2,0,0.374,AUCUNE,IMMOBILIER,0
COMMERCE,Béni Mellal-Khénifra,45,SALARIE_CDI,8624,1798,59636,120,22,3,0,0.156,AUCUNE,CONSOMMATION,1
COMMERCE,Guelmim-Oued Noun,43,SALARIE_CDI,7573,1470,45088,12,25,2,1,0.139,AUCUNE,PROFESSIONNEL,0
COMMERCE,Drâa-Tafilalet,66,SALARIE_CDD,3384,1766,17260,84,45,2,0,0.449,AUCUNE,PROFESSIONNEL,0
INDUSTRIE,Drâa-Tafilalet,35,INDEPENDANT,17365,9492,27053,36,9,3,0,0.512,HYPOTHEQUE,PROFESSIONNEL,0
TECH,Casablanca-Settat,71,INDEPENDANT,6708,2061,60990,36,45,5,0,0.394,AUCUNE,PROFESSIONNEL,0
TECH,Dakhla-Oued Ed-Dahab,34,SALARIE_CDD,14147,6235,58271,48,9,5,0,0.448,AUCUNE,CONSOMMATION,0
TECH,Rabat-Salé-Kénitra,50,FONCTIONNAIRE,5899,3074,66600,24,26,1,0,0.488,AUCUNE,AUTO,0
TECH,Fès-Meknès,33,SALARIE_CDI,8688,1516,22936,84,6,4,1,0.161,HYPOTHEQUE,AUTO,0
AGRICULTURE,Souss-Massa,57,SALARIE_CDD,12551,5866,54660,24,39,0,2,0.389,AUCUNE,IMMOBILIER,1
COMMERCE,Fès-Meknès,45,RETRAITE,11795,3457,23780,60,27,0,0,0.218,HYPOTHEQUE,CONSOMMATION,0
AGRICULTURE,Béni Mellal-Khénifra,33,SALARIE_CDI,7183,2547,73690,36,8,2,0,0.312,CAUTION,AUTO,0
SERVICES,Casablanca-Settat,64,INDEPENDANT,10190,3343,72114,120,45,1,4,0.265,AUCUNE,PROFESSIONNEL,1
COMMERCE,Souss-Massa,76,SALARIE_CDI,10984,5593,13880,48,45,1,0,0.552,NANTISSEMENT,CONSOMMATION,0
TECH,Tanger-Tétouan-Al Hoceïma,19,SALARIE_CDI,7581,2914,44054,120,0,3,1,0.479,NANTISSEMENT,PROFESSIONNEL,0
COMMERCE,Béni Mellal-Khénifra,53,FONCTIONNAIRE,4909,2602,16869,48,28,4,0,0.573,NANTISSEMENT,IMMOBILIER,1
INDUSTRIE,Oriental,63,INDEPENDANT,6118,1881,64829,60,37,3,0,0.268,NANTISSEMENT,PROFESSIONNEL,0
COMMERCE,Guelmim-Oued Noun,63,FONCTIONNAIRE,6832,2874,16485,60,43,0,0,0.421,AUCUNE,CONSOMMATION,0
INDUSTRIE,Rabat-Salé-Kénitra,31,INDEPENDANT,8199,4948,45515,36,7,5,1,0.629,AUCUNE,IMMOBILIER,1
AGRICULTURE,Dakhla-Oued Ed-Dahab,25,INDEPENDANT,16590,6122,60908,84,5,3,0,0.389,AUCUNE,PROFESSIONNEL,1
INDUSTRIE,Tanger-Tétouan-Al Hoceïma,50,FONCTIONNAIRE,12190,5341,38066,36,23,2,2,0.513,AUCUNE,IMMOBILIER,0
SERVICES,Tanger-Tétouan-Al Hoceïma,58,SALARIE_CDI,5613,2724,66379,24,34,2,0,0.425,HYPOTHEQUE,CONSOMMATION,0
COMMERCE,Oriental,36,SALARIE_CDD,18517,11224,44589,60,11,4,0,0.614,CAUTION,CONSOMMATION,0
INDUSTRIE,Rabat-Salé-Kénitra,41,FONCTIONNAIRE,7821,3661,108732,36,17,5,0,0.465,CAUTION,PROFESSIONNEL,0
SERVICES,Guelmim-Oued Noun,51,FONCTIONNAIRE,10966,5003,16795,60,24,0,0,0.439,AUCUNE,CONSOMMATION,0
COMMERCE,Fès-Meknès,46,SALARIE_CDD,5311,3010,27757,84,26,5,0,0.489,HYPOTHEQUE,PROFESSIONNEL,1
COMMERCE,Dakhla-Oued Ed-Dahab,48,SALARIE_CDD,6611,4270,9473,84,23,2,0,0.573,CAUTION,IMMOBILIER,0
SERVICES,Rabat-Salé-Kénitra,60,SALARIE_CDI,12927,7749,29507,120,33,4,0,0.664,CAUTION,IMMOBILIER,0
COMMERCE,Laâyoune-Sakia El Hamra,80,SALARIE_CDI,5456,1159,15821,84,45,0,3,0.255,CAUTION,CONSOMMATION,0
COMMERCE,Tanger-Tétouan-Al Hoceïma,68,SALARIE_CDD,8307,4056,13756,84,45,2,0,0.431,AUCUNE,PROFESSIONNEL,0
TECH,Béni Mellal-Khénifra,18,INDEPENDANT,10016,3148,12224,120,0,3,3,0.224,AUCUNE,PROFESSIONNEL,0
INDUSTRIE,Laâyoune-Sakia El Hamra,40,INDEPENDANT,5114,1827,26078,120,18,2,1,0.359,CAUTION,AUTO,0
SERVICES,Rabat-Salé-Kénitra,18,RETRAITE,3641,1721,43378,12,0,0,2,0.469,CAUTION,IMMOBILIER,1
AGRICULTURE,Tanger-Tétouan-Al Hoceïma,73,FONCTIONNAIRE,12189,2713,50748,84,45,0,1,0.142,CAUTION,PROFESSIONNEL,0
COMMERCE,Dakhla-Oued Ed-Dahab,58,SALARIE_CDI,29393,14589,73230,120,40,5,2,0.599,NANTISSEMENT,CONSOMMATION,1
SERVICES,Rabat-Salé-Kénitra,31,FONCTIONNAIRE,9962,2956,70330,120,13,5,0,0.359,NANTISSEMENT,CONSOMMATION,0
TECH,Rabat-Salé-Kénitra,70,INDEPENDANT,10860,6077,16481,24,45,4,0,0.506,HYPOTHEQUE,CONSOMMATION,0
SERVICES,Oriental,53,FONCTIONNAIRE,5443,1828,21594,120,27,5,1,0.401,CAUTION,CONSOMMATION,0
TECH,Casablanca-Settat,21,SALARIE_CDD,15699,2747,41563,120,0,5,0,0.186,HYPOTHEQUE,CONSOMMATION,1
COMMERCE,Dakhla-Oued Ed-Dahab,27,FONCTIONNAIRE,6839,3073,42023,60,6,1,0,0.486,CAUTION,CONSOMMATION,0
AGRICULTURE,Laâyoune-Sakia El Hamra,68,SALARIE_CDI,13680,7180,95422,36,44,3,0,0.483,CAUTION,CONSOMMATION,0
AGRICULTURE,Marrakech-Safi,36,SALARIE_CDI,10650,4881,29686,60,14,2,1,0.489,HYPOTHEQUE,IMMOBILIER,0
SERVICES,Marrakech-Safi,51,SALARIE_CDI,10767,5808,62152,12,32,5,1,0.651,HYPOTHEQUE,PROFESSIONNEL,1
TECH,Guelmim-Oued Noun,74,SALARIE_CDD,10583,5842,32859,36,45,3,0,0.611,CAUTION,CONSOMMATION,1
INDUSTRIE,Oriental,36,INDEPENDANT,10432,1785,46650,48,18,0,0,0.208,CAUTION,CONSOMMATION,0
COMMERCE,Guelmim-Oued Noun,18,SALARIE_CDI,9205,1389,47659,120,0,3,1,0.058,HYPOTHEQUE,PROFESSIONNEL,0
COMMERCE,Dakhla-Oued Ed-Dahab,23,SALARIE_CDI,12534,3286,35753,48,3,3,2,0.305,HYPOTHEQUE,CONSOMMATION,0
SERVICES,Tanger-Tétouan-Al Hoceïma,75,INDEPENDANT,5845,1533,18339,60,45,2,0,0.285,AUCUNE,CONSOMMATION,1
SERVICES,Fès-Meknès,55,INDEPENDANT,7277,3140,44076,48,34,2,0,0.391,HYPOTHEQUE,CONSOMMATION,0
SERVICES,Béni Mellal-Khénifra,38,FONCTIONNAIRE,15688,4150,56968,120,17,3,1,0.248,AUCUNE,AUTO,0
SERVICES,Béni Mellal-Khénifra,22,SALARIE_CDD,8759,2912,39140,120,0,2,0,0.328,AUCUNE,CONSOMMATION,1
SERVICES,Souss-Massa,61,SALARIE_CDD,6998,2637,5250,24,35,4,0,0.404,HYPOTHEQUE,AUTO,0
AGRICULTURE,Fès-Meknès,20,FONCTIONNAIRE,12909,5814,32093,48,0,1,0,0.378,NANTISSEMENT,CONSOMMATION,0
COMMERCE,Fès-Meknès,23,INDEPENDANT,11812,7659,58394,36,2,2,1,0.651,HYPOTHEQUE,CONSOMMATION,1
TECH,Oriental,55,SALARIE_CDI,4515,2232,18291,60,37,0,4,0.572,CAUTION,IMMOBILIER,1
TECH,Souss-Massa,58,INDEPENDANT,11254,3184,76590,12,31,0,0,0.31,HYPOTHEQUE,PROFESSIONNEL,0
TECH,Souss-Massa,53,FONCTIONNAIRE,8620,2805,23649,24,27,2,0,0.272,AUCUNE,IMMOBILIER,0
INDUSTRIE,Rabat-Salé-Kénitra,75,INDEPENDANT,11163,1918,29033,120,45,1,5,0.185,AUCUNE,CONSOMMATION,0
TECH,Laâyoune-Sakia El Hamra,34,SALARIE_CDI,8142,2929,41954,84,8,4,4,0.384,NANTISSEMENT,PROFESSIONNEL,0
TECH,Drâa-Tafilalet,52,INDEPENDANT,9986,4439,19055,84,34,0,0,0.341,HYPOTHEQUE,PROFESSIONNEL,0
TECH,Dakhla-Oued Ed-Dahab,37,FONCTIONNAIRE,3555,2221,68755,60,19,1,0,0.64,HYPOTHEQUE,IMMOBILIER,0
AGRICULTURE,Guelmim-Oued Noun,40,SALARIE_CDD,5417,1538,87993,84,17,3,1,0.285,AUCUNE,AUTO,1
COMMERCE,Béni Mellal-Khénifra,27,SALARIE_CDD,11306,3072,16813,48,4,0,1,0.193,HYPOTHEQUE,AUTO,0
COMMERCE,Fès-Meknès,67,SALARIE_CDI,26361,4181,31893,48,45,3,1,0.254,NANTISSEMENT,IMMOBILIER,0
AGRICULTURE,Béni Mellal-Khénifra,62,SALARIE_CDI,9559,4180,136668,36,39,3,0,0.453,CAUTION,CONSOMMATION,0
INDUSTRIE,Oriental,62,SALARIE_CDI,5933,3844,78401,12,43,0,1,0.638,CAUTION,PROFESSIONNEL,0
TECH,Dakhla-Oued Ed-Dahab,26,SALARIE_CDI,8612,2890,11738,36,4,1,2,0.293,CAUTION,PROFESSIONNEL,0
SERVICES,Marrakech-Safi,25,SALARIE_CDD,5421,2163,82201,120,3,2,0,0.405,NANTISSEMENT,CONSOMMATION,0
SERVICES,Casablanca-Settat,67,FONCTIONNAIRE,14220,2547,5000,84,45,0,1,0.2,CAUTION,CONSOMMATION,0
COMMERCE,Rabat-Salé-Kénitra,59,INDEPENDANT,8280,3606,55840,36,39,5,0,0.502,CAUTION,IMMOBILIER,0
SERVICES,Marrakech-Safi,19,FONCTIONNAIRE,13016,3320,19935,24,0,3,4,0.249,NANTISSEMENT,IMMOBILIER,1
AGRICULTURE,Béni Mellal-Khénifra,59,SALARIE_CDI,7562,1193,50109,24,36,5,0,0.09,AUCUNE,IMMOBILIER,1
SERVICES,Rabat-Salé-Kénitra,79,SALARIE_CDD,13546,6664,43166,60,45,2,2,0.488,CAUTION,AUTO,1
TECH,Rabat-Salé-Kénitra,65,FONCTIONNAIRE,3903,874,39883,84,41,3,0,0.22,AUCUNE,PROFESSIONNEL,1
SERVICES,Tanger-Tétouan-Al Hoceïma,35,INDEPENDANT,8193,1643,54720,36,10,2,1,0.283,AUCUNE,AUTO,0
AGRICULTURE,Guelmim-Oued Noun,37,SALARIE_CDI,10330,2728,25663,24,10,0,0,0.279,AUCUNE,CONSOMMATION,0
INDUSTRIE,Souss-Massa,65,RETRAITE,7181,1571,23880,36,44,2,1,0.238,HYPOTHEQUE,CONSOMMATION,0
SERVICES,Fès-Meknès,43,INDEPENDANT,9526,4396,69660,24,23,4,0,0.434,CAUTION,CONSOMMATION,1
SERVICES,Fès-Meknès,64,INDEPENDANT,9454,2681,36461,48,41,0,1,0.301,HYPOTHEQUE,PROFESSIONNEL,0
COMMERCE,Guelmim-Oued Noun,78,FONCTIONNAIRE,12991,6307,24375,48,45,0,0,0.443,AUCUNE,PROFESSIONNEL,0
AGRICULTURE,Souss-Massa,43,SALARIE_CDD,10718,4534,32059,36,19,0,2,0.431,HYPOTHEQUE,CONSOMMATION,0
AGRICULTURE,Tanger-Tétouan-Al Hoceïma,54,RETRAITE,9670,3160,30172,48,29,5,0,0.366,AUCUNE,IMMOBILIER,0
INDUSTRIE,Guelmim-Oued Noun,48,INDEPENDANT,12037,2970,28507,60,24,2,0,0.246,AUCUNE,IMMOBILIER,0
COMMERCE,Tanger-Tétouan-Al Hoceïma,50,INDEPENDANT,4408,2144,49522,120,27,3,0,0.542,AUCUNE,CONSOMMATION,1
SERVICES,Tanger-Tétouan-Al Hoceïma,22,INDEPENDANT,5776,2381,19748,84,0,3,0,0.482,HYPOTHEQUE,IMMOBILIER,0
COMMERCE,Guelmim-Oued Noun,80,INDEPENDANT,4344,2217,105296,120,45,1,0,0.567,HYPOTHEQUE,PROFESSIONNEL,1
COMMERCE,Fès-Meknès,52,INDEPENDANT,10372,4181,42476,60,33,3,0,0.406,AUCUNE,IMMOBILIER,1
SERVICES,Oriental,32,SALARIE_CDI,9762,5379,10044,24,14,0,1,0.504,AUCUNE,CONSOMMATION,0
COMMERCE,Béni Mellal-Khénifra,54,FONCTIONNAIRE,15114,6421,44026,12,35,1,1,0.375,HYPOTHEQUE,IMMOBILIER,0
AGRICULTURE,Marrakech-Safi,43,FONCTIONNAIRE,9492,5284,18935,24,24,4,0,0.584,AUCUNE,CONSOMMATION,0
SERVICES,Rabat-Salé-Kénitra,69,INDEPENDANT,6098,2591,35623,36,45,4,0,0.438,HYPOTHEQUE,CONSOMMATION,0
SERVICES,Laâyoune-Sakia El Hamra,65,SALARIE_CDD,8607,5430,32639,48,45,0,0,0.628,AUCUNE,IMMOBILIER,1
SERVICES,Fès-Meknès,42,FONCTIONNAIRE,3484,2009,58364,60,17,1,2,0.55,CAUTION,IMMOBILIER,0
SERVICES,Tanger-Tétouan-Al Hoceïma,62,RETRAITE,6743,1868,57900,48,38,2,0,0.278,CAUTION,CONSOMMATION,0
SERVICES,Béni Mellal-Khénifra,20,SALARIE_CDD,2818,1449,42402,36,0,3,1,0.445,HYPOTHEQUE,CONSOMMATION,1
COMMERCE,Rabat-Salé-Kénitra,78,SALARIE_CDI,9394,2029,138236,84,45,0,3,0.184,CAUTION,PROFESSIONNEL,0
SERVICES,Casablanca-Settat,50,INDEPENDANT,7146,4327,21865,60,32,3,0,0.595,NANTISSEMENT,PROFESSIONNEL,1
TECH,Tanger-Tétouan-Al Hoceïma,59,SALARIE_CDD,7635,2464,94463,12,39,5,1,0.358,HYPOTHEQUE,CONSOMMATION,0
AGRICULTURE,Dakhla-Oued Ed-Dahab,58,SALARIE_CDI,5328,2071,96315,48,36,5,0,0.437,AUCUNE,PROFESSIONNEL,0
AGRICULTURE,Oriental,37,FONCTIONNAIRE,5997,961,45988,24,10,4,2,0.063,HYPOTHEQUE,PROFESSIONNEL,1
COMMERCE,Oriental,61,RETRAITE,11066,6460,50068,84,37,3,0,0.504,AUCUNE,IMMOBILIER,0
SERVICES,Béni Mellal-Khénifra,43,SALARIE_CDI,4246,2650,70651,24,20,0,1,0.66,AUCUNE,PROFESSIONNEL,0
SERVICES,Laâyoune-Sakia El Hamra,60,SALARIE_CDD,10174,3920,29113,48,33,3,3,0.39,AUCUNE,CONSOMMATION,1
SERVICES,Laâyoune-Sakia El Hamra,23,SALARIE_CDD,5625,1372,25481,12,0,3,0,0.275,CAUTION,PROFESSIONNEL,0
AGRICULTURE,Casablanca-Settat,27,FONCTIONNAIRE,3803,1890,26428,120,4,1,1,0.466,CAUTION,PROFESSIONNEL,0
AGRICULTURE,Oriental,76,SALARIE_CDD,14071,4200,44565,12,45,2,0,0.27,CAUTION,IMMOBILIER,0
INDUSTRIE,Oriental,64,SALARIE_CDD,14737,9284,26151,60,43,3,1,0.593,AUCUNE,CONSOMMATION,0
INDUSTRIE,Marrakech-Safi,26,INDEPENDANT,6357,1943,21905,48,2,0,0,0.172,AUCUNE,IMMOBILIER,0
COMMERCE,Dakhla-Oued Ed-Dahab,31,RETRAITE,6329,2771,17587,12,6,1,0,0.382,HYPOTHEQUE,CONSOMMATION,0
INDUSTRIE,Fès-Meknès,52,SALARIE_CDI,7238,1265,18239,120,31,2,2,0.121,AUCUNE,IMMOBILIER,0
AGRICULTURE,Laâyoune-Sakia El Hamra,18,FONCTIONNAIRE,5628,3630,23207,36,0,5,0,0.599,CAUTION,PROFESSIONNEL,1
SERVICES,Rabat-Salé-Kénitra,43,INDEPENDANT,6092,2669,23580,84,16,2,1,0.389,CAUTION,IMMOBILIER,0
INDUSTRIE,Béni Mellal-Khénifra,38,SALARIE_CDI,9922,6327,39148,48,15,5,1,0.592,AUCUNE,CONSOMMATION,0
INDUSTRIE,Drâa-Tafilalet,26,INDEPENDANT,20604,6189,21092,24,6,1,0,0.289,CAUTION,IMMOBILIER,0
SERVICES,Oriental,36,SALARIE_CDD,6908,2857,51235,36,16,1,0,0.441,HYPOTHEQUE,IMMOBILIER,0
INDUSTRIE,Rabat-Salé-Kénitra,36,SALARIE_CDI,12841,2044,143982,24,17,5,0,0.015,CAUTION,IMMOBILIER,1
TECH,Rabat-Salé-Kénitra,22,SALARIE_CDI,9498,5085,87088,36,2,2,0,0.488,HYPOTHEQUE,IMMOBILIER,0
SERVICES,Béni Mellal-Khénifra,57,SALARIE_CDI,3818,891,17280,60,33,1,3,0.188,AUCUNE,PROFESSIONNEL,1
COMMERCE,Laâyoune-Sakia El Hamra,35,INDEPENDANT,8014,2906,29454,48,17,4,1,0.286,HYPOTHEQUE,CONSOMMATION,0
INDUSTRIE,Béni Mellal-Khénifra,19,FONCTIONNAIRE,7574,3674,14921,36,0,3,0,0.54,NANTISSEMENT,IMMOBILIER,1
SERVICES,Rabat-Salé-Kénitra,19,INDEPENDANT,15663,2993,41629,36,0,0,1,0.136,CAUTION,IMMOBILIER,1
SERVICES,Guelmim-Oued Noun,78,INDEPENDANT,15952,8643,43352,48,45,5,1,0.562,AUCUNE,CONSOMMATION,1
SERVICES,Souss-Massa,25,SALARIE_CDD,9600,5308,41018,36,7,0,0,0.513,HYPOTHEQUE,CONSOMMATION,0
SERVICES,Casablanca-Settat,75,RETRAITE,13994,5817,17421,84,45,0,0,0.479,AUCUNE,PROFESSIONNEL,0
INDUSTRIE,Tanger-Tétouan-Al Hoceïma,28,INDEPENDANT,7587,3433,23048,36,8,5,1,0.41,CAUTION,AUTO,0
TECH,Marrakech-Safi,23,SALARIE_CDI,13409,2643,70902,120,5,0,0,0.151,AUCUNE,IMMOBILIER,1
TECH,Dakhla-Oued Ed-Dahab,52,INDEPENDANT,8477,3174,47945,24,29,2,0,0.365,CAUTION,AUTO,0
AGRICULTURE,Laâyoune-Sakia El Hamra,72,INDEPENDANT,13279,7577,19778,24,45,4,0,0.645,AUCUNE,CONSOMMATION,0
INDUSTRIE,Rabat-Salé-Kénitra,22,SALARIE_CDD,13901,2706,14783,120,2,4,1,0.219,CAUTION,CONSOMMATION,1
COMMERCE,Oriental,38,SALARIE_CDI,11186,7208,34512,12,17,3,1,0.611,AUCUNE,PROFESSIONNEL,1
COMMERCE,Casablanca-Settat,65,SALARIE_CDI,5804,2281,33330,12,39,1,1,0.402,HYPOTHEQUE,CONSOMMATION,0
SERVICES,Souss-Massa,22,RETRAITE,6706,1049,14759,24,0,4,2,0.127,CAUTION,IMMOBILIER,0
INDUSTRIE,Rabat-Salé-Kénitra,28,INDEPENDANT,11368,3637,29267,24,3,3,0,0.394,HYPOTHEQUE,CONSOMMATION,1
COMMERCE,Drâa-Tafilalet,37,INDEPENDANT,12113,4849,25868,48,10,2,0,0.439,AUCUNE,CONSOMMATION,1
TECH,Casablanca-Settat,68,INDEPENDANT,8702,5478,24073,120,41,3,2,0.627,AUCUNE,PROFESSIONNEL,1
COMMERCE,Laâyoune-Sakia El Hamra,68,SALARIE_CDI,7041,3539,26914,12,41,5,0,0.512,NANTISSEMENT,IMMOBILIER,0
SERVICES,Marrakech-Safi,62,RETRAITE,8832,3891,44003,48,35,4,0,0.409,HYPOTHEQUE,CONSOMMATION,1
AGRICULTURE,Fès-Meknès,59,FONCTIONNAIRE,7149,4527,38665,36,32,1,0,0.633,HYPOTHEQUE,IMMOBILIER,0
SERVICES,Laâyoune-Sakia El Hamra,19,INDEPENDANT,7167,2132,87435,84,0,5,0,0.326,NANTISSEMENT,AUTO,1
AGRICULTURE,Laâyoune-Sakia El Hamra,33,SALARIE_CDI,19575,6653,41709,36,13,2,0,0.384,AUCUNE,CONSOMMATION,1
TECH,Rabat-Salé-Kénitra,76,SALARIE_CDI,6542,3494,63791,36,45,5,0,0.513,HYPOTHEQUE,PROFESSIONNEL,0
TECH,Rabat-Salé-Kénitra,63,SALARIE_CDD,10183,4554,14379,12,40,5,0,0.34,CAUTION,IMMOBILIER,0
TECH,Laâyoune-Sakia El Hamra,33,SALARIE_CDI,8680,2252,40387,12,11,5,4,0.294,CAUTION,CONSOMMATION,1
SERVICES,Dakhla-Oued Ed-Dahab,62,SALARIE_CDI,4666,2452,27982,120,41,0,0,0.494,AUCUNE,AUTO,0
COMMERCE,Souss-Massa,63,SALARIE_CDI,4594,1303,60278,36,41,5,0,0.326,CAUTION,CONSOMMATION,0
TECH,Rabat-Salé-Kénitra,64,FONCTIONNAIRE,7813,3355,43385,84,39,3,0,0.353,CAUTION,AUTO,0
TECH,Rabat-Salé-Kénitra,79,INDEPENDANT,3365,1945,109378,120,45,4,1,0.594,AUCUNE,CONSOMMATION,1
SERVICES,Fès-Meknès,52,SALARIE_CDI,18466,5310,18915,60,25,2,2,0.277,AUCUNE,PROFESSIONNEL,0
SERVICES,Drâa-Tafilalet,21,SALARIE_CDI,6886,3654,22072,48,0,4,3,0.508,CAUTION,CONSOMMATION,1
INDUSTRIE,Rabat-Salé-Kénitra,69,FONCTIONNAIRE,6638,3854,46113,120,45,3,0,0.653,NANTISSEMENT,PROFESSIONNEL,0
COMMERCE,Béni Mellal-Khénifra,18,FONCTIONNAIRE,14050,4335,33162,84,0,1,0,0.272,NANTISSEMENT,PROFESSIONNEL,1
COMMERCE,Guelmim-Oued Noun,58,FONCTIONNAIRE,7606,1889,18761,24,36,0,1,0.316,CAUTION,CONSOMMATION,0
TECH,Rabat-Salé-Kénitra,68,RETRAITE,10861,6331,47159,120,42,4,3,0.692,HYPOTHEQUE,PROFESSIONNEL,0
TECH,Dakhla-Oued Ed-Dahab,25,SALARIE_CDI,6263,2400,25676,84,3,3,0,0.32,HYPOTHEQUE,PROFESSIONNEL,0
COMMERCE,Dakhla-Oued Ed-Dahab,68,SALARIE_CDD,8270,2528,49780,12,45,4,4,0.26,CAUTION,IMMOBILIER,1
SERVICES,Fès-Meknès,69,INDEPENDANT,12529,1944,11049,60,42,3,2,0.147,AUCUNE,AUTO,1
COMMERCE,Rabat-Salé-Kénitra,59,FONCTIONNAIRE,5498,1358,29573,12,36,1,0,0.236,HYPOTHEQUE,AUTO,0
INDUSTRIE,Fès-Meknès,38,FONCTIONNAIRE,10275,4175,40532,24,12,3,1,0.462,AUCUNE,IMMOBILIER,0
SERVICES,Fès-Meknès,30,RETRAITE,2731,1542,40885,60,9,0,4,0.62,CAUTION,CONSOMMATION,0
SERVICES,Fès-Meknès,62,SALARIE_CDI,14321,5745,59238,60,36,1,0,0.377,CAUTION,PROFESSIONNEL,0
INDUSTRIE,Dakhla-Oued Ed-Dahab,27,SALARIE_CDI,6308,1818,30604,24,9,3,4,0.249,AUCUNE,IMMOBILIER,1
SERVICES,Rabat-Salé-Kénitra,60,SALARIE_CDI,7797,4792,49680,48,35,2,0,0.598,AUCUNE,IMMOBILIER,1
COMMERCE,Fès-Meknès,28,INDEPENDANT,7754,2595,34592,12,1,4,4,0.346,CAUTION,IMMOBILIER,1
SERVICES,Guelmim-Oued Noun,39,INDEPENDANT,5226,1210,60676,48,12,2,0,0.174,CAUTION,IMMOBILIER,1
SERVICES,Casablanca-Settat,49,SALARIE_CDI,5048,3143,12377,24,27,4,1,0.56,HYPOTHEQUE,IMMOBILIER,1
SERVICES,Casablanca-Settat,28,SALARIE_CDD,10246,3568,5866,120,1,3,0,0.311,CAUTION,CONSOMMATION,1
COMMERCE,Fès-Meknès,68,FONCTIONNAIRE,10465,4094,87340,84,41,0,0,0.368,AUCUNE,CONSOMMATION,0
COMMERCE,Dakhla-Oued Ed-Dahab,61,SALARIE_CDI,5441,3074,24392,36,42,5,0,0.546,AUCUNE,CONSOMMATION,1
INDUSTRIE,Laâyoune-Sakia El Hamra,19,INDEPENDANT,10337,3038,11022,36,0,2,0,0.194,NANTISSEMENT,CONSOMMATION,1
SERVICES,Dakhla-Oued Ed-Dahab,71,SALARIE_CDD,10416,4316,32450,120,44,0,2,0.393,AUCUNE,CONSOMMATION,1
AGRICULTURE,Laâyoune-Sakia El Hamra,63,INDEPENDANT,6835,3986,25260,120,37,4,3,0.518,AUCUNE,AUTO,1
COMMERCE,Rabat-Salé-Kénitra,70,INDEPENDANT,4528,1259,47021,84,45,5,1,0.281,HYPOTHEQUE,PROFESSIONNEL,0
COMMERCE,Tanger-Tétouan-Al Hoceïma,55,SALARIE_CDI,7967,4757,51255,48,35,5,2,0.534,HYPOTHEQUE,IMMOBILIER,1
COMMERCE,Oriental,57,INDEPENDANT,9550,2347,27114,36,37,5,0,0.262,AUCUNE,CONSOMMATION,0
TECH,Rabat-Salé-Kénitra,42,INDEPENDANT,7891,4555,69583,60,24,1,1,0.569,AUCUNE,PROFESSIONNEL,1
AGRICULTURE,Dakhla-Oued Ed-Dahab,32,SALARIE_CDI,6207,2152,15558,84,9,2,0,0.418,AUCUNE,CONSOMMATION,0
INDUSTRIE,Béni Mellal-Khénifra,32,SALARIE_CDI,9998,4240,7007,12,14,3,2,0.438,HYPOTHEQUE,AUTO,0
COMMERCE,Laâyoune-Sakia El Hamra,37,INDEPENDANT,14320,6096,40269,12,15,3,1,0.416,NANTISSEMENT,IMMOBILIER,1
SERVICES,Fès-Meknès,36,FONCTIONNAIRE,5729,1446,30316,48,17,0,3,0.25,NANTISSEMENT,CONSOMMATION,1
COMMERCE,Drâa-Tafilalet,65,INDEPENDANT,7086,1676,9641,48,42,1,3,0.239,HYPOTHEQUE,CONSOMMATION,0
INDUSTRIE,Rabat-Salé-Kénitra,51,SALARIE_CDI,27845,14081,55633,24,33,1,0,0.476,AUCUNE,PROFESSIONNEL,0
SERVICES,Casablanca-Settat,43,INDEPENDANT,9236,5197,11061,12,22,2,1,0.55,CAUTION,CONSOMMATION,1
AGRICULTURE,Béni Mellal-Khénifra,63,INDEPENDANT,4582,1001,33566,48,42,1,3,0.193,AUCUNE,CONSOMMATION,0
TECH,Casablanca-Settat,64,SALARIE_CDI,6536,3436,62122,24,40,4,0,0.508,AUCUNE,AUTO,0
INDUSTRIE,Fès-Meknès,76,SALARIE_CDI,5764,1807,43467,24,45,3,2,0.29,CAUTION,CONSOMMATION,0
AGRICULTURE,Guelmim-Oued Noun,37,SALARIE_CDD,9616,4300,41786,36,13,0,0,0.428,AUCUNE,CONSOMMATION,1
INDUSTRIE,Souss-Massa,33,INDEPENDANT,9307,3884,26057,120,11,4,0,0.415,AUCUNE,IMMOBILIER,1
INDUSTRIE,Tanger-Tétouan-Al Hoceïma,18,SALARIE_CDI,6085,3174,40862,12,0,5,1,0.549,HYPOTHEQUE,CONSOMMATION,1
TECH,Fès-Meknès,28,INDEPENDANT,18682,7864,51843,48,1,1,0,0.467,AUCUNE,IMMOBILIER,1
INDUSTRIE,Drâa-Tafilalet,56,SALARIE_CDI,8420,1656,23128,120,31,3,3,0.165,CAUTION,PROFESSIONNEL,0
INDUSTRIE,Dakhla-Oued Ed-Dahab,68,INDEPENDANT,6601,1912,16455,12,44,1,1,0.219,NANTISSEMENT,IMMOBILIER,0
COMMERCE,Drâa-Tafilalet,55,SALARIE_CDI,4677,1632,63058,120,32,3,0,0.388,HYPOTHEQUE,IMMOBILIER,0
SERVICES,Tanger-Tétouan-Al Hoceïma,80,INDEPENDANT,5417,2362,132746,84,45,3,2,0.544,NANTISSEMENT,IMMOBILIER,1
INDUSTRIE,Souss-Massa,57,FONCTIONNAIRE,4625,1086,103394,12,31,2,1,0.261,CAUTION,CONSOMMATION,0
INDUSTRIE,Rabat-Salé-Kénitra,73,FONCTIONNAIRE,7437,2370,5776,36,45,1,0,0.302,AUCUNE,AUTO,0
COMMERCE,Rabat-Salé-Kénitra,34,RETRAITE,5441,988,87201,12,10,1,2,0.192,CAUTION,CONSOMMATION,1
SERVICES,Fès-Meknès,38,SALARIE_CDI,11531,3589,23295,36,11,0,0,0.319,CAUTION,PROFESSIONNEL,0
SERVICES,Tanger-Tétouan-Al Hoceïma,69,SALARIE_CDI,6229,2530,128087,120,42,2,0,0.404,AUCUNE,PROFESSIONNEL,0
TECH,Dakhla-Oued Ed-Dahab,59,SALARIE_CDI,11826,7311,17554,84,34,0,4,0.573,HYPOTHEQUE,IMMOBILIER,0
SERVICES,Laâyoune-Sakia El Hamra,48,FONCTIONNAIRE,10109,2415,16485,12,23,3,0,0.288,AUCUNE,PROFESSIONNEL,1
INDUSTRIE,Rabat-Salé-Kénitra,78,INDEPENDANT,10834,1775,35065,84,45,2,0,0.124,AUCUNE,CONSOMMATION,0
TECH,Fès-Meknès,66,SALARIE_CDI,12131,4108,27414,120,44,2,3,0.386,AUCUNE,CONSOMMATION,1
TECH,Casablanca-Settat,36,INDEPENDANT,19871,9017,28384,60,10,4,0,0.48,CAUTION,AUTO,0
SERVICES,Casablanca-Settat,56,SALARIE_CDD,5530,2510,70276,60,36,3,0,0.524,AUCUNE,PROFESSIONNEL,1
TECH,Tanger-Tétouan-Al Hoceïma,42,RETRAITE,11857,3827,86303,60,21,5,0,0.358,HYPOTHEQUE,AUTO,0
TECH,Dakhla-Oued Ed-Dahab,44,SALARIE_CDD,9693,1636,18756,48,20,0,2,0.052,HYPOTHEQUE,PROFESSIONNEL,0
INDUSTRIE,Marrakech-Safi,68,RETRAITE,13075,7969,114488,24,41,0,0,0.539,HYPOTHEQUE,CONSOMMATION,0
TECH,Drâa-Tafilalet,60,FONCTIONNAIRE,8517,3414,15345,12,38,4,1,0.404,CAUTION,AUTO,1
TECH,Tanger-Tétouan-Al Hoceïma,18,RETRAITE,13756,7404,23787,12,0,4,1,0.622,AUCUNE,IMMOBILIER,1
COMMERCE,Oriental,54,FONCTIONNAIRE,4531,1579,213931,36,32,3,0,0.328,NANTISSEMENT,AUTO,0
COMMERCE,Laâyoune-Sakia El Hamra,58,SALARIE_CDI,5157,2917,47041,84,34,2,2,0.497,HYPOTHEQUE,IMMOBILIER,1
TECH,Guelmim-Oued Noun,50,INDEPENDANT,6272,3402,22927,84,24,5,0,0.582,CAUTION,PROFESSIONNEL,1
AGRICULTURE,Guelmim-Oued Noun,36,SALARIE_CDD,7835,1549,43685,24,10,1,4,0.279,NANTISSEMENT,CONSOMMATION,0
COMMERCE,Tanger-Tétouan-Al Hoceïma,58,SALARIE_CDI,8274,1453,59510,36,31,2,3,0.136,AUCUNE,CONSOMMATION,0
TECH,Casablanca-Settat,77,SALARIE_CDD,5808,1305,45989,12,45,5,1,0.198,NANTISSEMENT,CONSOMMATION,0
TECH,Dakhla-Oued Ed-Dahab,23,INDEPENDANT,5188,2913,88992,120,1,0,0,0.643,CAUTION,PROFESSIONNEL,0
TECH,Dakhla-Oued Ed-Dahab,55,INDEPENDANT,6034,1718,19818,24,36,4,0,0.221,AUCUNE,CONSOMMATION,0
AGRICULTURE,Laâyoune-Sakia El Hamra,75,SALARIE_CDI,3755,1306,22979,48,45,4,2,0.294,HYPOTHEQUE,CONSOMMATION,1
SERVICES,Souss-Massa,43,INDEPENDANT,7118,3126,19475,12,16,2,0,0.385,AUCUNE,CONSOMMATION,0
SERVICES,Fès-Meknès,39,SALARIE_CDD,7893,3757,20303,84,13,5,0,0.484,CAUTION,CONSOMMATION,1
COMMERCE,Marrakech-Safi,33,SALARIE_CDI,9882,3589,37410,120,13,1,0,0.349,CAUTION,AUTO,0
INDUSTRIE,Tanger-Tétouan-Al Hoceïma,32,SALARIE_CDI,8735,3272,17247,84,14,3,2,0.344,HYPOTHEQUE,CONSOMMATION,1
COMMERCE,Tanger-Tétouan-Al Hoceïma,42,SALARIE_CDI,18161,5704,44509,24,19,5,0,0.358,CAUTION,IMMOBILIER,0
TECH,Fès-Meknès,66,FONCTIONNAIRE,11679,2301,56553,48,44,2,0,0.238,AUCUNE,PROFESSIONNEL,1
AGRICULTURE,Dakhla-Oued Ed-Dahab,29,SALARIE_CDI,11291,2531,15432,120,7,1,3,0.296,AUCUNE,CONSOMMATION,1
INDUSTRIE,Béni Mellal-Khénifra,32,SALARIE_CDI,9548,5681,23365,84,11,3,4,0.598,CAUTION,CONSOMMATION,1
TECH,Marrakech-Safi,80,SALARIE_CDD,10312,6573,25404,24,45,3,0,0.676,AUCUNE,CONSOMMATION,1
SERVICES,Béni Mellal-Khénifra,80,INDEPENDANT,7337,4129,31147,120,45,5,1,0.505,CAUTION,CONSOMMATION,1
COMMERCE,Drâa-Tafilalet,32,FONCTIONNAIRE,8475,2567,32363,48,10,2,0,0.339,AUCUNE,CONSOMMATION,0
SERVICES,Oriental,44,SALARIE_CDD,19239,4601,68442,120,20,0,2,0.277,CAUTION,PROFESSIONNEL,0
COMMERCE,Dakhla-Oued Ed-Dahab,43,INDEPENDANT,7852,3177,72099,36,23,5,2,0.365,AUCUNE,PROFESSIONNEL,0
COMMERCE,Dakhla-Oued Ed-Dahab,36,SALARIE_CDI,4450,878,20622,12,10,0,0,0.227,HYPOTHEQUE,CONSOMMATION,0
TECH,Souss-Massa,27,INDEPENDANT,11087,6735,58934,48,1,1,1,0.619,HYPOTHEQUE,AUTO,0
COMMERCE,Souss-Massa,21,SALARIE_CDI,12014,6415,95078,84,0,5,0,0.557,AUCUNE,CONSOMMATION,1
INDUSTRIE,Marrakech-Safi,56,SALARIE_CDI,8687,5532,84684,84,35,4,0,0.684,HYPOTHEQUE,PROFESSIONNEL,1
SERVICES,Guelmim-Oued Noun,20,SALARIE_CDD,3480,2011,41915,60,0,1,0,0.586,CAUTION,CONSOMMATION,0
SERVICES,Dakhla-Oued Ed-Dahab,57,SALARIE_CDI,14458,5124,34960,120,30,0,3,0.412,NANTISSEMENT,IMMOBILIER,0
AGRICULTURE,Béni Mellal-Khénifra,23,SALARIE_CDI,8986,2760,13595,60,0,4,0,0.251,CAUTION,CONSOMMATION,0
AGRICULTURE,Marrakech-Safi,27,INDEPENDANT,7047,3996,27196,60,4,3,2,0.524,CAUTION,CONSOMMATION,1
INDUSTRIE,Oriental,18,SALARIE_CDD,13830,6140,12762,120,0,5,1,0.436,NANTISSEMENT,PROFESSIONNEL,0
SERVICES,Guelmim-Oued Noun,43,SALARIE_CDI,3258,1920,80667,24,16,2,0,0.551,NANTISSEMENT,PROFESSIONNEL,0
INDUSTRIE,Casablanca-Settat,38,FONCTIONNAIRE,8521,2664,30193,12,16,1,1,0.325,CAUTION,CONSOMMATION,1
COMMERCE,Béni Mellal-Khénifra,38,INDEPENDANT,6353,2689,34184,120,17,0,0,0.406,AUCUNE,PROFESSIONNEL,0
INDUSTRIE,Béni Mellal-Khénifra,37,INDEPENDANT,15859,6045,23571,84,16,5,0,0.366,HYPOTHEQUE,CONSOMMATION,0
SERVICES,Oriental,77,SALARIE_CDI,9039,2184,13532,84,45,0,0,0.225,AUCUNE,CONSOMMATION,0
INDUSTRIE,Béni Mellal-Khénifra,45,INDEPENDANT,5491,2309,59801,36,23,4,2,0.432,NANTISSEMENT,CONSOMMATION,0
SERVICES,Laâyoune-Sakia El Hamra,68,INDEPENDANT,13524,2593,51607,48,45,3,2,0.191,CAUTION,CONSOMMATION,0
INDUSTRIE,Rabat-Salé-Kénitra,32,FONCTIONNAIRE,2680,904,69809,60,7,4,1,0.356,CAUTION,CONSOMMATION,1
SERVICES,Oriental,48,SALARIE_CDI,10184,4244,10651,60,22,3,3,0.397,AUCUNE,IMMOBILIER,1
COMMERCE,Guelmim-Oued Noun,21,SALARIE_CDD,4589,1022,91413,24,0,3,0,0.13,AUCUNE,PROFESSIONNEL,0
COMMERCE,Guelmim-Oued Noun,34,SALARIE_CDI,6581,3467,33259,36,8,4,0,0.564,AUCUNE,IMMOBILIER,0
SERVICES,Souss-Massa,22,INDEPENDANT,7271,1784,62576,36,0,1,1,0.206,HYPOTHEQUE,IMMOBILIER,1
COMMERCE,Dakhla-Oued Ed-Dahab,19,INDEPENDANT,12204,6276,5739,48,0,5,0,0.528,HYPOTHEQUE,PROFESSIONNEL,0
COMMERCE,Fès-Meknès,29,SALARIE_CDI,21841,3538,48395,60,2,3,0,0.162,HYPOTHEQUE,PROFESSIONNEL,1
TECH,Souss-Massa,28,SALARIE_CDI,3638,1799,34494,24,7,1,1,0.605,AUCUNE,IMMOBILIER,1
AGRICULTURE,Guelmim-Oued Noun,37,INDEPENDANT,9905,3469,31118,36,10,0,0,0.216,HYPOTHEQUE,IMMOBILIER,0
SERVICES,Souss-Massa,64,SALARIE_CDD,21831,11899,33901,36,43,4,0,0.512,CAUTION,CONSOMMATION,0
AGRICULTURE,Tanger-Tétouan-Al Hoceïma,27,FONCTIONNAIRE,6262,2699,23926,36,0,2,2,0.45,AUCUNE,CONSOMMATION,1
COMMERCE,Oriental,56,RETRAITE,6089,2070,13513,84,32,4,0,0.26,AUCUNE,IMMOBILIER,0
COMMERCE,Béni Mellal-Khénifra,41,SALARIE_CDI,9011,4342,14987,12,16,3,1,0.48,CAUTION,PROFESSIONNEL,1
INDUSTRIE,Dakhla-Oued Ed-Dahab,43,FONCTIONNAIRE,11766,4047,37004,60,16,5,4,0.26,AUCUNE,PROFESSIONNEL,1
INDUSTRIE,Béni Mellal-Khénifra,76,INDEPENDANT,10893,3574,90943,24,45,5,2,0.327,HYPOTHEQUE,IMMOBILIER,0
SERVICES,Marrakech-Safi,47,SALARIE_CDI,6895,2502,78810,48,20,4,2,0.365,AUCUNE,CONSOMMATION,0
AGRICULTURE,Casablanca-Settat,34,SALARIE_CDI,5647,2853,42669,60,12,1,0,0.541,NANTISSEMENT,AUTO,0
COMMERCE,Dakhla-Oued Ed-Dahab,32,INDEPENDANT,14651,6702,25794,48,10,4,0,0.471,CAUTION,IMMOBILIER,1
INDUSTRIE,Souss-Massa,28,SALARIE_CDI,5718,3478,153913,36,9,0,1,0.56,AUCUNE,CONSOMMATION,1
COMMERCE,Marrakech-Safi,68,SALARIE_CDI,3421,514,58491,60,45,1,0,0.153,CAUTION,CONSOMMATION,0
SERVICES,Marrakech-Safi,59,SALARIE_CDD,4213,971,55064,12,33,0,1,0.246,CAUTION,IMMOBILIER,1
SERVICES,Rabat-Salé-Kénitra,34,INDEPENDANT,6253,2483,14289,120,11,5,0,0.351,AUCUNE,CONSOMMATION,1
COMMERCE,Marrakech-Safi,48,SALARIE_CDD,15861,7690,43429,36,29,4,0,0.533,NANTISSEMENT,PROFESSIONNEL,1
COMMERCE,Guelmim-Oued Noun,49,SALARIE_CDI,4747,925,15268,12,28,2,0,0.223,AUCUNE,PROFESSIONNEL,0
TECH,Béni Mellal-Khénifra,20,SALARIE_CDD,16072,4775,155929,36,0,2,0,0.215,NANTISSEMENT,CONSOMMATION,0
COMMERCE,Béni Mellal-Khénifra,75,SALARIE_CDD,14590,9400,20157,36,45,1,1,0.645,AUCUNE,CONSOMMATION,1
COMMERCE,Casablanca-Settat,67,INDEPENDANT,8967,2814,23748,24,40,0,0,0.262,AUCUNE,IMMOBILIER,1
TECH,Drâa-Tafilalet,51,INDEPENDANT,2573,875,23052,60,25,1,0,0.241,HYPOTHEQUE,IMMOBILIER,0
SERVICES,Dakhla-Oued Ed-Dahab,63,SALARIE_CDI,4756,1281,28026,24,38,4,0,0.24,HYPOTHEQUE,PROFESSIONNEL,0
COMMERCE,Dakhla-Oued Ed-Dahab,24,INDEPENDANT,6093,967,58063,36,0,0,1,0.14,HYPOTHEQUE,CONSOMMATION,0
TECH,Tanger-Tétouan-Al Hoceïma,79,INDEPENDANT,17656,5168,36393,12,45,0,2,0.399,CAUTION,PROFESSIONNEL,1
SERVICES,Béni Mellal-Khénifra,58,INDEPENDANT,6272,1446,37408,24,39,1,0,0.203,AUCUNE,AUTO,0
SERVICES,Fès-Meknès,77,FONCTIONNAIRE,5723,1949,60077,60,45,3,1,0.342,AUCUNE,IMMOBILIER,0
SERVICES,Laâyoune-Sakia El Hamra,72,SALARIE_CDI,8820,2348,12555,24,45,5,1,0.281,AUCUNE,CONSOMMATION,0
SERVICES,Dakhla-Oued Ed-Dahab,54,FONCTIONNAIRE,4297,1512,61310,84,30,3,0,0.333,AUCUNE,PROFESSIONNEL,1
COMMERCE,Marrakech-Safi,36,FONCTIONNAIRE,8014,2282,39905,48,16,1,0,0.298,AUCUNE,CONSOMMATION,0
SERVICES,Souss-Massa,61,FONCTIONNAIRE,5657,3438,22205,24,36,5,1,0.571,AUCUNE,CONSOMMATION,1
COMMERCE,Marrakech-Safi,50,SALARIE_CDI,27160,8031,39825,24,24,2,0,0.24,AUCUNE,CONSOMMATION,0
SERVICES,Béni Mellal-Khénifra,43,SALARIE_CDI,5362,1310,39313,36,18,2,4,0.214,AUCUNE,PROFESSIONNEL,0
SERVICES,Fès-Meknès,62,SALARIE_CDI,19312,10255,5786,48,41,5,1,0.466,HYPOTHEQUE,CONSOMMATION,0
INDUSTRIE,Drâa-Tafilalet,73,SALARIE_CDI,4851,2697,95069,120,45,4,0,0.585,AUCUNE,AUTO,1
SERVICES,Dakhla-Oued Ed-Dahab,28,SALARIE_CDI,9120,3935,84636,24,9,3,1,0.427,NANTISSEMENT,PROFESSIONNEL,0
AGRICULTURE,Laâyoune-Sakia El Hamra,52,SALARIE_CDI,10149,3272,14556,120,34,0,0,0.297,AUCUNE,CONSOMMATION,0
INDUSTRIE,Marrakech-Safi,67,SALARIE_CDI,8637,4898,21395,60,43,1,1,0.595,HYPOTHEQUE,PROFESSIONNEL,0
SERVICES,Rabat-Salé-Kénitra,38,SALARIE_CDI,8402,4074,93670,48,13,3,2,0.454,CAUTION,AUTO,1
SERVICES,Guelmim-Oued Noun,39,RETRAITE,11940,4066,57822,36,14,3,0,0.189,CAUTION,PROFESSIONNEL,0
INDUSTRIE,Casablanca-Settat,18,FONCTIONNAIRE,9777,3381,47676,36,0,2,0,0.317,AUCUNE,PROFESSIONNEL,0
COMMERCE,Tanger-Tétouan-Al Hoceïma,38,SALARIE_CDI,7497,1134,49272,84,16,2,0,0.187,HYPOTHEQUE,CONSOMMATION,0
TECH,Dakhla-Oued Ed-Dahab,54,INDEPENDANT,5982,1070,47183,120,32,1,0,0.227,CAUTION,CONSOMMATION,0
INDUSTRIE,Souss-Massa,79,SALARIE_CDD,7521,1635,17234,48,45,0,0,0.154,NANTISSEMENT,IMMOBILIER,0
COMMERCE,Casablanca-Settat,51,SALARIE_CDI,7479,2047,24459,12,24,5,0,0.242,CAUTION,CONSOMMATION,0
COMMERCE,Dakhla-Oued Ed-Dahab,36,FONCTIONNAIRE,7413,4544,72997,48,14,0,0,0.647,HYPOTHEQUE,CONSOMMATION,0
TECH,Drâa-Tafilalet,69,SALARIE_CDI,8386,4703,57491,36,45,3,4,0.484,HYPOTHEQUE,CONSOMMATION,1
COMMERCE,Fès-Meknès,29,FONCTIONNAIRE,4298,732,44303,84,9,3,0,0.153,CAUTION,CONSOMMATION,0
INDUSTRIE,Béni Mellal-Khénifra,29,SALARIE_CDI,5103,804,23073,48,11,3,0,0.171,HYPOTHEQUE,CONSOMMATION,1
COMMERCE,Béni Mellal-Khénifra,50,SALARIE_CDD,11782,5219,72581,12,25,4,0,0.511,CAUTION,AUTO,1
TECH,Oriental,69,SALARIE_CDI,2943,995,18460,24,45,0,2,0.313,AUCUNE,PROFESSIONNEL,0
COMMERCE,Dakhla-Oued Ed-Dahab,31,SALARIE_CDI,13886,7650,102395,120,13,2,3,0.478,NANTISSEMENT,PROFESSIONNEL,1
AGRICULTURE,Guelmim-Oued Noun,18,FONCTIONNAIRE,6301,4010,21856,120,0,4,0,0.595,CAUTION,IMMOBILIER,0
TECH,Fès-Meknès,63,SALARIE_CDI,17176,6821,19730,36,39,3,3,0.515,CAUTION,IMMOBILIER,0
SERVICES,Dakhla-Oued Ed-Dahab,55,SALARIE_CDD,14070,3359,37091,48,31,2,2,0.252,NANTISSEMENT,CONSOMMATION,0
TECH,Dakhla-Oued Ed-Dahab,61,SALARIE_CDI,6993,4171,42143,36,34,1,0,0.655,AUCUNE,CONSOMMATION,1
COMMERCE,Casablanca-Settat,43,FONCTIONNAIRE,7327,2646,38868,120,16,4,0,0.358,CAUTION,CONSOMMATION,1
COMMERCE,Fès-Meknès,25,FONCTIONNAIRE,16597,5951,14386,84,4,0,4,0.317,HYPOTHEQUE,CONSOMMATION,1
COMMERCE,Béni Mellal-Khénifra,38,INDEPENDANT,14371,7214,48780,36,16,4,2,0.446,AUCUNE,IMMOBILIER,1
TECH,Laâyoune-Sakia El Hamra,47,FONCTIONNAIRE,12553,4205,72081,24,26,4,1,0.31,HYPOTHEQUE,CONSOMMATION,1
COMMERCE,Drâa-Tafilalet,45,RETRAITE,13560,3626,34312,24,22,4,0,0.301,CAUTION,PROFESSIONNEL,0
COMMERCE,Oriental,74,SALARIE_CDI,4967,2587,12304,84,45,3,0,0.453,AUCUNE,AUTO,1
SERVICES,Fès-Meknès,32,INDEPENDANT,8887,2159,31322,120,6,2,0,0.277,NANTISSEMENT,CONSOMMATION,0
INDUSTRIE,Rabat-Salé-Kénitra,37,SALARIE_CDD,5729,972,16432,48,16,1,0,0.11,CAUTION,IMMOBILIER,0
AGRICULTURE,Laâyoune-Sakia El Hamra,29,SALARIE_CDD,4910,1958,9394,48,4,5,1,0.381,NANTISSEMENT,PROFESSIONNEL,1
TECH,Oriental,53,INDEPENDANT,8723,1456,24742,36,34,4,0,0.162,AUCUNE,IMMOBILIER,0
SERVICES,Souss-Massa,68,RETRAITE,6726,3669,113198,84,41,2,1,0.573,HYPOTHEQUE,PROFESSIONNEL,1
AGRICULTURE,Dakhla-Oued Ed-Dahab,73,INDEPENDANT,7519,4802,34277,12,45,2,1,0.622,CAUTION,CONSOMMATION,0
TECH,Rabat-Salé-Kénitra,32,SALARIE_CDI,6470,4039,29997,36,8,3,5,0.648,HYPOTHEQUE,IMMOBILIER,1
COMMERCE,Fès-Meknès,45,FONCTIONNAIRE,4608,1034,59695,60,26,1,2,0.206,CAUTION,PROFESSIONNEL,0
SERVICES,Laâyoune-Sakia El Hamra,64,SALARIE_CDI,17388,10711,55702,12,37,2,5,0.633,AUCUNE,PROFESSIONNEL,1
COMMERCE,Fès-Meknès,20,FONCTIONNAIRE,8692,1790,13016,36,0,3,0,0.202,HYPOTHEQUE,IMMOBILIER,0
SERVICES,Dakhla-Oued Ed-Dahab,62,SALARIE_CDD,4234,1385,134370,60,38,5,3,0.335,NANTISSEMENT,CONSOMMATION,1
INDUSTRIE,Laâyoune-Sakia El Hamra,26,SALARIE_CDI,8795,1690,41708,36,4,5,2,0.199,CAUTION,CONSOMMATION,0
COMMERCE,Rabat-Salé-Kénitra,20,SALARIE_CDI,16069,9020,68506,24,1,2,1,0.554,AUCUNE,CONSOMMATION,1
AGRICULTURE,Souss-Massa,25,RETRAITE,12474,3267,23944,84,0,3,0,0.318,CAUTION,PROFESSIONNEL,0
INDUSTRIE,Guelmim-Oued Noun,73,SALARIE_CDI,6416,3095,9241,120,45,1,0,0.51,AUCUNE,PROFESSIONNEL,0
TECH,Souss-Massa,60,SALARIE_CDI,6486,3446,33463,24,41,1,0,0.537,CAUTION,AUTO,1
AGRICULTURE,Marrakech-Safi,67,SALARIE_CDI,5268,1793,16787,36,45,5,0,0.311,HYPOTHEQUE,PROFESSIONNEL,0
SERVICES,Casablanca-Settat,61,SALARIE_CDD,5802,3160,82438,24,43,0,0,0.663,CAUTION,PROFESSIONNEL,1
SERVICES,Casablanca-Settat,68,SALARIE_CDI,6019,1883,13468,36,42,1,2,0.387,CAUTION,CONSOMMATION,0
COMMERCE,Marrakech-Safi,49,INDEPENDANT,4185,938,36997,120,27,3,0,0.172,NANTISSEMENT,CONSOMMATION,0
TECH,Fès-Meknès,68,SALARIE_CDI,6636,2521,55247,84,45,5,0,0.408,HYPOTHEQUE,IMMOBILIER,0
INDUSTRIE,Fès-Meknès,21,SALARIE_CDI,9460,4779,48904,84,1,4,0,0.565,HYPOTHEQUE,AUTO,1
COMMERCE,Laâyoune-Sakia El Hamra,54,SALARIE_CDI,6726,1142,25574,36,32,5,4,0.192,AUCUNE,PROFESSIONNEL,0
COMMERCE,Oriental,65,SALARIE_CDI,8936,4943,10446,12,45,0,0,0.551,CAUTION,CONSOMMATION,0
TECH,Rabat-Salé-Kénitra,80,FONCTIONNAIRE,16812,4671,12646,24,45,3,0,0.245,NANTISSEMENT,PROFESSIONNEL,0
TECH,Casablanca-Settat,40,SALARIE_CDI,18510,9081,21374,120,19,2,0,0.512,CAUTION,CONSOMMATION,0
SERVICES,Rabat-Salé-Kénitra,29,FONCTIONNAIRE,7859,1627,13533,24,8,1,1,0.16,HYPOTHEQUE,AUTO,1
SERVICES,Fès-Meknès,63,SALARIE_CDD,12041,4151,34447,12,45,3,0,0.324,AUCUNE,IMMOBILIER,1
SERVICES,Drâa-Tafilalet,22,SALARIE_CDI,7518,2876,21295,60,2,0,2,0.354,AUCUNE,IMMOBILIER,0
AGRICULTURE,Casablanca-Settat,66,SALARIE_CDI,6506,2500,14692,36,45,1,0,0.408,CAUTION,CONSOMMATION,0
AGRICULTURE,Tanger-Tétouan-Al Hoceïma,62,FONCTIONNAIRE,4902,1405,13415,12,35,1,0,0.353,HYPOTHEQUE,PROFESSIONNEL,0
TECH,Souss-Massa,61,SALARIE_CDD,8425,3493,11916,36,35,2,0,0.389,AUCUNE,CONSOMMATION,1
SERVICES,Rabat-Salé-Kénitra,36,FONCTIONNAIRE,13200,3811,34909,60,9,5,4,0.268,CAUTION,IMMOBILIER,0
COMMERCE,Casablanca-Settat,25,INDEPENDANT,4567,1065,21726,36,6,3,0,0.296,AUCUNE,IMMOBILIER,1
SERVICES,Marrakech-Safi,56,SALARIE_CDI,7121,1543,36976,120,31,1,0,0.188,CAUTION,CONSOMMATION,0
INDUSTRIE,Rabat-Salé-Kénitra,40,SALARIE_CDD,6968,4162,34401,48,22,5,2,0.454,HYPOTHEQUE,IMMOBILIER,0
SERVICES,Guelmim-Oued Noun,42,SALARIE_CDD,9055,1950,31498,12,23,1,5,0.306,CAUTION,IMMOBILIER,1
TECH,Dakhla-Oued Ed-Dahab,29,SALARIE_CDI,9120,3170,57131,120,11,5,4,0.396,HYPOTHEQUE,CONSOMMATION,0
SERVICES,Béni Mellal-Khénifra,39,SALARIE_CDD,10319,2848,12948,24,12,0,0,0.314,HYPOTHEQUE,PROFESSIONNEL,1
COMMERCE,Guelmim-Oued Noun,70,FONCTIONNAIRE,19028,8715,57347,36,45,5,1,0.475,AUCUNE,IMMOBILIER,1
AGRICULTURE,Guelmim-Oued Noun,74,FONCTIONNAIRE,5477,1768,47800,36,45,3,1,0.317,NANTISSEMENT,IMMOBILIER,0
COMMERCE,Laâyoune-Sakia El Hamra,39,FONCTIONNAIRE,5343,1566,31620,48,20,1,2,0.198,AUCUNE,CONSOMMATION,1
SERVICES,Rabat-Salé-Kénitra,26,SALARIE_CDI,9057,5747,20628,60,8,3,0,0.622,AUCUNE,AUTO,0
AGRICULTURE,Dakhla-Oued Ed-Dahab,20,SALARIE_CDD,15580,10102,37334,48,1,4,0,0.634,AUCUNE,CONSOMMATION,1
COMMERCE,Souss-Massa,29,INDEPENDANT,4196,908,49713,60,11,4,0,0.208,AUCUNE,PROFESSIONNEL,0
INDUSTRIE,Oriental,18,SALARIE_CDD,9406,4669,13629,24,0,5,1,0.523,HYPOTHEQUE,PROFESSIONNEL,1
COMMERCE,Guelmim-Oued Noun,60,FONCTIONNAIRE,7401,4403,55653,120,40,5,1,0.668,AUCUNE,CONSOMMATION,1
TECH,Souss-Massa,58,FONCTIONNAIRE,11902,7563,122660,48,31,1,5,0.63,AUCUNE,CONSOMMATION,0
COMMERCE,Fès-Meknès,67,SALARIE_CDD,10750,3215,34701,120,45,0,1,0.287,CAUTION,PROFESSIONNEL,0
COMMERCE,Casablanca-Settat,38,SALARIE_CDI,8282,4491,90424,12,19,4,3,0.615,CAUTION,CONSOMMATION,1
INDUSTRIE,Marrakech-Safi,70,FONCTIONNAIRE,10091,3167,50639,36,45,2,4,0.272,AUCUNE,CONSOMMATION,1
SERVICES,Rabat-Salé-Kénitra,28,FONCTIONNAIRE,6026,2777,43671,84,7,3,0,0.457,CAUTION,PROFESSIONNEL,0
TECH,Tanger-Tétouan-Al Hoceïma,32,SALARIE_CDI,11616,4722,22237,24,12,3,0,0.406,HYPOTHEQUE,IMMOBILIER,0
SERVICES,Guelmim-Oued Noun,75,SALARIE_CDI,15122,7618,28603,60,45,0,5,0.462,CAUTION,IMMOBILIER,1
INDUSTRIE,Tanger-Tétouan-Al Hoceïma,73,SALARIE_CDI,8477,5140,18278,24,45,1,1,0.587,HYPOTHEQUE,CONSOMMATION,0
INDUSTRIE,Béni Mellal-Khénifra,55,FONCTIONNAIRE,6744,1392,70282,84,37,5,0,0.188,NANTISSEMENT,AUTO,0
INDUSTRIE,Marrakech-Safi,56,SALARIE_CDI,7591,1984,21565,60,29,1,0,0.298,CAUTION,PROFESSIONNEL,1
INDUSTRIE,Béni Mellal-Khénifra,62,INDEPENDANT,11561,5120,124669,48,35,2,0,0.426,AUCUNE,CONSOMMATION,0
COMMERCE,Dakhla-Oued Ed-Dahab,69,RETRAITE,7952,2613,49357,24,42,4,0,0.313,CAUTION,AUTO,0
INDUSTRIE,Fès-Meknès,32,RETRAITE,4723,2026,47850,120,5,1,3,0.451,HYPOTHEQUE,CONSOMMATION,1
SERVICES,Souss-Massa,22,SALARIE_CDI,12437,6733,14379,84,0,0,0,0.515,HYPOTHEQUE,AUTO,0
TECH,Dakhla-Oued Ed-Dahab,29,SALARIE_CDD,5207,2602,57863,48,9,2,0,0.452,HYPOTHEQUE,IMMOBILIER,0
AGRICULTURE,Béni Mellal-Khénifra,40,INDEPENDANT,9809,5231,31125,48,16,5,2,0.664,CAUTION,IMMOBILIER,0
INDUSTRIE,Tanger-Tétouan-Al Hoceïma,32,FONCTIONNAIRE,3499,807,24468,84,12,3,3,0.226,HYPOTHEQUE,CONSOMMATION,0
INDUSTRIE,Rabat-Salé-Kénitra,51,SALARIE_CDI,8507,1405,22945,12,28,4,0,0.175,CAUTION,CONSOMMATION,0
SERVICES,Dakhla-Oued Ed-Dahab,26,INDEPENDANT,7858,4604,15232,84,8,3,0,0.571,AUCUNE,CONSOMMATION,0
SERVICES,Béni Mellal-Khénifra,54,FONCTIONNAIRE,3344,1257,36568,84,27,1,0,0.299,CAUTION,IMMOBILIER,0
INDUSTRIE,Casablanca-Settat,62,INDEPENDANT,9412,4403,32310,84,44,5,0,0.44,NANTISSEMENT,PROFESSIONNEL,1
AGRICULTURE,Oriental,24,RETRAITE,4936,920,14479,36,3,2,0,0.129,CAUTION,IMMOBILIER,1
TECH,Dakhla-Oued Ed-Dahab,36,RETRAITE,8418,4242,52069,48,17,1,1,0.529,HYPOTHEQUE,CONSOMMATION,1
INDUSTRIE,Dakhla-Oued Ed-Dahab,51,FONCTIONNAIRE,6733,1352,161125,120,26,1,0,0.22,CAUTION,IMMOBILIER,0
AGRICULTURE,Marrakech-Safi,22,SALARIE_CDI,4162,2263,13402,60,0,1,0,0.571,HYPOTHEQUE,IMMOBILIER,1
INDUSTRIE,Tanger-Tétouan-Al Hoceïma,59,FONCTIONNAIRE,5062,913,33548,84,41,0,0,0.129,HYPOTHEQUE,CONSOMMATION,0
SERVICES,Dakhla-Oued Ed-Dahab,65,FONCTIONNAIRE,5247,1005,115939,48,42,5,0,0.09,HYPOTHEQUE,AUTO,0
INDUSTRIE,Guelmim-Oued Noun,40,FONCTIONNAIRE,12608,4055,21075,48,22,4,0,0.206,AUCUNE,IMMOBILIER,0
SERVICES,Oriental,18,SALARIE_CDD,11803,3022,49403,36,0,0,0,0.274,AUCUNE,CONSOMMATION,1
AGRICULTURE,Fès-Meknès,49,FONCTIONNAIRE,21753,13970,47799,12,26,4,1,0.62,HYPOTHEQUE,CONSOMMATION,1
INDUSTRIE,Guelmim-Oued Noun,72,FONCTIONNAIRE,6436,2418,57571,84,45,4,1,0.31,CAUTION,PROFESSIONNEL,1
COMMERCE,Oriental,36,RETRAITE,6343,2438,130986,48,10,1,0,0.41,HYPOTHEQUE,CONSOMMATION,1
INDUSTRIE,Oriental,71,INDEPENDANT,8610,1492,10374,48,45,1,1,0.215,AUCUNE,IMMOBILIER,1
AGRICULTURE,Dakhla-Oued Ed-Dahab,72,SALARIE_CDD,6906,2733,41507,60,45,2,2,0.391,HYPOTHEQUE,IMMOBILIER,0
COMMERCE,Tanger-Tétouan-Al Hoceïma,35,FONCTIONNAIRE,6234,1134,25573,60,10,3,1,0.151,CAUTION,IMMOBILIER,0
COMMERCE,Béni Mellal-Khénifra,55,FONCTIONNAIRE,8304,3854,35318,84,37,2,1,0.451,CAUTION,CONSOMMATION,0
SERVICES,Casablanca-Settat,20,FONCTIONNAIRE,11121,7126,37479,84,0,1,2,0.697,CAUTION,AUTO,1
AGRICULTURE,Drâa-Tafilalet,52,SALARIE_CDI,3132,986,29558,84,32,0,0,0.366,CAUTION,CONSOMMATION,0
COMMERCE,Oriental,73,INDEPENDANT,6264,3470,16965,60,45,5,4,0.541,AUCUNE,PROFESSIONNEL,0
INDUSTRIE,Laâyoune-Sakia El Hamra,77,INDEPENDANT,4310,2727,17793,120,45,1,1,0.637,HYPOTHEQUE,PROFESSIONNEL,1
TECH,Fès-Meknès,30,SALARIE_CDD,7561,4794,160802,12,9,4,1,0.859,HYPOTHEQUE,CONSOMMATION,0
SERVICES,Dakhla-Oued Ed-Dahab,59,INDEPENDANT,9845,5149,13807,60,36,1,2,0.627,NANTISSEMENT,AUTO,1
INDUSTRIE,Oriental,22,RETRAITE,13395,7836,85704,12,2,5,0,0.585,AUCUNE,CONSOMMATION,0
COMMERCE,Marrakech-Safi,35,INDEPENDANT,6666,2171,17597,48,16,5,0,0.395,CAUTION,PROFESSIONNEL,0
INDUSTRIE,Rabat-Salé-Kénitra,70,RETRAITE,8500,3756,38823,12,45,1,1,0.459,HYPOTHEQUE,PROFESSIONNEL,0
COMMERCE,Marrakech-Safi,58,SALARIE_CDD,3801,1830,144023,36,36,0,1,0.554,HYPOTHEQUE,CONSOMMATION,0
SERVICES,Fès-Meknès,42,INDEPENDANT,5502,1423,63347,36,24,4,3,0.221,CAUTION,PROFESSIONNEL,0
SERVICES,Oriental,78,RETRAITE,8895,2728,13271,48,45,1,0,0.342,CAUTION,CONSOMMATION,0
SERVICES,Laâyoune-Sakia El Hamra,65,FONCTIONNAIRE,4396,1454,28684,84,40,3,0,0.38,HYPOTHEQUE,CONSOMMATION,0
SERVICES,Dakhla-Oued Ed-Dahab,19,SALARIE_CDI,14138,2585,35664,36,0,2,0,0.18,AUCUNE,PROFESSIONNEL,1
AGRICULTURE,Drâa-Tafilalet,23,SALARIE_CDI,10256,3880,74712,12,0,2,0,0.355,AUCUNE,CONSOMMATION,1
COMMERCE,Souss-Massa,57,SALARIE_CDD,5393,2921,37537,12,31,0,1,0.551,HYPOTHEQUE,IMMOBILIER,0
COMMERCE,Béni Mellal-Khénifra,73,INDEPENDANT,4159,1975,32493,84,45,0,1,0.405,CAUTION,IMMOBILIER,0
INDUSTRIE,Fès-Meknès,27,FONCTIONNAIRE,5862,2712,121052,24,9,1,0,0.441,HYPOTHEQUE,AUTO,0
COMMERCE,Marrakech-Safi,51,INDEPENDANT,5406,2449,109780,36,29,3,0,0.424,HYPOTHEQUE,PROFESSIONNEL,1
SERVICES,Oriental,69,INDEPENDANT,4686,756,59223,60,45,5,1,0.202,NANTISSEMENT,CONSOMMATION,0
SERVICES,Guelmim-Oued Noun,72,SALARIE_CDI,4302,652,23429,120,45,1,4,0.176,AUCUNE,CONSOMMATION,0
COMMERCE,Casablanca-Settat,58,SALARIE_CDI,7305,1713,5677,12,37,5,0,0.265,HYPOTHEQUE,CONSOMMATION,1
COMMERCE,Rabat-Salé-Kénitra,80,INDEPENDANT,11266,6835,14834,84,45,3,1,0.664,CAUTION,IMMOBILIER,0
TECH,Marrakech-Safi,77,SALARIE_CDI,5884,3404,12324,36,45,0,0,0.521,NANTISSEMENT,AUTO,1
AGRICULTURE,Marrakech-Safi,70,RETRAITE,9899,4340,34793,48,44,3,0,0.518,CAUTION,IMMOBILIER,0
TECH,Rabat-Salé-Kénitra,60,INDEPENDANT,6992,2396,70020,24,38,1,1,0.387,HYPOTHEQUE,IMMOBILIER,1
SERVICES,Rabat-Salé-Kénitra,80,SALARIE_CDD,10674,6744,144795,12,45,3,4,0.562,CAUTION,IMMOBILIER,1
SERVICES,Casablanca-Settat,19,FONCTIONNAIRE,5688,1041,88568,60,0,5,0,0.22,CAUTION,IMMOBILIER,1
SERVICES,Tanger-Tétouan-Al Hoceïma,23,INDEPENDANT,9195,1826,22097,60,0,5,0,0.225,HYPOTHEQUE,IMMOBILIER,1
TECH,Drâa-Tafilalet,50,INDEPENDANT,8553,3939,43381,36,29,2,0,0.48,CAUTION,PROFESSIONNEL,1
AGRICULTURE,Rabat-Salé-Kénitra,60,FONCTIONNAIRE,14959,6339,48128,36,33,1,1,0.376,HYPOTHEQUE,PROFESSIONNEL,0
AGRICULTURE,Fès-Meknès,74,RETRAITE,10420,6676,12190,48,45,2,0,0.639,AUCUNE,IMMOBILIER,0
INDUSTRIE,Dakhla-Oued Ed-Dahab,60,FONCTIONNAIRE,9092,5012,19702,48,39,3,0,0.583,HYPOTHEQUE,CONSOMMATION,0
TECH,Marrakech-Safi,32,SALARIE_CDI,4182,2589,26862,84,11,1,1,0.62,NANTISSEMENT,AUTO,0
COMMERCE,Dakhla-Oued Ed-Dahab,75,FONCTIONNAIRE,6397,3268,161290,24,45,5,1,0.444,HYPOTHEQUE,PROFESSIONNEL,1
TECH,Oriental,23,INDEPENDANT,5652,3467,47597,48,0,3,0,0.594,NANTISSEMENT,PROFESSIONNEL,1
COMMERCE,Drâa-Tafilalet,23,RETRAITE,5597,2762,14469,60,0,1,1,0.51,NANTISSEMENT,CONSOMMATION,0
SERVICES,Fès-Meknès,63,SALARIE_CDI,8160,3369,26974,36,40,0,2,0.403,CAUTION,PROFESSIONNEL,0
SERVICES,Fès-Meknès,78,SALARIE_CDD,9031,3974,49720,24,45,3,0,0.533,AUCUNE,IMMOBILIER,1
AGRICULTURE,Tanger-Tétouan-Al Hoceïma,49,FONCTIONNAIRE,9191,5520,30461,60,27,3,2,0.637,NANTISSEMENT,CONSOMMATION,0
INDUSTRIE,Rabat-Salé-Kénitra,26,INDEPENDANT,14295,2892,28302,36,0,1,0,0.237,CAUTION,AUTO,0
INDUSTRIE,Fès-Meknès,20,INDEPENDANT,10073,4358,60621,120,0,5,0,0.441,HYPOTHEQUE,CONSOMMATION,0
INDUSTRIE,Laâyoune-Sakia El Hamra,79,SALARIE_CDI,4663,1614,96861,24,45,3,0,0.323,HYPOTHEQUE,CONSOMMATION,0
INDUSTRIE,Casablanca-Settat,35,INDEPENDANT,8876,4274,85077,48,15,2,0,0.566,AUCUNE,PROFESSIONNEL,1
AGRICULTURE,Oriental,58,FONCTIONNAIRE,10540,4763,29432,36,39,1,1,0.433,CAUTION,AUTO,1
SERVICES,Drâa-Tafilalet,38,INDEPENDANT,14300,5002,32353,36,13,4,0,0.353,NANTISSEMENT,AUTO,1
SERVICES,Rabat-Salé-Kénitra,31,INDEPENDANT,7560,3740,29249,48,12,5,0,0.49,AUCUNE,CONSOMMATION,0
TECH,Rabat-Salé-Kénitra,60,SALARIE_CDI,7593,3174,76054,84,38,3,2,0.348,CAUTION,PROFESSIONNEL,0
COMMERCE,Oriental,64,RETRAITE,13167,3209,27661,36,39,5,0,0.265,HYPOTHEQUE,CONSOMMATION,0
SERVICES,Marrakech-Safi,47,SALARIE_CDD,8781,4119,9448,60,26,2,0,0.517,AUCUNE,PROFESSIONNEL,1
SERVICES,Dakhla-Oued Ed-Dahab,49,RETRAITE,3947,645,50907,84,23,0,1,0.134,CAUTION,IMMOBILIER,0
SERVICES,Marrakech-Safi,48,SALARIE_CDI,3584,2012,52602,120,29,5,0,0.546,CAUTION,PROFESSIONNEL,0
SERVICES,Rabat-Salé-Kénitra,55,INDEPENDANT,18552,11191,27345,60,30,4,0,0.562,HYPOTHEQUE,IMMOBILIER,0
SERVICES,Fès-Meknès,68,SALARIE_CDI,3747,708,132882,24,41,5,0,0.278,AUCUNE,CONSOMMATION,1
SERVICES,Fès-Meknès,62,SALARIE_CDI,7516,2092,24845,84,41,4,4,0.3,NANTISSEMENT,CONSOMMATION,1
TECH,Rabat-Salé-Kénitra,35,RETRAITE,12057,2573,97967,120,14,1,0,0.279,HYPOTHEQUE,IMMOBILIER,1
TECH,Béni Mellal-Khénifra,33,SALARIE_CDI,3663,1963,14224,120,8,4,0,0.515,NANTISSEMENT,PROFESSIONNEL,1
AGRICULTURE,Tanger-Tétouan-Al Hoceïma,60,SALARIE_CDI,4981,924,44067,60,41,5,1,0.213,HYPOTHEQUE,CONSOMMATION,0
INDUSTRIE,Oriental,58,INDEPENDANT,4624,1945,20618,12,34,2,0,0.342,HYPOTHEQUE,IMMOBILIER,0
INDUSTRIE,Marrakech-Safi,41,SALARIE_CDD,18224,6271,34505,60,16,5,0,0.314,HYPOTHEQUE,IMMOBILIER,1
AGRICULTURE,Rabat-Salé-Kénitra,70,FONCTIONNAIRE,20094,10558,61888,24,43,2,0,0.627,AUCUNE,CONSOMMATION,1
TECH,Casablanca-Settat,44,RETRAITE,5823,2734,24372,84,17,1,1,0.49,NANTISSEMENT,CONSOMMATION,1
COMMERCE,Casablanca-Settat,39,SALARIE_CDD,10517,4439,22281,12,19,2,4,0.406,CAUTION,PROFESSIONNEL,1
SERVICES,Laâyoune-Sakia El Hamra,53,SALARIE_CDI,9308,3739,31076,24,28,2,1,0.31,CAUTION,AUTO,0
INDUSTRIE,Fès-Meknès,30,FONCTIONNAIRE,7141,3838,504705,60,5,5,2,0.546,AUCUNE,PROFESSIONNEL,1
COMMERCE,Fès-Meknès,61,INDEPENDANT,3897,1514,41839,24,40,0,3,0.367,AUCUNE,PROFESSIONNEL,1
COMMERCE,Oriental,74,SALARIE_CDI,22888,8237,40142,12,45,0,0,0.402,HYPOTHEQUE,IMMOBILIER,0
SERVICES,Rabat-Salé-Kénitra,77,FONCTIONNAIRE,3579,582,49237,12,45,0,1,0.09,NANTISSEMENT,CONSOMMATION,0
AGRICULTURE,Béni Mellal-Khénifra,46,SALARIE_CDD,8915,2534,10924,36,24,3,4,0.329,CAUTION,IMMOBILIER,0
COMMERCE,Oriental,34,SALARIE_CDI,6055,2028,69190,48,13,0,1,0.312,CAUTION,PROFESSIONNEL,0
COMMERCE,Guelmim-Oued Noun,48,SALARIE_CDI,12754,5604,59751,84,29,5,0,0.388,CAUTION,CONSOMMATION,0
SERVICES,Rabat-Salé-Kénitra,24,INDEPENDANT,11857,5770,10418,48,2,1,4,0.496,CAUTION,CONSOMMATION,1
TECH,Casablanca-Settat,60,SALARIE_CDI,5216,3293,195456,36,42,2,0,0.722,CAUTION,IMMOBILIER,1
TECH,Guelmim-Oued Noun,45,SALARIE_CDI,5679,1638,36393,120,26,5,0,0.325,HYPOTHEQUE,PROFESSIONNEL,1
SERVICES,Tanger-Tétouan-Al Hoceïma,25,RETRAITE,4034,1703,16618,84,1,3,1,0.438,CAUTION,AUTO,1
COMMERCE,Casablanca-Settat,52,SALARIE_CDD,8845,4670,45231,48,32,1,0,0.501,AUCUNE,CONSOMMATION,0
COMMERCE,Oriental,63,RETRAITE,11158,3406,19222,120,40,5,0,0.376,HYPOTHEQUE,CONSOMMATION,0
TECH,Souss-Massa,32,INDEPENDANT,6643,2818,11763,84,9,4,0,0.442,AUCUNE,IMMOBILIER,0
SERVICES,Dakhla-Oued Ed-Dahab,43,SALARIE_CDD,7258,2608,30008,36,20,0,0,0.261,AUCUNE,PROFESSIONNEL,0
TECH,Dakhla-Oued Ed-Dahab,74,SALARIE_CDD,19121,6666,30968,36,45,5,0,0.387,AUCUNE,PROFESSIONNEL,0
COMMERCE,Oriental,62,SALARIE_CDI,12349,2239,12062,12,39,0,0,0.193,AUCUNE,CONSOMMATION,0
SERVICES,Rabat-Salé-Kénitra,68,SALARIE_CDI,14861,2409,21032,84,43,3,0,0.156,HYPOTHEQUE,CONSOMMATION,0
SERVICES,Drâa-Tafilalet,46,SALARIE_CDI,2954,879,17621,60,20,0,2,0.36,AUCUNE,IMMOBILIER,1
SERVICES,Marrakech-Safi,49,SALARIE_CDD,10365,6283,28278,12,27,5,0,0.569,HYPOTHEQUE,IMMOBILIER,0
INDUSTRIE,Laâyoune-Sakia El Hamra,49,SALARIE_CDD,9074,2236,57147,24,27,4,1,0.22,HYPOTHEQUE,CONSOMMATION,0
COMMERCE,Béni Mellal-Khénifra,46,INDEPENDANT,4613,837,40093,12,23,2,3,0.172,AUCUNE,IMMOBILIER,1
TECH,Tanger-Tétouan-Al Hoceïma,27,SALARIE_CDI,5066,2331,35494,24,3,1,0,0.48,AUCUNE,CONSOMMATION,0
SERVICES,Dakhla-Oued Ed-Dahab,20,SALARIE_CDD,7344,4621,10121,36,0,1,4,0.598,AUCUNE,PROFESSIONNEL,1
AGRICULTURE,Oriental,70,SALARIE_CDI,4430,791,35609,84,45,5,1,0.128,CAUTION,CONSOMMATION,0
SERVICES,Tanger-Tétouan-Al Hoceïma,51,SALARIE_CDI,5657,2957,16957,120,26,4,4,0.512,AUCUNE,CONSOMMATION,1
COMMERCE,Marrakech-Safi,51,INDEPENDANT,6583,1345,10911,36,26,0,0,0.179,HYPOTHEQUE,CONSOMMATION,0
AGRICULTURE,Béni Mellal-Khénifra,55,INDEPENDANT,10489,2283,67125,48,31,3,1,0.3,CAUTION,CONSOMMATION,0
TECH,Fès-Meknès,43,SALARIE_CDD,5895,3643,14304,48,16,5,0,0.515,HYPOTHEQUE,PROFESSIONNEL,1
COMMERCE,Rabat-Salé-Kénitra,74,FONCTIONNAIRE,6626,3317,38788,60,45,3,3,0.544,CAUTION,AUTO,0
TECH,Rabat-Salé-Kénitra,47,SALARIE_CDD,12848,5520,25822,60,20,1,0,0.327,AUCUNE,IMMOBILIER,1
SERVICES,Béni Mellal-Khénifra,49,INDEPENDANT,3663,851,18630,12,29,1,0,0.227,AUCUNE,AUTO,0
SERVICES,Dakhla-Oued Ed-Dahab,51,SALARIE_CDD,8976,3855,85298,60,27,5,0,0.374,CAUTION,CONSOMMATION,1
INDUSTRIE,Fès-Meknès,27,INDEPENDANT,9655,1749,23853,36,3,2,0,0.103,HYPOTHEQUE,PROFESSIONNEL,1
SERVICES,Marrakech-Safi,28,SALARIE_CDI,9775,3394,25015,84,7,1,0,0.412,AUCUNE,IMMOBILIER,0
INDUSTRIE,Béni Mellal-Khénifra,29,SALARIE_CDD,6467,3248,21709,120,6,2,0,0.538,HYPOTHEQUE,CONSOMMATION,1
SERVICES,Rabat-Salé-Kénitra,34,FONCTIONNAIRE,5018,2179,41074,36,12,1,0,0.436,CAUTION,PROFESSIONNEL,1
AGRICULTURE,Rabat-Salé-Kénitra,28,SALARIE_CDI,16055,7828,32479,48,10,5,0,0.493,NANTISSEMENT,CONSOMMATION,1
AGRICULTURE,Béni Mellal-Khénifra,32,FONCTIONNAIRE,5511,1146,22220,24,11,0,0,0.169,HYPOTHEQUE,CONSOMMATION,0
TECH,Oriental,77,FONCTIONNAIRE,4902,2595,19037,12,45,5,0,0.505,HYPOTHEQUE,IMMOBILIER,0
TECH,Casablanca-Settat,40,SALARIE_CDI,8177,5136,35280,24,14,3,1,0.593,CAUTION,PROFESSIONNEL,1
SERVICES,Marrakech-Safi,67,RETRAITE,5810,3508,23034,84,44,0,0,0.576,AUCUNE,CONSOMMATION,1
SERVICES,Marrakech-Safi,42,SALARIE_CDI,13002,2522,121438,36,19,3,1,0.182,HYPOTHEQUE,CONSOMMATION,1
COMMERCE,Drâa-Tafilalet,69,INDEPENDANT,7192,1433,25140,12,45,4,0,0.265,HYPOTHEQUE,PROFESSIONNEL,0
COMMERCE,Béni Mellal-Khénifra,65,SALARIE_CDD,13783,5605,45886,24,44,5,0,0.435,AUCUNE,IMMOBILIER,1
INDUSTRIE,Drâa-Tafilalet,70,SALARIE_CDI,9916,4086,34075,60,45,1,0,0.427,HYPOTHEQUE,IMMOBILIER,0
COMMERCE,Rabat-Salé-Kénitra,36,SALARIE_CDI,6804,3937,29662,36,14,3,0,0.528,NANTISSEMENT,IMMOBILIER,0
COMMERCE,Laâyoune-Sakia El Hamra,24,FONCTIONNAIRE,13377,4474,68154,24,0,4,0,0.356,CAUTION,CONSOMMATION,0
SERVICES,Marrakech-Safi,37,INDEPENDANT,6046,2462,54510,48,15,4,0,0.282,HYPOTHEQUE,IMMOBILIER,0
INDUSTRIE,Dakhla-Oued Ed-Dahab,62,FONCTIONNAIRE,7016,1767,53781,120,40,1,0,0.216,CAUTION,CONSOMMATION,0
INDUSTRIE,Laâyoune-Sakia El Hamra,59,SALARIE_CDD,10282,6409,53366,48,39,0,0,0.561,AUCUNE,AUTO,1
COMMERCE,Souss-Massa,62,SALARIE_CDI,8973,1888,11730,120,40,2,0,0.191,AUCUNE,PROFESSIONNEL,0
AGRICULTURE,Guelmim-Oued Noun,80,INDEPENDANT,5984,3603,49438,36,45,1,0,0.587,HYPOTHEQUE,CONSOMMATION,0
COMMERCE,Drâa-Tafilalet,32,INDEPENDANT,4059,2416,30541,24,11,2,0,0.572,AUCUNE,IMMOBILIER,1
TECH,Guelmim-Oued Noun,45,SALARIE_CDD,8035,1408,25361,60,24,4,2,0.173,HYPOTHEQUE,CONSOMMATION,0
TECH,Casablanca-Settat,48,INDEPENDANT,5842,3141,409310,84,21,4,0,0.544,NANTISSEMENT,AUTO,1
SERVICES,Rabat-Salé-Kénitra,27,FONCTIONNAIRE,8212,2618,12945,84,6,1,2,0.385,CAUTION,IMMOBILIER,0
COMMERCE,Laâyoune-Sakia El Hamra,59,FONCTIONNAIRE,6705,1759,34085,120,35,2,2,0.221,CAUTION,CONSOMMATION,0
COMMERCE,Guelmim-Oued Noun,21,FONCTIONNAIRE,5867,2061,32212,12,0,1,0,0.308,HYPOTHEQUE,IMMOBILIER,0
COMMERCE,Béni Mellal-Khénifra,74,SALARIE_CDI,7182,4395,34293,84,45,5,0,0.605,AUCUNE,CONSOMMATION,0
SERVICES,Fès-Meknès,23,SALARIE_CDI,7840,2740,17858,12,2,5,0,0.363,CAUTION,IMMOBILIER,1
AGRICULTURE,Souss-Massa,24,INDEPENDANT,11078,3006,42511,84,0,0,0,0.272,AUCUNE,AUTO,0
AGRICULTURE,Tanger-Tétouan-Al Hoceïma,28,RETRAITE,9803,4042,16537,24,8,3,2,0.502,HYPOTHEQUE,AUTO,1
SERVICES,Souss-Massa,74,FONCTIONNAIRE,20795,7378,44288,60,45,1,2,0.396,CAUTION,PROFESSIONNEL,0
SERVICES,Béni Mellal-Khénifra,72,SALARIE_CDI,8636,1377,40524,36,45,5,0,0.227,CAUTION,PROFESSIONNEL,0
SERVICES,Guelmim-Oued Noun,76,SALARIE_CDI,5986,1455,30610,12,45,1,1,0.265,HYPOTHEQUE,IMMOBILIER,0
TECH,Tanger-Tétouan-Al Hoceïma,70,SALARIE_CDD,7519,1193,34515,60,45,1,2,0.162,AUCUNE,CONSOMMATION,1
COMMERCE,Laâyoune-Sakia El Hamra,76,FONCTIONNAIRE,10465,4302,110072,36,45,1,0,0.283,NANTISSEMENT,CONSOMMATION,0
SERVICES,Rabat-Salé-Kénitra,47,SALARIE_CDI,12728,5991,54432,24,27,2,0,0.472,HYPOTHEQUE,PROFESSIONNEL,1
TECH,Guelmim-Oued Noun,18,SALARIE_CDI,14819,7545,40991,36,0,3,0,0.491,CAUTION,PROFESSIONNEL,1
INDUSTRIE,Drâa-Tafilalet,45,INDEPENDANT,5127,1302,48883,24,24,2,0,0.238,NANTISSEMENT,CONSOMMATION,1
COMMERCE,Oriental,31,SALARIE_CDI,14419,7967,37352,24,4,2,0,0.6,AUCUNE,IMMOBILIER,0
INDUSTRIE,Tanger-Tétouan-Al Hoceïma,33,SALARIE_CDD,7937,2822,53451,48,6,5,0,0.288,CAUTION,CONSOMMATION,1
COMMERCE,Tanger-Tétouan-Al Hoceïma,61,INDEPENDANT,5339,932,23763,48,38,2,0,0.227,NANTISSEMENT,CONSOMMATION,0
COMMERCE,Tanger-Tétouan-Al Hoceïma,28,SALARIE_CDI,7393,4538,170669,36,2,4,4,0.644,AUCUNE,PROFESSIONNEL,1
SERVICES,Dakhla-Oued Ed-Dahab,38,SALARIE_CDD,13972,6940,41420,24,13,5,0,0.506,NANTISSEMENT,IMMOBILIER,1
INDUSTRIE,Casablanca-Settat,42,SALARIE_CDI,9954,4293,262612,84,15,5,0,0.47,NANTISSEMENT,PROFESSIONNEL,0
AGRICULTURE,Béni Mellal-Khénifra,21,SALARIE_CDI,4697,799,171398,48,0,4,1,0.078,AUCUNE,CONSOMMATION,1
COMMERCE,Dakhla-Oued Ed-Dahab,62,INDEPENDANT,4712,740,25523,24,38,0,1,0.174,HYPOTHEQUE,PROFESSIONNEL,0
AGRICULTURE,Oriental,66,FONCTIONNAIRE,4654,2012,42945,48,43,2,0,0.356,HYPOTHEQUE,PROFESSIONNEL,1
COMMERCE,Béni Mellal-Khénifra,53,SALARIE_CDI,5830,3436,46906,120,28,2,0,0.605,CAUTION,CONSOMMATION,0
TECH,Béni Mellal-Khénifra,19,SALARIE_CDI,8390,3975,69817,12,0,4,0,0.411,NANTISSEMENT,CONSOMMATION,1
INDUSTRIE,Oriental,67,SALARIE_CDI,4882,746,39810,120,45,0,0,0.11,NANTISSEMENT,IMMOBILIER,0
TECH,Béni Mellal-Khénifra,46,INDEPENDANT,6683,3134,84527,12,22,0,2,0.443,HYPOTHEQUE,CONSOMMATION,0
SERVICES,Laâyoune-Sakia El Hamra,34,INDEPENDANT,15228,4939,10600,24,8,3,4,0.307,CAUTION,IMMOBILIER,0
SERVICES,Drâa-Tafilalet,77,FONCTIONNAIRE,16781,3541,23695,60,45,1,0,0.217,NANTISSEMENT,CONSOMMATION,0
SERVICES,Laâyoune-Sakia El Hamra,72,SALARIE_CDI,16280,9048,31773,24,45,4,0,0.588,AUCUNE,PROFESSIONNEL,0
SERVICES,Oriental,45,RETRAITE,3613,1583,22773,120,21,5,0,0.555,AUCUNE,IMMOBILIER,0
AGRICULTURE,Guelmim-Oued Noun,45,INDEPENDANT,17209,8813,10804,84,27,0,3,0.475,HYPOTHEQUE,AUTO,1
AGRICULTURE,Laâyoune-Sakia El Hamra,75,SALARIE_CDI,8444,1964,67420,60,45,5,2,0.236,CAUTION,CONSOMMATION,1
TECH,Marrakech-Safi,30,SALARIE_CDD,8392,1746,16733,36,3,3,2,0.2,AUCUNE,AUTO,0
SERVICES,Laâyoune-Sakia El Hamra,43,SALARIE_CDD,12875,5243,22651,120,18,5,3,0.35,HYPOTHEQUE,IMMOBILIER,1
AGRICULTURE,Drâa-Tafilalet,53,FONCTIONNAIRE,11121,4603,61599,36,30,4,0,0.312,NANTISSEMENT,IMMOBILIER,1
TECH,Souss-Massa,39,SALARIE_CDD,3495,1541,85568,120,21,3,2,0.39,AUCUNE,PROFESSIONNEL,1
INDUSTRIE,Guelmim-Oued Noun,37,SALARIE_CDI,6151,3212,24444,120,15,3,3,0.49,AUCUNE,CONSOMMATION,1
COMMERCE,Marrakech-Safi,24,FONCTIONNAIRE,6872,3311,17576,60,4,4,1,0.459,NANTISSEMENT,IMMOBILIER,1
COMMERCE,Drâa-Tafilalet,34,FONCTIONNAIRE,4453,2174,20552,60,8,0,0,0.413,AUCUNE,IMMOBILIER,0
SERVICES,Oriental,40,SALARIE_CDD,12692,3014,79244,60,17,0,3,0.218,CAUTION,PROFESSIONNEL,1
COMMERCE,Laâyoune-Sakia El Hamra,70,SALARIE_CDD,15483,5559,82447,120,45,1,0,0.346,AUCUNE,PROFESSIONNEL,0
TECH,Béni Mellal-Khénifra,39,SALARIE_CDI,8065,3629,45961,60,17,2,0,0.401,AUCUNE,CONSOMMATION,0
SERVICES,Oriental,28,SALARIE_CDD,9268,3794,43171,120,4,3,0,0.443,AUCUNE,CONSOMMATION,0
INDUSTRIE,Oriental,71,INDEPENDANT,8062,2436,14428,24,45,3,0,0.213,HYPOTHEQUE,IMMOBILIER,0
COMMERCE,Oriental,40,FONCTIONNAIRE,8473,5271,50290,48,18,5,1,0.632,CAUTION,IMMOBILIER,1
TECH,Laâyoune-Sakia El Hamra,75,RETRAITE,13399,2949,62944,24,45,3,0,0.205,AUCUNE,AUTO,0
AGRICULTURE,Guelmim-Oued Noun,24,INDEPENDANT,3661,2333,40775,12,5,2,1,0.638,HYPOTHEQUE,CONSOMMATION,1
TECH,Rabat-Salé-Kénitra,19,INDEPENDANT,10084,5456,41828,36,0,1,0,0.558,NANTISSEMENT,AUTO,0
COMMERCE,Oriental,76,SALARIE_CDD,8146,3650,17637,120,45,5,0,0.459,AUCUNE,CONSOMMATION,1
COMMERCE,Fès-Meknès,24,SALARIE_CDI,5878,1256,82283,36,2,3,0,0.112,AUCUNE,CONSOMMATION,1
COMMERCE,Rabat-Salé-Kénitra,18,INDEPENDANT,6461,2791,14024,84,0,2,0,0.415,HYPOTHEQUE,CONSOMMATION,1
COMMERCE,Laâyoune-Sakia El Hamra,58,FONCTIONNAIRE,18482,3585,35896,24,37,1,2,0.213,NANTISSEMENT,IMMOBILIER,0
SERVICES,Laâyoune-Sakia El Hamra,37,INDEPENDANT,4459,2747,50025,60,13,3,0,0.637,CAUTION,CONSOMMATION,1
COMMERCE,Dakhla-Oued Ed-Dahab,48,FONCTIONNAIRE,7511,2199,80717,24,21,4,0,0.249,AUCUNE,CONSOMMATION,1
TECH,Tanger-Tétouan-Al Hoceïma,43,SALARIE_CDD,16870,5900,75929,48,19,0,1,0.292,AUCUNE,AUTO,0
COMMERCE,Souss-Massa,36,SALARIE_CDI,4575,2143,80615,84,16,2,0,0.493,HYPOTHEQUE,IMMOBILIER,1
TECH,Guelmim-Oued Noun,48,SALARIE_CDD,6599,1052,29393,120,30,4,1,0.18,NANTISSEMENT,CONSOMMATION,1
COMMERCE,Marrakech-Safi,34,FONCTIONNAIRE,8259,3477,184748,36,9,3,0,0.363,CAUTION,CONSOMMATION,0
INDUSTRIE,Casablanca-Settat,32,RETRAITE,9757,4951,77767,60,12,0,0,0.439,CAUTION,IMMOBILIER,0
SERVICES,Souss-Massa,32,INDEPENDANT,7815,1982,28368,60,13,5,1,0.229,AUCUNE,PROFESSIONNEL,1
SERVICES,Béni Mellal-Khénifra,25,FONCTIONNAIRE,5416,1229,29677,48,0,1,0,0.183,AUCUNE,CONSOMMATION,1
INDUSTRIE,Souss-Massa,51,SALARIE_CDD,9910,3903,61839,36,33,5,0,0.395,AUCUNE,CONSOMMATION,1
COMMERCE,Marrakech-Safi,52,SALARIE_CDI,7744,3239,26181,120,31,1,0,0.481,HYPOTHEQUE,CONSOMMATION,0
SERVICES,Oriental,19,SALARIE_CDD,10748,3972,14851,48,0,4,0,0.302,HYPOTHEQUE,IMMOBILIER,1
SERVICES,Dakhla-Oued Ed-Dahab,46,RETRAITE,12279,3657,38476,84,19,1,5,0.285,AUCUNE,CONSOMMATION,0
SERVICES,Fès-Meknès,64,INDEPENDANT,4151,1473,7401,36,38,2,3,0.311,AUCUNE,PROFESSIONNEL,1
TECH,Tanger-Tétouan-Al Hoceïma,18,FONCTIONNAIRE,12899,3949,46669,48,0,2,1,0.338,CAUTION,CONSOMMATION,0
TECH,Fès-Meknès,36,INDEPENDANT,7226,1986,56759,60,15,2,1,0.31,HYPOTHEQUE,IMMOBILIER,0
INDUSTRIE,Fès-Meknès,78,SALARIE_CDI,11747,4535,30145,24,45,4,3,0.335,CAUTION,PROFESSIONNEL,1
SERVICES,Béni Mellal-Khénifra,44,RETRAITE,10120,3520,81225,24,21,3,0,0.396,AUCUNE,CONSOMMATION,1
SERVICES,Tanger-Tétouan-Al Hoceïma,19,FONCTIONNAIRE,18664,6863,65935,60,0,0,0,0.403,AUCUNE,AUTO,0
SERVICES,Béni Mellal-Khénifra,51,SALARIE_CDI,8126,1220,17796,120,27,4,0,0.135,AUCUNE,PROFESSIONNEL,0
INDUSTRIE,Casablanca-Settat,43,INDEPENDANT,6758,3354,37458,60,16,0,3,0.527,CAUTION,PROFESSIONNEL,1
SERVICES,Béni Mellal-Khénifra,31,SALARIE_CDI,6433,1116,25246,60,7,4,1,0.099,AUCUNE,IMMOBILIER,0
INDUSTRIE,Rabat-Salé-Kénitra,22,FONCTIONNAIRE,5081,1287,28965,120,3,4,1,0.342,CAUTION,CONSOMMATION,0
AGRICULTURE,Tanger-Tétouan-Al Hoceïma,73,SALARIE_CDI,11657,6431,81017,60,45,1,0,0.548,HYPOTHEQUE,CONSOMMATION,1
COMMERCE,Laâyoune-Sakia El Hamra,69,SALARIE_CDI,4936,3169,56263,120,43,1,1,0.698,CAUTION,CONSOMMATION,0
TECH,Tanger-Tétouan-Al Hoceïma,60,FONCTIONNAIRE,11611,7498,21976,36,34,2,0,0.609,HYPOTHEQUE,CONSOMMATION,0
SERVICES,Drâa-Tafilalet,19,SALARIE_CDD,7328,3269,42486,84,0,4,0,0.36,CAUTION,IMMOBILIER,0
SERVICES,Tanger-Tétouan-Al Hoceïma,72,SALARIE_CDI,3665,1025,21397,120,45,4,0,0.296,HYPOTHEQUE,PROFESSIONNEL,0
AGRICULTURE,Laâyoune-Sakia El Hamra,47,INDEPENDANT,15831,8983,25866,84,26,3,0,0.524,HYPOTHEQUE,AUTO,0
INDUSTRIE,Dakhla-Oued Ed-Dahab,47,SALARIE_CDI,2500,1188,106663,36,22,0,0,0.437,AUCUNE,AUTO,0
COMMERCE,Laâyoune-Sakia El Hamra,73,FONCTIONNAIRE,7810,5023,215956,84,45,5,0,0.648,HYPOTHEQUE,IMMOBILIER,1
AGRICULTURE,Tanger-Tétouan-Al Hoceïma,45,FONCTIONNAIRE,9003,3822,126161,84,18,0,0,0.46,CAUTION,CONSOMMATION,1
COMMERCE,Fès-Meknès,32,SALARIE_CDI,2871,1186,44098,60,6,3,0,0.424,NANTISSEMENT,IMMOBILIER,1
INDUSTRIE,Béni Mellal-Khénifra,32,RETRAITE,9883,1699,41306,24,11,4,0,0.218,HYPOTHEQUE,AUTO,0
COMMERCE,Guelmim-Oued Noun,76,SALARIE_CDD,5994,1482,74130,24,45,4,0,0.23,HYPOTHEQUE,IMMOBILIER,0
SERVICES,Oriental,52,SALARIE_CDI,7246,3503,38990,84,27,5,0,0.545,AUCUNE,PROFESSIONNEL,0
SERVICES,Drâa-Tafilalet,54,SALARIE_CDD,14829,9593,13385,24,30,0,0,0.681,AUCUNE,CONSOMMATION,0
SERVICES,Laâyoune-Sakia El Hamra,55,FONCTIONNAIRE,8641,3351,129737,120,31,1,0,0.327,HYPOTHEQUE,CONSOMMATION,0
AGRICULTURE,Guelmim-Oued Noun,31,SALARIE_CDI,6921,1139,15813,60,12,1,3,0.19,AUCUNE,PROFESSIONNEL,1
COMMERCE,Tanger-Tétouan-Al Hoceïma,44,SALARIE_CDI,7505,2625,84583,24,24,5,0,0.344,CAUTION,IMMOBILIER,0
INDUSTRIE,Marrakech-Safi,77,FONCTIONNAIRE,18020,3841,61813,24,45,5,0,0.166,AUCUNE,CONSOMMATION,0
SERVICES,Souss-Massa,27,FONCTIONNAIRE,9721,6123,133501,12,5,5,1,0.652,AUCUNE,CONSOMMATION,1
COMMERCE,Oriental,77,SALARIE_CDI,5444,1201,66421,60,45,4,4,0.235,AUCUNE,PROFESSIONNEL,0
AGRICULTURE,Laâyoune-Sakia El Hamra,35,SALARIE_CDD,6505,1359,24065,84,9,0,5,0.235,CAUTION,CONSOMMATION,1
INDUSTRIE,Fès-Meknès,36,SALARIE_CDI,4743,1797,77632,84,9,2,0,0.317,AUCUNE,CONSOMMATION,1
INDUSTRIE,Rabat-Salé-Kénitra,18,SALARIE_CDI,6613,2784,28160,60,0,0,0,0.304,HYPOTHEQUE,CONSOMMATION,0
TECH,Fès-Meknès,59,FONCTIONNAIRE,16706,8498,18320,60,37,0,1,0.484,HYPOTHEQUE,CONSOMMATION,1
AGRICULTURE,Béni Mellal-Khénifra,38,SALARIE_CDI,7519,2511,10076,24,18,2,2,0.313,CAUTION,CONSOMMATION,0
AGRICULTURE,Marrakech-Safi,46,SALARIE_CDI,4440,2657,33304,84,20,4,1,0.615,HYPOTHEQUE,CONSOMMATION,1
INDUSTRIE,Tanger-Tétouan-Al Hoceïma,54,SALARIE_CDI,9837,4420,11136,48,27,4,0,0.307,HYPOTHEQUE,CONSOMMATION,0
SERVICES,Fès-Meknès,57,FONCTIONNAIRE,6791,1179,99270,84,35,3,0,0.198,NANTISSEMENT,CONSOMMATION,0
INDUSTRIE,Dakhla-Oued Ed-Dahab,78,FONCTIONNAIRE,10432,1743,12093,120,45,2,0,0.201,AUCUNE,IMMOBILIER,0
INDUSTRIE,Oriental,53,SALARIE_CDD,7266,2793,27832,120,26,5,0,0.421,AUCUNE,CONSOMMATION,0
AGRICULTURE,Drâa-Tafilalet,29,FONCTIONNAIRE,15528,5741,28678,120,11,4,0,0.404,AUCUNE,CONSOMMATION,1
SERVICES,Oriental,62,FONCTIONNAIRE,5379,2024,40954,84,40,4,2,0.314,CAUTION,PROFESSIONNEL,0
COMMERCE,Casablanca-Settat,21,SALARIE_CDI,4797,857,19789,36,2,0,1,0.128,AUCUNE,CONSOMMATION,0
AGRICULTURE,Fès-Meknès,71,SALARIE_CDI,12356,2183,80365,36,45,0,0,0.159,CAUTION,IMMOBILIER,0
AGRICULTURE,Laâyoune-Sakia El Hamra,36,SALARIE_CDI,3289,593,40707,60,9,1,1,0.165,CAUTION,IMMOBILIER,0
COMMERCE,Oriental,63,INDEPENDANT,7500,3877,35869,24,45,5,0,0.462,CAUTION,IMMOBILIER,0
AGRICULTURE,Drâa-Tafilalet,27,SALARIE_CDI,11618,5237,23036,48,6,4,0,0.452,CAUTION,CONSOMMATION,1
SERVICES,Guelmim-Oued Noun,43,SALARIE_CDI,3019,659,53357,60,25,1,0,0.234,CAUTION,AUTO,0
INDUSTRIE,Oriental,61,FONCTIONNAIRE,8342,3049,96578,36,35,3,2,0.376,NANTISSEMENT,IMMOBILIER,0
SERVICES,Oriental,57,FONCTIONNAIRE,4133,2569,239541,12,38,0,1,0.623,HYPOTHEQUE,CONSOMMATION,0
AGRICULTURE,Marrakech-Safi,18,INDEPENDANT,3533,652,18793,24,0,2,0,0.198,AUCUNE,CONSOMMATION,1
AGRICULTURE,Marrakech-Safi,20,SALARIE_CDD,5016,1227,33006,60,0,3,0,0.227,CAUTION,PROFESSIONNEL,1
SERVICES,Rabat-Salé-Kénitra,79,SALARIE_CDI,7461,2573,9557,12,45,5,0,0.366,HYPOTHEQUE,CONSOMMATION,1
SERVICES,Fès-Meknès,51,FONCTIONNAIRE,5898,1580,58448,84,29,4,0,0.283,AUCUNE,IMMOBILIER,1
INDUSTRIE,Béni Mellal-Khénifra,71,INDEPENDANT,13335,3057,13965,12,45,0,3,0.185,AUCUNE,CONSOMMATION,1
SERVICES,Dakhla-Oued Ed-Dahab,22,RETRAITE,8409,5354,44038,84,2,0,4,0.724,CAUTION,CONSOMMATION,1
TECH,Souss-Massa,48,FONCTIONNAIRE,6503,3468,86199,60,25,2,1,0.605,HYPOTHEQUE,IMMOBILIER,0
SERVICES,Béni Mellal-Khénifra,54,SALARIE_CDD,4494,2313,27218,24,33,5,0,0.545,AUCUNE,PROFESSIONNEL,0
TECH,Laâyoune-Sakia El Hamra,76,SALARIE_CDI,8963,5523,18911,24,45,5,0,0.669,HYPOTHEQUE,CONSOMMATION,1
COMMERCE,Drâa-Tafilalet,62,RETRAITE,20466,4984,91370,48,43,0,0,0.255,AUCUNE,PROFESSIONNEL,0
INDUSTRIE,Fès-Meknès,57,FONCTIONNAIRE,5906,3513,59724,60,35,5,0,0.573,NANTISSEMENT,CONSOMMATION,0
SERVICES,Fès-Meknès,36,SALARIE_CDI,6226,3993,16468,84,9,0,4,0.694,CAUTION,CONSOMMATION,1
AGRICULTURE,Béni Mellal-Khénifra,80,SALARIE_CDD,5028,2228,40047,84,45,2,0,0.454,AUCUNE,AUTO,1
COMMERCE,Fès-Meknès,38,FONCTIONNAIRE,13806,8306,19978,48,18,0,1,0.634,AUCUNE,IMMOBILIER,0
INDUSTRIE,Marrakech-Safi,35,SALARIE_CDI,12298,6863,76298,12,16,2,0,0.632,AUCUNE,PROFESSIONNEL,0
INDUSTRIE,Béni Mellal-Khénifra,63,INDEPENDANT,6629,2048,39579,120,41,4,2,0.228,AUCUNE,CONSOMMATION,1
AGRICULTURE,Béni Mellal-Khénifra,80,FONCTIONNAIRE,6188,1956,105808,48,45,0,2,0.336,AUCUNE,IMMOBILIER,0
TECH,Fès-Meknès,71,SALARIE_CDI,5299,2585,18919,84,45,5,0,0.44,AUCUNE,IMMOBILIER,1
TECH,Casablanca-Settat,29,RETRAITE,7114,3031,42573,24,9,1,0,0.415,AUCUNE,PROFESSIONNEL,0
COMMERCE,Guelmim-Oued Noun,69,RETRAITE,12822,4391,36005,36,44,4,0,0.301,AUCUNE,PROFESSIONNEL,0
AGRICULTURE,Tanger-Tétouan-Al Hoceïma,40,SALARIE_CDI,8256,1433,43403,60,16,0,0,0.229,CAUTION,CONSOMMATION,1
INDUSTRIE,Béni Mellal-Khénifra,31,SALARIE_CDD,14464,2336,24430,84,8,1,0,0.182,AUCUNE,IMMOBILIER,0
COMMERCE,Marrakech-Safi,76,INDEPENDANT,5860,1166,7512,24,45,3,2,0.2,AUCUNE,PROFESSIONNEL,1
INDUSTRIE,Fès-Meknès,77,SALARIE_CDD,2862,1008,58416,84,45,0,0,0.272,CAUTION,PROFESSIONNEL,0
COMMERCE,Béni Mellal-Khénifra,41,RETRAITE,26171,4284,37704,48,20,5,0,0.135,CAUTION,CONSOMMATION,0
AGRICULTURE,Rabat-Salé-Kénitra,19,SALARIE_CDI,8925,2000,20294,84,0,4,1,0.198,HYPOTHEQUE,PROFESSIONNEL,0
AGRICULTURE,Fès-Meknès,31,INDEPENDANT,11503,7293,25559,60,8,0,0,0.647,CAUTION,PROFESSIONNEL,0
COMMERCE,Drâa-Tafilalet,52,FONCTIONNAIRE,5685,2134,16019,48,25,1,2,0.351,HYPOTHEQUE,CONSOMMATION,1
COMMERCE,Guelmim-Oued Noun,21,SALARIE_CDI,4389,2706,9889,60,0,5,0,0.598,HYPOTHEQUE,IMMOBILIER,1
AGRICULTURE,Tanger-Tétouan-Al Hoceïma,32,INDEPENDANT,8687,2128,75140,48,10,4,0,0.121,CAUTION,CONSOMMATION,1
AGRICULTURE,Rabat-Salé-Kénitra,27,SALARIE_CDI,3307,1089,54182,12,1,2,3,0.373,AUCUNE,CONSOMMATION,0
TECH,Casablanca-Settat,77,SALARIE_CDI,7186,3490,14102,36,45,1,3,0.424,AUCUNE,CONSOMMATION,1
SERVICES,Oriental,40,SALARIE_CDI,12836,8278,212630,120,19,0,0,0.607,CAUTION,PROFESSIONNEL,0
INDUSTRIE,Drâa-Tafilalet,41,SALARIE_CDI,9915,4957,16502,24,23,5,1,0.523,HYPOTHEQUE,IMMOBILIER,0
AGRICULTURE,Béni Mellal-Khénifra,44,SALARIE_CDI,9088,5463,59886,48,19,0,1,0.642,AUCUNE,PROFESSIONNEL,0
TECH,Tanger-Tétouan-Al Hoceïma,18,SALARIE_CDD,17760,3100,36411,24,0,0,0,0.173,CAUTION,AUTO,1
TECH,Casablanca-Settat,52,SALARIE_CDI,9594,2897,15002,48,31,2,0,0.317,HYPOTHEQUE,AUTO,0
COMMERCE,Marrakech-Safi,75,SALARIE_CDI,3439,2034,46387,84,45,2,1,0.636,CAUTION,PROFESSIONNEL,0
INDUSTRIE,Casablanca-Settat,69,SALARIE_CDI,7577,3119,31917,84,44,1,2,0.278,HYPOTHEQUE,CONSOMMATION,0
INDUSTRIE,Souss-Massa,33,INDEPENDANT,19272,4528,23251,12,8,1,1,0.276,HYPOTHEQUE,PROFESSIONNEL,0
TECH,Fès-Meknès,18,SALARIE_CDI,7050,1656,91437,120,0,4,0,0.124,CAUTION,CONSOMMATION,0
INDUSTRIE,Casablanca-Settat,66,INDEPENDANT,18748,9924,56203,60,43,3,1,0.51,HYPOTHEQUE,CONSOMMATION,0
COMMERCE,Béni Mellal-Khénifra,70,SALARIE_CDI,12844,2941,60081,60,45,1,0,0.247,CAUTION,PROFESSIONNEL,0
TECH,Tanger-Tétouan-Al Hoceïma,76,SALARIE_CDI,6742,2689,31236,84,45,2,1,0.347,AUCUNE,PROFESSIONNEL,0
TECH,Dakhla-Oued Ed-Dahab,54,SALARIE_CDD,4983,1199,46467,60,32,4,0,0.227,AUCUNE,PROFESSIONNEL,1
INDUSTRIE,Souss-Massa,47,SALARIE_CDD,9442,2400,35639,120,28,5,1,0.092,CAUTION,CONSOMMATION,1
TECH,Rabat-Salé-Kénitra,65,FONCTIONNAIRE,14353,5004,51506,60,45,1,0,0.28,AUCUNE,PROFESSIONNEL,0
SERVICES,Drâa-Tafilalet,61,INDEPENDANT,3982,832,18397,120,41,1,0,0.165,AUCUNE,CONSOMMATION,0
SERVICES,Drâa-Tafilalet,65,SALARIE_CDI,8554,4103,6892,60,42,3,0,0.427,NANTISSEMENT,PROFESSIONNEL,0
INDUSTRIE,Dakhla-Oued Ed-Dahab,35,SALARIE_CDI,3234,754,93835,84,13,2,0,0.222,AUCUNE,CONSOMMATION,0
SERVICES,Drâa-Tafilalet,74,INDEPENDANT,6955,3658,35942,48,45,3,0,0.609,NANTISSEMENT,CONSOMMATION,0
AGRICULTURE,Tanger-Tétouan-Al Hoceïma,20,SALARIE_CDI,3848,1580,54188,36,2,2,1,0.45,CAUTION,CONSOMMATION,0
AGRICULTURE,Drâa-Tafilalet,23,INDEPENDANT,10436,3373,22491,48,0,4,0,0.364,AUCUNE,AUTO,1
SERVICES,Guelmim-Oued Noun,59,FONCTIONNAIRE,5943,2717,31051,24,33,0,0,0.477,CAUTION,CONSOMMATION,1
TECH,Oriental,54,SALARIE_CDI,13645,4828,105263,48,29,3,0,0.279,AUCUNE,IMMOBILIER,0
COMMERCE,Guelmim-Oued Noun,52,SALARIE_CDI,6354,1215,46850,84,28,5,0,0.247,CAUTION,PROFESSIONNEL,1
COMMERCE,Dakhla-Oued Ed-Dahab,75,SALARIE_CDD,6098,1857,169956,84,45,3,0,0.32,HYPOTHEQUE,IMMOBILIER,0
AGRICULTURE,Guelmim-Oued Noun,72,FONCTIONNAIRE,3917,1615,67786,36,45,1,0,0.435,AUCUNE,CONSOMMATION,0
COMMERCE,Oriental,63,RETRAITE,9662,1953,22749,48,44,5,1,0.239,HYPOTHEQUE,CONSOMMATION,1
SERVICES,Souss-Massa,28,SALARIE_CDI,10112,5220,49471,60,7,0,1,0.538,AUCUNE,CONSOMMATION,0
SERVICES,Laâyoune-Sakia El Hamra,24,RETRAITE,12368,4060,117903,12,4,5,0,0.343,NANTISSEMENT,CONSOMMATION,0
COMMERCE,Laâyoune-Sakia El Hamra,26,SALARIE_CDI,10882,2747,42370,60,5,3,0,0.208,CAUTION,PROFESSIONNEL,1
AGRICULTURE,Fès-Meknès,56,SALARIE_CDI,9707,1495,57056,48,33,5,0,0.1,HYPOTHEQUE,IMMOBILIER,0
COMMERCE,Casablanca-Settat,62,FONCTIONNAIRE,10595,2039,97630,84,40,0,2,0.138,CAUTION,CONSOMMATION,0
INDUSTRIE,Guelmim-Oued Noun,68,RETRAITE,11088,2979,7032,60,41,1,0,0.12,CAUTION,CONSOMMATION,1
SERVICES,Marrakech-Safi,24,SALARIE_CDD,12191,4066,59332,24,5,4,5,0.305,CAUTION,IMMOBILIER,1
AGRICULTURE,Dakhla-Oued Ed-Dahab,35,INDEPENDANT,4075,924,93225,48,11,4,1,0.25,NANTISSEMENT,PROFESSIONNEL,0
INDUSTRIE,Casablanca-Settat,39,SALARIE_CDD,6583,2781,21220,36,19,3,5,0.475,AUCUNE,IMMOBILIER,1
COMMERCE,Laâyoune-Sakia El Hamra,57,INDEPENDANT,3903,965,75486,60,37,3,0,0.208,NANTISSEMENT,PROFESSIONNEL,0
COMMERCE,Drâa-Tafilalet,20,INDEPENDANT,9409,5903,36184,60,0,5,4,0.619,CAUTION,PROFESSIONNEL,1
SERVICES,Fès-Meknès,70,FONCTIONNAIRE,16873,7296,11109,36,43,5,3,0.404,AUCUNE,CONSOMMATION,1
SERVICES,Casablanca-Settat,23,FONCTIONNAIRE,12129,6650,63160,60,0,1,0,0.556,CAUTION,IMMOBILIER,0
INDUSTRIE,Laâyoune-Sakia El Hamra,51,FONCTIONNAIRE,6166,2225,36074,24,25,3,5,0.289,CAUTION,PROFESSIONNEL,0
INDUSTRIE,Rabat-Salé-Kénitra,76,RETRAITE,10172,2568,34474,36,45,3,0,0.223,HYPOTHEQUE,PROFESSIONNEL,0
COMMERCE,Rabat-Salé-Kénitra,30,FONCTIONNAIRE,9481,3553,57084,84,8,1,0,0.332,HYPOTHEQUE,CONSOMMATION,0
TECH,Guelmim-Oued Noun,61,SALARIE_CDI,8999,3205,18687,48,35,1,0,0.385,AUCUNE,PROFESSIONNEL,1
SERVICES,Drâa-Tafilalet,52,INDEPENDANT,4507,2081,62334,12,28,1,0,0.373,AUCUNE,PROFESSIONNEL,1
COMMERCE,Rabat-Salé-Kénitra,69,FONCTIONNAIRE,14644,8864,19176,48,45,4,1,0.621,AUCUNE,CONSOMMATION,0
SERVICES,Tanger-Tétouan-Al Hoceïma,55,FONCTIONNAIRE,4769,1281,104717,24,36,2,1,0.312,AUCUNE,IMMOBILIER,0
SERVICES,Béni Mellal-Khénifra,71,FONCTIONNAIRE,6870,1362,80606,120,45,3,0,0.123,NANTISSEMENT,AUTO,0
TECH,Béni Mellal-Khénifra,43,SALARIE_CDI,12477,6334,106559,120,16,3,0,0.474,AUCUNE,CONSOMMATION,1
TECH,Tanger-Tétouan-Al Hoceïma,28,SALARIE_CDD,6850,1029,50260,12,8,0,0,0.105,HYPOTHEQUE,IMMOBILIER,1
TECH,Tanger-Tétouan-Al Hoceïma,60,SALARIE_CDI,8397,4596,26995,36,41,2,1,0.625,HYPOTHEQUE,CONSOMMATION,1
SERVICES,Casablanca-Settat,78,INDEPENDANT,8551,4395,21925,60,45,2,0,0.581,CAUTION,PROFESSIONNEL,0
COMMERCE,Casablanca-Settat,45,FONCTIONNAIRE,8347,4699,21028,36,19,5,0,0.608,HYPOTHEQUE,CONSOMMATION,0
INDUSTRIE,Dakhla-Oued Ed-Dahab,69,INDEPENDANT,8534,1667,32183,84,44,0,0,0.215,AUCUNE,AUTO,0
AGRICULTURE,Marrakech-Safi,73,SALARIE_CDI,8922,2247,22462,12,45,5,2,0.296,CAUTION,IMMOBILIER,1
COMMERCE,Dakhla-Oued Ed-Dahab,58,RETRAITE,8380,3568,45588,84,36,5,1,0.455,CAUTION,CONSOMMATION,0
AGRICULTURE,Casablanca-Settat,67,SALARIE_CDD,5416,1699,20666,24,42,4,4,0.393,HYPOTHEQUE,CONSOMMATION,0
SERVICES,Dakhla-Oued Ed-Dahab,53,SALARIE_CDD,4034,2311,23493,24,35,5,1,0.575,NANTISSEMENT,IMMOBILIER,0
INDUSTRIE,Souss-Massa,68,RETRAITE,12697,4814,27816,36,45,2,0,0.256,HYPOTHEQUE,CONSOMMATION,0
TECH,Guelmim-Oued Noun,39,FONCTIONNAIRE,12961,4727,21093,120,21,1,2,0.34,AUCUNE,PROFESSIONNEL,0
INDUSTRIE,Laâyoune-Sakia El Hamra,51,RETRAITE,9432,2286,28580,24,28,4,0,0.27,AUCUNE,PROFESSIONNEL,0
COMMERCE,Tanger-Tétouan-Al Hoceïma,22,FONCTIONNAIRE,9397,4050,54649,24,0,0,0,0.415,NANTISSEMENT,CONSOMMATION,0
COMMERCE,Drâa-Tafilalet,30,SALARIE_CDI,5368,1734,19561,24,7,5,1,0.383,CAUTION,AUTO,1
AGRICULTURE,Tanger-Tétouan-Al Hoceïma,54,SALARIE_CDD,2704,1015,15637,24,36,3,0,0.334,CAUTION,AUTO,0
SERVICES,Guelmim-Oued Noun,63,INDEPENDANT,7245,2070,32056,120,41,3,0,0.331,NANTISSEMENT,CONSOMMATION,0
AGRICULTURE,Dakhla-Oued Ed-Dahab,19,SALARIE_CDD,3450,1568,16360,60,0,3,0,0.381,CAUTION,CONSOMMATION,0
INDUSTRIE,Guelmim-Oued Noun,22,INDEPENDANT,8804,5010,92561,48,0,3,0,0.586,AUCUNE,IMMOBILIER,1
COMMERCE,Drâa-Tafilalet,18,SALARIE_CDI,14573,2336,22269,12,0,5,0,0.12,CAUTION,IMMOBILIER,0
COMMERCE,Tanger-Tétouan-Al Hoceïma,50,SALARIE_CDD,6141,1630,37559,12,23,1,1,0.199,AUCUNE,CONSOMMATION,1
SERVICES,Rabat-Salé-Kénitra,39,INDEPENDANT,6302,3080,49901,36,19,2,0,0.486,CAUTION,IMMOBILIER,0
AGRICULTURE,Oriental,21,RETRAITE,5153,2594,15011,120,0,2,0,0.443,AUCUNE,CONSOMMATION,1
AGRICULTURE,Rabat-Salé-Kénitra,67,SALARIE_CDI,8266,2456,20105,48,45,1,1,0.336,AUCUNE,IMMOBILIER,0
AGRICULTURE,Oriental,51,SALARIE_CDI,7983,2340,23365,84,32,4,0,0.275,HYPOTHEQUE,PROFESSIONNEL,1
AGRICULTURE,Laâyoune-Sakia El Hamra,18,SALARIE_CDI,5122,2681,62802,36,0,2,1,0.528,CAUTION,CONSOMMATION,0
COMMERCE,Rabat-Salé-Kénitra,61,SALARIE_CDI,12218,5244,130886,12,39,5,0,0.427,CAUTION,IMMOBILIER,0
INDUSTRIE,Laâyoune-Sakia El Hamra,75,INDEPENDANT,27339,9418,133140,24,45,1,0,0.373,AUCUNE,CONSOMMATION,0
TECH,Béni Mellal-Khénifra,44,SALARIE_CDD,13842,2460,88549,24,17,4,1,0.143,CAUTION,IMMOBILIER,0
SERVICES,Casablanca-Settat,77,SALARIE_CDI,7710,3674,15245,60,45,4,0,0.533,CAUTION,CONSOMMATION,0
TECH,Drâa-Tafilalet,44,INDEPENDANT,7668,2273,19663,24,24,2,1,0.399,CAUTION,PROFESSIONNEL,0
COMMERCE,Casablanca-Settat,22,INDEPENDANT,6431,2820,95916,120,0,3,0,0.383,HYPOTHEQUE,AUTO,0
COMMERCE,Béni Mellal-Khénifra,25,SALARIE_CDD,6372,3257,105650,60,4,4,0,0.591,HYPOTHEQUE,CONSOMMATION,1
INDUSTRIE,Oriental,22,INDEPENDANT,12471,4759,63386,36,0,1,0,0.354,AUCUNE,IMMOBILIER,1
INDUSTRIE,Drâa-Tafilalet,37,SALARIE_CDD,12718,3518,63835,60,17,2,0,0.251,CAUTION,CONSOMMATION,0
SERVICES,Tanger-Tétouan-Al Hoceïma,42,SALARIE_CDI,4787,1231,26894,60,22,2,1,0.299,AUCUNE,CONSOMMATION,0
INDUSTRIE,Rabat-Salé-Kénitra,45,INDEPENDANT,9555,4801,120728,84,24,2,0,0.447,HYPOTHEQUE,CONSOMMATION,0
INDUSTRIE,Tanger-Tétouan-Al Hoceïma,48,SALARIE_CDI,13360,7960,21770,12,28,2,0,0.626,AUCUNE,AUTO,0
SERVICES,Guelmim-Oued Noun,72,RETRAITE,6922,4430,11762,48,45,2,0,0.668,AUCUNE,IMMOBILIER,0
SERVICES,Dakhla-Oued Ed-Dahab,18,FONCTIONNAIRE,7367,4064,63634,36,0,5,2,0.548,AUCUNE,PROFESSIONNEL,1
COMMERCE,Marrakech-Safi,74,INDEPENDANT,11083,5002,24150,36,45,4,2,0.446,AUCUNE,CONSOMMATION,1
INDUSTRIE,Tanger-Tétouan-Al Hoceïma,33,SALARIE_CDI,11226,6535,14633,60,13,2,3,0.555,AUCUNE,PROFESSIONNEL,1
TECH,Laâyoune-Sakia El Hamra,78,SALARIE_CDD,9829,3389,67145,24,45,5,2,0.381,HYPOTHEQUE,CONSOMMATION,1
SERVICES,Fès-Meknès,26,INDEPENDANT,9085,5370,10099,24,4,2,0,0.572,HYPOTHEQUE,IMMOBILIER,1
COMMERCE,Marrakech-Safi,24,INDEPENDANT,9651,3524,49913,60,3,1,1,0.421,AUCUNE,PROFESSIONNEL,0
SERVICES,Guelmim-Oued Noun,25,INDEPENDANT,7151,3201,26565,12,4,3,1,0.505,AUCUNE,CONSOMMATION,1
COMMERCE,Souss-Massa,36,SALARIE_CDI,4900,1151,111408,36,14,1,5,0.162,CAUTION,IMMOBILIER,1
COMMERCE,Oriental,77,FONCTIONNAIRE,4022,1603,50016,84,45,0,1,0.332,AUCUNE,PROFESSIONNEL,0
COMMERCE,Souss-Massa,47,SALARIE_CDD,10594,3398,77010,36,25,3,0,0.311,AUCUNE,CONSOMMATION,0
INDUSTRIE,Béni Mellal-Khénifra,28,SALARIE_CDI,8507,2835,16999,36,9,1,1,0.286,HYPOTHEQUE,PROFESSIONNEL,1
COMMERCE,Fès-Meknès,58,FONCTIONNAIRE,9947,4467,11094,24,34,5,4,0.415,HYPOTHEQUE,AUTO,0
SERVICES,Drâa-Tafilalet,50,INDEPENDANT,5580,3297,28181,48,27,2,0,0.55,HYPOTHEQUE,CONSOMMATION,1
COMMERCE,Tanger-Tétouan-Al Hoceïma,62,FONCTIONNAIRE,8486,4777,55726,84,37,0,4,0.659,CAUTION,CONSOMMATION,1
INDUSTRIE,Oriental,64,SALARIE_CDI,8395,2724,38174,12,39,3,0,0.382,AUCUNE,AUTO,0
COMMERCE,Marrakech-Safi,67,INDEPENDANT,14408,7448,81270,60,41,2,0,0.475,HYPOTHEQUE,CONSOMMATION,0
INDUSTRIE,Casablanca-Settat,27,RETRAITE,11888,5038,53236,84,2,1,0,0.327,HYPOTHEQUE,PROFESSIONNEL,0
TECH,Oriental,49,SALARIE_CDD,5808,1883,17420,24,29,0,0,0.296,HYPOTHEQUE,PROFESSIONNEL,0
INDUSTRIE,Rabat-Salé-Kénitra,57,INDEPENDANT,10168,6142,50274,60,38,1,0,0.54,AUCUNE,PROFESSIONNEL,1
SERVICES,Laâyoune-Sakia El Hamra,53,INDEPENDANT,5790,1335,40960,36,29,3,0,0.266,NANTISSEMENT,IMMOBILIER,0
SERVICES,Dakhla-Oued Ed-Dahab,79,SALARIE_CDI,2500,1381,88396,12,45,2,0,0.555,AUCUNE,CONSOMMATION,0
SERVICES,Fès-Meknès,78,INDEPENDANT,17618,4512,18992,60,45,1,0,0.227,AUCUNE,CONSOMMATION,0
COMMERCE,Fès-Meknès,69,RETRAITE,6845,4081,22828,84,45,3,0,0.592,AUCUNE,PROFESSIONNEL,0
TECH,Oriental,33,INDEPENDANT,12936,6606,47946,60,9,2,1,0.453,NANTISSEMENT,IMMOBILIER,0
TECH,Marrakech-Safi,51,SALARIE_CDI,6017,2301,97699,12,32,2,0,0.371,CAUTION,CONSOMMATION,0
INDUSTRIE,Laâyoune-Sakia El Hamra,68,FONCTIONNAIRE,5635,1063,31586,48,41,1,3,0.27,AUCUNE,CONSOMMATION,0
SERVICES,Rabat-Salé-Kénitra,34,INDEPENDANT,6336,1521,55137,24,16,2,0,0.206,AUCUNE,PROFESSIONNEL,0
TECH,Souss-Massa,62,FONCTIONNAIRE,9079,2111,37222,60,36,2,0,0.237,HYPOTHEQUE,AUTO,0
SERVICES,Marrakech-Safi,33,SALARIE_CDI,8772,4656,35252,48,7,0,3,0.492,HYPOTHEQUE,AUTO,1
INDUSTRIE,Guelmim-Oued Noun,26,SALARIE_CDI,10137,4673,81334,60,2,4,0,0.421,HYPOTHEQUE,PROFESSIONNEL,0
TECH,Rabat-Salé-Kénitra,33,INDEPENDANT,6481,1677,39218,120,12,2,1,0.3,HYPOTHEQUE,CONSOMMATION,0
INDUSTRIE,Souss-Massa,76,SALARIE_CDD,8252,2755,26641,12,45,0,0,0.272,AUCUNE,PROFESSIONNEL,0
SERVICES,Laâyoune-Sakia El Hamra,80,RETRAITE,5545,1689,25561,24,45,1,1,0.295,AUCUNE,IMMOBILIER,0
SERVICES,Souss-Massa,71,SALARIE_CDD,15696,7475,29291,60,45,3,4,0.432,AUCUNE,IMMOBILIER,0
COMMERCE,Marrakech-Safi,35,INDEPENDANT,4486,1414,22372,120,10,3,0,0.384,AUCUNE,CONSOMMATION,1
SERVICES,Rabat-Salé-Kénitra,67,SALARIE_CDI,5598,2991,30744,12,45,1,1,0.5,HYPOTHEQUE,CONSOMMATION,0
COMMERCE,Béni Mellal-Khénifra,31,INDEPENDANT,6697,3332,37843,84,8,3,1,0.434,AUCUNE,CONSOMMATION,0
INDUSTRIE,Rabat-Salé-Kénitra,25,INDEPENDANT,23742,6441,44388,84,4,4,0,0.263,AUCUNE,CONSOMMATION,1
INDUSTRIE,Tanger-Tétouan-Al Hoceïma,34,SALARIE_CDD,11442,3569,18221,24,15,3,0,0.304,HYPOTHEQUE,CONSOMMATION,0
SERVICES,Béni Mellal-Khénifra,26,SALARIE_CDI,5519,2344,27054,84,2,0,0,0.479,AUCUNE,AUTO,1
TECH,Tanger-Tétouan-Al Hoceïma,58,INDEPENDANT,11731,7085,27997,60,34,4,0,0.577,HYPOTHEQUE,AUTO,1
INDUSTRIE,Guelmim-Oued Noun,61,INDEPENDANT,10220,2103,21283,12,42,4,1,0.227,CAUTION,PROFESSIONNEL,1
TECH,Drâa-Tafilalet,20,FONCTIONNAIRE,9165,3018,24207,12,0,1,0,0.279,CAUTION,IMMOBILIER,0
INDUSTRIE,Rabat-Salé-Kénitra,24,SALARIE_CDD,11082,4982,68221,36,6,4,0,0.504,AUCUNE,IMMOBILIER,1
SERVICES,Guelmim-Oued Noun,48,INDEPENDANT,8318,2597,94352,48,27,2,0,0.356,AUCUNE,AUTO,0
INDUSTRIE,Laâyoune-Sakia El Hamra,25,INDEPENDANT,8750,2579,29170,84,0,0,0,0.322,CAUTION,IMMOBILIER,0
COMMERCE,Marrakech-Safi,70,SALARIE_CDD,4029,1475,22077,12,45,5,0,0.408,HYPOTHEQUE,CONSOMMATION,0
INDUSTRIE,Tanger-Tétouan-Al Hoceïma,43,SALARIE_CDD,15512,3821,34307,60,19,5,0,0.259,AUCUNE,IMMOBILIER,1
TECH,Tanger-Tétouan-Al Hoceïma,44,SALARIE_CDI,6625,2993,38523,60,21,4,1,0.457,NANTISSEMENT,CONSOMMATION,0
AGRICULTURE,Souss-Massa,18,INDEPENDANT,4644,2736,58950,36,0,0,0,0.532,CAUTION,PROFESSIONNEL,1
TECH,Souss-Massa,62,INDEPENDANT,6458,3910,27516,24,40,5,1,0.572,AUCUNE,PROFESSIONNEL,1
COMMERCE,Laâyoune-Sakia El Hamra,63,SALARIE_CDD,6576,2536,24849,24,38,0,0,0.428,AUCUNE,IMMOBILIER,1
COMMERCE,Béni Mellal-Khénifra,65,SALARIE_CDI,5650,1676,202020,48,40,2,0,0.337,NANTISSEMENT,CONSOMMATION,0
COMMERCE,Laâyoune-Sakia El Hamra,52,SALARIE_CDI,11498,3923,14684,36,30,1,0,0.386,HYPOTHEQUE,IMMOBILIER,0
INDUSTRIE,Tanger-Tétouan-Al Hoceïma,34,SALARIE_CDI,12561,3318,68240,48,9,3,0,0.243,AUCUNE,PROFESSIONNEL,0
TECH,Oriental,22,RETRAITE,3356,1508,103033,12,0,1,2,0.533,AUCUNE,PROFESSIONNEL,1
TECH,Rabat-Salé-Kénitra,37,INDEPENDANT,6428,1397,30404,60,15,2,4,0.209,AUCUNE,CONSOMMATION,1
SERVICES,Fès-Meknès,52,SALARIE_CDD,6638,2052,49412,120,26,5,0,0.332,CAUTION,CONSOMMATION,1
AGRICULTURE,Béni Mellal-Khénifra,25,SALARIE_CDI,7499,1764,11229,24,6,3,4,0.374,CAUTION,PROFESSIONNEL,1
TECH,Marrakech-Safi,21,SALARIE_CDI,17463,4412,36953,60,0,2,0,0.227,CAUTION,IMMOBILIER,0
INDUSTRIE,Dakhla-Oued Ed-Dahab,31,INDEPENDANT,5619,2729,81769,84,8,1,1,0.522,NANTISSEMENT,CONSOMMATION,1
AGRICULTURE,Fès-Meknès,22,SALARIE_CDI,16368,10580,39511,48,0,0,0,0.571,CAUTION,PROFESSIONNEL,0
SERVICES,Rabat-Salé-Kénitra,18,SALARIE_CDI,7587,3700,37300,36,0,5,1,0.469,AUCUNE,IMMOBILIER,1
SERVICES,Guelmim-Oued Noun,48,RETRAITE,16437,4472,122268,120,30,3,2,0.302,AUCUNE,PROFESSIONNEL,0
INDUSTRIE,Rabat-Salé-Kénitra,64,FONCTIONNAIRE,7045,2493,64432,60,45,5,2,0.323,AUCUNE,CONSOMMATION,0
COMMERCE,Fès-Meknès,49,INDEPENDANT,6683,3101,59622,36,30,4,2,0.466,AUCUNE,AUTO,1
INDUSTRIE,Marrakech-Safi,23,SALARIE_CDI,8021,4682,20591,24,0,0,0,0.595,HYPOTHEQUE,PROFESSIONNEL,1
AGRICULTURE,Drâa-Tafilalet,39,SALARIE_CDI,14494,7350,6559,120,14,5,2,0.515,CAUTION,PROFESSIONNEL,0
SERVICES,Laâyoune-Sakia El Hamra,20,INDEPENDANT,8701,1938,47152,84,0,4,0,0.112,HYPOTHEQUE,IMMOBILIER,1
INDUSTRIE,Marrakech-Safi,57,INDEPENDANT,8903,4024,36457,120,32,3,0,0.564,CAUTION,AUTO,0
COMMERCE,Tanger-Tétouan-Al Hoceïma,32,INDEPENDANT,10791,2683,61931,84,12,3,0,0.193,AUCUNE,PROFESSIONNEL,1
SERVICES,Souss-Massa,42,FONCTIONNAIRE,5454,1839,39627,12,20,0,0,0.297,AUCUNE,CONSOMMATION,0
TECH,Drâa-Tafilalet,74,SALARIE_CDI,9429,5963,37461,84,45,3,1,0.551,AUCUNE,AUTO,0
INDUSTRIE,Tanger-Tétouan-Al Hoceïma,54,FONCTIONNAIRE,6108,3641,37104,120,31,0,1,0.545,AUCUNE,CONSOMMATION,0
AGRICULTURE,Oriental,66,SALARIE_CDI,15710,4373,16701,12,41,4,0,0.275,AUCUNE,PROFESSIONNEL,0
COMMERCE,Oriental,40,SALARIE_CDI,9783,5031,9981,84,20,5,2,0.563,HYPOTHEQUE,IMMOBILIER,1
SERVICES,Casablanca-Settat,76,FONCTIONNAIRE,11067,3483,19537,84,45,2,0,0.283,CAUTION,IMMOBILIER,0
SERVICES,Oriental,63,SALARIE_CDI,3237,498,16784,36,42,4,2,0.159,CAUTION,CONSOMMATION,0
SERVICES,Oriental,50,SALARIE_CDI,11137,6404,35170,120,24,3,1,0.589,CAUTION,CONSOMMATION,0
AGRICULTURE,Dakhla-Oued Ed-Dahab,54,SALARIE_CDI,7481,4199,11578,36,36,0,0,0.503,AUCUNE,CONSOMMATION,0
COMMERCE,Oriental,57,SALARIE_CDI,4244,1261,26027,36,32,2,1,0.202,AUCUNE,PROFESSIONNEL,0
INDUSTRIE,Laâyoune-Sakia El Hamra,28,INDEPENDANT,8457,4533,140171,12,10,4,0,0.486,HYPOTHEQUE,PROFESSIONNEL,1
SERVICES,Tanger-Tétouan-Al Hoceïma,33,RETRAITE,4092,678,34468,36,11,5,0,0.23,NANTISSEMENT,IMMOBILIER,1
TECH,Drâa-Tafilalet,61,SALARIE_CDI,10668,4479,37558,84,37,0,4,0.377,HYPOTHEQUE,PROFESSIONNEL,0
SERVICES,Laâyoune-Sakia El Hamra,45,SALARIE_CDI,15449,9900,36712,48,23,3,0,0.601,CAUTION,CONSOMMATION,0
COMMERCE,Rabat-Salé-Kénitra,67,INDEPENDANT,3620,1970,42123,36,44,2,2,0.558,CAUTION,PROFESSIONNEL,0
TECH,Oriental,51,SALARIE_CDI,7994,3500,25122,84,27,1,2,0.466,HYPOTHEQUE,CONSOMMATION,0
INDUSTRIE,Dakhla-Oued Ed-Dahab,22,INDEPENDANT,7524,2505,32351,36,0,0,2,0.272,AUCUNE,PROFESSIONNEL,0
COMMERCE,Oriental,59,SALARIE_CDI,3310,1713,24850,36,41,2,0,0.551,CAUTION,IMMOBILIER,1
SERVICES,Laâyoune-Sakia El Hamra,56,FONCTIONNAIRE,12240,7806,12771,48,35,5,2,0.659,HYPOTHEQUE,CONSOMMATION,1
INDUSTRIE,Souss-Massa,40,SALARIE_CDI,10738,2642,82544,12,17,5,0,0.213,NANTISSEMENT,PROFESSIONNEL,1
AGRICULTURE,Laâyoune-Sakia El Hamra,67,INDEPENDANT,20166,3524,19584,48,41,2,3,0.077,HYPOTHEQUE,AUTO,0
COMMERCE,Béni Mellal-Khénifra,40,FONCTIONNAIRE,10130,3430,111348,84,16,5,0,0.374,NANTISSEMENT,PROFESSIONNEL,0
TECH,Souss-Massa,25,SALARIE_CDI,5456,2228,21262,24,4,0,1,0.422,HYPOTHEQUE,CONSOMMATION,1
COMMERCE,Marrakech-Safi,25,SALARIE_CDD,10213,2784,14031,48,0,4,0,0.278,NANTISSEMENT,PROFESSIONNEL,0
SERVICES,Marrakech-Safi,74,FONCTIONNAIRE,14446,6620,140805,12,45,4,1,0.385,HYPOTHEQUE,AUTO,1
TECH,Fès-Meknès,41,RETRAITE,6574,1991,12891,84,15,2,5,0.412,AUCUNE,IMMOBILIER,1
COMMERCE,Guelmim-Oued Noun,44,SALARIE_CDD,11892,7622,7441,60,21,2,0,0.586,HYPOTHEQUE,PROFESSIONNEL,0
SERVICES,Souss-Massa,37,SALARIE_CDI,2808,794,13194,84,12,1,0,0.251,AUCUNE,PROFESSIONNEL,1
INDUSTRIE,Tanger-Tétouan-Al Hoceïma,64,FONCTIONNAIRE,15737,8679,32974,48,41,3,1,0.596,CAUTION,CONSOMMATION,0
COMMERCE,Souss-Massa,56,SALARIE_CDI,11616,7345,14236,60,31,4,0,0.633,CAUTION,CONSOMMATION,1
TECH,Tanger-Tétouan-Al Hoceïma,74,INDEPENDANT,2579,1031,24494,84,45,5,0,0.405,CAUTION,IMMOBILIER,0
SERVICES,Guelmim-Oued Noun,74,INDEPENDANT,9626,2403,8748,36,45,2,4,0.185,CAUTION,CONSOMMATION,0
TECH,Tanger-Tétouan-Al Hoceïma,80,SALARIE_CDI,3315,1973,77748,36,45,1,0,0.527,AUCUNE,AUTO,1
INDUSTRIE,Souss-Massa,38,FONCTIONNAIRE,6155,2161,48723,36,16,4,3,0.366,CAUTION,CONSOMMATION,1
SERVICES,Oriental,54,FONCTIONNAIRE,10998,4642,14971,36,27,3,0,0.398,HYPOTHEQUE,AUTO,1
SERVICES,Béni Mellal-Khénifra,39,SALARIE_CDI,7622,1330,7181,60,16,4,1,0.266,CAUTION,IMMOBILIER,1
TECH,Tanger-Tétouan-Al Hoceïma,62,FONCTIONNAIRE,14264,4622,19290,120,40,0,0,0.262,HYPOTHEQUE,PROFESSIONNEL,0
INDUSTRIE,Casablanca-Settat,65,SALARIE_CDD,8339,3569,57247,24,44,2,1,0.405,HYPOTHEQUE,CONSOMMATION,0
COMMERCE,Drâa-Tafilalet,33,SALARIE_CDD,7968,3956,77165,24,15,5,1,0.503,HYPOTHEQUE,CONSOMMATION,1
SERVICES,Oriental,72,FONCTIONNAIRE,13284,8310,30794,12,45,0,0,0.6,CAUTION,CONSOMMATION,0
COMMERCE,Béni Mellal-Khénifra,36,FONCTIONNAIRE,6961,3075,25565,36,13,1,0,0.399,AUCUNE,AUTO,1
TECH,Oriental,79,INDEPENDANT,8012,2289,24222,84,45,3,1,0.287,AUCUNE,AUTO,0
INDUSTRIE,Oriental,71,SALARIE_CDD,8502,3644,44938,36,45,2,0,0.527,CAUTION,PROFESSIONNEL,0
AGRICULTURE,Dakhla-Oued Ed-Dahab,19,INDEPENDANT,7861,1458,67310,12,0,3,0,0.15,HYPOTHEQUE,IMMOBILIER,0
SERVICES,Casablanca-Settat,43,SALARIE_CDD,13658,3060,32853,24,21,4,0,0.141,HYPOTHEQUE,CONSOMMATION,0
SERVICES,Rabat-Salé-Kénitra,42,FONCTIONNAIRE,6003,1956,27953,24,19,3,0,0.351,CAUTION,PROFESSIONNEL,0
COMMERCE,Dakhla-Oued Ed-Dahab,69,SALARIE_CDI,5577,899,62725,24,45,5,0,0.141,AUCUNE,PROFESSIONNEL,0
COMMERCE,Laâyoune-Sakia El Hamra,63,FONCTIONNAIRE,5025,943,103369,84,39,3,1,0.134,CAUTION,AUTO,0
SERVICES,Tanger-Tétouan-Al Hoceïma,21,SALARIE_CDD,3091,475,29714,120,0,2,2,0.183,CAUTION,CONSOMMATION,0
COMMERCE,Oriental,70,SALARIE_CDI,15799,3806,38540,48,45,3,0,0.262,HYPOTHEQUE,PROFESSIONNEL,0
INDUSTRIE,Souss-Massa,31,SALARIE_CDI,5403,3041,21461,12,7,0,1,0.527,CAUTION,CONSOMMATION,0
COMMERCE,Dakhla-Oued Ed-Dahab,41,FONCTIONNAIRE,7278,2370,38415,120,21,4,0,0.24,HYPOTHEQUE,AUTO,1
COMMERCE,Souss-Massa,28,SALARIE_CDI,16335,9821,18985,60,4,3,0,0.645,HYPOTHEQUE,AUTO,0
AGRICULTURE,Guelmim-Oued Noun,27,SALARIE_CDD,7602,4504,98253,84,9,3,1,0.556,AUCUNE,CONSOMMATION,0
INDUSTRIE,Tanger-Tétouan-Al Hoceïma,51,SALARIE_CDD,10214,5942,67528,12,29,0,0,0.593,NANTISSEMENT,IMMOBILIER,0
COMMERCE,Tanger-Tétouan-Al Hoceïma,23,FONCTIONNAIRE,4276,1094,122506,24,1,0,1,0.247,HYPOTHEQUE,IMMOBILIER,0
COMMERCE,Drâa-Tafilalet,23,RETRAITE,15203,4883,24538,24,2,2,2,0.345,CAUTION,CONSOMMATION,1
INDUSTRIE,Tanger-Tétouan-Al Hoceïma,67,INDEPENDANT,7672,2947,154702,120,41,0,1,0.394,HYPOTHEQUE,CONSOMMATION,0
SERVICES,Casablanca-Settat,39,RETRAITE,5124,1874,43096,84,13,2,0,0.43,AUCUNE,PROFESSIONNEL,1
AGRICULTURE,Marrakech-Safi,58,RETRAITE,5123,973,33069,84,33,5,0,0.222,CAUTION,IMMOBILIER,1
SERVICES,Laâyoune-Sakia El Hamra,80,SALARIE_CDI,17335,4671,87611,60,45,2,3,0.17,CAUTION,PROFESSIONNEL,1
TECH,Tanger-Tétouan-Al Hoceïma,21,SALARIE_CDI,6224,2864,17777,36,0,4,1,0.441,CAUTION,PROFESSIONNEL,1
SERVICES,Rabat-Salé-Kénitra,68,SALARIE_CDI,5175,2527,37177,36,45,2,0,0.495,CAUTION,CONSOMMATION,0
TECH,Dakhla-Oued Ed-Dahab,24,SALARIE_CDI,6668,2216,32550,12,0,2,0,0.311,CAUTION,PROFESSIONNEL,0
SERVICES,Dakhla-Oued Ed-Dahab,65,INDEPENDANT,8270,2469,48644,24,41,4,2,0.357,AUCUNE,PROFESSIONNEL,1
AGRICULTURE,Souss-Massa,37,INDEPENDANT,8676,3844,26620,60,18,5,0,0.465,AUCUNE,CONSOMMATION,0
COMMERCE,Béni Mellal-Khénifra,26,FONCTIONNAIRE,9897,4768,24895,36,4,1,1,0.386,HYPOTHEQUE,CONSOMMATION,1
SERVICES,Guelmim-Oued Noun,32,INDEPENDANT,9006,4552,27820,48,9,5,1,0.487,HYPOTHEQUE,PROFESSIONNEL,1
COMMERCE,Casablanca-Settat,40,INDEPENDANT,10842,6023,29634,120,19,3,0,0.556,CAUTION,PROFESSIONNEL,1
COMMERCE,Fès-Meknès,63,SALARIE_CDD,7167,3167,38371,12,45,1,2,0.402,CAUTION,CONSOMMATION,0
INDUSTRIE,Oriental,60,SALARIE_CDI,20588,6988,89465,84,41,1,1,0.373,AUCUNE,CONSOMMATION,0
SERVICES,Oriental,63,RETRAITE,6504,2107,8026,120,36,0,1,0.351,NANTISSEMENT,CONSOMMATION,1
TECH,Fès-Meknès,19,FONCTIONNAIRE,14892,2490,62099,120,0,3,1,0.186,HYPOTHEQUE,AUTO,0
TECH,Casablanca-Settat,79,SALARIE_CDD,6188,2216,26094,24,45,0,3,0.394,CAUTION,CONSOMMATION,1
INDUSTRIE,Dakhla-Oued Ed-Dahab,45,SALARIE_CDI,4262,2491,32041,36,18,2,0,0.651,CAUTION,AUTO,0
TECH,Béni Mellal-Khénifra,25,INDEPENDANT,3827,1775,16972,60,0,0,2,0.505,AUCUNE,CONSOMMATION,1
SERVICES,Guelmim-Oued Noun,76,INDEPENDANT,9291,4149,37508,48,45,1,0,0.487,HYPOTHEQUE,IMMOBILIER,0
SERVICES,Souss-Massa,67,FONCTIONNAIRE,13669,3580,27613,60,44,2,2,0.261,AUCUNE,CONSOMMATION,0
COMMERCE,Oriental,23,RETRAITE,4827,2163,31025,60,0,3,2,0.419,AUCUNE,CONSOMMATION,1
SERVICES,Souss-Massa,45,SALARIE_CDD,5460,1312,54622,24,18,4,5,0.343,AUCUNE,CONSOMMATION,1
SERVICES,Souss-Massa,75,RETRAITE,9641,3090,56656,120,45,1,1,0.341,AUCUNE,AUTO,1
COMMERCE,Drâa-Tafilalet,61,FONCTIONNAIRE,8094,3580,98124,12,34,1,0,0.394,CAUTION,AUTO,0
INDUSTRIE,Dakhla-Oued Ed-Dahab,30,INDEPENDANT,6226,1075,23990,60,4,2,3,0.169,HYPOTHEQUE,CONSOMMATION,1
SERVICES,Guelmim-Oued Noun,62,INDEPENDANT,4557,1393,58551,120,38,2,1,0.288,HYPOTHEQUE,PROFESSIONNEL,0
COMMERCE,Drâa-Tafilalet,29,INDEPENDANT,9312,1809,56582,12,2,2,1,0.236,AUCUNE,CONSOMMATION,0
COMMERCE,Casablanca-Settat,40,SALARIE_CDI,10871,2522,38617,36,18,0,1,0.216,HYPOTHEQUE,IMMOBILIER,1
TECH,Oriental,30,INDEPENDANT,10110,3297,118161,48,10,5,0,0.249,CAUTION,IMMOBILIER,1
COMMERCE,Dakhla-Oued Ed-Dahab,61,FONCTIONNAIRE,8200,4071,23230,36,34,1,1,0.526,NANTISSEMENT,CONSOMMATION,1
COMMERCE,Tanger-Tétouan-Al Hoceïma,76,SALARIE_CDI,5039,1430,40362,120,45,4,5,0.257,HYPOTHEQUE,IMMOBILIER,1
SERVICES,Oriental,20,FONCTIONNAIRE,9335,1494,44957,12,0,3,1,0.045,CAUTION,IMMOBILIER,0
TECH,Fès-Meknès,56,SALARIE_CDD,9027,3155,15701,84,30,3,2,0.395,CAUTION,AUTO,0
SERVICES,Marrakech-Safi,33,FONCTIONNAIRE,4488,1169,88032,12,14,5,1,0.195,HYPOTHEQUE,CONSOMMATION,0
SERVICES,Drâa-Tafilalet,65,SALARIE_CDD,7072,3813,33704,120,39,0,1,0.49,AUCUNE,AUTO,0
TECH,Fès-Meknès,26,SALARIE_CDI,9556,5361,49320,120,2,2,1,0.565,HYPOTHEQUE,CONSOMMATION,0
TECH,Béni Mellal-Khénifra,41,SALARIE_CDI,7823,3798,109734,84,15,1,5,0.493,HYPOTHEQUE,AUTO,0
COMMERCE,Béni Mellal-Khénifra,30,INDEPENDANT,3353,1531,42214,84,10,5,1,0.429,CAUTION,IMMOBILIER,1
SERVICES,Laâyoune-Sakia El Hamra,73,SALARIE_CDI,6074,3130,37356,24,45,0,0,0.534,AUCUNE,IMMOBILIER,0
SERVICES,Dakhla-Oued Ed-Dahab,23,FONCTIONNAIRE,5895,1992,38044,24,4,1,0,0.38,AUCUNE,CONSOMMATION,1
COMMERCE,Oriental,54,FONCTIONNAIRE,10422,4956,17972,24,34,3,0,0.43,HYPOTHEQUE,PROFESSIONNEL,0
TECH,Casablanca-Settat,25,SALARIE_CDI,26089,9388,27822,36,2,0,1,0.363,AUCUNE,CONSOMMATION,0
COMMERCE,Oriental,55,SALARIE_CDI,8607,3141,32663,36,32,0,0,0.371,HYPOTHEQUE,PROFESSIONNEL,0
SERVICES,Laâyoune-Sakia El Hamra,66,SALARIE_CDD,4726,2573,38900,24,40,5,3,0.604,CAUTION,IMMOBILIER,1
SERVICES,Souss-Massa,65,INDEPENDANT,7538,4112,95325,12,45,0,0,0.556,AUCUNE,PROFESSIONNEL,1
COMMERCE,Oriental,20,RETRAITE,8142,2852,69591,84,0,1,2,0.258,AUCUNE,IMMOBILIER,1
COMMERCE,Guelmim-Oued Noun,66,SALARIE_CDD,11390,7046,24068,60,43,2,3,0.734,CAUTION,IMMOBILIER,1
SERVICES,Souss-Massa,36,SALARIE_CDI,14171,5963,35724,84,12,2,5,0.426,HYPOTHEQUE,IMMOBILIER,1
SERVICES,Tanger-Tétouan-Al Hoceïma,60,FONCTIONNAIRE,15153,5964,96814,36,42,4,0,0.406,AUCUNE,IMMOBILIER,0
SERVICES,Souss-Massa,78,SALARIE_CDD,10319,4136,10864,84,45,1,0,0.395,CAUTION,CONSOMMATION,0
SERVICES,Laâyoune-Sakia El Hamra,25,SALARIE_CDD,8100,4371,30970,24,3,2,2,0.553,AUCUNE,PROFESSIONNEL,1
COMMERCE,Souss-Massa,40,SALARIE_CDD,15796,10011,14555,84,17,3,3,0.655,CAUTION,IMMOBILIER,1
SERVICES,Fès-Meknès,72,FONCTIONNAIRE,6930,3431,200870,24,45,0,0,0.533,CAUTION,CONSOMMATION,1
COMMERCE,Béni Mellal-Khénifra,26,SALARIE_CDI,8304,2663,62355,48,7,2,0,0.312,AUCUNE,AUTO,1
TECH,Drâa-Tafilalet,34,INDEPENDANT,7262,2966,25658,120,10,3,0,0.288,HYPOTHEQUE,CONSOMMATION,1
AGRICULTURE,Laâyoune-Sakia El Hamra,52,SALARIE_CDD,3105,943,35417,12,32,1,0,0.281,NANTISSEMENT,PROFESSIONNEL,1
AGRICULTURE,Laâyoune-Sakia El Hamra,80,SALARIE_CDI,14361,6848,20430,84,45,2,2,0.465,CAUTION,IMMOBILIER,0
SERVICES,Guelmim-Oued Noun,36,RETRAITE,10982,7134,146379,48,17,3,3,0.615,CAUTION,AUTO,0
SERVICES,Guelmim-Oued Noun,42,SALARIE_CDD,2789,1625,7294,36,16,5,0,0.528,HYPOTHEQUE,IMMOBILIER,1
INDUSTRIE,Souss-Massa,68,SALARIE_CDI,12718,4914,45671,120,44,3,4,0.362,CAUTION,CONSOMMATION,0
COMMERCE,Tanger-Tétouan-Al Hoceïma,25,SALARIE_CDI,7069,2270,34551,84,7,0,1,0.363,AUCUNE,IMMOBILIER,1
SERVICES,Oriental,38,INDEPENDANT,12643,4758,17674,84,19,4,0,0.391,HYPOTHEQUE,AUTO,0
INDUSTRIE,Drâa-Tafilalet,37,FONCTIONNAIRE,8384,2583,30458,120,13,4,0,0.24,NANTISSEMENT,PROFESSIONNEL,0
INDUSTRIE,Oriental,43,FONCTIONNAIRE,4399,2841,11678,84,19,2,0,0.557,CAUTION,IMMOBILIER,0
SERVICES,Marrakech-Safi,54,SALARIE_CDI,8200,2058,108975,84,27,4,0,0.162,AUCUNE,CONSOMMATION,0
COMMERCE,Casablanca-Settat,31,SALARIE_CDI,5408,3001,36973,24,4,0,0,0.566,CAUTION,CONSOMMATION,1
COMMERCE,Casablanca-Settat,42,SALARIE_CDD,4674,1669,68909,36,16,5,3,0.281,NANTISSEMENT,CONSOMMATION,1
COMMERCE,Souss-Massa,75,SALARIE_CDD,11970,5696,25869,36,45,0,0,0.47,CAUTION,AUTO,0
AGRICULTURE,Guelmim-Oued Noun,70,SALARIE_CDD,9664,5909,93080,24,45,5,3,0.643,CAUTION,PROFESSIONNEL,0
SERVICES,Guelmim-Oued Noun,78,FONCTIONNAIRE,15897,7091,37210,36,45,1,0,0.465,CAUTION,PROFESSIONNEL,0
SERVICES,Guelmim-Oued Noun,60,INDEPENDANT,6785,3110,76961,84,41,2,0,0.44,CAUTION,IMMOBILIER,1
INDUSTRIE,Drâa-Tafilalet,54,FONCTIONNAIRE,5254,883,54025,60,31,1,1,0.245,NANTISSEMENT,PROFESSIONNEL,0
COMMERCE,Casablanca-Settat,31,FONCTIONNAIRE,10802,2316,35471,12,13,4,4,0.183,AUCUNE,AUTO,1
COMMERCE,Laâyoune-Sakia El Hamra,28,FONCTIONNAIRE,5568,2340,73114,60,3,3,0,0.426,AUCUNE,AUTO,0
SERVICES,Dakhla-Oued Ed-Dahab,51,SALARIE_CDI,7047,2363,679950,36,26,2,0,0.315,CAUTION,CONSOMMATION,1
AGRICULTURE,Laâyoune-Sakia El Hamra,43,FONCTIONNAIRE,10263,4665,16452,12,16,4,1,0.443,AUCUNE,PROFESSIONNEL,0
INDUSTRIE,Souss-Massa,67,SALARIE_CDI,7657,2620,33369,12,45,5,4,0.382,CAUTION,IMMOBILIER,1
INDUSTRIE,Marrakech-Safi,18,INDEPENDANT,6503,1544,14683,12,0,2,0,0.268,AUCUNE,IMMOBILIER,0
COMMERCE,Laâyoune-Sakia El Hamra,74,SALARIE_CDD,4310,2364,48548,24,45,4,1,0.456,CAUTION,IMMOBILIER,0
AGRICULTURE,Marrakech-Safi,28,FONCTIONNAIRE,12352,7072,42533,60,10,5,0,0.52,CAUTION,AUTO,1
COMMERCE,Guelmim-Oued Noun,42,INDEPENDANT,6865,4353,141472,36,20,0,0,0.674,AUCUNE,IMMOBILIER,0
AGRICULTURE,Dakhla-Oued Ed-Dahab,40,SALARIE_CDD,10702,2679,30344,120,13,1,0,0.183,NANTISSEMENT,CONSOMMATION,0
SERVICES,Laâyoune-Sakia El Hamra,76,SALARIE_CDI,10084,3083,70707,36,45,1,1,0.253,AUCUNE,PROFESSIONNEL,0
COMMERCE,Oriental,63,INDEPENDANT,13241,3845,8470,12,42,3,3,0.306,AUCUNE,CONSOMMATION,1
TECH,Laâyoune-Sakia El Hamra,20,SALARIE_CDD,7288,4483,40386,12,0,5,0,0.662,AUCUNE,CONSOMMATION,1
COMMERCE,Guelmim-Oued Noun,71,SALARIE_CDD,6929,3109,19754,24,44,5,1,0.489,HYPOTHEQUE,IMMOBILIER,1
INDUSTRIE,Dakhla-Oued Ed-Dahab,60,SALARIE_CDI,4921,3008,54973,60,37,3,1,0.529,CAUTION,PROFESSIONNEL,0
AGRICULTURE,Tanger-Tétouan-Al Hoceïma,22,SALARIE_CDD,6347,3778,81302,48,1,5,0,0.58,AUCUNE,IMMOBILIER,0
SERVICES,Béni Mellal-Khénifra,67,FONCTIONNAIRE,9448,2576,23862,120,41,4,0,0.252,HYPOTHEQUE,CONSOMMATION,0
INDUSTRIE,Guelmim-Oued Noun,20,INDEPENDANT,5610,2042,53019,12,0,4,3,0.332,CAUTION,AUTO,1
TECH,Marrakech-Safi,44,INDEPENDANT,9340,3333,28287,12,23,5,0,0.277,AUCUNE,PROFESSIONNEL,0
AGRICULTURE,Marrakech-Safi,28,FONCTIONNAIRE,15682,6170,37538,48,8,4,0,0.46,HYPOTHEQUE,CONSOMMATION,0
AGRICULTURE,Tanger-Tétouan-Al Hoceïma,18,INDEPENDANT,6632,4303,48433,60,0,0,0,0.642,CAUTION,PROFESSIONNEL,0
AGRICULTURE,Tanger-Tétouan-Al Hoceïma,53,INDEPENDANT,4485,1062,17983,36,31,3,1,0.186,AUCUNE,AUTO,0
SERVICES,Guelmim-Oued Noun,61,SALARIE_CDI,6728,3608,18045,24,34,0,0,0.553,CAUTION,CONSOMMATION,1
AGRICULTURE,Dakhla-Oued Ed-Dahab,48,FONCTIONNAIRE,4272,1127,66642,48,29,0,4,0.254,NANTISSEMENT,AUTO,1
INDUSTRIE,Rabat-Salé-Kénitra,39,SALARIE_CDI,14771,7676,22603,60,16,5,1,0.56,AUCUNE,CONSOMMATION,0
COMMERCE,Fès-Meknès,50,SALARIE_CDI,8418,2116,88946,48,28,4,0,0.225,CAUTION,CONSOMMATION,0
INDUSTRIE,Dakhla-Oued Ed-Dahab,27,INDEPENDANT,5838,2414,10482,24,8,3,0,0.39,AUCUNE,IMMOBILIER,0
TECH,Béni Mellal-Khénifra,21,INDEPENDANT,6298,3048,69894,12,0,5,3,0.484,AUCUNE,CONSOMMATION,1
COMMERCE,Marrakech-Safi,27,INDEPENDANT,4760,1742,36526,120,9,4,1,0.399,HYPOTHEQUE,IMMOBILIER,0
TECH,Béni Mellal-Khénifra,21,SALARIE_CDD,12772,8086,34013,36,3,3,1,0.583,HYPOTHEQUE,CONSOMMATION,1
SERVICES,Laâyoune-Sakia El Hamra,66,SALARIE_CDI,18522,9312,40262,12,39,2,0,0.431,NANTISSEMENT,CONSOMMATION,0
SERVICES,Tanger-Tétouan-Al Hoceïma,56,SALARIE_CDI,4137,946,13199,36,36,1,0,0.253,HYPOTHEQUE,IMMOBILIER,0
INDUSTRIE,Souss-Massa,29,SALARIE_CDI,12958,4355,79654,24,6,1,1,0.349,HYPOTHEQUE,IMMOBILIER,1
SERVICES,Béni Mellal-Khénifra,53,SALARIE_CDD,7254,2227,26871,24,34,2,0,0.308,AUCUNE,PROFESSIONNEL,1
COMMERCE,Laâyoune-Sakia El Hamra,48,FONCTIONNAIRE,14334,4268,20252,60,28,0,2,0.301,AUCUNE,AUTO,0
INDUSTRIE,Oriental,25,FONCTIONNAIRE,3550,908,165245,60,0,0,3,0.256,CAUTION,AUTO,1
COMMERCE,Dakhla-Oued Ed-Dahab,79,SALARIE_CDI,8968,2178,28447,60,45,1,3,0.309,AUCUNE,CONSOMMATION,1
SERVICES,Guelmim-Oued Noun,77,SALARIE_CDI,6744,3946,19840,120,45,2,0,0.595,CAUTION,PROFESSIONNEL,0
SERVICES,Souss-Massa,65,SALARIE_CDI,10901,7028,64154,48,38,0,0,0.634,NANTISSEMENT,PROFESSIONNEL,0
COMMERCE,Souss-Massa,68,INDEPENDANT,8329,1916,43671,84,41,1,1,0.177,HYPOTHEQUE,PROFESSIONNEL,0
INDUSTRIE,Drâa-Tafilalet,52,SALARIE_CDI,8185,4466,73640,24,25,5,0,0.525,AUCUNE,CONSOMMATION,1
SERVICES,Casablanca-Settat,68,SALARIE_CDI,7726,2038,38499,60,45,3,1,0.291,AUCUNE,PROFESSIONNEL,0
SERVICES,Marrakech-Safi,51,SALARIE_CDD,16367,6724,70869,60,31,5,0,0.447,AUCUNE,PROFESSIONNEL,0
SERVICES,Marrakech-Safi,28,SALARIE_CDI,7490,1862,152775,36,3,1,0,0.175,AUCUNE,IMMOBILIER,1
COMMERCE,Guelmim-Oued Noun,28,SALARIE_CDD,11955,3414,21365,120,5,4,0,0.329,CAUTION,PROFESSIONNEL,1
SERVICES,Guelmim-Oued Noun,71,INDEPENDANT,10752,3821,26338,120,45,0,1,0.348,AUCUNE,CONSOMMATION,1
INDUSTRIE,Guelmim-Oued Noun,46,SALARIE_CDI,12088,6074,11827,60,20,0,2,0.619,AUCUNE,IMMOBILIER,1
COMMERCE,Rabat-Salé-Kénitra,63,SALARIE_CDI,5133,1987,47382,24,37,0,0,0.447,CAUTION,IMMOBILIER,0
COMMERCE,Fès-Meknès,27,SALARIE_CDI,11139,6182,39640,24,2,3,0,0.545,CAUTION,IMMOBILIER,1
COMMERCE,Fès-Meknès,46,SALARIE_CDI,9429,1870,87898,60,24,0,0,0.139,CAUTION,CONSOMMATION,0
SERVICES,Casablanca-Settat,23,INDEPENDANT,4745,2068,35595,120,0,1,4,0.383,CAUTION,IMMOBILIER,1
AGRICULTURE,Fès-Meknès,31,FONCTIONNAIRE,7364,1497,34237,24,12,4,0,0.175,AUCUNE,CONSOMMATION,0
INDUSTRIE,Souss-Massa,24,SALARIE_CDD,22752,4753,41648,60,0,0,0,0.297,CAUTION,CONSOMMATION,1
INDUSTRIE,Laâyoune-Sakia El Hamra,31,FONCTIONNAIRE,6793,2068,30825,60,5,5,1,0.287,AUCUNE,PROFESSIONNEL,1
AGRICULTURE,Marrakech-Safi,56,SALARIE_CDI,6868,1391,46987,60,30,0,0,0.212,CAUTION,CONSOMMATION,0
COMMERCE,Laâyoune-Sakia El Hamra,18,SALARIE_CDD,9925,5337,42553,24,0,4,0,0.529,HYPOTHEQUE,CONSOMMATION,0
COMMERCE,Guelmim-Oued Noun,30,SALARIE_CDI,6353,2565,52958,24,6,4,3,0.392,HYPOTHEQUE,PROFESSIONNEL,1
AGRICULTURE,Rabat-Salé-Kénitra,61,INDEPENDANT,8632,4077,30961,48,43,5,1,0.45,CAUTION,CONSOMMATION,0
SERVICES,Fès-Meknès,27,INDEPENDANT,6621,1179,53373,36,5,2,0,0.249,AUCUNE,CONSOMMATION,1
TECH,Souss-Massa,53,SALARIE_CDI,9712,2548,55937,60,30,0,1,0.304,CAUTION,PROFESSIONNEL,0
COMMERCE,Dakhla-Oued Ed-Dahab,72,INDEPENDANT,7881,3244,28899,48,45,3,1,0.338,CAUTION,AUTO,0
INDUSTRIE,Guelmim-Oued Noun,67,SALARIE_CDI,19504,3725,34298,60,41,5,0,0.106,AUCUNE,PROFESSIONNEL,0
SERVICES,Dakhla-Oued Ed-Dahab,25,SALARIE_CDI,8273,1905,32108,60,0,4,4,0.269,HYPOTHEQUE,PROFESSIONNEL,0
SERVICES,Fès-Meknès,27,SALARIE_CDI,7331,1180,15384,120,8,3,0,0.213,AUCUNE,CONSOMMATION,1
AGRICULTURE,Laâyoune-Sakia El Hamra,62,SALARIE_CDI,12878,7801,25847,36,43,2,0,0.558,CAUTION,PROFESSIONNEL,1
SERVICES,Dakhla-Oued Ed-Dahab,39,SALARIE_CDI,4333,1584,61848,36,13,1,0,0.342,CAUTION,AUTO,1
SERVICES,Béni Mellal-Khénifra,44,INDEPENDANT,17349,2993,65665,60,21,0,0,0.226,HYPOTHEQUE,CONSOMMATION,0
COMMERCE,Rabat-Salé-Kénitra,48,SALARIE_CDI,5194,1975,46027,48,22,0,1,0.411,CAUTION,CONSOMMATION,1
TECH,Fès-Meknès,54,SALARIE_CDD,13858,8229,17867,24,31,5,0,0.592,AUCUNE,CONSOMMATION,1
SERVICES,Rabat-Salé-Kénitra,46,SALARIE_CDI,15607,3823,72051,24,28,5,2,0.272,AUCUNE,CONSOMMATION,0
TECH,Guelmim-Oued Noun,19,SALARIE_CDI,6396,1720,132774,84,0,3,0,0.255,CAUTION,CONSOMMATION,0
COMMERCE,Fès-Meknès,23,SALARIE_CDI,6678,4281,55015,12,0,2,1,0.619,AUCUNE,IMMOBILIER,1
TECH,Drâa-Tafilalet,18,SALARIE_CDI,7715,4451,36245,24,0,1,0,0.629,HYPOTHEQUE,CONSOMMATION,0
SERVICES,Fès-Meknès,34,SALARIE_CDI,10718,4547,19836,84,14,5,4,0.39,HYPOTHEQUE,PROFESSIONNEL,1
SERVICES,Dakhla-Oued Ed-Dahab,69,SALARIE_CDI,5171,1257,35963,120,45,4,1,0.218,NANTISSEMENT,IMMOBILIER,1
COMMERCE,Guelmim-Oued Noun,79,SALARIE_CDI,7714,2004,25683,84,45,0,0,0.344,AUCUNE,CONSOMMATION,1
SERVICES,Tanger-Tétouan-Al Hoceïma,47,FONCTIONNAIRE,7037,4087,31591,84,28,2,0,0.537,CAUTION,CONSOMMATION,1
COMMERCE,Souss-Massa,19,RETRAITE,4827,2354,89540,24,0,2,0,0.57,NANTISSEMENT,CONSOMMATION,1
SERVICES,Casablanca-Settat,22,SALARIE_CDI,5063,1648,67386,84,0,4,0,0.333,AUCUNE,IMMOBILIER,1
TECH,Rabat-Salé-Kénitra,69,INDEPENDANT,8584,1399,28565,36,45,4,1,0.162,CAUTION,AUTO,1
AGRICULTURE,Dakhla-Oued Ed-Dahab,39,FONCTIONNAIRE,8516,1857,38619,36,16,4,0,0.243,CAUTION,IMMOBILIER,0
TECH,Guelmim-Oued Noun,73,FONCTIONNAIRE,5746,2957,36192,24,45,4,0,0.555,CAUTION,PROFESSIONNEL,1
AGRICULTURE,Laâyoune-Sakia El Hamra,49,FONCTIONNAIRE,8397,3983,26814,36,29,1,0,0.541,CAUTION,IMMOBILIER,0
AGRICULTURE,Béni Mellal-Khénifra,73,FONCTIONNAIRE,6056,1995,14180,60,45,2,0,0.317,HYPOTHEQUE,IMMOBILIER,0
INDUSTRIE,Marrakech-Safi,26,RETRAITE,14591,6507,64836,84,4,4,0,0.467,AUCUNE,PROFESSIONNEL,1
INDUSTRIE,Rabat-Salé-Kénitra,72,SALARIE_CDI,7736,4081,83061,60,45,1,2,0.504,HYPOTHEQUE,CONSOMMATION,1
AGRICULTURE,Drâa-Tafilalet,52,SALARIE_CDD,13278,6266,23737,84,34,3,2,0.443,AUCUNE,CONSOMMATION,1
AGRICULTURE,Fès-Meknès,45,FONCTIONNAIRE,3783,1020,22990,24,19,4,0,0.275,AUCUNE,CONSOMMATION,0
AGRICULTURE,Casablanca-Settat,51,INDEPENDANT,9370,5863,68559,60,33,4,1,0.661,HYPOTHEQUE,IMMOBILIER,1
TECH,Casablanca-Settat,38,SALARIE_CDD,10596,1715,22785,60,18,2,2,0.115,AUCUNE,CONSOMMATION,0
SERVICES,Oriental,55,RETRAITE,7616,3261,13757,36,34,2,0,0.347,HYPOTHEQUE,CONSOMMATION,1
AGRICULTURE,Laâyoune-Sakia El Hamra,66,FONCTIONNAIRE,6358,1664,26614,84,39,3,2,0.209,AUCUNE,AUTO,1
AGRICULTURE,Tanger-Tétouan-Al Hoceïma,69,FONCTIONNAIRE,7561,3809,93826,48,44,0,2,0.479,CAUTION,CONSOMMATION,0
COMMERCE,Dakhla-Oued Ed-Dahab,79,INDEPENDANT,11318,4877,25176,24,45,4,1,0.494,CAUTION,PROFESSIONNEL,1
TECH,Tanger-Tétouan-Al Hoceïma,44,INDEPENDANT,4700,1165,23068,60,19,0,0,0.205,CAUTION,PROFESSIONNEL,0
COMMERCE,Drâa-Tafilalet,66,FONCTIONNAIRE,11106,4475,26116,12,44,4,0,0.427,AUCUNE,IMMOBILIER,0
AGRICULTURE,Marrakech-Safi,73,INDEPENDANT,9351,3833,16227,84,45,4,0,0.465,AUCUNE,AUTO,1
SERVICES,Béni Mellal-Khénifra,19,SALARIE_CDI,7206,2595,14439,24,0,3,2,0.32,CAUTION,PROFESSIONNEL,0
TECH,Fès-Meknès,47,RETRAITE,7346,1257,30223,48,23,1,1,0.238,AUCUNE,PROFESSIONNEL,0
SERVICES,Guelmim-Oued Noun,62,INDEPENDANT,8332,2111,13603,84,40,2,1,0.281,CAUTION,PROFESSIONNEL,1
INDUSTRIE,Souss-Massa,46,FONCTIONNAIRE,17092,10843,27477,84,21,3,2,0.585,CAUTION,PROFESSIONNEL,1
SERVICES,Casablanca-Settat,24,SALARIE_CDI,9477,2315,43671,36,0,5,0,0.223,HYPOTHEQUE,CONSOMMATION,1
COMMERCE,Marrakech-Safi,59,SALARIE_CDI,5302,2011,47276,60,39,5,0,0.338,AUCUNE,CONSOMMATION,0
SERVICES,Tanger-Tétouan-Al Hoceïma,43,SALARIE_CDI,6662,1979,32910,12,20,0,0,0.283,AUCUNE,PROFESSIONNEL,0
AGRICULTURE,Souss-Massa,56,SALARIE_CDI,4841,2558,15696,84,37,5,1,0.547,AUCUNE,IMMOBILIER,1
COMMERCE,Fès-Meknès,18,FONCTIONNAIRE,3462,1520,27230,24,0,4,0,0.405,AUCUNE,CONSOMMATION,1
AGRICULTURE,Oriental,18,INDEPENDANT,4803,2439,46243,84,0,5,0,0.525,CAUTION,PROFESSIONNEL,1
SERVICES,Dakhla-Oued Ed-Dahab,55,FONCTIONNAIRE,8553,4007,56077,48,33,2,0,0.476,AUCUNE,IMMOBILIER,1
SERVICES,Drâa-Tafilalet,79,SALARIE_CDD,14376,5777,29999,36,45,4,0,0.347,CAUTION,CONSOMMATION,0
TECH,Fès-Meknès,58,RETRAITE,12684,7995,22187,36,36,0,3,0.648,CAUTION,PROFESSIONNEL,1
COMMERCE,Drâa-Tafilalet,77,INDEPENDANT,4818,2417,38490,84,45,3,0,0.554,CAUTION,CONSOMMATION,1
COMMERCE,Dakhla-Oued Ed-Dahab,71,FONCTIONNAIRE,5659,2798,28350,36,45,2,3,0.481,CAUTION,CONSOMMATION,0
TECH,Marrakech-Safi,35,SALARIE_CDD,5311,2630,17803,60,12,1,1,0.531,AUCUNE,IMMOBILIER,0
TECH,Marrakech-Safi,24,FONCTIONNAIRE,2536,972,45021,12,4,1,3,0.331,CAUTION,IMMOBILIER,1
COMMERCE,Casablanca-Settat,53,SALARIE_CDD,7514,3542,36787,60,27,0,2,0.547,HYPOTHEQUE,AUTO,1
AGRICULTURE,Laâyoune-Sakia El Hamra,57,SALARIE_CDI,11631,5260,16726,12,32,3,0,0.481,AUCUNE,CONSOMMATION,0
TECH,Guelmim-Oued Noun,66,FONCTIONNAIRE,7233,4297,23345,24,45,1,0,0.628,NANTISSEMENT,IMMOBILIER,0
COMMERCE,Tanger-Tétouan-Al Hoceïma,50,FONCTIONNAIRE,4580,2929,31800,84,26,0,0,0.605,NANTISSEMENT,CONSOMMATION,1
INDUSTRIE,Laâyoune-Sakia El Hamra,75,SALARIE_CDI,5540,2169,12496,84,45,1,0,0.426,HYPOTHEQUE,CONSOMMATION,1
SERVICES,Béni Mellal-Khénifra,71,RETRAITE,6988,3147,21833,12,45,4,0,0.47,CAUTION,PROFESSIONNEL,0
SERVICES,Dakhla-Oued Ed-Dahab,54,INDEPENDANT,11460,3382,56515,12,34,3,2,0.331,NANTISSEMENT,IMMOBILIER,0
TECH,Dakhla-Oued Ed-Dahab,52,FONCTIONNAIRE,7463,4274,25773,12,34,1,1,0.637,NANTISSEMENT,CONSOMMATION,0
COMMERCE,Dakhla-Oued Ed-Dahab,19,SALARIE_CDI,10783,5449,20766,24,0,3,0,0.48,AUCUNE,PROFESSIONNEL,1
INDUSTRIE,Tanger-Tétouan-Al Hoceïma,67,SALARIE_CDI,7812,4781,77490,24,44,1,0,0.676,AUCUNE,PROFESSIONNEL,0
COMMERCE,Béni Mellal-Khénifra,60,FONCTIONNAIRE,9014,4079,46382,36,35,5,2,0.49,AUCUNE,PROFESSIONNEL,1
SERVICES,Marrakech-Safi,74,INDEPENDANT,5308,2677,59087,48,45,0,0,0.445,AUCUNE,CONSOMMATION,0
SERVICES,Laâyoune-Sakia El Hamra,23,FONCTIONNAIRE,5951,1176,20959,84,0,2,0,0.279,AUCUNE,IMMOBILIER,1
AGRICULTURE,Fès-Meknès,27,SALARIE_CDI,4605,2088,29760,12,3,3,2,0.426,HYPOTHEQUE,PROFESSIONNEL,0
INDUSTRIE,Souss-Massa,60,SALARIE_CDI,10623,3595,36042,36,34,5,0,0.348,CAUTION,PROFESSIONNEL,1
SERVICES,Béni Mellal-Khénifra,48,SALARIE_CDI,7108,2872,42564,12,23,0,0,0.416,AUCUNE,AUTO,0
COMMERCE,Guelmim-Oued Noun,55,FONCTIONNAIRE,2500,783,179879,60,34,4,0,0.265,NANTISSEMENT,CONSOMMATION,0
INDUSTRIE,Drâa-Tafilalet,45,SALARIE_CDD,10062,2954,38518,120,23,1,0,0.337,CAUTION,PROFESSIONNEL,0
TECH,Dakhla-Oued Ed-Dahab,58,SALARIE_CDI,12561,7039,77550,120,35,4,0,0.538,AUCUNE,IMMOBILIER,0
AGRICULTURE,Drâa-Tafilalet,59,FONCTIONNAIRE,5624,2412,180198,12,38,0,1,0.365,NANTISSEMENT,CONSOMMATION,1
COMMERCE,Guelmim-Oued Noun,29,INDEPENDANT,10058,2782,120726,60,10,1,1,0.235,AUCUNE,CONSOMMATION,0
COMMERCE,Oriental,65,SALARIE_CDD,7373,3932,40546,84,42,5,4,0.442,CAUTION,PROFESSIONNEL,0
INDUSTRIE,Tanger-Tétouan-Al Hoceïma,49,SALARIE_CDI,3124,585,81091,84,23,3,0,0.12,CAUTION,CONSOMMATION,0
COMMERCE,Laâyoune-Sakia El Hamra,54,FONCTIONNAIRE,19513,5787,39707,12,32,0,0,0.346,HYPOTHEQUE,IMMOBILIER,0
INDUSTRIE,Tanger-Tétouan-Al Hoceïma,56,RETRAITE,7393,2352,35338,12,32,3,1,0.241,CAUTION,CONSOMMATION,0
SERVICES,Béni Mellal-Khénifra,64,SALARIE_CDI,8872,2119,65430,36,40,4,1,0.256,CAUTION,AUTO,0
TECH,Fès-Meknès,36,SALARIE_CDI,6118,3495,67408,12,9,4,0,0.542,CAUTION,IMMOBILIER,0
INDUSTRIE,Souss-Massa,18,FONCTIONNAIRE,7094,3454,51792,36,0,1,0,0.541,CAUTION,PROFESSIONNEL,0
COMMERCE,Tanger-Tétouan-Al Hoceïma,29,SALARIE_CDI,8715,4228,32297,24,5,3,0,0.484,AUCUNE,CONSOMMATION,0
SERVICES,Fès-Meknès,78,INDEPENDANT,5069,2263,25899,120,45,0,1,0.386,CAUTION,CONSOMMATION,0
TECH,Guelmim-Oued Noun,32,INDEPENDANT,17366,5890,15603,120,13,5,1,0.368,HYPOTHEQUE,PROFESSIONNEL,1
SERVICES,Guelmim-Oued Noun,33,SALARIE_CDI,11815,5665,40685,36,14,1,0,0.46,CAUTION,AUTO,1
INDUSTRIE,Drâa-Tafilalet,72,INDEPENDANT,10225,5298,42855,84,45,1,2,0.551,CAUTION,CONSOMMATION,0
TECH,Casablanca-Settat,32,FONCTIONNAIRE,7602,3187,64945,12,6,4,2,0.435,CAUTION,PROFESSIONNEL,0
INDUSTRIE,Marrakech-Safi,47,SALARIE_CDD,5753,2217,13077,36,20,0,0,0.332,CAUTION,CONSOMMATION,0
AGRICULTURE,Marrakech-Safi,41,SALARIE_CDI,12881,3372,39061,120,19,0,1,0.255,AUCUNE,CONSOMMATION,0
SERVICES,Drâa-Tafilalet,59,FONCTIONNAIRE,10666,2048,31516,120,40,4,0,0.163,AUCUNE,CONSOMMATION,0
TECH,Laâyoune-Sakia El Hamra,55,INDEPENDANT,6770,1155,34883,36,30,0,2,0.157,CAUTION,CONSOMMATION,0
AGRICULTURE,Tanger-Tétouan-Al Hoceïma,50,SALARIE_CDI,4974,2522,86827,60,29,5,0,0.5,AUCUNE,PROFESSIONNEL,0
COMMERCE,Fès-Meknès,49,SALARIE_CDD,3987,1293,89067,12,30,4,2,0.244,AUCUNE,IMMOBILIER,0
COMMERCE,Oriental,70,RETRAITE,8208,4139,73936,84,45,1,1,0.519,AUCUNE,AUTO,0
INDUSTRIE,Dakhla-Oued Ed-Dahab,54,SALARIE_CDD,7244,2926,38779,24,28,0,0,0.387,AUCUNE,IMMOBILIER,0
TECH,Tanger-Tétouan-Al Hoceïma,50,SALARIE_CDI,13815,5159,31806,12,27,0,2,0.309,NANTISSEMENT,IMMOBILIER,0
AGRICULTURE,Fès-Meknès,73,SALARIE_CDI,12664,5882,84356,48,45,3,2,0.406,CAUTION,PROFESSIONNEL,1
COMMERCE,Oriental,23,FONCTIONNAIRE,8246,1992,120231,84,4,3,1,0.154,AUCUNE,CONSOMMATION,1
AGRICULTURE,Laâyoune-Sakia El Hamra,70,INDEPENDANT,7813,4999,111209,60,43,2,0,0.737,NANTISSEMENT,PROFESSIONNEL,0
COMMERCE,Drâa-Tafilalet,30,SALARIE_CDI,4825,1520,51145,48,11,4,1,0.313,NANTISSEMENT,PROFESSIONNEL,0
COMMERCE,Oriental,38,SALARIE_CDI,13062,6983,37346,24,14,3,1,0.553,CAUTION,PROFESSIONNEL,0
INDUSTRIE,Drâa-Tafilalet,18,FONCTIONNAIRE,7899,2164,58934,12,0,3,0,0.346,CAUTION,PROFESSIONNEL,1
COMMERCE,Casablanca-Settat,53,FONCTIONNAIRE,10640,4085,61612,12,31,0,0,0.52,AUCUNE,IMMOBILIER,1
AGRICULTURE,Guelmim-Oued Noun,70,SALARIE_CDI,13761,5500,27445,12,45,1,3,0.364,HYPOTHEQUE,PROFESSIONNEL,1
COMMERCE,Rabat-Salé-Kénitra,42,SALARIE_CDD,6282,1906,31741,36,16,1,2,0.277,HYPOTHEQUE,IMMOBILIER,1
SERVICES,Tanger-Tétouan-Al Hoceïma,59,FONCTIONNAIRE,5583,1811,306564,48,32,2,0,0.274,CAUTION,CONSOMMATION,1
COMMERCE,Tanger-Tétouan-Al Hoceïma,42,SALARIE_CDI,24610,9048,27439,12,16,1,2,0.36,CAUTION,CONSOMMATION,0
TECH,Drâa-Tafilalet,65,SALARIE_CDI,10588,6015,65930,60,42,1,0,0.477,AUCUNE,IMMOBILIER,1
AGRICULTURE,Marrakech-Safi,80,INDEPENDANT,7148,2859,25335,84,45,0,1,0.465,AUCUNE,IMMOBILIER,1
SERVICES,Marrakech-Safi,63,INDEPENDANT,14157,2751,33288,24,41,1,0,0.219,CAUTION,PROFESSIONNEL,0
SERVICES,Laâyoune-Sakia El Hamra,39,SALARIE_CDI,7054,1822,19047,48,19,5,0,0.248,AUCUNE,PROFESSIONNEL,1
INDUSTRIE,Souss-Massa,69,INDEPENDANT,9381,6032,19080,36,45,3,0,0.57,HYPOTHEQUE,IMMOBILIER,0
SERVICES,Drâa-Tafilalet,20,FONCTIONNAIRE,6275,1223,55949,84,1,5,0,0.267,CAUTION,CONSOMMATION,1
AGRICULTURE,Oriental,80,RETRAITE,8041,3810,51473,36,45,0,4,0.451,CAUTION,IMMOBILIER,1
INDUSTRIE,Béni Mellal-Khénifra,70,RETRAITE,7163,1831,131699,84,45,2,4,0.342,HYPOTHEQUE,PROFESSIONNEL,0
COMMERCE,Drâa-Tafilalet,59,FONCTIONNAIRE,5777,2114,36983,12,32,4,0,0.351,NANTISSEMENT,IMMOBILIER,0
SERVICES,Drâa-Tafilalet,57,SALARIE_CDD,9039,2969,40492,120,36,4,4,0.332,AUCUNE,CONSOMMATION,1
INDUSTRIE,Laâyoune-Sakia El Hamra,33,SALARIE_CDI,6079,3882,35242,120,8,4,4,0.576,AUCUNE,IMMOBILIER,1
AGRICULTURE,Guelmim-Oued Noun,45,FONCTIONNAIRE,10501,4470,18382,60,27,2,0,0.486,AUCUNE,AUTO,0
COMMERCE,Fès-Meknès,24,SALARIE_CDD,7065,1943,54859,84,1,5,0,0.191,HYPOTHEQUE,IMMOBILIER,0
SERVICES,Marrakech-Safi,39,FONCTIONNAIRE,3737,1688,32260,84,17,1,0,0.49,CAUTION,PROFESSIONNEL,1
SERVICES,Laâyoune-Sakia El Hamra,55,SALARIE_CDI,10715,1990,13294,24,28,5,0,0.255,AUCUNE,CONSOMMATION,0
AGRICULTURE,Tanger-Tétouan-Al Hoceïma,40,INDEPENDANT,10796,6621,78836,24,18,5,0,0.53,AUCUNE,IMMOBILIER,1
AGRICULTURE,Fès-Meknès,66,RETRAITE,22339,7196,24291,84,43,1,0,0.369,HYPOTHEQUE,IMMOBILIER,0
SERVICES,Rabat-Salé-Kénitra,71,SALARIE_CDI,8168,4833,45771,12,45,4,2,0.664,HYPOTHEQUE,CONSOMMATION,0
COMMERCE,Oriental,53,FONCTIONNAIRE,8800,4881,46924,60,32,1,1,0.576,AUCUNE,AUTO,0
SERVICES,Oriental,39,INDEPENDANT,10050,2446,42072,12,12,5,0,0.273,AUCUNE,CONSOMMATION,0
COMMERCE,Guelmim-Oued Noun,37,FONCTIONNAIRE,12821,8092,17979,24,18,2,0,0.65,CAUTION,PROFESSIONNEL,1
SERVICES,Drâa-Tafilalet,52,RETRAITE,12466,8051,96503,36,26,2,3,0.649,AUCUNE,PROFESSIONNEL,1
TECH,Drâa-Tafilalet,63,FONCTIONNAIRE,9353,5169,21806,84,44,4,0,0.501,AUCUNE,IMMOBILIER,1
AGRICULTURE,Oriental,25,SALARIE_CDI,7984,3000,6507,12,2,1,0,0.373,HYPOTHEQUE,CONSOMMATION,0
SERVICES,Laâyoune-Sakia El Hamra,46,SALARIE_CDD,11840,5757,65774,12,24,0,0,0.471,HYPOTHEQUE,IMMOBILIER,0
COMMERCE,Dakhla-Oued Ed-Dahab,45,SALARIE_CDD,7836,1491,64283,24,26,5,2,0.284,AUCUNE,PROFESSIONNEL,0
SERVICES,Guelmim-Oued Noun,36,SALARIE_CDI,4536,2769,15735,36,15,5,0,0.607,CAUTION,AUTO,0
INDUSTRIE,Tanger-Tétouan-Al Hoceïma,32,INDEPENDANT,4123,1076,36173,36,13,0,1,0.259,CAUTION,IMMOBILIER,0
SERVICES,Fès-Meknès,70,FONCTIONNAIRE,7101,3610,77344,84,45,4,0,0.518,AUCUNE,CONSOMMATION,0
SERVICES,Casablanca-Settat,45,SALARIE_CDD,8553,4711,97573,48,20,0,0,0.573,HYPOTHEQUE,PROFESSIONNEL,0
AGRICULTURE,Dakhla-Oued Ed-Dahab,54,SALARIE_CDD,24647,15646,55756,120,31,5,1,0.596,HYPOTHEQUE,IMMOBILIER,0
SERVICES,Drâa-Tafilalet,20,SALARIE_CDD,7677,4314,64785,120,0,1,0,0.609,CAUTION,AUTO,1
TECH,Dakhla-Oued Ed-Dahab,35,SALARIE_CDD,8275,4626,59982,36,10,4,1,0.555,AUCUNE,IMMOBILIER,1
SERVICES,Guelmim-Oued Noun,32,FONCTIONNAIRE,6755,3396,32991,84,7,1,1,0.539,AUCUNE,AUTO,1
COMMERCE,Souss-Massa,38,SALARIE_CDI,10705,4692,16945,60,14,5,2,0.393,CAUTION,CONSOMMATION,0
INDUSTRIE,Rabat-Salé-Kénitra,71,INDEPENDANT,9193,1571,30247,60,45,1,3,0.164,CAUTION,IMMOBILIER,1
AGRICULTURE,Casablanca-Settat,54,RETRAITE,6080,3869,79776,84,29,4,0,0.711,HYPOTHEQUE,CONSOMMATION,1
SERVICES,Guelmim-Oued Noun,74,FONCTIONNAIRE,5140,1925,79250,24,45,5,0,0.474,HYPOTHEQUE,CONSOMMATION,0
SERVICES,Fès-Meknès,44,INDEPENDANT,6761,3708,41873,120,18,2,0,0.582,CAUTION,PROFESSIONNEL,0
TECH,Tanger-Tétouan-Al Hoceïma,66,RETRAITE,5544,1877,28756,48,44,0,5,0.283,HYPOTHEQUE,PROFESSIONNEL,1
TECH,Laâyoune-Sakia El Hamra,28,SALARIE_CDI,7303,2761,122307,12,9,4,1,0.286,CAUTION,CONSOMMATION,0
COMMERCE,Souss-Massa,69,SALARIE_CDI,8636,3292,39609,36,45,0,3,0.415,NANTISSEMENT,PROFESSIONNEL,0
SERVICES,Dakhla-Oued Ed-Dahab,56,SALARIE_CDI,6467,4171,56736,12,29,5,4,0.744,AUCUNE,IMMOBILIER,1
SERVICES,Oriental,20,SALARIE_CDD,15592,3986,15606,36,0,2,3,0.236,CAUTION,CONSOMMATION,1
TECH,Guelmim-Oued Noun,61,SALARIE_CDI,13653,5473,34918,24,42,5,0,0.391,CAUTION,PROFESSIONNEL,0
COMMERCE,Rabat-Salé-Kénitra,48,FONCTIONNAIRE,7308,1661,77679,60,27,0,0,0.241,AUCUNE,IMMOBILIER,0
COMMERCE,Tanger-Tétouan-Al Hoceïma,18,SALARIE_CDD,5251,2085,13924,12,0,5,0,0.523,NANTISSEMENT,CONSOMMATION,1
INDUSTRIE,Marrakech-Safi,71,SALARIE_CDI,7995,3382,35345,12,44,0,0,0.433,AUCUNE,IMMOBILIER,1
SERVICES,Casablanca-Settat,51,SALARIE_CDD,7630,1666,48351,120,28,4,0,0.229,CAUTION,IMMOBILIER,0
AGRICULTURE,Dakhla-Oued Ed-Dahab,56,SALARIE_CDI,7877,3932,98711,36,30,2,3,0.481,CAUTION,PROFESSIONNEL,1
TECH,Oriental,54,FONCTIONNAIRE,6774,3820,71913,12,31,3,1,0.57,HYPOTHEQUE,CONSOMMATION,1
SERVICES,Tanger-Tétouan-Al Hoceïma,23,SALARIE_CDI,5053,2820,118801,84,0,1,1,0.615,NANTISSEMENT,PROFESSIONNEL,1
AGRICULTURE,Tanger-Tétouan-Al Hoceïma,38,SALARIE_CDI,8231,4236,65009,120,11,3,1,0.483,HYPOTHEQUE,CONSOMMATION,1
COMMERCE,Marrakech-Safi,62,SALARIE_CDI,6920,1525,67693,36,39,3,0,0.269,HYPOTHEQUE,AUTO,0
INDUSTRIE,Rabat-Salé-Kénitra,39,INDEPENDANT,7202,3318,18607,36,14,1,0,0.511,HYPOTHEQUE,CONSOMMATION,0
INDUSTRIE,Laâyoune-Sakia El Hamra,73,SALARIE_CDI,8453,4220,18235,48,45,4,2,0.46,CAUTION,PROFESSIONNEL,0
TECH,Rabat-Salé-Kénitra,38,FONCTIONNAIRE,7854,4160,117763,12,20,2,0,0.57,NANTISSEMENT,IMMOBILIER,0
INDUSTRIE,Tanger-Tétouan-Al Hoceïma,46,INDEPENDANT,8371,4225,26438,120,24,2,0,0.608,NANTISSEMENT,IMMOBILIER,1
COMMERCE,Rabat-Salé-Kénitra,46,SALARIE_CDD,6777,3147,24852,36,22,0,0,0.404,CAUTION,AUTO,0
TECH,Dakhla-Oued Ed-Dahab,19,SALARIE_CDI,9529,4897,7221,24,0,0,1,0.507,HYPOTHEQUE,IMMOBILIER,0
SERVICES,Marrakech-Safi,69,FONCTIONNAIRE,5866,3380,76280,84,45,0,0,0.59,AUCUNE,PROFESSIONNEL,0
AGRICULTURE,Tanger-Tétouan-Al Hoceïma,26,SALARIE_CDI,4966,2159,16592,36,4,3,3,0.455,NANTISSEMENT,PROFESSIONNEL,0
INDUSTRIE,Guelmim-Oued Noun,47,INDEPENDANT,5429,1209,20451,12,25,0,0,0.176,AUCUNE,PROFESSIONNEL,1
INDUSTRIE,Oriental,75,INDEPENDANT,5976,3334,78121,48,45,0,0,0.496,AUCUNE,CONSOMMATION,1
COMMERCE,Tanger-Tétouan-Al Hoceïma,80,SALARIE_CDD,4539,2181,7738,120,45,2,0,0.444,HYPOTHEQUE,IMMOBILIER,1
COMMERCE,Oriental,32,SALARIE_CDI,3783,1866,94006,48,12,4,0,0.499,CAUTION,PROFESSIONNEL,0
INDUSTRIE,Souss-Massa,41,INDEPENDANT,10163,3019,20323,24,15,0,2,0.274,CAUTION,PROFESSIONNEL,0
COMMERCE,Fès-Meknès,53,FONCTIONNAIRE,14377,3232,32767,24,27,3,1,0.269,HYPOTHEQUE,CONSOMMATION,1
AGRICULTURE,Béni Mellal-Khénifra,62,SALARIE_CDI,10415,5628,21097,120,41,5,0,0.601,CAUTION,IMMOBILIER,1
TECH,Tanger-Tétouan-Al Hoceïma,33,INDEPENDANT,6520,1139,14315,84,11,5,0,0.132,CAUTION,CONSOMMATION,0
TECH,Dakhla-Oued Ed-Dahab,52,SALARIE_CDI,3743,1314,21350,12,25,5,0,0.368,CAUTION,CONSOMMATION,1
SERVICES,Souss-Massa,70,INDEPENDANT,8834,3573,20351,24,45,5,1,0.41,CAUTION,IMMOBILIER,0
INDUSTRIE,Guelmim-Oued Noun,66,INDEPENDANT,3931,624,15342,84,40,4,2,0.286,CAUTION,CONSOMMATION,1
COMMERCE,Marrakech-Safi,69,SALARIE_CDI,7793,3495,106910,36,45,4,5,0.428,HYPOTHEQUE,IMMOBILIER,0
SERVICES,Béni Mellal-Khénifra,73,SALARIE_CDI,5654,1186,18422,48,45,3,0,0.231,AUCUNE,CONSOMMATION,0
TECH,Oriental,72,SALARIE_CDD,2904,786,9692,120,45,4,0,0.371,AUCUNE,CONSOMMATION,0
INDUSTRIE,Drâa-Tafilalet,50,INDEPENDANT,15776,10204,8560,84,27,5,0,0.548,AUCUNE,CONSOMMATION,1
INDUSTRIE,Souss-Massa,79,SALARIE_CDI,4605,1981,49264,60,45,1,1,0.504,HYPOTHEQUE,AUTO,0
SERVICES,Drâa-Tafilalet,49,SALARIE_CDI,6904,4378,10788,60,23,1,1,0.604,AUCUNE,PROFESSIONNEL,1
INDUSTRIE,Casablanca-Settat,62,FONCTIONNAIRE,7646,3030,32057,24,42,3,2,0.324,AUCUNE,IMMOBILIER,0
INDUSTRIE,Drâa-Tafilalet,77,SALARIE_CDI,6557,3618,144162,24,45,3,0,0.568,AUCUNE,PROFESSIONNEL,1
COMMERCE,Guelmim-Oued Noun,20,SALARIE_CDI,9987,1688,41247,84,0,5,2,0.18,CAUTION,CONSOMMATION,1
COMMERCE,Souss-Massa,76,INDEPENDANT,5806,1716,45563,12,45,4,1,0.327,CAUTION,CONSOMMATION,1
SERVICES,Casablanca-Settat,69,FONCTIONNAIRE,9622,2806,25065,60,45,1,0,0.33,CAUTION,IMMOBILIER,1
SERVICES,Oriental,80,FONCTIONNAIRE,9352,1729,35977,36,45,4,4,0.18,AUCUNE,CONSOMMATION,1
TECH,Guelmim-Oued Noun,66,SALARIE_CDI,4359,2729,31224,12,45,0,0,0.714,CAUTION,PROFESSIONNEL,0
SERVICES,Souss-Massa,27,FONCTIONNAIRE,9010,3625,45076,60,5,5,0,0.472,AUCUNE,IMMOBILIER,1
COMMERCE,Rabat-Salé-Kénitra,37,FONCTIONNAIRE,5043,2252,115844,12,17,2,0,0.47,HYPOTHEQUE,CONSOMMATION,0
COMMERCE,Tanger-Tétouan-Al Hoceïma,18,SALARIE_CDD,4796,1967,26932,84,0,1,0,0.429,AUCUNE,CONSOMMATION,1
COMMERCE,Dakhla-Oued Ed-Dahab,56,RETRAITE,9235,2533,20920,24,38,2,0,0.334,CAUTION,IMMOBILIER,0
AGRICULTURE,Fès-Meknès,45,SALARIE_CDI,6743,4128,34445,24,20,4,2,0.615,AUCUNE,IMMOBILIER,1
COMMERCE,Oriental,47,SALARIE_CDD,9584,4643,71118,60,27,5,0,0.424,HYPOTHEQUE,PROFESSIONNEL,0
AGRICULTURE,Tanger-Tétouan-Al Hoceïma,64,INDEPENDANT,9622,2038,28656,36,45,0,2,0.207,AUCUNE,IMMOBILIER,0
TECH,Drâa-Tafilalet,69,SALARIE_CDI,4262,1623,43765,36,45,4,0,0.365,AUCUNE,PROFESSIONNEL,1
SERVICES,Souss-Massa,22,RETRAITE,11308,1705,51945,36,0,3,0,0.158,NANTISSEMENT,CONSOMMATION,0
SERVICES,Tanger-Tétouan-Al Hoceïma,75,SALARIE_CDD,9212,4490,163869,48,45,1,4,0.429,NANTISSEMENT,IMMOBILIER,1
INDUSTRIE,Oriental,41,SALARIE_CDI,6223,2563,69270,84,19,0,3,0.36,AUCUNE,CONSOMMATION,0
INDUSTRIE,Oriental,65,SALARIE_CDI,7622,4589,19714,84,44,2,0,0.66,NANTISSEMENT,PROFESSIONNEL,0
COMMERCE,Souss-Massa,54,SALARIE_CDI,11454,7143,7833,12,30,2,0,0.628,AUCUNE,PROFESSIONNEL,1
SERVICES,Fès-Meknès,45,INDEPENDANT,7018,1397,40347,48,23,4,0,0.186,AUCUNE,PROFESSIONNEL,1
SERVICES,Rabat-Salé-Kénitra,31,RETRAITE,20991,4088,22168,48,4,3,0,0.174,HYPOTHEQUE,IMMOBILIER,0
INDUSTRIE,Drâa-Tafilalet,29,FONCTIONNAIRE,15848,9502,25847,120,4,4,0,0.593,CAUTION,CONSOMMATION,0
COMMERCE,Tanger-Tétouan-Al Hoceïma,64,SALARIE_CDI,8540,3468,18084,60,37,4,0,0.416,HYPOTHEQUE,PROFESSIONNEL,0
COMMERCE,Béni Mellal-Khénifra,38,SALARIE_CDD,7313,2814,25497,84,12,1,0,0.303,HYPOTHEQUE,IMMOBILIER,1
AGRICULTURE,Tanger-Tétouan-Al Hoceïma,32,SALARIE_CDD,7457,3247,25143,48,9,2,0,0.417,AUCUNE,CONSOMMATION,0
SERVICES,Laâyoune-Sakia El Hamra,18,SALARIE_CDI,6184,2370,33490,48,0,4,0,0.394,NANTISSEMENT,CONSOMMATION,1
INDUSTRIE,Drâa-Tafilalet,70,SALARIE_CDI,8573,3919,22676,48,43,5,0,0.451,AUCUNE,CONSOMMATION,0
AGRICULTURE,Tanger-Tétouan-Al Hoceïma,42,SALARIE_CDD,11041,6895,21983,12,22,2,0,0.539,AUCUNE,IMMOBILIER,0
COMMERCE,Fès-Meknès,39,SALARIE_CDD,4415,2000,52628,48,16,3,0,0.456,AUCUNE,AUTO,1
COMMERCE,Drâa-Tafilalet,41,INDEPENDANT,10821,3358,36251,120,16,1,0,0.31,AUCUNE,CONSOMMATION,0
COMMERCE,Casablanca-Settat,55,SALARIE_CDD,12334,3166,36429,120,35,0,1,0.223,AUCUNE,CONSOMMATION,0
SERVICES,Casablanca-Settat,48,SALARIE_CDI,10483,6636,35081,24,23,1,0,0.588,AUCUNE,PROFESSIONNEL,0
AGRICULTURE,Rabat-Salé-Kénitra,52,SALARIE_CDI,7643,3361,19409,48,29,1,2,0.451,AUCUNE,PROFESSIONNEL,0
COMMERCE,Tanger-Tétouan-Al Hoceïma,35,FONCTIONNAIRE,10289,4459,99286,84,8,3,4,0.44,AUCUNE,PROFESSIONNEL,1
COMMERCE,Souss-Massa,36,FONCTIONNAIRE,14540,2423,150636,84,17,5,4,0.191,AUCUNE,PROFESSIONNEL,0
COMMERCE,Fès-Meknès,72,SALARIE_CDI,7894,4809,86418,60,45,3,0,0.715,AUCUNE,IMMOBILIER,1
INDUSTRIE,Marrakech-Safi,45,INDEPENDANT,8190,3152,10562,48,20,5,3,0.415,AUCUNE,IMMOBILIER,0
SERVICES,Fès-Meknès,79,FONCTIONNAIRE,21155,13748,22853,120,45,2,2,0.615,CAUTION,CONSOMMATION,0
TECH,Souss-Massa,71,SALARIE_CDI,9305,2177,59611,60,45,4,0,0.298,CAUTION,PROFESSIONNEL,0
COMMERCE,Fès-Meknès,62,SALARIE_CDI,5150,1612,21481,84,37,0,4,0.302,AUCUNE,PROFESSIONNEL,0
SERVICES,Oriental,52,RETRAITE,12002,3061,22231,84,30,4,4,0.244,CAUTION,PROFESSIONNEL,1
INDUSTRIE,Tanger-Tétouan-Al Hoceïma,70,SALARIE_CDD,9710,3296,13906,24,44,2,1,0.296,HYPOTHEQUE,AUTO,0
AGRICULTURE,Dakhla-Oued Ed-Dahab,21,SALARIE_CDI,6033,3851,28180,120,0,3,1,0.669,AUCUNE,AUTO,1
INDUSTRIE,Dakhla-Oued Ed-Dahab,49,FONCTIONNAIRE,4931,1762,20433,36,22,1,5,0.344,CAUTION,CONSOMMATION,1
INDUSTRIE,Béni Mellal-Khénifra,62,SALARIE_CDI,9022,5084,6811,12,42,3,0,0.609,CAUTION,PROFESSIONNEL,0
COMMERCE,Oriental,24,INDEPENDANT,7887,4161,81309,24,0,4,2,0.559,HYPOTHEQUE,PROFESSIONNEL,1
TECH,Casablanca-Settat,29,INDEPENDANT,4629,1384,48615,60,4,5,3,0.259,HYPOTHEQUE,PROFESSIONNEL,1
COMMERCE,Béni Mellal-Khénifra,22,INDEPENDANT,7787,3426,14258,120,2,0,0,0.394,HYPOTHEQUE,AUTO,0
TECH,Tanger-Tétouan-Al Hoceïma,48,FONCTIONNAIRE,7569,4359,66673,24,27,2,0,0.59,AUCUNE,CONSOMMATION,0
SERVICES,Fès-Meknès,52,FONCTIONNAIRE,7879,3590,39689,60,34,3,0,0.52,CAUTION,IMMOBILIER,0
AGRICULTURE,Guelmim-Oued Noun,47,SALARIE_CDI,10109,2855,81754,12,20,4,4,0.338,CAUTION,CONSOMMATION,0
AGRICULTURE,Casablanca-Settat,21,INDEPENDANT,3667,2133,60717,48,2,0,1,0.66,CAUTION,CONSOMMATION,1
COMMERCE,Fès-Meknès,48,SALARIE_CDI,4913,2103,21105,120,30,4,0,0.439,CAUTION,PROFESSIONNEL,0
COMMERCE,Guelmim-Oued Noun,73,SALARIE_CDI,6509,4166,58002,60,45,0,0,0.688,NANTISSEMENT,PROFESSIONNEL,0
SERVICES,Dakhla-Oued Ed-Dahab,19,RETRAITE,14717,7032,59746,120,0,2,1,0.537,NANTISSEMENT,CONSOMMATION,1
INDUSTRIE,Oriental,66,RETRAITE,23518,8806,76030,120,42,1,0,0.478,CAUTION,CONSOMMATION,1
SERVICES,Oriental,35,FONCTIONNAIRE,8121,2988,72999,60,13,2,5,0.391,HYPOTHEQUE,CONSOMMATION,1
SERVICES,Dakhla-Oued Ed-Dahab,22,SALARIE_CDD,8271,4880,155563,12,2,2,0,0.574,CAUTION,CONSOMMATION,1
AGRICULTURE,Rabat-Salé-Kénitra,21,SALARIE_CDI,2699,1728,70744,36,0,1,1,0.701,NANTISSEMENT,AUTO,1
SERVICES,Souss-Massa,18,FONCTIONNAIRE,12173,4324,20970,12,0,4,5,0.293,AUCUNE,IMMOBILIER,1
COMMERCE,Marrakech-Safi,44,SALARIE_CDI,9920,2297,41114,84,25,5,2,0.289,AUCUNE,IMMOBILIER,0
INDUSTRIE,Souss-Massa,49,SALARIE_CDI,9204,1564,17425,24,29,5,0,0.241,CAUTION,CONSOMMATION,1
INDUSTRIE,Laâyoune-Sakia El Hamra,57,SALARIE_CDD,4625,1439,84675,120,31,0,1,0.366,HYPOTHEQUE,CONSOMMATION,0
INDUSTRIE,Béni Mellal-Khénifra,23,INDEPENDANT,19751,6340,19942,60,0,3,3,0.278,AUCUNE,IMMOBILIER,1
INDUSTRIE,Dakhla-Oued Ed-Dahab,59,RETRAITE,16063,5830,173131,120,39,1,3,0.378,HYPOTHEQUE,IMMOBILIER,0
COMMERCE,Oriental,64,RETRAITE,9251,2058,29593,84,38,5,0,0.281,AUCUNE,IMMOBILIER,1
AGRICULTURE,Laâyoune-Sakia El Hamra,22,INDEPENDANT,12662,5018,35216,120,1,4,0,0.427,CAUTION,CONSOMMATION,0
INDUSTRIE,Marrakech-Safi,60,SALARIE_CDI,8292,5155,26232,12,35,5,2,0.628,CAUTION,CONSOMMATION,1
AGRICULTURE,Fès-Meknès,25,SALARIE_CDI,11725,3122,21986,48,2,2,0,0.281,AUCUNE,CONSOMMATION,0
COMMERCE,Fès-Meknès,45,SALARIE_CDD,4500,2216,25053,120,23,0,0,0.65,HYPOTHEQUE,PROFESSIONNEL,0
COMMERCE,Guelmim-Oued Noun,59,SALARIE_CDI,2913,492,42709,24,41,4,0,0.123,AUCUNE,IMMOBILIER,1
SERVICES,Oriental,72,FONCTIONNAIRE,4577,2160,36767,36,45,3,2,0.412,AUCUNE,PROFESSIONNEL,1
SERVICES,Marrakech-Safi,51,SALARIE_CDD,5637,3488,26933,12,27,4,0,0.576,AUCUNE,PROFESSIONNEL,1
TECH,Marrakech-Safi,45,INDEPENDANT,6066,1766,45006,48,20,2,0,0.402,HYPOTHEQUE,PROFESSIONNEL,1
COMMERCE,Tanger-Tétouan-Al Hoceïma,70,SALARIE_CDD,9913,5533,24835,12,45,3,5,0.598,CAUTION,IMMOBILIER,1
INDUSTRIE,Rabat-Salé-Kénitra,31,SALARIE_CDD,7217,1380,36189,12,12,0,0,0.167,AUCUNE,CONSOMMATION,0
TECH,Drâa-Tafilalet,30,INDEPENDANT,7999,2633,125000,36,5,2,2,0.445,CAUTION,IMMOBILIER,1
INDUSTRIE,Laâyoune-Sakia El Hamra,47,FONCTIONNAIRE,4755,729,24315,84,27,3,0,0.1,HYPOTHEQUE,IMMOBILIER,0
TECH,Dakhla-Oued Ed-Dahab,25,SALARIE_CDI,4573,1498,29367,12,5,4,0,0.302,HYPOTHEQUE,IMMOBILIER,0
INDUSTRIE,Marrakech-Safi,19,FONCTIONNAIRE,8254,2517,16181,84,0,2,0,0.25,AUCUNE,PROFESSIONNEL,0
AGRICULTURE,Souss-Massa,40,FONCTIONNAIRE,6349,3152,28657,60,16,0,2,0.504,AUCUNE,PROFESSIONNEL,1
SERVICES,Oriental,27,SALARIE_CDI,8120,2414,47203,120,6,2,1,0.325,CAUTION,PROFESSIONNEL,0
SERVICES,Souss-Massa,58,SALARIE_CDD,10352,5813,25084,84,36,4,2,0.573,AUCUNE,IMMOBILIER,0
COMMERCE,Souss-Massa,52,INDEPENDANT,16946,5011,16417,84,25,0,0,0.359,CAUTION,PROFESSIONNEL,0
SERVICES,Marrakech-Safi,48,SALARIE_CDI,8029,2101,46772,84,22,3,0,0.245,CAUTION,IMMOBILIER,1
AGRICULTURE,Rabat-Salé-Kénitra,49,SALARIE_CDD,18325,7280,50367,84,27,5,0,0.387,CAUTION,CONSOMMATION,1
COMMERCE,Tanger-Tétouan-Al Hoceïma,24,SALARIE_CDI,9729,4653,55814,12,3,5,0,0.497,CAUTION,PROFESSIONNEL,1
SERVICES,Rabat-Salé-Kénitra,43,FONCTIONNAIRE,11051,6568,15254,60,22,1,0,0.69,HYPOTHEQUE,PROFESSIONNEL,0
SERVICES,Casablanca-Settat,22,RETRAITE,13015,7246,94786,24,0,4,4,0.583,HYPOTHEQUE,IMMOBILIER,1
AGRICULTURE,Oriental,40,SALARIE_CDI,11202,4618,25809,24,19,1,1,0.401,CAUTION,CONSOMMATION,1
COMMERCE,Laâyoune-Sakia El Hamra,60,INDEPENDANT,5649,3611,17937,120,37,3,0,0.683,NANTISSEMENT,CONSOMMATION,1
AGRICULTURE,Oriental,80,INDEPENDANT,13192,3935,74398,120,45,4,0,0.291,HYPOTHEQUE,CONSOMMATION,0
SERVICES,Casablanca-Settat,36,SALARIE_CDI,6848,4449,92475,120,17,4,0,0.666,CAUTION,CONSOMMATION,0
AGRICULTURE,Laâyoune-Sakia El Hamra,34,INDEPENDANT,9281,3180,29123,12,11,2,1,0.337,AUCUNE,CONSOMMATION,1
COMMERCE,Drâa-Tafilalet,60,RETRAITE,8602,2419,20274,120,37,1,0,0.223,AUCUNE,CONSOMMATION,0
COMMERCE,Fès-Meknès,75,RETRAITE,13560,4629,49494,12,45,5,0,0.312,CAUTION,IMMOBILIER,0
INDUSTRIE,Fès-Meknès,36,FONCTIONNAIRE,9671,4283,14289,120,14,2,4,0.523,HYPOTHEQUE,IMMOBILIER,1
SERVICES,Laâyoune-Sakia El Hamra,70,SALARIE_CDI,4343,1681,216664,12,45,2,0,0.405,CAUTION,PROFESSIONNEL,1
AGRICULTURE,Souss-Massa,37,SALARIE_CDI,20770,3637,17633,24,18,3,0,0.186,AUCUNE,IMMOBILIER,0
AGRICULTURE,Rabat-Salé-Kénitra,58,SALARIE_CDI,11798,3870,46598,12,39,0,0,0.333,HYPOTHEQUE,PROFESSIONNEL,0
INDUSTRIE,Fès-Meknès,31,FONCTIONNAIRE,6325,2504,32451,84,7,4,0,0.385,CAUTION,CONSOMMATION,0
AGRICULTURE,Fès-Meknès,34,SALARIE_CDD,4857,2339,19076,84,12,5,0,0.487,AUCUNE,CONSOMMATION,0
SERVICES,Tanger-Tétouan-Al Hoceïma,79,FONCTIONNAIRE,12421,7782,18863,24,45,1,0,0.611,NANTISSEMENT,CONSOMMATION,0
SERVICES,Tanger-Tétouan-Al Hoceïma,42,INDEPENDANT,5123,3217,79970,84,22,4,0,0.644,HYPOTHEQUE,CONSOMMATION,1
SERVICES,Oriental,19,SALARIE_CDI,11618,4729,46961,24,0,4,1,0.357,CAUTION,PROFESSIONNEL,0
INDUSTRIE,Fès-Meknès,66,INDEPENDANT,13109,5696,22308,120,39,2,3,0.472,HYPOTHEQUE,IMMOBILIER,0
SERVICES,Béni Mellal-Khénifra,26,SALARIE_CDI,6049,3019,24540,48,2,1,0,0.498,HYPOTHEQUE,IMMOBILIER,0
INDUSTRIE,Souss-Massa,24,SALARIE_CDI,5811,3299,20546,60,1,2,2,0.506,HYPOTHEQUE,CONSOMMATION,1
SERVICES,Dakhla-Oued Ed-Dahab,70,INDEPENDANT,6558,3427,67287,84,45,1,0,0.511,CAUTION,CONSOMMATION,0
TECH,Guelmim-Oued Noun,39,SALARIE_CDI,5193,2650,69260,48,21,2,0,0.493,AUCUNE,CONSOMMATION,0
TECH,Fès-Meknès,26,SALARIE_CDI,8985,3357,52530,48,0,2,0,0.427,HYPOTHEQUE,IMMOBILIER,0
COMMERCE,Casablanca-Settat,79,RETRAITE,9581,5600,43374,60,45,2,0,0.579,AUCUNE,IMMOBILIER,0
SERVICES,Béni Mellal-Khénifra,35,INDEPENDANT,11242,5410,56311,24,12,1,2,0.444,CAUTION,IMMOBILIER,0
TECH,Tanger-Tétouan-Al Hoceïma,57,INDEPENDANT,5569,1279,11450,48,30,5,1,0.132,AUCUNE,CONSOMMATION,0
SERVICES,Laâyoune-Sakia El Hamra,34,SALARIE_CDI,11825,5312,44029,120,14,2,0,0.423,HYPOTHEQUE,CONSOMMATION,0
TECH,Tanger-Tétouan-Al Hoceïma,54,SALARIE_CDI,5195,1586,76720,60,34,3,1,0.367,AUCUNE,CONSOMMATION,1
COMMERCE,Fès-Meknès,61,SALARIE_CDI,11822,2974,42689,36,36,3,0,0.277,AUCUNE,IMMOBILIER,0
INDUSTRIE,Tanger-Tétouan-Al Hoceïma,65,SALARIE_CDI,4151,1969,37687,120,39,2,0,0.433,AUCUNE,PROFESSIONNEL,0
SERVICES,Laâyoune-Sakia El Hamra,43,RETRAITE,16407,7730,23267,84,21,2,0,0.465,CAUTION,PROFESSIONNEL,0
TECH,Rabat-Salé-Kénitra,56,SALARIE_CDI,6408,4020,24377,120,37,1,1,0.634,AUCUNE,AUTO,0
AGRICULTURE,Dakhla-Oued Ed-Dahab,70,INDEPENDANT,10610,6770,25177,84,44,5,0,0.719,HYPOTHEQUE,PROFESSIONNEL,0
COMMERCE,Marrakech-Safi,70,SALARIE_CDI,10996,3897,42451,12,45,4,3,0.357,NANTISSEMENT,IMMOBILIER,0
AGRICULTURE,Laâyoune-Sakia El Hamra,65,FONCTIONNAIRE,4577,1095,25860,12,43,4,0,0.215,HYPOTHEQUE,IMMOBILIER,0
AGRICULTURE,Oriental,43,SALARIE_CDI,11799,2598,10134,12,21,3,3,0.24,HYPOTHEQUE,CONSOMMATION,0
SERVICES,Oriental,51,SALARIE_CDI,6324,4029,63476,48,31,2,0,0.671,AUCUNE,PROFESSIONNEL,1
TECH,Marrakech-Safi,78,SALARIE_CDI,7060,2456,52342,48,45,3,3,0.388,CAUTION,PROFESSIONNEL,0
INDUSTRIE,Drâa-Tafilalet,33,RETRAITE,5993,1926,46569,12,11,5,0,0.361,AUCUNE,IMMOBILIER,1
COMMERCE,Béni Mellal-Khénifra,61,FONCTIONNAIRE,16751,7715,18849,12,37,0,0,0.57,HYPOTHEQUE,AUTO,0
SERVICES,Souss-Massa,67,FONCTIONNAIRE,4786,855,25730,84,45,1,0,0.12,HYPOTHEQUE,CONSOMMATION,0
AGRICULTURE,Souss-Massa,48,SALARIE_CDI,9834,4655,52224,84,22,1,0,0.469,AUCUNE,PROFESSIONNEL,0
TECH,Béni Mellal-Khénifra,72,INDEPENDANT,6120,3598,36994,84,45,3,1,0.59,AUCUNE,CONSOMMATION,1
SERVICES,Souss-Massa,44,FONCTIONNAIRE,13240,6781,22280,60,25,1,3,0.45,CAUTION,PROFESSIONNEL,0
INDUSTRIE,Dakhla-Oued Ed-Dahab,70,SALARIE_CDD,23031,8262,90197,36,45,2,0,0.305,CAUTION,IMMOBILIER,1
INDUSTRIE,Casablanca-Settat,58,FONCTIONNAIRE,6102,1270,20071,48,35,0,0,0.197,AUCUNE,PROFESSIONNEL,0
TECH,Fès-Meknès,21,INDEPENDANT,8630,2335,5000,60,0,5,0,0.254,HYPOTHEQUE,CONSOMMATION,1
AGRICULTURE,Laâyoune-Sakia El Hamra,69,RETRAITE,6813,1926,38604,84,44,5,3,0.259,AUCUNE,IMMOBILIER,1
INDUSTRIE,Guelmim-Oued Noun,61,RETRAITE,12928,4427,39773,36,40,2,0,0.255,AUCUNE,IMMOBILIER,0
COMMERCE,Tanger-Tétouan-Al Hoceïma,32,SALARIE_CDD,7245,1570,37820,24,11,3,0,0.163,AUCUNE,PROFESSIONNEL,0
COMMERCE,Oriental,62,SALARIE_CDI,12179,5332,48111,48,43,0,0,0.411,HYPOTHEQUE,PROFESSIONNEL,0
INDUSTRIE,Casablanca-Settat,50,SALARIE_CDI,6775,2257,24590,120,23,4,0,0.323,CAUTION,CONSOMMATION,0
COMMERCE,Marrakech-Safi,77,SALARIE_CDI,22241,8856,74479,60,45,1,0,0.414,AUCUNE,PROFESSIONNEL,0
SERVICES,Dakhla-Oued Ed-Dahab,37,SALARIE_CDI,3022,884,13956,60,10,2,2,0.281,HYPOTHEQUE,PROFESSIONNEL,0
SERVICES,Béni Mellal-Khénifra,34,SALARIE_CDD,9601,3619,35775,84,11,1,0,0.345,HYPOTHEQUE,AUTO,0
INDUSTRIE,Casablanca-Settat,21,FONCTIONNAIRE,8065,4084,23434,60,0,3,3,0.526,NANTISSEMENT,CONSOMMATION,1
AGRICULTURE,Guelmim-Oued Noun,67,FONCTIONNAIRE,7934,1540,73477,48,44,2,1,0.208,NANTISSEMENT,IMMOBILIER,0
INDUSTRIE,Tanger-Tétouan-Al Hoceïma,80,FONCTIONNAIRE,9214,3732,20824,60,45,4,0,0.36,NANTISSEMENT,CONSOMMATION,1
SERVICES,Oriental,61,RETRAITE,8319,3820,38164,60,35,4,0,0.559,AUCUNE,PROFESSIONNEL,0
TECH,Laâyoune-Sakia El Hamra,41,SALARIE_CDI,8942,4326,38546,48,23,1,0,0.371,AUCUNE,IMMOBILIER,0
AGRICULTURE,Laâyoune-Sakia El Hamra,73,SALARIE_CDI,9737,5953,41651,24,45,4,0,0.646,AUCUNE,CONSOMMATION,0
INDUSTRIE,Rabat-Salé-Kénitra,33,FONCTIONNAIRE,17802,9623,21787,36,14,4,2,0.587,CAUTION,PROFESSIONNEL,1
SERVICES,Tanger-Tétouan-Al Hoceïma,61,FONCTIONNAIRE,2500,1299,46910,48,38,0,0,0.573,AUCUNE,PROFESSIONNEL,0
COMMERCE,Fès-Meknès,55,SALARIE_CDD,18605,10865,37050,60,36,0,0,0.602,CAUTION,PROFESSIONNEL,0
INDUSTRIE,Laâyoune-Sakia El Hamra,71,INDEPENDANT,25640,15569,46184,12,45,0,3,0.54,AUCUNE,CONSOMMATION,0
COMMERCE,Guelmim-Oued Noun,79,SALARIE_CDI,3685,2099,109326,60,45,5,0,0.669,AUCUNE,CONSOMMATION,0
SERVICES,Béni Mellal-Khénifra,40,FONCTIONNAIRE,8279,3783,39388,48,14,1,0,0.39,CAUTION,CONSOMMATION,1
SERVICES,Casablanca-Settat,24,RETRAITE,15019,8584,18096,12,3,5,0,0.519,CAUTION,IMMOBILIER,0
INDUSTRIE,Guelmim-Oued Noun,27,SALARIE_CDD,12251,3837,143303,36,3,2,2,0.288,AUCUNE,PROFESSIONNEL,1
COMMERCE,Oriental,64,FONCTIONNAIRE,17228,10785,72068,84,43,1,0,0.564,HYPOTHEQUE,PROFESSIONNEL,0
INDUSTRIE,Fès-Meknès,40,SALARIE_CDI,9579,2268,57401,120,20,3,2,0.175,HYPOTHEQUE,IMMOBILIER,0
SERVICES,Souss-Massa,26,SALARIE_CDI,3246,859,31957,84,7,5,1,0.221,NANTISSEMENT,IMMOBILIER,0
COMMERCE,Souss-Massa,69,SALARIE_CDI,14575,3342,60949,24,45,2,0,0.133,CAUTION,PROFESSIONNEL,0
TECH,Fès-Meknès,58,FONCTIONNAIRE,10786,5808,8603,48,35,0,0,0.545,AUCUNE,PROFESSIONNEL,1
SERVICES,Laâyoune-Sakia El Hamra,26,FONCTIONNAIRE,15676,5757,107191,120,0,4,0,0.346,AUCUNE,PROFESSIONNEL,1
COMMERCE,Dakhla-Oued Ed-Dahab,62,RETRAITE,4063,2109,68011,48,36,4,0,0.507,NANTISSEMENT,CONSOMMATION,1
COMMERCE,Casablanca-Settat,58,FONCTIONNAIRE,4688,1899,32082,24,39,3,1,0.42,AUCUNE,PROFESSIONNEL,0
INDUSTRIE,Dakhla-Oued Ed-Dahab,80,SALARIE_CDI,8163,2870,66813,48,45,1,2,0.346,NANTISSEMENT,PROFESSIONNEL,1
AGRICULTURE,Tanger-Tétouan-Al Hoceïma,80,INDEPENDANT,14763,8831,56004,60,45,4,1,0.566,AUCUNE,CONSOMMATION,0
AGRICULTURE,Guelmim-Oued Noun,79,SALARIE_CDI,16734,6126,17916,24,45,5,3,0.39,HYPOTHEQUE,CONSOMMATION,1
INDUSTRIE,Guelmim-Oued Noun,74,INDEPENDANT,5845,2684,41161,36,45,5,3,0.446,CAUTION,AUTO,1
SERVICES,Béni Mellal-Khénifra,67,SALARIE_CDI,6749,3910,47217,120,45,1,4,0.539,HYPOTHEQUE,CONSOMMATION,0
INDUSTRIE,Drâa-Tafilalet,60,INDEPENDANT,29507,7563,33068,120,40,3,2,0.25,AUCUNE,CONSOMMATION,0
SERVICES,Drâa-Tafilalet,52,RETRAITE,6319,2220,31149,120,30,3,0,0.415,AUCUNE,IMMOBILIER,0
COMMERCE,Laâyoune-Sakia El Hamra,67,SALARIE_CDI,10981,2443,68246,48,45,3,0,0.194,CAUTION,IMMOBILIER,1
AGRICULTURE,Souss-Massa,78,FONCTIONNAIRE,6612,2786,41077,84,45,0,0,0.454,HYPOTHEQUE,PROFESSIONNEL,0
TECH,Drâa-Tafilalet,25,FONCTIONNAIRE,10033,5466,135196,24,6,4,3,0.496,NANTISSEMENT,CONSOMMATION,1
INDUSTRIE,Dakhla-Oued Ed-Dahab,26,SALARIE_CDI,5487,974,22989,36,7,3,0,0.179,CAUTION,PROFESSIONNEL,1
INDUSTRIE,Dakhla-Oued Ed-Dahab,49,SALARIE_CDI,5558,1001,48369,24,28,3,0,0.194,NANTISSEMENT,IMMOBILIER,0
SERVICES,Rabat-Salé-Kénitra,36,FONCTIONNAIRE,6858,3570,19066,60,11,2,0,0.478,HYPOTHEQUE,IMMOBILIER,0
COMMERCE,Souss-Massa,51,SALARIE_CDI,6340,3200,58352,84,26,5,0,0.487,HYPOTHEQUE,IMMOBILIER,1
SERVICES,Oriental,37,SALARIE_CDI,7067,2481,16646,60,10,4,2,0.304,CAUTION,PROFESSIONNEL,1
AGRICULTURE,Béni Mellal-Khénifra,67,INDEPENDANT,10266,3391,44433,120,40,3,4,0.288,HYPOTHEQUE,IMMOBILIER,1
TECH,Béni Mellal-Khénifra,74,FONCTIONNAIRE,18971,5521,82987,24,45,3,0,0.291,CAUTION,CONSOMMATION,0
SERVICES,Laâyoune-Sakia El Hamra,35,SALARIE_CDI,6212,1124,37661,84,15,5,2,0.262,AUCUNE,CONSOMMATION,1
COMMERCE,Oriental,66,RETRAITE,5194,2113,18152,120,39,4,1,0.428,AUCUNE,PROFESSIONNEL,0
COMMERCE,Drâa-Tafilalet,24,INDEPENDANT,8138,3728,70372,48,0,2,0,0.46,HYPOTHEQUE,CONSOMMATION,1
TECH,Laâyoune-Sakia El Hamra,68,RETRAITE,5524,3219,46730,48,44,2,0,0.654,AUCUNE,PROFESSIONNEL,0
COMMERCE,Rabat-Salé-Kénitra,61,FONCTIONNAIRE,3882,1634,34212,120,39,1,0,0.356,HYPOTHEQUE,IMMOBILIER,0
SERVICES,Béni Mellal-Khénifra,62,SALARIE_CDI,13081,2956,18445,12,42,4,0,0.294,HYPOTHEQUE,CONSOMMATION,0
COMMERCE,Tanger-Tétouan-Al Hoceïma,49,SALARIE_CDI,8402,2555,11763,48,30,5,1,0.286,AUCUNE,CONSOMMATION,0
SERVICES,Laâyoune-Sakia El Hamra,24,RETRAITE,8781,4764,175627,48,0,1,0,0.557,CAUTION,PROFESSIONNEL,1
COMMERCE,Oriental,71,INDEPENDANT,3404,1563,24313,24,45,1,3,0.494,CAUTION,IMMOBILIER,0
SERVICES,Béni Mellal-Khénifra,24,INDEPENDANT,6228,3335,18123,12,6,2,2,0.561,NANTISSEMENT,PROFESSIONNEL,0
COMMERCE,Guelmim-Oued Noun,48,FONCTIONNAIRE,4285,1529,45264,24,27,5,0,0.34,HYPOTHEQUE,PROFESSIONNEL,0
TECH,Marrakech-Safi,28,SALARIE_CDD,8029,1475,17807,84,3,3,0,0.226,AUCUNE,CONSOMMATION,1
SERVICES,Oriental,71,INDEPENDANT,8608,5131,51467,60,45,5,0,0.577,HYPOTHEQUE,AUTO,0
INDUSTRIE,Guelmim-Oued Noun,54,SALARIE_CDI,8605,2793,93502,84,27,1,4,0.305,AUCUNE,AUTO,0
TECH,Guelmim-Oued Noun,49,FONCTIONNAIRE,6002,1151,17318,84,28,2,0,0.191,HYPOTHEQUE,IMMOBILIER,0
SERVICES,Marrakech-Safi,37,FONCTIONNAIRE,5520,2448,29463,84,11,2,4,0.47,NANTISSEMENT,CONSOMMATION,1
COMMERCE,Laâyoune-Sakia El Hamra,67,INDEPENDANT,7428,3877,49099,60,44,5,2,0.473,CAUTION,IMMOBILIER,1
COMMERCE,Rabat-Salé-Kénitra,31,SALARIE_CDD,9515,3701,15480,12,5,5,2,0.346,NANTISSEMENT,CONSOMMATION,0
INDUSTRIE,Fès-Meknès,63,INDEPENDANT,6244,2853,19195,12,41,5,1,0.372,AUCUNE,IMMOBILIER,0
TECH,Laâyoune-Sakia El Hamra,79,SALARIE_CDI,5314,1906,33466,12,45,2,1,0.346,AUCUNE,AUTO,0
COMMERCE,Béni Mellal-Khénifra,34,SALARIE_CDI,5417,3016,143275,48,13,2,0,0.611,CAUTION,CONSOMMATION,1
COMMERCE,Oriental,61,SALARIE_CDI,6025,3265,19991,12,41,4,0,0.704,CAUTION,PROFESSIONNEL,1
SERVICES,Oriental,37,SALARIE_CDI,6610,3371,29793,12,18,5,0,0.524,AUCUNE,IMMOBILIER,1
SERVICES,Dakhla-Oued Ed-Dahab,76,SALARIE_CDI,4943,791,206015,60,45,3,2,0.244,HYPOTHEQUE,CONSOMMATION,1
SERVICES,Marrakech-Safi,74,SALARIE_CDD,6631,2707,63361,120,45,4,0,0.411,HYPOTHEQUE,IMMOBILIER,1
AGRICULTURE,Fès-Meknès,37,SALARIE_CDD,14133,7670,11092,36,13,0,0,0.55,CAUTION,AUTO,1
AGRICULTURE,Souss-Massa,32,SALARIE_CDD,7097,1933,30839,12,6,1,0,0.268,CAUTION,CONSOMMATION,0
TECH,Laâyoune-Sakia El Hamra,23,SALARIE_CDD,4640,1297,54692,24,0,4,0,0.279,CAUTION,AUTO,1
SERVICES,Oriental,61,INDEPENDANT,2933,1766,99975,120,40,2,0,0.602,HYPOTHEQUE,IMMOBILIER,0
COMMERCE,Drâa-Tafilalet,75,SALARIE_CDI,18516,10570,96279,120,45,5,1,0.556,CAUTION,AUTO,1
TECH,Guelmim-Oued Noun,27,SALARIE_CDD,13530,8714,53747,36,4,5,1,0.734,CAUTION,AUTO,1
COMMERCE,Laâyoune-Sakia El Hamra,69,SALARIE_CDI,9210,3672,59985,48,43,5,0,0.428,AUCUNE,CONSOMMATION,0
SERVICES,Souss-Massa,65,SALARIE_CDI,13674,2901,14628,60,41,3,0,0.178,CAUTION,PROFESSIONNEL,0
AGRICULTURE,Souss-Massa,47,FONCTIONNAIRE,10274,1583,22364,48,24,4,0,0.188,NANTISSEMENT,PROFESSIONNEL,0
SERVICES,Casablanca-Settat,32,INDEPENDANT,7832,3940,14646,60,10,3,0,0.554,AUCUNE,IMMOBILIER,0
SERVICES,Casablanca-Settat,59,SALARIE_CDI,4637,2589,74709,60,32,2,4,0.498,CAUTION,CONSOMMATION,0
AGRICULTURE,Souss-Massa,55,SALARIE_CDD,19128,6965,47270,84,30,4,0,0.418,AUCUNE,IMMOBILIER,1
COMMERCE,Drâa-Tafilalet,69,SALARIE_CDI,6656,2415,39121,48,43,2,0,0.41,HYPOTHEQUE,CONSOMMATION,1
INDUSTRIE,Laâyoune-Sakia El Hamra,53,SALARIE_CDI,6822,3889,106988,60,35,4,0,0.59,HYPOTHEQUE,PROFESSIONNEL,1
COMMERCE,Tanger-Tétouan-Al Hoceïma,21,INDEPENDANT,8241,2003,52930,24,1,2,1,0.324,AUCUNE,AUTO,0
AGRICULTURE,Oriental,30,FONCTIONNAIRE,8305,1509,80554,48,11,2,2,0.234,AUCUNE,CONSOMMATION,1
SERVICES,Guelmim-Oued Noun,41,INDEPENDANT,10495,6642,61663,60,18,2,0,0.614,AUCUNE,IMMOBILIER,1
TECH,Fès-Meknès,48,INDEPENDANT,9965,4197,66019,24,30,5,0,0.43,CAUTION,CONSOMMATION,0
INDUSTRIE,Rabat-Salé-Kénitra,40,FONCTIONNAIRE,6250,3351,17503,60,14,2,3,0.609,HYPOTHEQUE,IMMOBILIER,1
SERVICES,Dakhla-Oued Ed-Dahab,73,SALARIE_CDI,8198,5143,71823,24,45,3,0,0.606,AUCUNE,CONSOMMATION,1
INDUSTRIE,Oriental,35,INDEPENDANT,10346,5744,50574,84,9,4,0,0.538,CAUTION,AUTO,0
COMMERCE,Rabat-Salé-Kénitra,60,INDEPENDANT,6016,2309,27276,60,42,5,0,0.401,NANTISSEMENT,CONSOMMATION,0
SERVICES,Fès-Meknès,40,SALARIE_CDD,15537,7365,58638,36,17,4,0,0.466,CAUTION,PROFESSIONNEL,0
INDUSTRIE,Fès-Meknès,80,FONCTIONNAIRE,8030,3743,89330,36,45,3,0,0.593,AUCUNE,PROFESSIONNEL,0
COMMERCE,Marrakech-Safi,75,SALARIE_CDD,16636,10194,33904,84,45,1,0,0.684,HYPOTHEQUE,CONSOMMATION,0
COMMERCE,Souss-Massa,67,SALARIE_CDI,4331,955,21489,84,45,1,1,0.333,AUCUNE,IMMOBILIER,0
TECH,Guelmim-Oued Noun,66,FONCTIONNAIRE,10879,5416,22195,120,41,3,2,0.562,AUCUNE,CONSOMMATION,1
TECH,Drâa-Tafilalet,58,SALARIE_CDI,5428,3156,13675,84,36,0,4,0.595,NANTISSEMENT,CONSOMMATION,1
INDUSTRIE,Dakhla-Oued Ed-Dahab,54,SALARIE_CDI,6091,2007,32273,36,28,4,4,0.233,AUCUNE,CONSOMMATION,1
INDUSTRIE,Laâyoune-Sakia El Hamra,53,SALARIE_CDD,12176,6139,54893,24,30,4,3,0.525,AUCUNE,CONSOMMATION,1
COMMERCE,Fès-Meknès,19,FONCTIONNAIRE,7311,2010,122223,60,0,3,0,0.221,AUCUNE,PROFESSIONNEL,0
COMMERCE,Casablanca-Settat,77,INDEPENDANT,26078,5060,20660,12,45,3,0,0.118,AUCUNE,CONSOMMATION,0
SERVICES,Rabat-Salé-Kénitra,79,FONCTIONNAIRE,10230,1664,46699,12,45,5,0,0.224,AUCUNE,PROFESSIONNEL,0
INDUSTRIE,Guelmim-Oued Noun,51,INDEPENDANT,5925,2459,36896,48,32,5,4,0.362,HYPOTHEQUE,CONSOMMATION,1
SERVICES,Tanger-Tétouan-Al Hoceïma,72,SALARIE_CDI,10238,1800,36097,120,45,5,1,0.142,CAUTION,IMMOBILIER,1
INDUSTRIE,Drâa-Tafilalet,43,FONCTIONNAIRE,7283,3250,12446,36,19,5,1,0.424,AUCUNE,CONSOMMATION,0
AGRICULTURE,Souss-Massa,25,SALARIE_CDI,11783,3980,17897,60,0,4,0,0.347,CAUTION,IMMOBILIER,0
COMMERCE,Laâyoune-Sakia El Hamra,70,SALARIE_CDD,7092,1088,129346,12,44,2,4,0.152,HYPOTHEQUE,AUTO,0
INDUSTRIE,Oriental,50,FONCTIONNAIRE,9730,2561,73606,60,31,5,0,0.302,NANTISSEMENT,CONSOMMATION,0
COMMERCE,Laâyoune-Sakia El Hamra,77,SALARIE_CDI,8860,4600,44267,48,45,5,1,0.55,HYPOTHEQUE,IMMOBILIER,1
COMMERCE,Fès-Meknès,31,INDEPENDANT,8394,2849,50176,12,9,4,2,0.263,CAUTION,IMMOBILIER,0
INDUSTRIE,Guelmim-Oued Noun,48,SALARIE_CDD,12949,6640,61109,36,21,5,0,0.591,HYPOTHEQUE,PROFESSIONNEL,0
INDUSTRIE,Oriental,60,FONCTIONNAIRE,3599,2006,26535,120,40,3,0,0.502,CAUTION,IMMOBILIER,0
COMMERCE,Marrakech-Safi,26,SALARIE_CDD,8467,4644,27310,24,0,0,4,0.499,AUCUNE,IMMOBILIER,1
SERVICES,Marrakech-Safi,80,INDEPENDANT,5910,2868,23598,120,45,5,0,0.575,AUCUNE,PROFESSIONNEL,0
COMMERCE,Fès-Meknès,56,FONCTIONNAIRE,4417,2311,40873,36,35,2,0,0.521,CAUTION,AUTO,0
COMMERCE,Rabat-Salé-Kénitra,28,SALARIE_CDI,5558,2417,16229,36,7,3,3,0.492,CAUTION,AUTO,1
TECH,Dakhla-Oued Ed-Dahab,64,RETRAITE,6131,2344,22815,12,45,3,0,0.419,HYPOTHEQUE,CONSOMMATION,0
AGRICULTURE,Marrakech-Safi,73,FONCTIONNAIRE,7289,1318,51753,12,45,4,2,0.204,CAUTION,AUTO,0
TECH,Béni Mellal-Khénifra,41,SALARIE_CDD,9431,6013,28366,120,19,0,3,0.603,CAUTION,IMMOBILIER,0
COMMERCE,Oriental,56,FONCTIONNAIRE,10343,5897,10664,36,32,0,0,0.561,HYPOTHEQUE,AUTO,0
SERVICES,Oriental,65,SALARIE_CDI,6741,3276,27849,84,45,1,0,0.57,HYPOTHEQUE,PROFESSIONNEL,0
COMMERCE,Béni Mellal-Khénifra,27,INDEPENDANT,16532,7804,53202,12,6,2,0,0.438,CAUTION,CONSOMMATION,0
TECH,Laâyoune-Sakia El Hamra,51,SALARIE_CDD,6856,3006,39388,24,24,3,0,0.442,AUCUNE,PROFESSIONNEL,1
AGRICULTURE,Dakhla-Oued Ed-Dahab,53,INDEPENDANT,3375,666,11127,48,35,0,0,0.223,AUCUNE,CONSOMMATION,0
TECH,Laâyoune-Sakia El Hamra,36,SALARIE_CDI,6939,2149,74803,48,14,5,3,0.29,AUCUNE,IMMOBILIER,1
SERVICES,Souss-Massa,36,INDEPENDANT,8277,2647,30560,84,13,4,3,0.285,CAUTION,CONSOMMATION,1
TECH,Drâa-Tafilalet,57,INDEPENDANT,2500,1367,46043,60,36,5,0,0.538,NANTISSEMENT,PROFESSIONNEL,1
AGRICULTURE,Marrakech-Safi,65,RETRAITE,13951,6313,75456,48,42,2,0,0.443,AUCUNE,CONSOMMATION,0
COMMERCE,Laâyoune-Sakia El Hamra,42,INDEPENDANT,7750,2705,33301,48,15,0,0,0.274,AUCUNE,AUTO,0
COMMERCE,Marrakech-Safi,27,INDEPENDANT,4824,1515,9544,84,6,4,2,0.328,AUCUNE,PROFESSIONNEL,0
COMMERCE,Rabat-Salé-Kénitra,67,FONCTIONNAIRE,5260,3035,124103,60,45,4,0,0.643,AUCUNE,AUTO,0
COMMERCE,Guelmim-Oued Noun,28,SALARIE_CDI,11416,6197,7744,120,8,0,0,0.375,CAUTION,AUTO,0
INDUSTRIE,Guelmim-Oued Noun,18,FONCTIONNAIRE,12061,6713,28774,120,0,0,0,0.566,NANTISSEMENT,PROFESSIONNEL,1
SERVICES,Rabat-Salé-Kénitra,38,FONCTIONNAIRE,6051,2104,89947,120,12,2,1,0.198,CAUTION,PROFESSIONNEL,0
TECH,Dakhla-Oued Ed-Dahab,69,SALARIE_CDI,4403,1716,22290,120,45,5,1,0.464,HYPOTHEQUE,IMMOBILIER,0
AGRICULTURE,Rabat-Salé-Kénitra,65,FONCTIONNAIRE,8595,3753,23233,48,41,0,5,0.407,NANTISSEMENT,IMMOBILIER,0
TECH,Casablanca-Settat,37,SALARIE_CDI,9335,2296,31204,12,11,3,0,0.246,CAUTION,CONSOMMATION,0
INDUSTRIE,Dakhla-Oued Ed-Dahab,50,FONCTIONNAIRE,10450,3460,32002,48,31,5,0,0.281,HYPOTHEQUE,PROFESSIONNEL,0
SERVICES,Marrakech-Safi,78,SALARIE_CDD,6289,2488,19887,48,45,0,0,0.494,AUCUNE,CONSOMMATION,1
INDUSTRIE,Marrakech-Safi,63,INDEPENDANT,7670,3721,23269,120,36,5,0,0.589,AUCUNE,CONSOMMATION,1
TECH,Guelmim-Oued Noun,65,SALARIE_CDI,8177,3064,77058,48,44,5,2,0.319,CAUTION,PROFESSIONNEL,1
COMMERCE,Béni Mellal-Khénifra,23,SALARIE_CDI,12520,2846,25038,84,3,2,0,0.166,CAUTION,IMMOBILIER,0
AGRICULTURE,Oriental,33,FONCTIONNAIRE,14738,5343,51624,12,14,0,1,0.404,HYPOTHEQUE,PROFESSIONNEL,1
INDUSTRIE,Dakhla-Oued Ed-Dahab,24,SALARIE_CDD,16652,6922,19168,24,5,4,0,0.459,AUCUNE,IMMOBILIER,0
COMMERCE,Rabat-Salé-Kénitra,79,SALARIE_CDI,14561,6922,95713,120,45,1,0,0.456,CAUTION,IMMOBILIER,0
TECH,Dakhla-Oued Ed-Dahab,39,FONCTIONNAIRE,18326,10572,70007,12,14,2,0,0.524,HYPOTHEQUE,CONSOMMATION,0
SERVICES,Fès-Meknès,49,INDEPENDANT,12784,3404,34107,120,25,0,3,0.341,HYPOTHEQUE,PROFESSIONNEL,1
AGRICULTURE,Béni Mellal-Khénifra,52,INDEPENDANT,6215,2672,56894,60,29,2,0,0.416,NANTISSEMENT,IMMOBILIER,0
COMMERCE,Fès-Meknès,50,SALARIE_CDI,16157,5795,105379,60,30,2,1,0.342,AUCUNE,CONSOMMATION,0
SERVICES,Fès-Meknès,21,SALARIE_CDI,4362,2153,18011,84,0,2,4,0.5,AUCUNE,PROFESSIONNEL,1
SERVICES,Fès-Meknès,75,FONCTIONNAIRE,23482,13787,17342,24,45,1,0,0.513,AUCUNE,CONSOMMATION,0
AGRICULTURE,Oriental,41,FONCTIONNAIRE,5225,2030,47182,36,21,0,0,0.357,NANTISSEMENT,CONSOMMATION,0
COMMERCE,Laâyoune-Sakia El Hamra,75,RETRAITE,12082,6912,14692,12,45,5,1,0.521,CAUTION,PROFESSIONNEL,0
TECH,Rabat-Salé-Kénitra,66,SALARIE_CDI,15520,2344,12252,60,43,5,0,0.051,CAUTION,CONSOMMATION,0
TECH,Béni Mellal-Khénifra,61,FONCTIONNAIRE,9963,6039,11822,24,43,3,0,0.563,HYPOTHEQUE,CONSOMMATION,1
INDUSTRIE,Laâyoune-Sakia El Hamra,62,RETRAITE,3221,1753,40292,60,38,2,0,0.541,AUCUNE,CONSOMMATION,1
TECH,Drâa-Tafilalet,79,SALARIE_CDI,5289,1147,8736,60,45,4,0,0.176,CAUTION,CONSOMMATION,0
AGRICULTURE,Dakhla-Oued Ed-Dahab,37,RETRAITE,9514,4640,27382,36,15,4,0,0.48,AUCUNE,CONSOMMATION,1
SERVICES,Casablanca-Settat,38,SALARIE_CDD,10786,4391,5000,36,20,1,1,0.353,AUCUNE,CONSOMMATION,1
TECH,Tanger-Tétouan-Al Hoceïma,60,INDEPENDANT,7477,4751,49341,36,40,2,0,0.665,HYPOTHEQUE,AUTO,1
INDUSTRIE,Souss-Massa,32,SALARIE_CDD,8379,2532,51711,84,10,1,2,0.351,HYPOTHEQUE,IMMOBILIER,0
INDUSTRIE,Oriental,68,INDEPENDANT,4184,1902,31297,12,45,0,0,0.487,CAUTION,CONSOMMATION,1
INDUSTRIE,Fès-Meknès,19,INDEPENDANT,18006,7408,83046,120,0,2,1,0.419,HYPOTHEQUE,PROFESSIONNEL,0
TECH,Fès-Meknès,74,SALARIE_CDI,6836,1781,63376,48,45,5,0,0.301,HYPOTHEQUE,IMMOBILIER,0
SERVICES,Laâyoune-Sakia El Hamra,39,INDEPENDANT,11556,6435,20869,24,18,4,1,0.525,HYPOTHEQUE,IMMOBILIER,0
INDUSTRIE,Marrakech-Safi,18,SALARIE_CDI,15239,7947,19649,24,0,3,2,0.481,AUCUNE,CONSOMMATION,0
COMMERCE,Dakhla-Oued Ed-Dahab,55,SALARIE_CDI,4819,2034,67410,120,31,3,0,0.418,AUCUNE,IMMOBILIER,1
SERVICES,Casablanca-Settat,35,FONCTIONNAIRE,8584,5339,58650,48,13,5,3,0.594,AUCUNE,IMMOBILIER,1
TECH,Souss-Massa,37,FONCTIONNAIRE,9183,5632,30081,48,11,2,1,0.681,AUCUNE,CONSOMMATION,1
AGRICULTURE,Béni Mellal-Khénifra,48,SALARIE_CDD,7215,4033,10597,48,22,4,1,0.66,AUCUNE,PROFESSIONNEL,1
SERVICES,Dakhla-Oued Ed-Dahab,54,SALARIE_CDI,12299,2782,69598,36,31,0,0,0.357,AUCUNE,PROFESSIONNEL,0
SERVICES,Guelmim-Oued Noun,26,SALARIE_CDI,6001,3583,38053,24,2,3,0,0.643,CAUTION,PROFESSIONNEL,1
AGRICULTURE,Casablanca-Settat,21,SALARIE_CDI,8306,2516,34872,24,0,2,0,0.321,CAUTION,CONSOMMATION,0
SERVICES,Drâa-Tafilalet,47,SALARIE_CDI,6857,2983,5000,12,21,0,0,0.337,AUCUNE,CONSOMMATION,1
SERVICES,Fès-Meknès,40,SALARIE_CDI,23075,14707,52731,12,19,3,0,0.616,CAUTION,CONSOMMATION,0
AGRICULTURE,Laâyoune-Sakia El Hamra,54,INDEPENDANT,6013,1596,34797,60,27,1,3,0.228,CAUTION,CONSOMMATION,1
AGRICULTURE,Guelmim-Oued Noun,65,SALARIE_CDI,11330,2831,24882,84,42,0,0,0.216,CAUTION,CONSOMMATION,0
COMMERCE,Marrakech-Safi,56,INDEPENDANT,18187,10475,20220,36,29,2,0,0.644,CAUTION,CONSOMMATION,0
COMMERCE,Tanger-Tétouan-Al Hoceïma,24,SALARIE_CDI,5360,839,39246,60,1,3,0,0.229,HYPOTHEQUE,IMMOBILIER,1
AGRICULTURE,Guelmim-Oued Noun,80,SALARIE_CDD,8458,2006,50391,36,45,0,0,0.216,AUCUNE,CONSOMMATION,0
COMMERCE,Dakhla-Oued Ed-Dahab,63,SALARIE_CDI,5198,1630,27792,84,44,5,3,0.283,NANTISSEMENT,AUTO,1
COMMERCE,Béni Mellal-Khénifra,21,SALARIE_CDI,3275,1700,53719,84,0,0,0,0.508,AUCUNE,CONSOMMATION,1
TECH,Marrakech-Safi,66,FONCTIONNAIRE,5692,2221,16210,24,44,1,2,0.299,NANTISSEMENT,CONSOMMATION,0
COMMERCE,Tanger-Tétouan-Al Hoceïma,73,SALARIE_CDI,6269,2173,23003,60,45,0,0,0.411,NANTISSEMENT,CONSOMMATION,0
COMMERCE,Guelmim-Oued Noun,53,SALARIE_CDI,6439,3924,58712,84,29,1,0,0.651,HYPOTHEQUE,PROFESSIONNEL,1
INDUSTRIE,Béni Mellal-Khénifra,70,SALARIE_CDD,7081,3738,27361,60,45,1,1,0.466,HYPOTHEQUE,IMMOBILIER,0
COMMERCE,Marrakech-Safi,73,INDEPENDANT,8125,3790,120784,60,45,2,0,0.406,AUCUNE,CONSOMMATION,0
COMMERCE,Fès-Meknès,78,SALARIE_CDD,4729,1513,44084,24,45,5,2,0.403,NANTISSEMENT,CONSOMMATION,0
INDUSTRIE,Marrakech-Safi,78,SALARIE_CDI,9492,5500,16033,36,45,4,3,0.622,HYPOTHEQUE,CONSOMMATION,1
INDUSTRIE,Souss-Massa,30,SALARIE_CDI,13989,3869,12109,12,3,5,0,0.369,AUCUNE,CONSOMMATION,1
TECH,Souss-Massa,20,FONCTIONNAIRE,14747,9187,62886,24,0,2,0,0.586,AUCUNE,CONSOMMATION,1
INDUSTRIE,Oriental,59,RETRAITE,7208,2020,23742,60,38,0,0,0.372,HYPOTHEQUE,PROFESSIONNEL,0
SERVICES,Dakhla-Oued Ed-Dahab,60,SALARIE_CDI,12116,6785,68991,60,39,0,1,0.514,HYPOTHEQUE,CONSOMMATION,0
INDUSTRIE,Béni Mellal-Khénifra,53,SALARIE_CDI,5964,3621,24880,36,28,1,0,0.617,AUCUNE,CONSOMMATION,1
SERVICES,Béni Mellal-Khénifra,32,SALARIE_CDD,6943,1828,43018,120,11,4,0,0.178,HYPOTHEQUE,CONSOMMATION,0
TECH,Tanger-Tétouan-Al Hoceïma,77,RETRAITE,9695,2566,28716,48,45,1,2,0.241,HYPOTHEQUE,IMMOBILIER,0
INDUSTRIE,Béni Mellal-Khénifra,43,SALARIE_CDI,6970,1319,43427,84,17,3,2,0.201,NANTISSEMENT,PROFESSIONNEL,1
INDUSTRIE,Dakhla-Oued Ed-Dahab,64,INDEPENDANT,4588,1471,60509,36,39,5,0,0.302,AUCUNE,CONSOMMATION,0
TECH,Casablanca-Settat,57,INDEPENDANT,11790,4718,36805,120,30,4,1,0.434,HYPOTHEQUE,IMMOBILIER,1
SERVICES,Tanger-Tétouan-Al Hoceïma,74,SALARIE_CDI,5581,1077,57682,120,45,3,0,0.155,CAUTION,CONSOMMATION,0
SERVICES,Casablanca-Settat,62,INDEPENDANT,6413,1431,11059,24,41,1,0,0.226,HYPOTHEQUE,CONSOMMATION,0
TECH,Marrakech-Safi,57,FONCTIONNAIRE,13046,4711,48578,120,39,2,0,0.347,HYPOTHEQUE,IMMOBILIER,0
COMMERCE,Casablanca-Settat,70,SALARIE_CDI,10319,2477,36905,60,45,5,0,0.225,HYPOTHEQUE,PROFESSIONNEL,0
TECH,Béni Mellal-Khénifra,21,SALARIE_CDI,8771,4708,30228,84,0,2,1,0.58,CAUTION,PROFESSIONNEL,0
TECH,Guelmim-Oued Noun,62,SALARIE_CDI,4183,1302,6811,36,40,0,5,0.279,HYPOTHEQUE,IMMOBILIER,1
AGRICULTURE,Dakhla-Oued Ed-Dahab,54,SALARIE_CDI,4801,831,11293,12,27,2,0,0.166,AUCUNE,IMMOBILIER,0
SERVICES,Marrakech-Safi,66,INDEPENDANT,9689,2202,42580,36,42,5,1,0.205,CAUTION,IMMOBILIER,0
TECH,Drâa-Tafilalet,32,FONCTIONNAIRE,10759,3267,46512,24,13,2,0,0.386,CAUTION,IMMOBILIER,0
COMMERCE,Fès-Meknès,55,INDEPENDANT,9080,2024,48366,36,35,0,0,0.223,CAUTION,CONSOMMATION,0
SERVICES,Fès-Meknès,35,FONCTIONNAIRE,6547,1688,36132,48,16,4,2,0.258,AUCUNE,IMMOBILIER,1
AGRICULTURE,Béni Mellal-Khénifra,25,SALARIE_CDD,6451,1634,15693,60,4,1,0,0.241,AUCUNE,CONSOMMATION,0
INDUSTRIE,Drâa-Tafilalet,54,SALARIE_CDI,8930,3209,17683,24,27,3,0,0.382,AUCUNE,AUTO,0
AGRICULTURE,Béni Mellal-Khénifra,19,INDEPENDANT,4613,1901,8297,84,0,0,0,0.392,AUCUNE,IMMOBILIER,0
COMMERCE,Rabat-Salé-Kénitra,23,SALARIE_CDI,8444,3895,39626,24,0,2,0,0.439,HYPOTHEQUE,IMMOBILIER,0
COMMERCE,Tanger-Tétouan-Al Hoceïma,51,SALARIE_CDI,4337,2623,137857,48,33,4,0,0.583,CAUTION,IMMOBILIER,0
SERVICES,Fès-Meknès,74,FONCTIONNAIRE,5046,2493,34053,84,45,0,1,0.498,AUCUNE,PROFESSIONNEL,1
AGRICULTURE,Casablanca-Settat,63,INDEPENDANT,8780,2189,21329,60,44,4,1,0.304,AUCUNE,CONSOMMATION,1
COMMERCE,Casablanca-Settat,18,SALARIE_CDI,10535,3946,36973,48,0,0,1,0.359,HYPOTHEQUE,IMMOBILIER,0
SERVICES,Souss-Massa,24,FONCTIONNAIRE,9450,4864,33025,36,6,3,1,0.45,CAUTION,CONSOMMATION,0
SERVICES,Rabat-Salé-Kénitra,45,SALARIE_CDI,4907,2098,10771,60,27,5,0,0.353,AUCUNE,CONSOMMATION,1
TECH,Drâa-Tafilalet,45,INDEPENDANT,3491,819,43387,48,25,5,0,0.38,CAUTION,PROFESSIONNEL,1
SERVICES,Casablanca-Settat,20,INDEPENDANT,8073,4390,33657,120,0,1,0,0.503,HYPOTHEQUE,PROFESSIONNEL,1
COMMERCE,Marrakech-Safi,34,INDEPENDANT,3447,856,32228,24,13,1,5,0.344,AUCUNE,PROFESSIONNEL,1
COMMERCE,Dakhla-Oued Ed-Dahab,25,SALARIE_CDI,12394,3993,146065,84,7,1,1,0.31,NANTISSEMENT,CONSOMMATION,0
SERVICES,Drâa-Tafilalet,53,FONCTIONNAIRE,4981,2574,33830,12,35,2,0,0.469,CAUTION,PROFESSIONNEL,0
COMMERCE,Oriental,59,SALARIE_CDI,22145,14055,130068,120,41,2,1,0.631,AUCUNE,CONSOMMATION,0
SERVICES,Casablanca-Settat,42,SALARIE_CDD,5256,3128,20353,48,15,0,0,0.627,HYPOTHEQUE,IMMOBILIER,0
AGRICULTURE,Casablanca-Settat,54,RETRAITE,9980,6336,12619,12,32,2,0,0.624,AUCUNE,IMMOBILIER,0
TECH,Laâyoune-Sakia El Hamra,30,SALARIE_CDI,5817,2026,20601,120,11,2,1,0.318,HYPOTHEQUE,CONSOMMATION,0
INDUSTRIE,Guelmim-Oued Noun,71,FONCTIONNAIRE,7512,2764,82561,24,45,0,0,0.29,AUCUNE,IMMOBILIER,0
COMMERCE,Dakhla-Oued Ed-Dahab,18,SALARIE_CDI,8802,2037,21354,120,0,0,4,0.2,AUCUNE,IMMOBILIER,0
COMMERCE,Guelmim-Oued Noun,49,FONCTIONNAIRE,11934,4610,13383,84,23,0,0,0.406,HYPOTHEQUE,IMMOBILIER,0
AGRICULTURE,Casablanca-Settat,38,FONCTIONNAIRE,12820,6926,46083,120,13,1,1,0.463,CAUTION,PROFESSIONNEL,0
INDUSTRIE,Guelmim-Oued Noun,46,SALARIE_CDD,11241,2074,27766,60,23,2,0,0.163,HYPOTHEQUE,IMMOBILIER,0
COMMERCE,Souss-Massa,50,FONCTIONNAIRE,12925,4000,54291,36,25,1,3,0.323,AUCUNE,AUTO,0
AGRICULTURE,Drâa-Tafilalet,58,RETRAITE,6141,3763,22694,48,36,5,1,0.673,CAUTION,IMMOBILIER,1
SERVICES,Tanger-Tétouan-Al Hoceïma,76,INDEPENDANT,10850,2618,19028,84,45,3,0,0.186,CAUTION,PROFESSIONNEL,0
COMMERCE,Drâa-Tafilalet,53,RETRAITE,6951,2075,116026,48,31,4,0,0.4,AUCUNE,IMMOBILIER,0
SERVICES,Laâyoune-Sakia El Hamra,32,SALARIE_CDI,12630,7799,20275,120,5,1,0,0.64,CAUTION,IMMOBILIER,0
COMMERCE,Dakhla-Oued Ed-Dahab,51,RETRAITE,8536,2752,20235,48,30,1,0,0.264,AUCUNE,CONSOMMATION,1
INDUSTRIE,Oriental,50,SALARIE_CDI,10712,6057,50170,12,30,0,0,0.573,HYPOTHEQUE,AUTO,1
AGRICULTURE,Fès-Meknès,72,SALARIE_CDI,9239,2712,5164,12,45,2,2,0.257,AUCUNE,IMMOBILIER,0
INDUSTRIE,Béni Mellal-Khénifra,53,SALARIE_CDD,11409,3177,60655,48,35,4,1,0.2,CAUTION,CONSOMMATION,0
SERVICES,Souss-Massa,72,SALARIE_CDI,5634,1372,126998,12,45,1,0,0.235,NANTISSEMENT,IMMOBILIER,0
TECH,Marrakech-Safi,58,INDEPENDANT,3994,724,66548,36,39,1,0,0.175,HYPOTHEQUE,PROFESSIONNEL,0
TECH,Drâa-Tafilalet,54,SALARIE_CDI,12645,4523,17522,24,36,0,4,0.372,HYPOTHEQUE,PROFESSIONNEL,0
COMMERCE,Casablanca-Settat,38,FONCTIONNAIRE,14842,7521,21888,84,17,1,0,0.459,HYPOTHEQUE,CONSOMMATION,0
TECH,Tanger-Tétouan-Al Hoceïma,34,SALARIE_CDI,7691,3097,37989,120,9,0,0,0.359,CAUTION,CONSOMMATION,0
SERVICES,Drâa-Tafilalet,24,SALARIE_CDI,11673,4128,46892,60,6,3,0,0.401,HYPOTHEQUE,CONSOMMATION,1
COMMERCE,Dakhla-Oued Ed-Dahab,52,INDEPENDANT,3893,982,112395,84,34,1,0,0.29,CAUTION,IMMOBILIER,0
SERVICES,Béni Mellal-Khénifra,76,FONCTIONNAIRE,6126,3012,108905,120,45,5,0,0.429,AUCUNE,CONSOMMATION,0
SERVICES,Dakhla-Oued Ed-Dahab,18,SALARIE_CDI,8408,2324,31236,120,0,4,2,0.193,AUCUNE,AUTO,1
AGRICULTURE,Guelmim-Oued Noun,78,INDEPENDANT,3711,616,25037,12,45,4,0,0.11,CAUTION,AUTO,1
TECH,Marrakech-Safi,72,INDEPENDANT,4071,2574,21012,48,45,2,0,0.688,CAUTION,CONSOMMATION,1
SERVICES,Laâyoune-Sakia El Hamra,45,SALARIE_CDD,8700,5405,57019,36,18,4,2,0.477,AUCUNE,CONSOMMATION,1
SERVICES,Tanger-Tétouan-Al Hoceïma,37,SALARIE_CDI,6170,1587,77337,24,17,3,0,0.228,HYPOTHEQUE,PROFESSIONNEL,0
AGRICULTURE,Béni Mellal-Khénifra,54,RETRAITE,6933,1867,38093,48,31,3,1,0.315,CAUTION,PROFESSIONNEL,0
SERVICES,Marrakech-Safi,71,SALARIE_CDD,6749,2970,36285,12,45,5,0,0.45,HYPOTHEQUE,PROFESSIONNEL,1
SERVICES,Oriental,19,SALARIE_CDI,4548,1654,159396,24,1,1,0,0.356,AUCUNE,PROFESSIONNEL,1
SERVICES,Drâa-Tafilalet,46,SALARIE_CDI,7347,4363,58454,24,25,3,0,0.64,HYPOTHEQUE,PROFESSIONNEL,0
SERVICES,Laâyoune-Sakia El Hamra,20,SALARIE_CDI,8053,2927,8630,120,0,3,4,0.352,AUCUNE,IMMOBILIER,1
INDUSTRIE,Dakhla-Oued Ed-Dahab,58,RETRAITE,6234,1358,35455,120,40,5,0,0.191,AUCUNE,CONSOMMATION,0
AGRICULTURE,Guelmim-Oued Noun,22,RETRAITE,6466,2737,41816,60,4,4,3,0.461,AUCUNE,AUTO,1
INDUSTRIE,Oriental,37,FONCTIONNAIRE,7392,1527,30073,48,18,0,1,0.302,CAUTION,PROFESSIONNEL,0
COMMERCE,Laâyoune-Sakia El Hamra,64,FONCTIONNAIRE,11718,4378,87836,60,37,1,4,0.26,HYPOTHEQUE,CONSOMMATION,0
TECH,Rabat-Salé-Kénitra,65,INDEPENDANT,7766,3406,28830,60,45,0,0,0.399,HYPOTHEQUE,CONSOMMATION,0
COMMERCE,Dakhla-Oued Ed-Dahab,32,FONCTIONNAIRE,3406,2121,18228,12,8,5,0,0.607,HYPOTHEQUE,CONSOMMATION,1
TECH,Marrakech-Safi,50,FONCTIONNAIRE,4735,1405,22090,24,23,3,0,0.269,HYPOTHEQUE,CONSOMMATION,0
COMMERCE,Tanger-Tétouan-Al Hoceïma,29,RETRAITE,12324,5850,58230,84,8,4,0,0.478,AUCUNE,PROFESSIONNEL,1
COMMERCE,Laâyoune-Sakia El Hamra,55,SALARIE_CDI,5952,893,14067,120,36,3,0,0.149,HYPOTHEQUE,CONSOMMATION,0
COMMERCE,Drâa-Tafilalet,18,SALARIE_CDI,7787,4561,25717,120,0,3,0,0.525,HYPOTHEQUE,CONSOMMATION,0
TECH,Laâyoune-Sakia El Hamra,69,INDEPENDANT,19268,5945,65712,24,45,0,1,0.337,CAUTION,CONSOMMATION,0
TECH,Drâa-Tafilalet,19,INDEPENDANT,10768,2912,14013,84,0,2,1,0.264,AUCUNE,CONSOMMATION,1
TECH,Béni Mellal-Khénifra,56,SALARIE_CDI,3082,620,17569,60,29,4,4,0.264,CAUTION,CONSOMMATION,0
SERVICES,Marrakech-Safi,43,SALARIE_CDI,15525,8424,11086,48,16,4,3,0.596,HYPOTHEQUE,IMMOBILIER,1
COMMERCE,Dakhla-Oued Ed-Dahab,32,FONCTIONNAIRE,8668,1545,19402,24,11,2,0,0.168,AUCUNE,CONSOMMATION,0
TECH,Béni Mellal-Khénifra,52,SALARIE_CDD,9568,4391,25192,60,28,5,3,0.485,HYPOTHEQUE,PROFESSIONNEL,1
INDUSTRIE,Drâa-Tafilalet,26,INDEPENDANT,9292,2860,30758,12,4,1,0,0.193,HYPOTHEQUE,CONSOMMATION,1
TECH,Souss-Massa,54,INDEPENDANT,12222,6179,19116,48,30,1,1,0.399,AUCUNE,PROFESSIONNEL,0
INDUSTRIE,Dakhla-Oued Ed-Dahab,58,SALARIE_CDD,7817,4947,27791,36,38,4,1,0.687,CAUTION,PROFESSIONNEL,0
SERVICES,Souss-Massa,46,FONCTIONNAIRE,4160,1196,72097,12,24,0,0,0.281,CAUTION,IMMOBILIER,0
TECH,Marrakech-Safi,40,FONCTIONNAIRE,9373,4310,45878,36,21,3,2,0.523,CAUTION,IMMOBILIER,0
SERVICES,Marrakech-Safi,46,SALARIE_CDI,4351,1459,161796,120,26,3,0,0.39,CAUTION,CONSOMMATION,0
INDUSTRIE,Drâa-Tafilalet,78,SALARIE_CDD,18351,7427,22672,84,45,1,0,0.328,HYPOTHEQUE,IMMOBILIER,0
INDUSTRIE,Drâa-Tafilalet,65,SALARIE_CDD,6885,1319,26518,24,44,2,1,0.224,NANTISSEMENT,CONSOMMATION,1
AGRICULTURE,Marrakech-Safi,18,INDEPENDANT,7917,1997,40454,84,0,2,0,0.213,AUCUNE,IMMOBILIER,0
INDUSTRIE,Drâa-Tafilalet,36,INDEPENDANT,5978,3271,25333,36,12,1,0,0.532,AUCUNE,PROFESSIONNEL,0
COMMERCE,Dakhla-Oued Ed-Dahab,19,SALARIE_CDI,9439,3044,35646,36,0,4,1,0.259,AUCUNE,CONSOMMATION,1
TECH,Oriental,32,INDEPENDANT,9941,1496,9486,120,6,2,0,0.2,AUCUNE,IMMOBILIER,0
COMMERCE,Dakhla-Oued Ed-Dahab,67,FONCTIONNAIRE,5970,1853,28015,48,42,1,0,0.335,CAUTION,PROFESSIONNEL,1
AGRICULTURE,Rabat-Salé-Kénitra,71,SALARIE_CDI,9936,4817,67131,84,45,3,0,0.455,AUCUNE,CONSOMMATION,0
TECH,Tanger-Tétouan-Al Hoceïma,46,SALARIE_CDD,8354,5311,137664,120,25,3,1,0.597,AUCUNE,CONSOMMATION,1
INDUSTRIE,Oriental,61,INDEPENDANT,7761,4479,100123,48,34,1,0,0.616,AUCUNE,IMMOBILIER,1
AGRICULTURE,Tanger-Tétouan-Al Hoceïma,41,SALARIE_CDD,5778,3053,39661,48,18,0,1,0.489,CAUTION,CONSOMMATION,0
COMMERCE,Rabat-Salé-Kénitra,48,FONCTIONNAIRE,22959,14112,50860,24,24,2,1,0.584,CAUTION,PROFESSIONNEL,1
SERVICES,Souss-Massa,70,FONCTIONNAIRE,13798,6619,45768,60,45,5,0,0.443,AUCUNE,PROFESSIONNEL,0
SERVICES,Tanger-Tétouan-Al Hoceïma,35,FONCTIONNAIRE,11246,4606,24637,84,11,2,3,0.372,AUCUNE,CONSOMMATION,1
COMMERCE,Marrakech-Safi,38,SALARIE_CDD,13452,5647,18557,120,19,1,1,0.454,AUCUNE,PROFESSIONNEL,1
SERVICES,Tanger-Tétouan-Al Hoceïma,26,SALARIE_CDD,9274,5770,43209,48,8,1,0,0.634,CAUTION,CONSOMMATION,1
COMMERCE,Souss-Massa,31,INDEPENDANT,6924,1046,33621,24,4,4,5,0.123,HYPOTHEQUE,IMMOBILIER,1
INDUSTRIE,Laâyoune-Sakia El Hamra,20,SALARIE_CDD,2500,1020,65349,48,0,0,0,0.355,CAUTION,PROFESSIONNEL,0
COMMERCE,Souss-Massa,69,SALARIE_CDI,4682,2503,6861,120,45,3,0,0.534,CAUTION,AUTO,1
SERVICES,Tanger-Tétouan-Al Hoceïma,71,SALARIE_CDD,21467,3629,32162,24,45,1,0,0.156,AUCUNE,IMMOBILIER,0
TECH,Tanger-Tétouan-Al Hoceïma,44,INDEPENDANT,13658,7670,84665,60,19,0,1,0.6,AUCUNE,CONSOMMATION,0
INDUSTRIE,Béni Mellal-Khénifra,55,SALARIE_CDD,8875,5076,54365,48,32,0,0,0.536,AUCUNE,IMMOBILIER,0
SERVICES,Fès-Meknès,33,INDEPENDANT,3984,1641,18249,84,14,2,0,0.433,AUCUNE,PROFESSIONNEL,1
INDUSTRIE,Laâyoune-Sakia El Hamra,20,SALARIE_CDI,10782,6085,14526,36,0,0,1,0.552,CAUTION,PROFESSIONNEL,1
COMMERCE,Souss-Massa,50,FONCTIONNAIRE,7150,1582,35161,48,23,5,0,0.236,HYPOTHEQUE,CONSOMMATION,1
COMMERCE,Souss-Massa,27,INDEPENDANT,11093,6895,62921,36,3,3,0,0.703,CAUTION,IMMOBILIER,1
COMMERCE,Casablanca-Settat,71,FONCTIONNAIRE,4913,857,52125,120,45,2,1,0.161,HYPOTHEQUE,IMMOBILIER,0
SERVICES,Laâyoune-Sakia El Hamra,35,FONCTIONNAIRE,6500,1096,39373,48,9,5,0,0.277,CAUTION,PROFESSIONNEL,0
TECH,Souss-Massa,64,FONCTIONNAIRE,12068,4972,56922,120,37,4,4,0.401,HYPOTHEQUE,CONSOMMATION,1
INDUSTRIE,Rabat-Salé-Kénitra,34,INDEPENDANT,19293,9986,43487,84,12,1,1,0.465,AUCUNE,AUTO,0
SERVICES,Marrakech-Safi,25,SALARIE_CDD,6025,3013,55246,48,0,4,0,0.578,CAUTION,IMMOBILIER,0
TECH,Tanger-Tétouan-Al Hoceïma,52,FONCTIONNAIRE,5168,2197,69996,36,30,5,0,0.516,CAUTION,CONSOMMATION,1
COMMERCE,Guelmim-Oued Noun,29,SALARIE_CDD,12840,6957,26598,48,8,0,0,0.495,HYPOTHEQUE,CONSOMMATION,0
COMMERCE,Rabat-Salé-Kénitra,43,SALARIE_CDD,4596,2086,19534,24,20,2,1,0.414,AUCUNE,IMMOBILIER,1
INDUSTRIE,Rabat-Salé-Kénitra,36,SALARIE_CDD,4748,2731,60490,48,10,5,3,0.616,CAUTION,CONSOMMATION,1
INDUSTRIE,Oriental,73,SALARIE_CDD,9133,1899,25399,120,45,3,1,0.237,HYPOTHEQUE,CONSOMMATION,0
COMMERCE,Souss-Massa,49,SALARIE_CDI,20714,13272,9297,60,27,5,2,0.6,HYPOTHEQUE,PROFESSIONNEL,0
SERVICES,Dakhla-Oued Ed-Dahab,63,INDEPENDANT,5531,3265,98634,84,43,2,0,0.546,AUCUNE,CONSOMMATION,0
INDUSTRIE,Guelmim-Oued Noun,55,FONCTIONNAIRE,6861,4100,43383,48,34,0,0,0.612,CAUTION,CONSOMMATION,0
AGRICULTURE,Béni Mellal-Khénifra,75,SALARIE_CDI,8519,2827,42049,48,45,5,2,0.325,AUCUNE,CONSOMMATION,1
COMMERCE,Tanger-Tétouan-Al Hoceïma,45,SALARIE_CDI,6550,4083,31907,60,19,2,0,0.652,HYPOTHEQUE,PROFESSIONNEL,0
INDUSTRIE,Béni Mellal-Khénifra,72,FONCTIONNAIRE,3659,808,65254,60,45,3,2,0.25,NANTISSEMENT,IMMOBILIER,0
SERVICES,Béni Mellal-Khénifra,74,FONCTIONNAIRE,11625,2196,14791,24,45,2,0,0.235,NANTISSEMENT,PROFESSIONNEL,0
TECH,Fès-Meknès,76,INDEPENDANT,8812,3079,36406,12,45,3,1,0.247,AUCUNE,AUTO,1
SERVICES,Tanger-Tétouan-Al Hoceïma,61,SALARIE_CDD,9558,5893,44249,24,43,5,0,0.71,HYPOTHEQUE,PROFESSIONNEL,1
SERVICES,Dakhla-Oued Ed-Dahab,79,INDEPENDANT,7603,4820,53407,84,45,2,2,0.66,CAUTION,IMMOBILIER,0
SERVICES,Oriental,64,SALARIE_CDI,16009,6352,10982,120,38,5,0,0.375,CAUTION,IMMOBILIER,0
TECH,Souss-Massa,37,FONCTIONNAIRE,6457,3396,55033,120,17,4,0,0.521,AUCUNE,CONSOMMATION,1
COMMERCE,Guelmim-Oued Noun,27,SALARIE_CDD,4991,2092,27090,120,5,0,0,0.452,AUCUNE,PROFESSIONNEL,1
SERVICES,Fès-Meknès,31,SALARIE_CDI,17131,3541,23015,48,6,5,1,0.218,AUCUNE,CONSOMMATION,0
SERVICES,Marrakech-Safi,54,RETRAITE,3013,1436,12172,36,33,3,0,0.489,CAUTION,AUTO,0
COMMERCE,Dakhla-Oued Ed-Dahab,28,INDEPENDANT,7561,1689,173305,84,3,1,3,0.219,AUCUNE,AUTO,1
COMMERCE,Guelmim-Oued Noun,32,SALARIE_CDI,7832,3744,33200,36,7,3,2,0.561,AUCUNE,IMMOBILIER,1
COMMERCE,Souss-Massa,57,SALARIE_CDI,7696,2080,43130,48,36,0,0,0.287,HYPOTHEQUE,IMMOBILIER,0
SERVICES,Dakhla-Oued Ed-Dahab,38,INDEPENDANT,4032,1136,17391,120,20,5,2,0.339,CAUTION,CONSOMMATION,1
TECH,Tanger-Tétouan-Al Hoceïma,60,SALARIE_CDI,4754,2317,12449,12,38,5,3,0.597,AUCUNE,IMMOBILIER,1
AGRICULTURE,Drâa-Tafilalet,80,RETRAITE,12470,4769,64231,84,45,5,0,0.431,AUCUNE,IMMOBILIER,1
COMMERCE,Casablanca-Settat,23,SALARIE_CDI,15114,8541,14115,12,0,4,2,0.58,NANTISSEMENT,CONSOMMATION,0
SERVICES,Drâa-Tafilalet,58,SALARIE_CDD,6716,3292,90446,60,39,5,1,0.398,AUCUNE,PROFESSIONNEL,1
COMMERCE,Marrakech-Safi,69,SALARIE_CDI,5331,1586,128075,12,45,0,2,0.277,AUCUNE,CONSOMMATION,0
INDUSTRIE,Marrakech-Safi,26,FONCTIONNAIRE,3629,1954,21103,84,0,5,1,0.644,HYPOTHEQUE,CONSOMMATION,1
SERVICES,Guelmim-Oued Noun,67,SALARIE_CDI,12373,2256,26295,120,45,1,0,0.199,AUCUNE,CONSOMMATION,0
INDUSTRIE,Marrakech-Safi,49,SALARIE_CDD,12706,6574,6123,48,31,5,1,0.451,CAUTION,PROFESSIONNEL,1
AGRICULTURE,Souss-Massa,57,INDEPENDANT,2500,857,10720,120,32,4,1,0.332,CAUTION,AUTO,0
INDUSTRIE,Dakhla-Oued Ed-Dahab,21,SALARIE_CDI,2722,819,56518,60,2,4,1,0.242,NANTISSEMENT,IMMOBILIER,1
TECH,Dakhla-Oued Ed-Dahab,45,FONCTIONNAIRE,8618,3545,87392,12,22,5,2,0.388,CAUTION,PROFESSIONNEL,1
COMMERCE,Souss-Massa,41,SALARIE_CDI,9134,5513,21010,36,22,0,1,0.583,NANTISSEMENT,CONSOMMATION,0
COMMERCE,Rabat-Salé-Kénitra,27,FONCTIONNAIRE,6537,1820,23357,36,0,0,0,0.249,NANTISSEMENT,CONSOMMATION,1
SERVICES,Fès-Meknès,66,SALARIE_CDI,7984,5187,12006,120,45,0,0,0.654,AUCUNE,CONSOMMATION,0
COMMERCE,Béni Mellal-Khénifra,49,FONCTIONNAIRE,7250,3222,16463,120,29,0,3,0.342,CAUTION,AUTO,0
SERVICES,Tanger-Tétouan-Al Hoceïma,73,INDEPENDANT,8200,2264,92047,84,45,0,2,0.309,HYPOTHEQUE,CONSOMMATION,0
COMMERCE,Drâa-Tafilalet,28,INDEPENDANT,5402,2677,45117,48,7,0,2,0.567,HYPOTHEQUE,AUTO,1
SERVICES,Dakhla-Oued Ed-Dahab,64,INDEPENDANT,8059,4172,10336,12,43,3,0,0.426,AUCUNE,PROFESSIONNEL,1
INDUSTRIE,Béni Mellal-Khénifra,56,SALARIE_CDI,5982,2487,53989,84,32,5,0,0.469,CAUTION,CONSOMMATION,1
COMMERCE,Béni Mellal-Khénifra,59,SALARIE_CDI,5762,1241,190962,36,37,0,0,0.248,HYPOTHEQUE,PROFESSIONNEL,0
SERVICES,Oriental,37,SALARIE_CDI,3498,1950,27562,24,13,5,3,0.576,AUCUNE,IMMOBILIER,1
INDUSTRIE,Marrakech-Safi,61,INDEPENDANT,7488,4157,22778,84,38,1,0,0.558,HYPOTHEQUE,CONSOMMATION,0
AGRICULTURE,Oriental,33,SALARIE_CDI,11630,6194,54564,12,12,3,4,0.544,CAUTION,AUTO,1
SERVICES,Dakhla-Oued Ed-Dahab,66,INDEPENDANT,6999,3694,73460,60,40,2,2,0.571,CAUTION,PROFESSIONNEL,1
INDUSTRIE,Drâa-Tafilalet,45,RETRAITE,6911,2354,64545,36,26,2,2,0.352,AUCUNE,PROFESSIONNEL,0
INDUSTRIE,Guelmim-Oued Noun,48,SALARIE_CDI,14258,5651,29087,84,22,2,0,0.531,CAUTION,PROFESSIONNEL,0
INDUSTRIE,Laâyoune-Sakia El Hamra,54,SALARIE_CDI,12852,6178,27055,60,36,3,4,0.449,AUCUNE,PROFESSIONNEL,1
COMMERCE,Tanger-Tétouan-Al Hoceïma,23,FONCTIONNAIRE,17687,4118,10862,24,0,1,0,0.315,AUCUNE,PROFESSIONNEL,0
SERVICES,Tanger-Tétouan-Al Hoceïma,41,SALARIE_CDD,22375,10116,15354,120,23,3,0,0.446,AUCUNE,PROFESSIONNEL,0
COMMERCE,Dakhla-Oued Ed-Dahab,30,SALARIE_CDD,8323,1707,46747,12,7,4,1,0.185,HYPOTHEQUE,IMMOBILIER,1
COMMERCE,Souss-Massa,78,SALARIE_CDI,4814,2763,24979,84,45,5,2,0.624,CAUTION,PROFESSIONNEL,1
INDUSTRIE,Drâa-Tafilalet,44,INDEPENDANT,6409,1345,43152,48,25,3,1,0.195,AUCUNE,CONSOMMATION,0
AGRICULTURE,Béni Mellal-Khénifra,18,FONCTIONNAIRE,10487,5623,30729,36,0,4,1,0.623,HYPOTHEQUE,CONSOMMATION,0
AGRICULTURE,Rabat-Salé-Kénitra,19,SALARIE_CDI,15492,4043,37920,48,0,0,4,0.224,CAUTION,PROFESSIONNEL,0
SERVICES,Fès-Meknès,75,SALARIE_CDI,5054,3104,36812,36,45,4,4,0.678,HYPOTHEQUE,IMMOBILIER,0
INDUSTRIE,Fès-Meknès,27,INDEPENDANT,9090,4354,61223,84,5,3,2,0.509,CAUTION,IMMOBILIER,1
SERVICES,Marrakech-Safi,18,SALARIE_CDI,5672,2074,65781,120,0,5,2,0.357,HYPOTHEQUE,AUTO,1
SERVICES,Guelmim-Oued Noun,31,INDEPENDANT,7586,1303,35882,84,11,4,0,0.123,HYPOTHEQUE,PROFESSIONNEL,1
COMMERCE,Dakhla-Oued Ed-Dahab,31,FONCTIONNAIRE,7535,3418,31477,48,10,0,0,0.404,AUCUNE,CONSOMMATION,0
COMMERCE,Dakhla-Oued Ed-Dahab,23,RETRAITE,9619,3261,35415,120,1,4,0,0.297,HYPOTHEQUE,CONSOMMATION,0
INDUSTRIE,Marrakech-Safi,80,INDEPENDANT,20222,11105,20977,48,45,4,0,0.605,AUCUNE,IMMOBILIER,1
SERVICES,Souss-Massa,21,INDEPENDANT,10035,5483,77682,48,0,3,2,0.549,CAUTION,IMMOBILIER,1
SERVICES,Marrakech-Safi,63,INDEPENDANT,6678,3296,24503,24,37,5,5,0.533,CAUTION,CONSOMMATION,1
AGRICULTURE,Casablanca-Settat,70,FONCTIONNAIRE,6200,1760,32471,84,45,3,0,0.292,HYPOTHEQUE,CONSOMMATION,0
AGRICULTURE,Béni Mellal-Khénifra,58,SALARIE_CDI,7436,1758,41083,60,37,1,2,0.182,HYPOTHEQUE,AUTO,1
SERVICES,Laâyoune-Sakia El Hamra,26,INDEPENDANT,5474,2182,45117,60,0,0,1,0.416,CAUTION,CONSOMMATION,1
COMMERCE,Casablanca-Settat,63,FONCTIONNAIRE,8629,3246,43837,24,43,2,1,0.407,HYPOTHEQUE,AUTO,0
INDUSTRIE,Béni Mellal-Khénifra,38,SALARIE_CDD,2738,1332,33002,36,13,1,0,0.399,AUCUNE,CONSOMMATION,1
COMMERCE,Casablanca-Settat,43,FONCTIONNAIRE,7368,3068,114849,36,23,2,1,0.387,CAUTION,PROFESSIONNEL,0
COMMERCE,Laâyoune-Sakia El Hamra,33,SALARIE_CDI,7636,3035,38280,60,12,2,1,0.357,CAUTION,IMMOBILIER,0
AGRICULTURE,Casablanca-Settat,67,SALARIE_CDD,4806,1876,30458,84,45,5,1,0.328,HYPOTHEQUE,CONSOMMATION,0
SERVICES,Souss-Massa,54,SALARIE_CDI,6823,2744,127809,24,28,2,4,0.409,AUCUNE,IMMOBILIER,1
INDUSTRIE,Rabat-Salé-Kénitra,27,SALARIE_CDD,13413,7861,21070,60,7,3,0,0.6,HYPOTHEQUE,IMMOBILIER,0
AGRICULTURE,Tanger-Tétouan-Al Hoceïma,43,SALARIE_CDD,13855,3262,127567,60,25,4,0,0.301,NANTISSEMENT,PROFESSIONNEL,0
SERVICES,Souss-Massa,68,INDEPENDANT,6375,1016,8984,12,41,3,1,0.2,CAUTION,IMMOBILIER,1
SERVICES,Oriental,77,FONCTIONNAIRE,10255,2676,27414,24,45,4,0,0.246,CAUTION,IMMOBILIER,0
TECH,Guelmim-Oued Noun,77,INDEPENDANT,4129,1260,11285,36,45,3,0,0.29,HYPOTHEQUE,CONSOMMATION,1
TECH,Dakhla-Oued Ed-Dahab,26,RETRAITE,7092,3235,13996,48,0,4,0,0.545,AUCUNE,CONSOMMATION,0
COMMERCE,Tanger-Tétouan-Al Hoceïma,72,SALARIE_CDI,8990,5136,49861,36,45,2,2,0.597,AUCUNE,CONSOMMATION,0
TECH,Dakhla-Oued Ed-Dahab,53,FONCTIONNAIRE,16109,8160,44350,84,28,1,0,0.564,HYPOTHEQUE,CONSOMMATION,1
COMMERCE,Souss-Massa,64,SALARIE_CDI,13860,8997,23722,24,45,1,0,0.579,AUCUNE,PROFESSIONNEL,0
SERVICES,Rabat-Salé-Kénitra,42,INDEPENDANT,8902,1338,113959,36,24,0,1,0.071,CAUTION,CONSOMMATION,0
COMMERCE,Béni Mellal-Khénifra,59,SALARIE_CDD,5377,1318,80342,24,41,0,0,0.224,AUCUNE,CONSOMMATION,1
TECH,Drâa-Tafilalet,34,SALARIE_CDI,14933,2890,35028,24,9,0,0,0.242,HYPOTHEQUE,IMMOBILIER,1
TECH,Fès-Meknès,50,SALARIE_CDI,6953,3350,10239,48,29,1,4,0.561,CAUTION,IMMOBILIER,0
SERVICES,Béni Mellal-Khénifra,32,FONCTIONNAIRE,9915,3604,71055,24,13,2,0,0.325,AUCUNE,IMMOBILIER,1
SERVICES,Souss-Massa,42,SALARIE_CDI,7668,2344,25903,36,16,5,4,0.332,CAUTION,CONSOMMATION,0
TECH,Rabat-Salé-Kénitra,43,SALARIE_CDD,19861,6084,44558,60,22,2,3,0.327,AUCUNE,IMMOBILIER,0
SERVICES,Tanger-Tétouan-Al Hoceïma,72,INDEPENDANT,6158,3673,63474,60,45,4,0,0.538,CAUTION,CONSOMMATION,1
SERVICES,Souss-Massa,57,SALARIE_CDI,12238,2298,27423,84,31,3,1,0.145,HYPOTHEQUE,IMMOBILIER,0
TECH,Tanger-Tétouan-Al Hoceïma,58,FONCTIONNAIRE,7794,2390,88889,60,34,1,0,0.301,AUCUNE,IMMOBILIER,0
COMMERCE,Laâyoune-Sakia El Hamra,35,FONCTIONNAIRE,10468,4187,27843,120,11,2,0,0.336,AUCUNE,IMMOBILIER,1
INDUSTRIE,Tanger-Tétouan-Al Hoceïma,45,SALARIE_CDI,16798,5977,52953,120,27,1,1,0.483,AUCUNE,CONSOMMATION,1
SERVICES,Béni Mellal-Khénifra,47,SALARIE_CDI,3288,1623,61612,36,28,3,0,0.441,AUCUNE,CONSOMMATION,0
SERVICES,Casablanca-Settat,67,SALARIE_CDI,7868,3570,68777,60,42,3,3,0.431,CAUTION,CONSOMMATION,1
TECH,Fès-Meknès,29,RETRAITE,5419,2982,123124,12,4,0,1,0.569,AUCUNE,IMMOBILIER,0
COMMERCE,Laâyoune-Sakia El Hamra,21,FONCTIONNAIRE,9903,5665,20424,84,0,3,1,0.584,NANTISSEMENT,CONSOMMATION,1
SERVICES,Laâyoune-Sakia El Hamra,49,SALARIE_CDD,11060,3871,16433,60,23,3,2,0.381,AUCUNE,PROFESSIONNEL,1
INDUSTRIE,Dakhla-Oued Ed-Dahab,69,INDEPENDANT,6557,3823,28999,120,45,0,0,0.532,NANTISSEMENT,CONSOMMATION,0
SERVICES,Casablanca-Settat,64,SALARIE_CDI,6407,2986,305756,12,41,4,0,0.398,NANTISSEMENT,AUTO,0
SERVICES,Laâyoune-Sakia El Hamra,69,SALARIE_CDI,8881,5153,93471,36,45,0,1,0.585,HYPOTHEQUE,CONSOMMATION,0
SERVICES,Fès-Meknès,42,SALARIE_CDI,4569,1748,24709,48,20,2,2,0.337,CAUTION,CONSOMMATION,0
COMMERCE,Casablanca-Settat,32,INDEPENDANT,9414,1532,28470,24,9,3,2,0.126,HYPOTHEQUE,CONSOMMATION,1
SERVICES,Rabat-Salé-Kénitra,59,SALARIE_CDD,5608,2686,35933,36,33,3,3,0.439,AUCUNE,IMMOBILIER,1
INDUSTRIE,Guelmim-Oued Noun,20,FONCTIONNAIRE,11273,7136,43963,24,0,3,1,0.593,NANTISSEMENT,CONSOMMATION,1
COMMERCE,Béni Mellal-Khénifra,74,SALARIE_CDI,4478,2755,56887,60,45,3,0,0.543,CAUTION,PROFESSIONNEL,1
INDUSTRIE,Oriental,62,INDEPENDANT,6278,1419,58573,60,44,3,0,0.173,AUCUNE,CONSOMMATION,0
SERVICES,Laâyoune-Sakia El Hamra,49,INDEPENDANT,5779,2281,83925,60,26,2,1,0.376,AUCUNE,IMMOBILIER,0
SERVICES,Rabat-Salé-Kénitra,30,SALARIE_CDD,7086,4155,147562,36,12,1,1,0.643,CAUTION,CONSOMMATION,0
SERVICES,Casablanca-Settat,33,SALARIE_CDI,15053,5393,33075,12,7,4,0,0.46,AUCUNE,AUTO,1
INDUSTRIE,Dakhla-Oued Ed-Dahab,80,FONCTIONNAIRE,11857,4850,31269,12,45,2,0,0.455,CAUTION,PROFESSIONNEL,0
TECH,Béni Mellal-Khénifra,18,SALARIE_CDI,6530,4237,28142,84,0,4,4,0.661,AUCUNE,CONSOMMATION,1
SERVICES,Guelmim-Oued Noun,18,SALARIE_CDI,6527,2554,29918,12,0,3,0,0.442,HYPOTHEQUE,CONSOMMATION,1
TECH,Oriental,39,FONCTIONNAIRE,12069,2957,47016,84,19,3,0,0.237,AUCUNE,CONSOMMATION,0
TECH,Rabat-Salé-Kénitra,32,FONCTIONNAIRE,4799,813,56665,36,9,1,1,0.182,HYPOTHEQUE,PROFESSIONNEL,0
SERVICES,Oriental,60,INDEPENDANT,8185,3116,121580,60,39,3,3,0.417,HYPOTHEQUE,CONSOMMATION,1
SERVICES,Dakhla-Oued Ed-Dahab,20,SALARIE_CDI,6170,2513,22108,24,2,0,0,0.434,CAUTION,CONSOMMATION,1
SERVICES,Rabat-Salé-Kénitra,67,SALARIE_CDI,7501,4575,46678,84,45,3,2,0.658,HYPOTHEQUE,IMMOBILIER,1
SERVICES,Rabat-Salé-Kénitra,67,FONCTIONNAIRE,11662,6367,20162,120,43,2,0,0.58,CAUTION,CONSOMMATION,1
COMMERCE,Tanger-Tétouan-Al Hoceïma,32,INDEPENDANT,5996,1088,48214,120,11,2,0,0.145,AUCUNE,IMMOBILIER,0
SERVICES,Souss-Massa,54,SALARIE_CDD,12561,7014,235818,12,35,4,0,0.591,HYPOTHEQUE,IMMOBILIER,1
TECH,Béni Mellal-Khénifra,60,SALARIE_CDD,21803,4028,32999,120,36,4,3,0.147,CAUTION,CONSOMMATION,0
COMMERCE,Rabat-Salé-Kénitra,71,SALARIE_CDI,10634,1670,202144,24,45,1,0,0.194,AUCUNE,PROFESSIONNEL,0
TECH,Dakhla-Oued Ed-Dahab,64,SALARIE_CDD,7802,3304,20214,60,40,3,0,0.403,CAUTION,CONSOMMATION,1
TECH,Rabat-Salé-Kénitra,78,RETRAITE,13639,5659,26313,120,45,2,2,0.35,AUCUNE,IMMOBILIER,1
COMMERCE,Marrakech-Safi,25,SALARIE_CDI,4920,1516,28571,60,2,3,3,0.238,HYPOTHEQUE,CONSOMMATION,1
AGRICULTURE,Dakhla-Oued Ed-Dahab,56,FONCTIONNAIRE,16066,6110,41044,84,32,1,0,0.488,CAUTION,CONSOMMATION,0
AGRICULTURE,Tanger-Tétouan-Al Hoceïma,66,SALARIE_CDI,5774,3523,32602,24,44,2,4,0.558,AUCUNE,IMMOBILIER,1
INDUSTRIE,Oriental,32,SALARIE_CDI,21496,10494,61993,120,13,4,3,0.536,AUCUNE,IMMOBILIER,1
SERVICES,Souss-Massa,31,INDEPENDANT,5868,1885,5306,60,6,1,0,0.355,AUCUNE,IMMOBILIER,1
INDUSTRIE,Fès-Meknès,23,FONCTIONNAIRE,10914,6734,18290,120,0,5,0,0.663,HYPOTHEQUE,PROFESSIONNEL,0
SERVICES,Oriental,80,SALARIE_CDI,4017,930,136780,12,45,5,0,0.181,CAUTION,IMMOBILIER,0
COMMERCE,Guelmim-Oued Noun,72,SALARIE_CDD,7362,1749,13557,36,45,3,1,0.217,HYPOTHEQUE,IMMOBILIER,1
INDUSTRIE,Casablanca-Settat,25,SALARIE_CDI,4985,1329,28293,84,7,4,0,0.218,CAUTION,PROFESSIONNEL,1
COMMERCE,Laâyoune-Sakia El Hamra,33,SALARIE_CDD,4236,1128,55757,12,12,2,1,0.316,CAUTION,IMMOBILIER,1
TECH,Marrakech-Safi,46,INDEPENDANT,13940,2586,35178,24,20,5,2,0.26,CAUTION,AUTO,1
SERVICES,Dakhla-Oued Ed-Dahab,74,SALARIE_CDI,4664,1422,20032,84,45,3,0,0.303,CAUTION,AUTO,0
COMMERCE,Dakhla-Oued Ed-Dahab,70,SALARIE_CDD,5821,2470,49592,120,45,3,0,0.531,CAUTION,PROFESSIONNEL,0
INDUSTRIE,Dakhla-Oued Ed-Dahab,73,FONCTIONNAIRE,5524,1444,65192,36,45,5,0,0.274,HYPOTHEQUE,AUTO,0
TECH,Béni Mellal-Khénifra,70,INDEPENDANT,13532,2753,23912,24,45,4,1,0.193,CAUTION,CONSOMMATION,0
COMMERCE,Laâyoune-Sakia El Hamra,57,SALARIE_CDI,12809,6087,48300,12,37,4,1,0.48,AUCUNE,CONSOMMATION,1
SERVICES,Laâyoune-Sakia El Hamra,36,FONCTIONNAIRE,14352,5167,66340,84,11,5,0,0.384,CAUTION,CONSOMMATION,0
COMMERCE,Béni Mellal-Khénifra,56,SALARIE_CDI,5688,2711,77368,84,32,0,1,0.403,CAUTION,PROFESSIONNEL,0
SERVICES,Laâyoune-Sakia El Hamra,49,SALARIE_CDI,14873,4075,47054,60,27,1,0,0.287,CAUTION,PROFESSIONNEL,0
TECH,Tanger-Tétouan-Al Hoceïma,77,SALARIE_CDI,5666,2992,120166,12,45,2,0,0.52,CAUTION,CONSOMMATION,0
COMMERCE,Laâyoune-Sakia El Hamra,46,INDEPENDANT,5770,3672,37539,36,21,0,1,0.623,NANTISSEMENT,IMMOBILIER,0
INDUSTRIE,Dakhla-Oued Ed-Dahab,65,SALARIE_CDI,5917,1660,18249,24,42,1,1,0.274,CAUTION,CONSOMMATION,1
COMMERCE,Béni Mellal-Khénifra,28,RETRAITE,6015,2825,31165,48,9,3,0,0.518,CAUTION,IMMOBILIER,1
TECH,Rabat-Salé-Kénitra,61,SALARIE_CDD,7779,4143,84833,60,38,0,2,0.533,NANTISSEMENT,CONSOMMATION,1
TECH,Marrakech-Safi,46,INDEPENDANT,5556,2343,19430,120,20,5,0,0.365,HYPOTHEQUE,CONSOMMATION,0
COMMERCE,Marrakech-Safi,45,SALARIE_CDI,8992,2658,7560,24,25,4,0,0.299,CAUTION,PROFESSIONNEL,0
TECH,Oriental,65,SALARIE_CDI,2504,644,50102,48,45,2,0,0.245,CAUTION,CONSOMMATION,1
INDUSTRIE,Souss-Massa,48,INDEPENDANT,8979,4250,26616,12,25,4,0,0.473,NANTISSEMENT,IMMOBILIER,0
TECH,Guelmim-Oued Noun,21,SALARIE_CDD,4962,1935,175200,24,0,1,1,0.386,AUCUNE,IMMOBILIER,1
TECH,Fès-Meknès,42,FONCTIONNAIRE,5996,3410,43763,60,16,2,0,0.586,HYPOTHEQUE,PROFESSIONNEL,1
SERVICES,Rabat-Salé-Kénitra,78,INDEPENDANT,6061,1180,86338,48,45,4,0,0.125,HYPOTHEQUE,AUTO,0
SERVICES,Béni Mellal-Khénifra,77,FONCTIONNAIRE,12387,2061,25762,36,45,2,4,0.098,CAUTION,CONSOMMATION,1
SERVICES,Rabat-Salé-Kénitra,56,INDEPENDANT,10169,3411,55036,48,34,3,0,0.33,HYPOTHEQUE,CONSOMMATION,0
SERVICES,Laâyoune-Sakia El Hamra,58,SALARIE_CDI,7521,2912,47102,120,38,2,0,0.374,AUCUNE,PROFESSIONNEL,0
INDUSTRIE,Casablanca-Settat,34,FONCTIONNAIRE,5873,2759,95379,36,10,5,0,0.421,HYPOTHEQUE,CONSOMMATION,0
SERVICES,Souss-Massa,67,FONCTIONNAIRE,11525,2386,41521,12,42,5,0,0.104,CAUTION,CONSOMMATION,0
COMMERCE,Dakhla-Oued Ed-Dahab,55,FONCTIONNAIRE,18172,8062,25171,12,35,2,1,0.456,CAUTION,PROFESSIONNEL,0
SERVICES,Oriental,20,FONCTIONNAIRE,8002,4453,75135,36,0,1,1,0.533,CAUTION,PROFESSIONNEL,1
SERVICES,Guelmim-Oued Noun,77,INDEPENDANT,3947,2387,22028,48,45,1,0,0.621,AUCUNE,CONSOMMATION,0
COMMERCE,Souss-Massa,71,INDEPENDANT,5906,3543,20493,120,45,1,0,0.613,HYPOTHEQUE,PROFESSIONNEL,0
INDUSTRIE,Guelmim-Oued Noun,23,SALARIE_CDI,10422,4265,35213,48,3,3,1,0.444,CAUTION,PROFESSIONNEL,1
INDUSTRIE,Drâa-Tafilalet,44,SALARIE_CDI,6639,3981,28903,12,22,5,1,0.546,CAUTION,CONSOMMATION,0
TECH,Oriental,64,SALARIE_CDI,5506,2306,36743,24,42,5,0,0.42,NANTISSEMENT,IMMOBILIER,1
AGRICULTURE,Rabat-Salé-Kénitra,64,SALARIE_CDI,5399,1008,22753,120,41,3,0,0.291,CAUTION,IMMOBILIER,0
COMMERCE,Dakhla-Oued Ed-Dahab,28,FONCTIONNAIRE,8444,5377,79538,12,4,3,0,0.649,AUCUNE,CONSOMMATION,1
SERVICES,Casablanca-Settat,20,SALARIE_CDD,4063,615,78736,84,0,0,1,0.226,HYPOTHEQUE,IMMOBILIER,1
SERVICES,Tanger-Tétouan-Al Hoceïma,80,SALARIE_CDI,7978,2337,64955,84,45,2,0,0.328,CAUTION,PROFESSIONNEL,0
AGRICULTURE,Béni Mellal-Khénifra,74,INDEPENDANT,8432,1460,60615,12,45,4,1,0.128,AUCUNE,IMMOBILIER,0
COMMERCE,Guelmim-Oued Noun,64,INDEPENDANT,6619,2792,9960,48,40,3,0,0.542,CAUTION,IMMOBILIER,1
TECH,Oriental,59,FONCTIONNAIRE,5068,2198,39396,48,33,3,4,0.503,CAUTION,PROFESSIONNEL,1
COMMERCE,Tanger-Tétouan-Al Hoceïma,61,SALARIE_CDD,12814,6009,66202,12,41,3,1,0.404,HYPOTHEQUE,PROFESSIONNEL,0
SERVICES,Tanger-Tétouan-Al Hoceïma,46,SALARIE_CDI,4448,979,92826,12,20,4,0,0.212,NANTISSEMENT,CONSOMMATION,0
INDUSTRIE,Dakhla-Oued Ed-Dahab,61,SALARIE_CDD,8758,1390,31485,24,42,3,0,0.248,CAUTION,IMMOBILIER,0
TECH,Tanger-Tétouan-Al Hoceïma,37,SALARIE_CDD,11243,3180,90441,120,10,3,3,0.315,AUCUNE,IMMOBILIER,0
TECH,Laâyoune-Sakia El Hamra,23,SALARIE_CDI,8706,1530,45033,12,0,0,0,0.084,AUCUNE,PROFESSIONNEL,0
SERVICES,Casablanca-Settat,37,INDEPENDANT,14101,2364,5955,120,11,5,0,0.133,CAUTION,AUTO,0
COMMERCE,Béni Mellal-Khénifra,36,SALARIE_CDD,4861,1371,33879,60,9,3,2,0.242,AUCUNE,IMMOBILIER,0
SERVICES,Drâa-Tafilalet,37,SALARIE_CDI,5676,3686,20169,36,19,4,4,0.723,AUCUNE,CONSOMMATION,0
AGRICULTURE,Drâa-Tafilalet,47,FONCTIONNAIRE,6584,3632,23659,36,24,3,0,0.577,HYPOTHEQUE,CONSOMMATION,0
SERVICES,Souss-Massa,26,SALARIE_CDD,35625,11787,75843,120,5,4,0,0.315,CAUTION,IMMOBILIER,1
TECH,Drâa-Tafilalet,43,SALARIE_CDI,10183,3442,44722,36,24,2,1,0.299,HYPOTHEQUE,IMMOBILIER,0
SERVICES,Souss-Massa,47,SALARIE_CDI,11078,6812,25263,24,26,5,0,0.648,CAUTION,IMMOBILIER,0
COMMERCE,Béni Mellal-Khénifra,29,SALARIE_CDI,10873,5230,22615,120,5,0,4,0.475,HYPOTHEQUE,PROFESSIONNEL,1
COMMERCE,Laâyoune-Sakia El Hamra,46,FONCTIONNAIRE,8396,4773,49347,60,22,1,3,0.577,CAUTION,IMMOBILIER,1
INDUSTRIE,Drâa-Tafilalet,60,SALARIE_CDD,12994,7565,31919,84,42,1,3,0.613,CAUTION,PROFESSIONNEL,0
TECH,Drâa-Tafilalet,43,SALARIE_CDI,3492,819,59137,24,20,0,0,0.243,HYPOTHEQUE,CONSOMMATION,1
AGRICULTURE,Dakhla-Oued Ed-Dahab,18,INDEPENDANT,9179,1451,20365,120,0,2,3,0.09,CAUTION,CONSOMMATION,1
TECH,Marrakech-Safi,62,INDEPENDANT,9825,2792,27822,12,35,0,1,0.327,AUCUNE,IMMOBILIER,0
INDUSTRIE,Béni Mellal-Khénifra,54,SALARIE_CDD,12815,5731,16586,120,34,2,0,0.499,NANTISSEMENT,PROFESSIONNEL,0
TECH,Béni Mellal-Khénifra,44,INDEPENDANT,4817,2911,24650,36,20,1,1,0.71,AUCUNE,AUTO,0
COMMERCE,Drâa-Tafilalet,19,SALARIE_CDD,4979,1515,166782,12,0,2,3,0.273,AUCUNE,IMMOBILIER,1
COMMERCE,Rabat-Salé-Kénitra,23,SALARIE_CDI,5123,2946,21687,48,0,2,0,0.639,AUCUNE,PROFESSIONNEL,1
COMMERCE,Guelmim-Oued Noun,23,FONCTIONNAIRE,10250,4931,26071,36,3,4,1,0.545,CAUTION,CONSOMMATION,1
COMMERCE,Marrakech-Safi,71,SALARIE_CDI,10316,4923,20397,24,45,0,0,0.531,AUCUNE,PROFESSIONNEL,0
SERVICES,Tanger-Tétouan-Al Hoceïma,37,SALARIE_CDD,5285,2686,31943,120,18,1,1,0.516,AUCUNE,PROFESSIONNEL,1
INDUSTRIE,Drâa-Tafilalet,44,RETRAITE,19176,7781,34521,48,19,4,0,0.36,AUCUNE,IMMOBILIER,1
SERVICES,Fès-Meknès,61,SALARIE_CDD,9218,4487,85205,12,34,0,0,0.472,AUCUNE,CONSOMMATION,0
INDUSTRIE,Rabat-Salé-Kénitra,59,SALARIE_CDI,8569,4684,27338,120,40,5,0,0.491,AUCUNE,PROFESSIONNEL,0
SERVICES,Drâa-Tafilalet,22,SALARIE_CDI,7380,3282,39338,48,0,5,2,0.369,HYPOTHEQUE,CONSOMMATION,1
SERVICES,Fès-Meknès,76,INDEPENDANT,12317,2089,9780,84,45,2,0,0.207,AUCUNE,IMMOBILIER,0
TECH,Guelmim-Oued Noun,34,SALARIE_CDI,9655,3913,19824,12,9,4,0,0.363,CAUTION,PROFESSIONNEL,1
COMMERCE,Laâyoune-Sakia El Hamra,66,INDEPENDANT,18967,8506,77653,36,39,3,3,0.349,AUCUNE,AUTO,0
SERVICES,Tanger-Tétouan-Al Hoceïma,70,SALARIE_CDI,4693,2758,19949,60,45,3,2,0.594,AUCUNE,PROFESSIONNEL,1
TECH,Drâa-Tafilalet,51,INDEPENDANT,4042,617,62151,36,26,5,1,0.193,AUCUNE,CONSOMMATION,1
AGRICULTURE,Marrakech-Safi,28,SALARIE_CDI,5808,1012,18997,12,1,5,0,0.206,CAUTION,PROFESSIONNEL,0
AGRICULTURE,Dakhla-Oued Ed-Dahab,52,SALARIE_CDI,10394,3471,32175,120,34,0,0,0.285,CAUTION,IMMOBILIER,1
TECH,Marrakech-Safi,33,SALARIE_CDI,6683,3686,120623,60,7,1,0,0.522,AUCUNE,PROFESSIONNEL,1
AGRICULTURE,Laâyoune-Sakia El Hamra,71,SALARIE_CDI,14357,5630,61178,48,45,2,4,0.413,AUCUNE,CONSOMMATION,0
COMMERCE,Guelmim-Oued Noun,65,SALARIE_CDI,6788,2054,9260,24,45,2,1,0.348,AUCUNE,PROFESSIONNEL,0
AGRICULTURE,Fès-Meknès,69,SALARIE_CDI,13185,6548,346263,36,44,5,0,0.519,CAUTION,IMMOBILIER,1
AGRICULTURE,Guelmim-Oued Noun,70,FONCTIONNAIRE,5576,2243,17553,120,44,4,4,0.446,HYPOTHEQUE,CONSOMMATION,1
INDUSTRIE,Béni Mellal-Khénifra,29,FONCTIONNAIRE,13799,6028,134107,24,4,0,0,0.429,CAUTION,PROFESSIONNEL,0
TECH,Drâa-Tafilalet,19,SALARIE_CDI,15005,5464,26573,24,0,3,0,0.384,CAUTION,CONSOMMATION,1
TECH,Tanger-Tétouan-Al Hoceïma,57,FONCTIONNAIRE,6285,3221,15365,120,31,5,0,0.523,CAUTION,CONSOMMATION,1
TECH,Marrakech-Safi,56,INDEPENDANT,10100,1594,26482,36,36,1,0,0.103,HYPOTHEQUE,AUTO,0
AGRICULTURE,Drâa-Tafilalet,72,RETRAITE,9141,1379,22987,48,45,2,1,0.063,NANTISSEMENT,PROFESSIONNEL,0
INDUSTRIE,Casablanca-Settat,58,SALARIE_CDD,10224,5024,24743,12,33,3,0,0.448,AUCUNE,CONSOMMATION,0
INDUSTRIE,Tanger-Tétouan-Al Hoceïma,68,SALARIE_CDD,14443,2359,37866,36,42,3,0,0.127,AUCUNE,PROFESSIONNEL,0
COMMERCE,Rabat-Salé-Kénitra,39,RETRAITE,12556,4000,50748,120,14,4,4,0.385,HYPOTHEQUE,CONSOMMATION,0
TECH,Casablanca-Settat,25,RETRAITE,10212,3402,98154,120,0,4,1,0.327,AUCUNE,CONSOMMATION,1
TECH,Casablanca-Settat,20,RETRAITE,10920,4989,42196,120,0,1,3,0.415,CAUTION,CONSOMMATION,1
TECH,Rabat-Salé-Kénitra,45,FONCTIONNAIRE,4577,2454,38340,60,22,5,0,0.526,AUCUNE,IMMOBILIER,1
TECH,Dakhla-Oued Ed-Dahab,18,FONCTIONNAIRE,7955,4462,21899,84,0,2,4,0.571,CAUTION,PROFESSIONNEL,1
AGRICULTURE,Guelmim-Oued Noun,50,RETRAITE,4936,1432,29846,120,27,0,1,0.268,CAUTION,AUTO,0
SERVICES,Dakhla-Oued Ed-Dahab,43,SALARIE_CDD,8037,1858,25517,12,16,0,0,0.202,CAUTION,PROFESSIONNEL,0
AGRICULTURE,Rabat-Salé-Kénitra,34,SALARIE_CDI,13394,8578,13888,36,14,2,3,0.62,HYPOTHEQUE,PROFESSIONNEL,1
SERVICES,Dakhla-Oued Ed-Dahab,55,RETRAITE,8077,1388,216561,12,36,2,0,0.182,NANTISSEMENT,PROFESSIONNEL,0
COMMERCE,Béni Mellal-Khénifra,60,INDEPENDANT,2624,1461,43031,120,40,1,3,0.548,CAUTION,CONSOMMATION,1
SERVICES,Guelmim-Oued Noun,20,SALARIE_CDI,5059,810,43413,60,2,2,1,0.136,AUCUNE,IMMOBILIER,0
COMMERCE,Laâyoune-Sakia El Hamra,48,SALARIE_CDI,10525,4132,85168,120,30,2,0,0.354,AUCUNE,CONSOMMATION,1
INDUSTRIE,Fès-Meknès,77,INDEPENDANT,6358,2993,5961,60,45,1,3,0.487,CAUTION,IMMOBILIER,0
SERVICES,Drâa-Tafilalet,36,SALARIE_CDI,11530,4484,174052,60,16,0,0,0.369,AUCUNE,CONSOMMATION,0
COMMERCE,Béni Mellal-Khénifra,67,FONCTIONNAIRE,4707,2035,19906,60,40,0,1,0.461,CAUTION,AUTO,0
TECH,Tanger-Tétouan-Al Hoceïma,39,SALARIE_CDI,9622,1565,19568,120,20,1,0,0.241,CAUTION,CONSOMMATION,0
SERVICES,Souss-Massa,35,SALARIE_CDI,9842,2235,24835,120,14,3,0,0.171,AUCUNE,IMMOBILIER,1
COMMERCE,Marrakech-Safi,71,INDEPENDANT,11562,4933,72332,48,45,3,0,0.414,AUCUNE,PROFESSIONNEL,0
SERVICES,Marrakech-Safi,40,RETRAITE,6034,3402,162926,60,16,0,0,0.484,CAUTION,PROFESSIONNEL,1
SERVICES,Dakhla-Oued Ed-Dahab,72,FONCTIONNAIRE,11509,4882,114426,48,45,4,0,0.412,CAUTION,PROFESSIONNEL,0
SERVICES,Drâa-Tafilalet,59,SALARIE_CDI,15962,6381,25917,24,36,4,1,0.494,AUCUNE,AUTO,1
COMMERCE,Oriental,69,SALARIE_CDI,2914,1877,10314,60,42,5,4,0.674,AUCUNE,PROFESSIONNEL,1
TECH,Drâa-Tafilalet,69,SALARIE_CDI,8294,2861,27172,36,45,2,1,0.311,NANTISSEMENT,IMMOBILIER,1
COMMERCE,Tanger-Tétouan-Al Hoceïma,75,RETRAITE,3594,1232,23210,84,45,1,1,0.366,AUCUNE,CONSOMMATION,0
TECH,Marrakech-Safi,52,SALARIE_CDD,5502,1029,11483,120,26,2,0,0.131,HYPOTHEQUE,CONSOMMATION,0
COMMERCE,Dakhla-Oued Ed-Dahab,77,RETRAITE,5708,3091,54611,60,45,5,0,0.485,HYPOTHEQUE,CONSOMMATION,0
TECH,Dakhla-Oued Ed-Dahab,21,INDEPENDANT,7864,1446,36428,24,0,3,2,0.217,HYPOTHEQUE,CONSOMMATION,0
AGRICULTURE,Marrakech-Safi,48,SALARIE_CDD,9604,2094,51554,120,21,1,3,0.202,HYPOTHEQUE,PROFESSIONNEL,0
INDUSTRIE,Guelmim-Oued Noun,42,SALARIE_CDI,12176,2172,60608,36,19,1,0,0.167,AUCUNE,PROFESSIONNEL,1
SERVICES,Souss-Massa,24,RETRAITE,9125,2247,58648,48,2,5,0,0.244,CAUTION,CONSOMMATION,0
SERVICES,Drâa-Tafilalet,73,SALARIE_CDI,10972,4054,34715,60,45,1,1,0.357,HYPOTHEQUE,IMMOBILIER,0
COMMERCE,Rabat-Salé-Kénitra,68,INDEPENDANT,4987,853,114459,48,42,4,1,0.236,HYPOTHEQUE,AUTO,1
COMMERCE,Souss-Massa,65,SALARIE_CDD,13036,4637,25771,84,45,2,0,0.283,NANTISSEMENT,PROFESSIONNEL,1
SERVICES,Rabat-Salé-Kénitra,57,SALARIE_CDI,2500,976,23226,36,33,2,0,0.35,CAUTION,PROFESSIONNEL,1
AGRICULTURE,Guelmim-Oued Noun,55,SALARIE_CDD,16107,3308,30877,60,37,0,0,0.217,HYPOTHEQUE,CONSOMMATION,0
AGRICULTURE,Tanger-Tétouan-Al Hoceïma,41,SALARIE_CDD,14857,2638,52923,84,23,5,0,0.119,CAUTION,PROFESSIONNEL,0
SERVICES,Fès-Meknès,61,FONCTIONNAIRE,11356,3489,58547,48,42,1,0,0.269,NANTISSEMENT,IMMOBILIER,0
SERVICES,Drâa-Tafilalet,79,FONCTIONNAIRE,22093,10500,28618,84,45,0,1,0.518,AUCUNE,CONSOMMATION,1
SERVICES,Dakhla-Oued Ed-Dahab,33,SALARIE_CDI,3599,1632,29038,84,7,4,2,0.411,HYPOTHEQUE,PROFESSIONNEL,0
INDUSTRIE,Tanger-Tétouan-Al Hoceïma,39,FONCTIONNAIRE,11507,2455,90520,120,15,4,1,0.254,CAUTION,CONSOMMATION,0
TECH,Drâa-Tafilalet,24,SALARIE_CDD,8611,1687,14540,48,2,5,0,0.129,CAUTION,IMMOBILIER,0
COMMERCE,Drâa-Tafilalet,75,RETRAITE,9044,2202,248438,120,45,4,0,0.346,AUCUNE,IMMOBILIER,0
SERVICES,Souss-Massa,51,INDEPENDANT,4800,2818,29423,48,31,0,4,0.621,HYPOTHEQUE,CONSOMMATION,1
COMMERCE,Guelmim-Oued Noun,55,FONCTIONNAIRE,9679,5961,31473,48,30,0,0,0.651,HYPOTHEQUE,IMMOBILIER,0
SERVICES,Rabat-Salé-Kénitra,34,RETRAITE,9476,3893,47044,24,10,0,3,0.391,AUCUNE,PROFESSIONNEL,1
INDUSTRIE,Laâyoune-Sakia El Hamra,20,SALARIE_CDD,5941,3571,52701,12,0,1,0,0.602,AUCUNE,CONSOMMATION,1
INDUSTRIE,Tanger-Tétouan-Al Hoceïma,68,SALARIE_CDI,7856,1695,22961,48,45,4,0,0.351,CAUTION,IMMOBILIER,0
COMMERCE,Casablanca-Settat,72,SALARIE_CDI,4485,2147,46022,60,45,2,0,0.424,CAUTION,PROFESSIONNEL,0
COMMERCE,Dakhla-Oued Ed-Dahab,39,INDEPENDANT,6782,3217,18891,48,20,1,1,0.446,CAUTION,IMMOBILIER,0
TECH,Guelmim-Oued Noun,66,SALARIE_CDD,12486,4678,23880,60,40,1,0,0.358,AUCUNE,PROFESSIONNEL,0
SERVICES,Guelmim-Oued Noun,54,INDEPENDANT,12599,6538,11809,24,36,3,3,0.528,AUCUNE,PROFESSIONNEL,1
TECH,Rabat-Salé-Kénitra,58,SALARIE_CDD,11452,4438,40076,12,33,5,0,0.422,CAUTION,CONSOMMATION,1
SERVICES,Guelmim-Oued Noun,28,SALARIE_CDI,12484,7219,32099,60,5,1,0,0.603,HYPOTHEQUE,CONSOMMATION,0
INDUSTRIE,Drâa-Tafilalet,56,FONCTIONNAIRE,12557,2736,8870,24,31,0,0,0.164,CAUTION,PROFESSIONNEL,0
TECH,Laâyoune-Sakia El Hamra,28,FONCTIONNAIRE,6066,962,22546,36,10,1,1,0.197,NANTISSEMENT,CONSOMMATION,0
COMMERCE,Tanger-Tétouan-Al Hoceïma,31,SALARIE_CDD,9441,3201,35592,120,12,3,5,0.377,AUCUNE,PROFESSIONNEL,1
SERVICES,Dakhla-Oued Ed-Dahab,40,INDEPENDANT,13214,2832,66272,12,19,4,4,0.218,AUCUNE,IMMOBILIER,1
COMMERCE,Drâa-Tafilalet,31,FONCTIONNAIRE,4356,1044,14805,48,4,3,0,0.208,HYPOTHEQUE,CONSOMMATION,0
TECH,Fès-Meknès,75,SALARIE_CDD,4344,755,29417,60,45,5,1,0.188,HYPOTHEQUE,CONSOMMATION,0
AGRICULTURE,Marrakech-Safi,19,INDEPENDANT,4237,1548,16813,120,0,3,3,0.351,AUCUNE,CONSOMMATION,1
COMMERCE,Laâyoune-Sakia El Hamra,74,SALARIE_CDI,3628,1882,60332,36,45,1,2,0.516,AUCUNE,CONSOMMATION,1
SERVICES,Béni Mellal-Khénifra,27,INDEPENDANT,5050,2163,22747,36,4,0,0,0.429,CAUTION,IMMOBILIER,0
COMMERCE,Rabat-Salé-Kénitra,72,SALARIE_CDI,6397,2100,52217,24,45,0,3,0.285,AUCUNE,PROFESSIONNEL,0
SERVICES,Rabat-Salé-Kénitra,39,FONCTIONNAIRE,16003,2494,28259,120,12,2,0,0.158,AUCUNE,PROFESSIONNEL,0
SERVICES,Guelmim-Oued Noun,76,SALARIE_CDD,6655,2692,11018,24,45,3,0,0.458,CAUTION,AUTO,0
COMMERCE,Marrakech-Safi,52,SALARIE_CDI,4095,1285,34580,60,29,5,0,0.348,CAUTION,IMMOBILIER,1
TECH,Marrakech-Safi,48,FONCTIONNAIRE,8732,2353,15850,120,28,0,2,0.26,CAUTION,PROFESSIONNEL,1
SERVICES,Béni Mellal-Khénifra,26,SALARIE_CDD,7443,2797,79505,84,3,1,3,0.364,AUCUNE,PROFESSIONNEL,1
TECH,Laâyoune-Sakia El Hamra,45,FONCTIONNAIRE,5699,1339,129670,48,22,1,3,0.323,AUCUNE,CONSOMMATION,0
COMMERCE,Tanger-Tétouan-Al Hoceïma,53,FONCTIONNAIRE,6218,1933,56749,60,27,0,0,0.267,CAUTION,IMMOBILIER,0
TECH,Béni Mellal-Khénifra,79,SALARIE_CDI,13098,8030,23192,36,45,0,0,0.645,HYPOTHEQUE,PROFESSIONNEL,0
SERVICES,Drâa-Tafilalet,34,SALARIE_CDI,4296,1957,36886,48,13,5,0,0.517,NANTISSEMENT,CONSOMMATION,1
INDUSTRIE,Béni Mellal-Khénifra,23,INDEPENDANT,3829,2469,44493,84,0,0,0,0.59,CAUTION,CONSOMMATION,1
SERVICES,Drâa-Tafilalet,33,SALARIE_CDD,9997,4638,77593,84,8,5,0,0.456,AUCUNE,CONSOMMATION,0
SERVICES,Marrakech-Safi,33,SALARIE_CDD,6147,1220,31830,24,13,4,0,0.254,CAUTION,PROFESSIONNEL,1
INDUSTRIE,Béni Mellal-Khénifra,77,SALARIE_CDI,16293,7868,48326,24,45,3,5,0.447,AUCUNE,IMMOBILIER,0
INDUSTRIE,Casablanca-Settat,27,SALARIE_CDI,7560,4407,11210,84,6,0,0,0.59,AUCUNE,CONSOMMATION,0
SERVICES,Drâa-Tafilalet,80,FONCTIONNAIRE,7745,4696,43012,48,45,5,0,0.537,AUCUNE,IMMOBILIER,0
SERVICES,Guelmim-Oued Noun,25,INDEPENDANT,11544,4932,19886,48,4,4,0,0.407,NANTISSEMENT,PROFESSIONNEL,1
AGRICULTURE,Guelmim-Oued Noun,69,FONCTIONNAIRE,3818,802,37421,120,45,5,1,0.28,CAUTION,PROFESSIONNEL,0
TECH,Casablanca-Settat,44,FONCTIONNAIRE,9432,4448,17559,24,23,1,1,0.41,CAUTION,IMMOBILIER,0
INDUSTRIE,Laâyoune-Sakia El Hamra,21,SALARIE_CDD,6874,1523,48437,120,1,1,0,0.14,HYPOTHEQUE,PROFESSIONNEL,0
AGRICULTURE,Souss-Massa,56,FONCTIONNAIRE,12862,2290,56761,48,37,2,2,0.176,AUCUNE,PROFESSIONNEL,1
SERVICES,Casablanca-Settat,63,INDEPENDANT,6057,1550,30850,120,38,1,0,0.283,HYPOTHEQUE,PROFESSIONNEL,0
INDUSTRIE,Oriental,70,SALARIE_CDI,8774,1742,19807,48,45,0,1,0.174,CAUTION,IMMOBILIER,0
TECH,Oriental,29,INDEPENDANT,6894,2569,54270,84,11,3,1,0.357,CAUTION,IMMOBILIER,1
INDUSTRIE,Tanger-Tétouan-Al Hoceïma,56,SALARIE_CDI,9758,6069,108021,24,36,0,3,0.659,HYPOTHEQUE,CONSOMMATION,1
SERVICES,Drâa-Tafilalet,53,SALARIE_CDI,7237,3475,139406,84,29,4,0,0.542,HYPOTHEQUE,PROFESSIONNEL,1
INDUSTRIE,Oriental,45,SALARIE_CDI,9118,4534,47912,24,20,0,0,0.523,CAUTION,IMMOBILIER,0
COMMERCE,Marrakech-Safi,74,SALARIE_CDI,17836,9842,44124,120,45,4,0,0.599,HYPOTHEQUE,PROFESSIONNEL,1
COMMERCE,Béni Mellal-Khénifra,44,SALARIE_CDI,7125,1921,14463,60,17,4,0,0.268,CAUTION,CONSOMMATION,0
INDUSTRIE,Fès-Meknès,41,SALARIE_CDI,9713,4237,91100,84,15,2,0,0.405,HYPOTHEQUE,IMMOBILIER,1
INDUSTRIE,Rabat-Salé-Kénitra,51,SALARIE_CDI,22673,11483,7144,120,30,4,0,0.432,CAUTION,CONSOMMATION,1
SERVICES,Fès-Meknès,76,SALARIE_CDI,9657,2917,83629,12,45,0,0,0.233,AUCUNE,IMMOBILIER,0
COMMERCE,Laâyoune-Sakia El Hamra,72,SALARIE_CDI,2710,932,36999,36,45,5,0,0.338,CAUTION,CONSOMMATION,1
SERVICES,Oriental,62,SALARIE_CDI,6004,3006,6619,60,37,0,4,0.566,AUCUNE,IMMOBILIER,1
TECH,Fès-Meknès,23,INDEPENDANT,4714,2613,45965,12,0,4,0,0.507,NANTISSEMENT,IMMOBILIER,1
TECH,Tanger-Tétouan-Al Hoceïma,36,FONCTIONNAIRE,12270,4059,32548,12,13,5,0,0.485,CAUTION,PROFESSIONNEL,0
INDUSTRIE,Laâyoune-Sakia El Hamra,18,SALARIE_CDI,7768,3595,26526,60,0,3,0,0.454,HYPOTHEQUE,CONSOMMATION,0
TECH,Béni Mellal-Khénifra,23,SALARIE_CDD,13077,6305,30064,24,0,3,1,0.432,CAUTION,PROFESSIONNEL,1
SERVICES,Guelmim-Oued Noun,70,SALARIE_CDD,10670,6556,35836,48,44,1,1,0.587,AUCUNE,AUTO,0
INDUSTRIE,Béni Mellal-Khénifra,69,SALARIE_CDI,10649,5790,35762,60,45,0,0,0.54,CAUTION,PROFESSIONNEL,0
INDUSTRIE,Dakhla-Oued Ed-Dahab,24,SALARIE_CDD,4673,1155,12927,84,1,3,0,0.315,NANTISSEMENT,IMMOBILIER,1
COMMERCE,Béni Mellal-Khénifra,46,SALARIE_CDI,10170,4707,48148,120,27,4,0,0.469,AUCUNE,IMMOBILIER,0
TECH,Tanger-Tétouan-Al Hoceïma,35,SALARIE_CDD,14987,9425,27841,12,12,2,1,0.567,HYPOTHEQUE,PROFESSIONNEL,0
AGRICULTURE,Fès-Meknès,22,FONCTIONNAIRE,4225,1433,110283,12,0,3,0,0.427,AUCUNE,AUTO,1
INDUSTRIE,Casablanca-Settat,42,SALARIE_CDD,7025,3742,66307,12,15,2,2,0.502,HYPOTHEQUE,PROFESSIONNEL,0
INDUSTRIE,Guelmim-Oued Noun,24,SALARIE_CDI,9504,3988,71740,84,6,2,0,0.379,CAUTION,CONSOMMATION,1
COMMERCE,Dakhla-Oued Ed-Dahab,64,SALARIE_CDI,8468,3124,133669,12,44,1,0,0.392,HYPOTHEQUE,CONSOMMATION,1
INDUSTRIE,Béni Mellal-Khénifra,78,INDEPENDANT,15467,6730,60791,48,45,5,2,0.485,HYPOTHEQUE,CONSOMMATION,1
SERVICES,Souss-Massa,44,FONCTIONNAIRE,11247,4078,32781,12,17,4,0,0.411,HYPOTHEQUE,CONSOMMATION,1
AGRICULTURE,Rabat-Salé-Kénitra,33,FONCTIONNAIRE,9728,3006,6057,84,14,1,0,0.222,AUCUNE,PROFESSIONNEL,1
TECH,Béni Mellal-Khénifra,49,INDEPENDANT,11707,6211,42986,84,29,3,0,0.612,CAUTION,CONSOMMATION,0
AGRICULTURE,Marrakech-Safi,78,FONCTIONNAIRE,11429,4758,121970,60,45,4,0,0.364,AUCUNE,CONSOMMATION,1
SERVICES,Béni Mellal-Khénifra,28,SALARIE_CDI,8254,5096,67931,120,10,0,0,0.649,CAUTION,IMMOBILIER,0
SERVICES,Fès-Meknès,60,INDEPENDANT,6907,1066,25457,60,40,1,0,0.177,AUCUNE,PROFESSIONNEL,0
INDUSTRIE,Laâyoune-Sakia El Hamra,23,SALARIE_CDI,12653,6765,37870,60,0,2,1,0.565,HYPOTHEQUE,CONSOMMATION,0
AGRICULTURE,Dakhla-Oued Ed-Dahab,36,FONCTIONNAIRE,5800,1326,24610,36,14,3,0,0.218,CAUTION,CONSOMMATION,0
SERVICES,Marrakech-Safi,45,SALARIE_CDD,7844,4162,44982,120,19,1,1,0.588,HYPOTHEQUE,CONSOMMATION,1
SERVICES,Fès-Meknès,42,SALARIE_CDI,4815,2817,25405,36,19,5,0,0.587,AUCUNE,CONSOMMATION,0
SERVICES,Dakhla-Oued Ed-Dahab,29,SALARIE_CDI,11263,6105,99465,24,9,1,1,0.612,AUCUNE,CONSOMMATION,1
TECH,Casablanca-Settat,66,SALARIE_CDD,14110,6306,39507,48,44,3,0,0.391,HYPOTHEQUE,CONSOMMATION,0
TECH,Oriental,60,FONCTIONNAIRE,5319,1124,43492,24,36,1,0,0.301,HYPOTHEQUE,IMMOBILIER,0
COMMERCE,Rabat-Salé-Kénitra,45,SALARIE_CDI,7561,4765,20338,60,20,3,2,0.544,NANTISSEMENT,CONSOMMATION,0
SERVICES,Souss-Massa,44,SALARIE_CDI,6529,2045,27108,60,22,4,0,0.399,NANTISSEMENT,AUTO,1
TECH,Casablanca-Settat,22,SALARIE_CDD,13146,2157,16173,36,0,3,2,0.139,CAUTION,CONSOMMATION,0
INDUSTRIE,Rabat-Salé-Kénitra,59,INDEPENDANT,15331,2314,97929,12,40,2,0,0.173,AUCUNE,PROFESSIONNEL,0
SERVICES,Tanger-Tétouan-Al Hoceïma,32,INDEPENDANT,6532,3392,25354,48,11,4,2,0.497,HYPOTHEQUE,IMMOBILIER,0
INDUSTRIE,Casablanca-Settat,36,FONCTIONNAIRE,2500,1416,40611,48,11,3,2,0.521,AUCUNE,CONSOMMATION,1
COMMERCE,Guelmim-Oued Noun,72,SALARIE_CDD,13613,7508,12280,60,45,4,0,0.531,AUCUNE,CONSOMMATION,0
INDUSTRIE,Oriental,58,SALARIE_CDD,8269,3552,15331,12,32,3,0,0.471,CAUTION,IMMOBILIER,0
AGRICULTURE,Souss-Massa,61,SALARIE_CDI,8284,3860,30478,12,39,4,4,0.487,AUCUNE,PROFESSIONNEL,1
COMMERCE,Souss-Massa,34,SALARIE_CDI,12502,7544,29204,84,11,3,0,0.667,CAUTION,PROFESSIONNEL,0
INDUSTRIE,Laâyoune-Sakia El Hamra,49,SALARIE_CDI,6879,3314,43102,24,25,4,0,0.51,AUCUNE,CONSOMMATION,1
COMMERCE,Laâyoune-Sakia El Hamra,18,INDEPENDANT,6102,1987,148417,120,0,0,0,0.345,AUCUNE,PROFESSIONNEL,0
COMMERCE,Casablanca-Settat,33,SALARIE_CDD,6905,4317,8848,24,8,2,0,0.711,HYPOTHEQUE,IMMOBILIER,1
SERVICES,Drâa-Tafilalet,68,SALARIE_CDI,10098,6390,72036,36,45,0,1,0.658,AUCUNE,AUTO,1
COMMERCE,Souss-Massa,47,FONCTIONNAIRE,12035,5584,51469,120,23,1,0,0.416,CAUTION,IMMOBILIER,1
SERVICES,Guelmim-Oued Noun,57,SALARIE_CDI,16897,7317,23560,12,31,1,4,0.373,NANTISSEMENT,IMMOBILIER,0
INDUSTRIE,Guelmim-Oued Noun,67,SALARIE_CDD,9716,6009,26808,120,45,2,0,0.713,HYPOTHEQUE,PROFESSIONNEL,0
COMMERCE,Drâa-Tafilalet,77,FONCTIONNAIRE,7593,4093,79543,12,45,2,1,0.536,AUCUNE,CONSOMMATION,0
COMMERCE,Drâa-Tafilalet,23,INDEPENDANT,12074,2528,34766,24,0,3,0,0.214,CAUTION,IMMOBILIER,0
INDUSTRIE,Marrakech-Safi,54,INDEPENDANT,5234,3293,28988,36,35,3,1,0.601,AUCUNE,CONSOMMATION,1
SERVICES,Laâyoune-Sakia El Hamra,80,INDEPENDANT,15348,7861,17430,60,45,4,0,0.435,HYPOTHEQUE,PROFESSIONNEL,1
COMMERCE,Drâa-Tafilalet,30,SALARIE_CDI,8912,4630,20226,60,5,4,3,0.619,AUCUNE,AUTO,1
INDUSTRIE,Fès-Meknès,72,FONCTIONNAIRE,7311,2562,15500,36,45,3,2,0.29,NANTISSEMENT,CONSOMMATION,1
AGRICULTURE,Marrakech-Safi,54,INDEPENDANT,5242,808,67451,48,27,0,0,0.106,AUCUNE,AUTO,0
COMMERCE,Oriental,38,SALARIE_CDI,10744,3071,20975,48,19,2,0,0.271,AUCUNE,AUTO,0
TECH,Tanger-Tétouan-Al Hoceïma,67,INDEPENDANT,7142,2254,15743,84,42,3,0,0.293,AUCUNE,CONSOMMATION,0
INDUSTRIE,Drâa-Tafilalet,72,RETRAITE,7766,2935,41039,36,45,3,0,0.35,CAUTION,IMMOBILIER,0
TECH,Tanger-Tétouan-Al Hoceïma,26,FONCTIONNAIRE,3820,1913,20509,120,4,5,2,0.537,AUCUNE,CONSOMMATION,1
SERVICES,Marrakech-Safi,60,SALARIE_CDI,6663,2501,107228,48,34,0,3,0.433,HYPOTHEQUE,CONSOMMATION,1
INDUSTRIE,Tanger-Tétouan-Al Hoceïma,76,SALARIE_CDI,6274,2108,37375,84,45,5,1,0.335,NANTISSEMENT,IMMOBILIER,0
SERVICES,Guelmim-Oued Noun,59,FONCTIONNAIRE,9783,2681,41921,60,35,3,1,0.29,HYPOTHEQUE,CONSOMMATION,0
SERVICES,Guelmim-Oued Noun,52,INDEPENDANT,7184,3838,42002,36,32,2,0,0.49,HYPOTHEQUE,IMMOBILIER,0
AGRICULTURE,Fès-Meknès,26,SALARIE_CDI,2500,1359,54157,36,8,3,0,0.574,CAUTION,CONSOMMATION,0
TECH,Guelmim-Oued Noun,46,SALARIE_CDI,6723,2229,59712,48,22,4,0,0.32,CAUTION,IMMOBILIER,0
COMMERCE,Rabat-Salé-Kénitra,75,SALARIE_CDI,4211,1090,37068,12,45,3,0,0.242,CAUTION,CONSOMMATION,0
COMMERCE,Dakhla-Oued Ed-Dahab,68,SALARIE_CDD,5068,1318,17834,36,45,2,1,0.31,HYPOTHEQUE,PROFESSIONNEL,0
COMMERCE,Guelmim-Oued Noun,46,INDEPENDANT,12730,6128,32612,48,22,5,0,0.411,AUCUNE,CONSOMMATION,1
COMMERCE,Casablanca-Settat,37,FONCTIONNAIRE,3789,2032,37856,36,17,1,1,0.59,HYPOTHEQUE,CONSOMMATION,0
TECH,Drâa-Tafilalet,68,FONCTIONNAIRE,9253,5020,11585,12,45,3,0,0.542,HYPOTHEQUE,CONSOMMATION,1
COMMERCE,Souss-Massa,78,FONCTIONNAIRE,6449,3775,8322,60,45,3,2,0.563,CAUTION,CONSOMMATION,0
TECH,Laâyoune-Sakia El Hamra,36,FONCTIONNAIRE,5913,3118,15539,120,10,3,1,0.617,HYPOTHEQUE,CONSOMMATION,1
INDUSTRIE,Marrakech-Safi,69,FONCTIONNAIRE,5215,2049,9268,48,43,2,0,0.435,CAUTION,CONSOMMATION,1
AGRICULTURE,Laâyoune-Sakia El Hamra,37,SALARIE_CDI,9356,2654,25835,36,12,4,2,0.201,NANTISSEMENT,PROFESSIONNEL,1
SERVICES,Laâyoune-Sakia El Hamra,70,SALARIE_CDI,9841,3315,21141,60,45,4,1,0.387,HYPOTHEQUE,IMMOBILIER,1
INDUSTRIE,Fès-Meknès,78,INDEPENDANT,3728,1088,38641,12,45,5,2,0.324,AUCUNE,CONSOMMATION,1
AGRICULTURE,Souss-Massa,59,SALARIE_CDD,13599,2716,59663,120,37,5,1,0.138,AUCUNE,CONSOMMATION,1
SERVICES,Béni Mellal-Khénifra,49,SALARIE_CDI,4751,1054,44469,48,24,4,0,0.22,HYPOTHEQUE,PROFESSIONNEL,0
SERVICES,Marrakech-Safi,37,SALARIE_CDD,9652,1509,49223,84,12,0,1,0.199,AUCUNE,CONSOMMATION,1
INDUSTRIE,Dakhla-Oued Ed-Dahab,21,FONCTIONNAIRE,4763,1183,70415,36,3,1,0,0.159,AUCUNE,CONSOMMATION,1
INDUSTRIE,Marrakech-Safi,21,SALARIE_CDI,6591,3741,28904,24,0,5,2,0.609,CAUTION,CONSOMMATION,0
AGRICULTURE,Marrakech-Safi,70,FONCTIONNAIRE,4558,1908,5856,60,45,2,0,0.401,AUCUNE,IMMOBILIER,0
TECH,Oriental,59,SALARIE_CDI,6387,2202,10710,36,41,0,0,0.338,AUCUNE,PROFESSIONNEL,0
COMMERCE,Souss-Massa,32,INDEPENDANT,7402,1989,51476,60,11,0,0,0.328,NANTISSEMENT,IMMOBILIER,0
AGRICULTURE,Casablanca-Settat,52,FONCTIONNAIRE,4831,2149,41661,60,27,0,0,0.409,CAUTION,CONSOMMATION,0
COMMERCE,Laâyoune-Sakia El Hamra,73,INDEPENDANT,9335,5944,59077,60,45,0,0,0.584,CAUTION,PROFESSIONNEL,0
TECH,Marrakech-Safi,58,INDEPENDANT,9902,3208,265599,84,35,5,1,0.361,HYPOTHEQUE,CONSOMMATION,0
SERVICES,Rabat-Salé-Kénitra,75,INDEPENDANT,27384,15712,42344,36,45,4,0,0.581,HYPOTHEQUE,IMMOBILIER,0
COMMERCE,Oriental,25,SALARIE_CDI,12307,7625,33967,120,4,0,0,0.599,HYPOTHEQUE,IMMOBILIER,1
SERVICES,Dakhla-Oued Ed-Dahab,22,SALARIE_CDI,13758,7477,46271,120,1,2,0,0.477,AUCUNE,IMMOBILIER,1
SERVICES,Casablanca-Settat,59,INDEPENDANT,3655,1629,15786,48,36,5,0,0.427,NANTISSEMENT,CONSOMMATION,0
COMMERCE,Souss-Massa,54,INDEPENDANT,3357,1011,61600,12,35,1,0,0.273,CAUTION,CONSOMMATION,1
SERVICES,Laâyoune-Sakia El Hamra,61,INDEPENDANT,7089,1182,32211,12,37,4,0,0.156,AUCUNE,CONSOMMATION,0
COMMERCE,Laâyoune-Sakia El Hamra,79,RETRAITE,18107,9385,117940,48,45,2,0,0.44,CAUTION,PROFESSIONNEL,0
COMMERCE,Marrakech-Safi,24,FONCTIONNAIRE,24673,15494,11845,12,0,3,1,0.594,AUCUNE,CONSOMMATION,1
SERVICES,Béni Mellal-Khénifra,76,FONCTIONNAIRE,5947,2941,36431,120,45,1,0,0.516,CAUTION,AUTO,0
INDUSTRIE,Laâyoune-Sakia El Hamra,21,INDEPENDANT,6224,1046,23405,36,0,1,0,0.164,CAUTION,CONSOMMATION,1
COMMERCE,Drâa-Tafilalet,51,SALARIE_CDI,10350,2274,17214,36,25,0,0,0.21,CAUTION,CONSOMMATION,0
AGRICULTURE,Béni Mellal-Khénifra,70,INDEPENDANT,7415,2569,56154,48,45,0,0,0.299,CAUTION,IMMOBILIER,1
INDUSTRIE,Guelmim-Oued Noun,60,INDEPENDANT,7500,4835,29078,120,35,4,0,0.599,CAUTION,IMMOBILIER,1
AGRICULTURE,Souss-Massa,32,FONCTIONNAIRE,10783,2075,92169,60,8,5,0,0.179,HYPOTHEQUE,PROFESSIONNEL,0
TECH,Casablanca-Settat,56,SALARIE_CDD,27501,8496,25044,60,38,1,2,0.308,AUCUNE,PROFESSIONNEL,0
COMMERCE,Béni Mellal-Khénifra,74,FONCTIONNAIRE,14575,6208,27589,48,45,4,1,0.384,HYPOTHEQUE,IMMOBILIER,0
INDUSTRIE,Béni Mellal-Khénifra,30,INDEPENDANT,18791,3871,148784,36,9,0,0,0.215,CAUTION,CONSOMMATION,0
TECH,Laâyoune-Sakia El Hamra,77,SALARIE_CDI,3534,738,14106,12,45,2,1,0.218,HYPOTHEQUE,CONSOMMATION,0
TECH,Dakhla-Oued Ed-Dahab,59,SALARIE_CDI,13143,2423,20983,60,35,4,0,0.133,NANTISSEMENT,AUTO,1
INDUSTRIE,Tanger-Tétouan-Al Hoceïma,23,FONCTIONNAIRE,5285,2121,5000,48,0,2,0,0.463,HYPOTHEQUE,IMMOBILIER,0
AGRICULTURE,Dakhla-Oued Ed-Dahab,38,INDEPENDANT,17230,5053,26561,120,19,5,1,0.252,AUCUNE,PROFESSIONNEL,1
AGRICULTURE,Casablanca-Settat,72,FONCTIONNAIRE,14925,2534,58897,12,45,0,1,0.125,NANTISSEMENT,PROFESSIONNEL,0
COMMERCE,Dakhla-Oued Ed-Dahab,39,FONCTIONNAIRE,10633,4263,48381,84,14,0,0,0.369,HYPOTHEQUE,IMMOBILIER,0
TECH,Rabat-Salé-Kénitra,77,SALARIE_CDI,5800,2988,40173,60,45,2,0,0.448,AUCUNE,CONSOMMATION,0
COMMERCE,Béni Mellal-Khénifra,44,SALARIE_CDD,6518,3157,19665,24,23,2,1,0.397,AUCUNE,PROFESSIONNEL,0
TECH,Drâa-Tafilalet,39,INDEPENDANT,6759,3326,31784,48,13,0,0,0.545,AUCUNE,CONSOMMATION,1
TECH,Béni Mellal-Khénifra,71,SALARIE_CDD,11419,4857,27494,84,45,1,1,0.471,CAUTION,PROFESSIONNEL,0
SERVICES,Dakhla-Oued Ed-Dahab,67,SALARIE_CDD,9718,5254,36177,60,43,4,0,0.497,AUCUNE,PROFESSIONNEL,0
SERVICES,Oriental,33,SALARIE_CDD,15352,2782,41025,24,9,0,2,0.214,HYPOTHEQUE,IMMOBILIER,0
INDUSTRIE,Rabat-Salé-Kénitra,67,SALARIE_CDD,16728,4104,28409,60,45,2,3,0.213,HYPOTHEQUE,PROFESSIONNEL,0
AGRICULTURE,Béni Mellal-Khénifra,33,SALARIE_CDD,5539,2779,36926,12,13,2,4,0.451,HYPOTHEQUE,CONSOMMATION,0
INDUSTRIE,Fès-Meknès,74,INDEPENDANT,10035,3190,33912,12,45,0,0,0.306,HYPOTHEQUE,PROFESSIONNEL,0
AGRICULTURE,Béni Mellal-Khénifra,18,SALARIE_CDD,9980,2689,22641,36,0,4,0,0.257,HYPOTHEQUE,CONSOMMATION,1
COMMERCE,Tanger-Tétouan-Al Hoceïma,59,FONCTIONNAIRE,7764,1270,38394,12,41,0,0,0.213,AUCUNE,IMMOBILIER,0
INDUSTRIE,Casablanca-Settat,27,SALARIE_CDD,12379,7232,14854,60,5,1,0,0.466,CAUTION,PROFESSIONNEL,0
AGRICULTURE,Béni Mellal-Khénifra,60,INDEPENDANT,10107,5751,41232,24,35,1,2,0.555,HYPOTHEQUE,IMMOBILIER,0
COMMERCE,Rabat-Salé-Kénitra,79,SALARIE_CDI,6257,1128,16688,36,45,0,1,0.293,CAUTION,CONSOMMATION,1
INDUSTRIE,Fès-Meknès,60,SALARIE_CDI,7601,2297,35672,60,35,4,1,0.19,HYPOTHEQUE,CONSOMMATION,0
SERVICES,Béni Mellal-Khénifra,45,SALARIE_CDD,6925,1782,50302,84,20,3,3,0.229,NANTISSEMENT,CONSOMMATION,1
SERVICES,Laâyoune-Sakia El Hamra,69,RETRAITE,5841,1480,18994,12,45,1,1,0.238,NANTISSEMENT,CONSOMMATION,1
SERVICES,Fès-Meknès,30,FONCTIONNAIRE,7798,2176,74831,36,6,5,3,0.287,NANTISSEMENT,PROFESSIONNEL,0
INDUSTRIE,Fès-Meknès,52,FONCTIONNAIRE,4521,1350,126980,48,34,0,1,0.335,HYPOTHEQUE,PROFESSIONNEL,1
COMMERCE,Fès-Meknès,78,SALARIE_CDD,10029,5047,23040,12,45,2,0,0.51,AUCUNE,IMMOBILIER,1
INDUSTRIE,Oriental,40,SALARIE_CDI,15243,9678,32816,24,21,0,0,0.714,HYPOTHEQUE,PROFESSIONNEL,0
SERVICES,Marrakech-Safi,19,RETRAITE,8289,1432,84825,48,0,2,3,0.154,HYPOTHEQUE,IMMOBILIER,1
SERVICES,Oriental,45,SALARIE_CDD,12405,3863,10315,36,20,0,0,0.364,AUCUNE,CONSOMMATION,0
INDUSTRIE,Guelmim-Oued Noun,48,INDEPENDANT,8690,4203,37174,60,21,1,0,0.476,HYPOTHEQUE,PROFESSIONNEL,1
AGRICULTURE,Casablanca-Settat,69,INDEPENDANT,5116,1550,29394,120,45,5,1,0.342,CAUTION,PROFESSIONNEL,0
INDUSTRIE,Dakhla-Oued Ed-Dahab,68,FONCTIONNAIRE,19994,4910,68209,24,45,5,0,0.214,CAUTION,CONSOMMATION,0
SERVICES,Oriental,39,SALARIE_CDI,2724,637,30589,24,19,0,0,0.189,CAUTION,PROFESSIONNEL,0
COMMERCE,Béni Mellal-Khénifra,66,SALARIE_CDI,8141,3655,49830,120,43,5,0,0.383,NANTISSEMENT,AUTO,1
AGRICULTURE,Béni Mellal-Khénifra,27,SALARIE_CDI,5734,1293,20410,36,7,2,1,0.213,CAUTION,IMMOBILIER,1
TECH,Dakhla-Oued Ed-Dahab,29,RETRAITE,16511,3274,70694,12,3,4,1,0.163,HYPOTHEQUE,IMMOBILIER,1
TECH,Béni Mellal-Khénifra,56,INDEPENDANT,8930,4687,16562,120,32,0,3,0.542,CAUTION,PROFESSIONNEL,0
AGRICULTURE,Laâyoune-Sakia El Hamra,62,SALARIE_CDD,25590,8237,66808,60,36,0,2,0.356,HYPOTHEQUE,CONSOMMATION,0
COMMERCE,Fès-Meknès,68,INDEPENDANT,8235,4919,38305,120,45,3,1,0.649,AUCUNE,CONSOMMATION,0
AGRICULTURE,Marrakech-Safi,57,SALARIE_CDI,5754,2291,6988,84,31,1,2,0.439,AUCUNE,CONSOMMATION,1
SERVICES,Béni Mellal-Khénifra,26,SALARIE_CDI,3753,810,37954,60,7,2,0,0.271,CAUTION,CONSOMMATION,1
TECH,Rabat-Salé-Kénitra,60,SALARIE_CDI,13333,3285,55541,84,38,1,5,0.281,NANTISSEMENT,CONSOMMATION,0
TECH,Rabat-Salé-Kénitra,45,INDEPENDANT,5566,3288,15359,12,21,2,4,0.534,AUCUNE,IMMOBILIER,1
AGRICULTURE,Marrakech-Safi,34,SALARIE_CDI,6708,1427,20072,60,12,0,0,0.227,CAUTION,IMMOBILIER,0
COMMERCE,Fès-Meknès,39,SALARIE_CDI,14082,4334,38645,24,14,2,2,0.272,HYPOTHEQUE,AUTO,0
TECH,Rabat-Salé-Kénitra,69,SALARIE_CDI,13017,3927,25385,12,45,2,0,0.295,CAUTION,PROFESSIONNEL,0
SERVICES,Drâa-Tafilalet,29,SALARIE_CDD,6159,3966,45739,84,3,0,1,0.642,HYPOTHEQUE,IMMOBILIER,1
COMMERCE,Oriental,53,SALARIE_CDD,6606,4209,31367,12,34,2,0,0.513,AUCUNE,CONSOMMATION,1
INDUSTRIE,Marrakech-Safi,23,SALARIE_CDI,3677,1824,14418,12,4,4,4,0.444,NANTISSEMENT,CONSOMMATION,1
COMMERCE,Fès-Meknès,63,INDEPENDANT,3213,860,185325,48,41,5,3,0.243,AUCUNE,CONSOMMATION,0
COMMERCE,Dakhla-Oued Ed-Dahab,27,RETRAITE,11426,2738,28627,36,2,1,2,0.1,AUCUNE,CONSOMMATION,1
INDUSTRIE,Laâyoune-Sakia El Hamra,77,SALARIE_CDI,12008,2162,39616,120,45,4,0,0.245,AUCUNE,CONSOMMATION,0
SERVICES,Rabat-Salé-Kénitra,73,RETRAITE,9516,1719,125578,60,45,3,0,0.187,CAUTION,IMMOBILIER,0
INDUSTRIE,Béni Mellal-Khénifra,71,INDEPENDANT,8815,5469,66438,12,45,0,0,0.626,HYPOTHEQUE,IMMOBILIER,1
COMMERCE,Fès-Meknès,39,INDEPENDANT,5897,2664,53277,24,14,1,3,0.503,AUCUNE,CONSOMMATION,0
COMMERCE,Tanger-Tétouan-Al Hoceïma,67,SALARIE_CDI,15688,3909,76150,84,45,0,0,0.285,NANTISSEMENT,PROFESSIONNEL,1
TECH,Béni Mellal-Khénifra,26,INDEPENDANT,3631,1963,53424,84,2,1,0,0.576,HYPOTHEQUE,PROFESSIONNEL,1
SERVICES,Dakhla-Oued Ed-Dahab,36,FONCTIONNAIRE,6563,1235,53423,84,11,5,0,0.239,NANTISSEMENT,CONSOMMATION,0
TECH,Oriental,26,SALARIE_CDI,8711,3582,54014,24,7,2,3,0.426,CAUTION,CONSOMMATION,0
COMMERCE,Dakhla-Oued Ed-Dahab,21,INDEPENDANT,8102,2008,32269,120,0,4,4,0.264,AUCUNE,IMMOBILIER,1
SERVICES,Guelmim-Oued Noun,41,SALARIE_CDI,8096,3030,77061,48,17,3,3,0.397,CAUTION,PROFESSIONNEL,0
INDUSTRIE,Guelmim-Oued Noun,54,INDEPENDANT,6415,1697,58227,24,32,0,0,0.199,HYPOTHEQUE,CONSOMMATION,0
COMMERCE,Guelmim-Oued Noun,72,FONCTIONNAIRE,10336,2256,7261,120,45,0,3,0.113,HYPOTHEQUE,PROFESSIONNEL,0
INDUSTRIE,Guelmim-Oued Noun,20,SALARIE_CDD,4689,2876,65879,12,0,5,5,0.51,CAUTION,CONSOMMATION,0
SERVICES,Fès-Meknès,43,SALARIE_CDI,7595,4633,20839,12,22,3,3,0.645,CAUTION,IMMOBILIER,1
SERVICES,Dakhla-Oued Ed-Dahab,62,INDEPENDANT,9841,3903,43047,36,35,2,0,0.37,AUCUNE,CONSOMMATION,1
SERVICES,Dakhla-Oued Ed-Dahab,30,SALARIE_CDI,6977,3789,11265,84,4,2,0,0.529,HYPOTHEQUE,CONSOMMATION,0
SERVICES,Béni Mellal-Khénifra,64,INDEPENDANT,8121,2037,24142,48,45,4,2,0.259,AUCUNE,CONSOMMATION,0
SERVICES,Drâa-Tafilalet,53,FONCTIONNAIRE,8928,3111,28140,24,29,1,0,0.419,AUCUNE,IMMOBILIER,1
TECH,Laâyoune-Sakia El Hamra,53,SALARIE_CDI,3669,964,52874,120,27,3,0,0.296,HYPOTHEQUE,PROFESSIONNEL,1
COMMERCE,Rabat-Salé-Kénitra,25,FONCTIONNAIRE,3827,734,24067,48,6,3,0,0.202,CAUTION,PROFESSIONNEL,1
INDUSTRIE,Casablanca-Settat,28,RETRAITE,8606,3115,7974,120,10,4,2,0.383,AUCUNE,AUTO,1
COMMERCE,Dakhla-Oued Ed-Dahab,73,RETRAITE,6162,3219,25765,60,45,5,0,0.634,AUCUNE,IMMOBILIER,1
COMMERCE,Oriental,73,SALARIE_CDI,6332,3308,27823,36,45,1,0,0.473,HYPOTHEQUE,IMMOBILIER,1
SERVICES,Drâa-Tafilalet,46,SALARIE_CDI,10468,3891,56565,12,25,5,1,0.441,AUCUNE,CONSOMMATION,0
SERVICES,Oriental,55,SALARIE_CDI,5193,1938,40282,84,33,3,0,0.374,HYPOTHEQUE,PROFESSIONNEL,0
SERVICES,Oriental,52,INDEPENDANT,2735,1235,21234,12,26,1,0,0.448,AUCUNE,PROFESSIONNEL,0
COMMERCE,Casablanca-Settat,50,SALARIE_CDI,17080,10531,44087,84,26,1,0,0.648,CAUTION,CONSOMMATION,0
COMMERCE,Fès-Meknès,62,SALARIE_CDI,13967,3143,131081,84,42,4,1,0.133,AUCUNE,CONSOMMATION,1
INDUSTRIE,Rabat-Salé-Kénitra,53,SALARIE_CDD,13887,4895,82392,36,31,2,0,0.299,HYPOTHEQUE,IMMOBILIER,0
COMMERCE,Souss-Massa,25,RETRAITE,4894,2950,9541,60,3,3,1,0.622,AUCUNE,CONSOMMATION,1
AGRICULTURE,Casablanca-Settat,23,SALARIE_CDI,7826,3321,205372,48,3,0,1,0.447,CAUTION,AUTO,1
INDUSTRIE,Guelmim-Oued Noun,71,INDEPENDANT,4579,2502,83172,12,45,4,0,0.575,AUCUNE,PROFESSIONNEL,1
COMMERCE,Fès-Meknès,64,SALARIE_CDI,7887,3007,110169,120,40,3,0,0.417,AUCUNE,PROFESSIONNEL,0
COMMERCE,Drâa-Tafilalet,30,FONCTIONNAIRE,6928,4230,12533,84,11,1,0,0.711,AUCUNE,IMMOBILIER,0
TECH,Casablanca-Settat,21,FONCTIONNAIRE,4988,2969,27174,120,0,0,0,0.563,NANTISSEMENT,CONSOMMATION,0
TECH,Casablanca-Settat,31,INDEPENDANT,10163,3791,54828,60,7,3,0,0.393,CAUTION,PROFESSIONNEL,0
TECH,Souss-Massa,54,INDEPENDANT,7212,1100,16563,120,29,1,0,0.19,AUCUNE,CONSOMMATION,0
SERVICES,Guelmim-Oued Noun,54,SALARIE_CDI,17592,7619,52548,12,31,3,1,0.452,CAUTION,IMMOBILIER,0
INDUSTRIE,Guelmim-Oued Noun,28,SALARIE_CDD,8422,2122,113923,60,8,0,0,0.247,CAUTION,PROFESSIONNEL,0
TECH,Oriental,29,SALARIE_CDI,2575,696,28761,120,4,4,0,0.231,CAUTION,CONSOMMATION,0
INDUSTRIE,Béni Mellal-Khénifra,31,SALARIE_CDI,3585,1308,119654,48,4,3,4,0.354,CAUTION,CONSOMMATION,0
AGRICULTURE,Drâa-Tafilalet,45,RETRAITE,20807,7803,59382,48,26,5,1,0.44,NANTISSEMENT,IMMOBILIER,0
INDUSTRIE,Drâa-Tafilalet,32,SALARIE_CDD,6894,4001,9886,84,11,2,0,0.69,CAUTION,PROFESSIONNEL,1
COMMERCE,Drâa-Tafilalet,46,INDEPENDANT,9027,1495,19767,36,19,2,0,0.079,AUCUNE,CONSOMMATION,0
COMMERCE,Casablanca-Settat,18,SALARIE_CDI,8139,2422,78888,12,0,2,4,0.299,HYPOTHEQUE,CONSOMMATION,1
INDUSTRIE,Souss-Massa,76,INDEPENDANT,15327,7145,17632,24,45,3,5,0.377,CAUTION,AUTO,1
TECH,Laâyoune-Sakia El Hamra,74,INDEPENDANT,3435,1584,77300,120,45,2,0,0.425,NANTISSEMENT,CONSOMMATION,1
SERVICES,Souss-Massa,39,FONCTIONNAIRE,14738,4552,55721,36,20,4,2,0.321,HYPOTHEQUE,CONSOMMATION,1
COMMERCE,Rabat-Salé-Kénitra,68,SALARIE_CDI,14288,3414,45195,24,41,0,1,0.18,NANTISSEMENT,PROFESSIONNEL,0
COMMERCE,Béni Mellal-Khénifra,51,INDEPENDANT,8126,2344,24244,48,25,0,0,0.266,AUCUNE,IMMOBILIER,0
TECH,Fès-Meknès,19,INDEPENDANT,9759,5818,44837,48,0,5,2,0.566,HYPOTHEQUE,IMMOBILIER,1
COMMERCE,Oriental,35,SALARIE_CDI,6858,1930,117916,120,14,5,0,0.291,AUCUNE,PROFESSIONNEL,1
AGRICULTURE,Oriental,21,RETRAITE,3796,1503,27639,60,0,2,1,0.375,CAUTION,CONSOMMATION,1
TECH,Drâa-Tafilalet,62,INDEPENDANT,10521,6535,55664,84,44,3,3,0.68,CAUTION,CONSOMMATION,0
INDUSTRIE,Dakhla-Oued Ed-Dahab,67,SALARIE_CDI,9054,1894,147919,12,41,4,0,0.206,AUCUNE,IMMOBILIER,0
TECH,Drâa-Tafilalet,56,SALARIE_CDD,9139,5350,43635,120,30,3,1,0.542,CAUTION,AUTO,0
AGRICULTURE,Dakhla-Oued Ed-Dahab,18,SALARIE_CDI,10067,5252,25759,36,0,5,2,0.443,CAUTION,CONSOMMATION,0
SERVICES,Casablanca-Settat,32,SALARIE_CDD,6174,2425,25564,12,13,5,2,0.35,NANTISSEMENT,AUTO,1
COMMERCE,Guelmim-Oued Noun,47,INDEPENDANT,15867,9908,8446,36,24,0,1,0.614,AUCUNE,IMMOBILIER,1
INDUSTRIE,Souss-Massa,27,INDEPENDANT,8133,1523,15553,60,5,2,0,0.212,CAUTION,CONSOMMATION,1
COMMERCE,Drâa-Tafilalet,24,SALARIE_CDI,10340,5969,46018,12,0,4,3,0.613,CAUTION,CONSOMMATION,1
SERVICES,Rabat-Salé-Kénitra,37,FONCTIONNAIRE,7169,1784,71602,84,19,5,1,0.294,HYPOTHEQUE,CONSOMMATION,0
TECH,Oriental,55,FONCTIONNAIRE,12999,4252,26950,24,32,0,0,0.355,AUCUNE,CONSOMMATION,0
INDUSTRIE,Casablanca-Settat,23,SALARIE_CDD,8491,1793,70960,84,0,2,2,0.259,AUCUNE,PROFESSIONNEL,1
COMMERCE,Béni Mellal-Khénifra,80,INDEPENDANT,7799,3101,67905,24,45,5,0,0.38,CAUTION,AUTO,1
SERVICES,Marrakech-Safi,46,FONCTIONNAIRE,13951,3272,21172,120,19,2,0,0.225,AUCUNE,PROFESSIONNEL,0
COMMERCE,Rabat-Salé-Kénitra,28,SALARIE_CDI,3732,1036,23932,84,6,2,0,0.247,AUCUNE,PROFESSIONNEL,1
COMMERCE,Casablanca-Settat,19,SALARIE_CDI,7144,1285,14153,24,1,0,3,0.139,CAUTION,CONSOMMATION,1
COMMERCE,Fès-Meknès,78,INDEPENDANT,6151,1861,61130,36,45,1,2,0.371,CAUTION,CONSOMMATION,1
INDUSTRIE,Dakhla-Oued Ed-Dahab,55,SALARIE_CDI,9588,2224,36411,12,31,3,0,0.222,AUCUNE,IMMOBILIER,1
SERVICES,Dakhla-Oued Ed-Dahab,72,SALARIE_CDD,9340,4602,67601,12,45,1,2,0.435,CAUTION,CONSOMMATION,0
INDUSTRIE,Casablanca-Settat,66,RETRAITE,8060,3781,34829,36,44,1,3,0.426,CAUTION,CONSOMMATION,0
AGRICULTURE,Dakhla-Oued Ed-Dahab,80,INDEPENDANT,5876,2837,18800,24,45,5,2,0.587,AUCUNE,CONSOMMATION,0
SERVICES,Béni Mellal-Khénifra,74,FONCTIONNAIRE,8016,3912,62682,84,45,0,5,0.5,CAUTION,CONSOMMATION,1
COMMERCE,Fès-Meknès,66,SALARIE_CDI,9372,1889,9072,84,45,1,4,0.224,CAUTION,IMMOBILIER,0
SERVICES,Dakhla-Oued Ed-Dahab,71,FONCTIONNAIRE,7478,1921,28682,36,45,3,1,0.23,CAUTION,PROFESSIONNEL,1
TECH,Marrakech-Safi,71,FONCTIONNAIRE,13338,6919,21120,24,45,5,1,0.407,NANTISSEMENT,IMMOBILIER,1
SERVICES,Marrakech-Safi,34,SALARIE_CDD,10672,4174,105649,120,7,4,5,0.327,AUCUNE,IMMOBILIER,1
INDUSTRIE,Marrakech-Safi,55,SALARIE_CDI,8173,3801,123603,48,35,5,3,0.432,CAUTION,PROFESSIONNEL,0
INDUSTRIE,Rabat-Salé-Kénitra,80,SALARIE_CDD,2819,503,48835,60,45,2,0,0.147,NANTISSEMENT,PROFESSIONNEL,0
SERVICES,Souss-Massa,72,FONCTIONNAIRE,7345,2520,24217,60,45,5,0,0.342,AUCUNE,PROFESSIONNEL,0
INDUSTRIE,Rabat-Salé-Kénitra,24,RETRAITE,10759,3970,121154,60,0,1,0,0.41,CAUTION,IMMOBILIER,0
INDUSTRIE,Marrakech-Safi,25,INDEPENDANT,7146,3546,22273,120,3,0,0,0.497,HYPOTHEQUE,IMMOBILIER,0
COMMERCE,Tanger-Tétouan-Al Hoceïma,30,SALARIE_CDI,9288,5629,13782,60,8,5,0,0.626,CAUTION,CONSOMMATION,1
AGRICULTURE,Béni Mellal-Khénifra,64,SALARIE_CDI,7324,3203,9036,12,39,3,2,0.482,CAUTION,AUTO,0
COMMERCE,Laâyoune-Sakia El Hamra,42,FONCTIONNAIRE,8997,4773,39013,36,20,0,0,0.602,HYPOTHEQUE,IMMOBILIER,0
AGRICULTURE,Casablanca-Settat,57,SALARIE_CDD,15221,7180,10933,24,37,2,0,0.424,HYPOTHEQUE,CONSOMMATION,0
COMMERCE,Béni Mellal-Khénifra,26,SALARIE_CDI,11545,6984,98048,24,5,1,0,0.625,AUCUNE,CONSOMMATION,1
SERVICES,Rabat-Salé-Kénitra,21,RETRAITE,4523,2512,24190,24,1,2,0,0.577,NANTISSEMENT,PROFESSIONNEL,1
SERVICES,Dakhla-Oued Ed-Dahab,66,INDEPENDANT,3843,1052,14758,84,44,4,0,0.286,HYPOTHEQUE,CONSOMMATION,0
INDUSTRIE,Fès-Meknès,36,RETRAITE,9889,2583,79297,120,13,0,1,0.24,HYPOTHEQUE,CONSOMMATION,0
INDUSTRIE,Laâyoune-Sakia El Hamra,20,SALARIE_CDD,13705,8305,67044,24,0,5,5,0.556,HYPOTHEQUE,IMMOBILIER,0
TECH,Guelmim-Oued Noun,31,INDEPENDANT,3838,1722,116354,48,10,5,3,0.439,AUCUNE,PROFESSIONNEL,1
COMMERCE,Fès-Meknès,38,INDEPENDANT,7373,2763,11052,48,18,3,0,0.386,AUCUNE,IMMOBILIER,0
COMMERCE,Fès-Meknès,43,FONCTIONNAIRE,23575,11789,9537,84,16,1,1,0.552,AUCUNE,IMMOBILIER,1
COMMERCE,Fès-Meknès,74,SALARIE_CDI,7180,2088,108282,120,45,1,0,0.282,HYPOTHEQUE,PROFESSIONNEL,0
INDUSTRIE,Souss-Massa,30,SALARIE_CDI,25251,13997,5093,48,4,5,0,0.494,CAUTION,CONSOMMATION,1
COMMERCE,Souss-Massa,56,SALARIE_CDI,5594,2315,15509,36,35,2,0,0.362,AUCUNE,CONSOMMATION,0
SERVICES,Béni Mellal-Khénifra,35,INDEPENDANT,6057,3546,37750,48,14,0,0,0.524,NANTISSEMENT,PROFESSIONNEL,1
SERVICES,Souss-Massa,49,FONCTIONNAIRE,5906,2787,14320,48,25,2,0,0.466,CAUTION,CONSOMMATION,1
INDUSTRIE,Guelmim-Oued Noun,36,RETRAITE,4557,1276,42104,120,17,4,1,0.21,CAUTION,CONSOMMATION,0
SERVICES,Souss-Massa,39,FONCTIONNAIRE,3785,2395,16251,12,12,3,1,0.592,CAUTION,PROFESSIONNEL,0
COMMERCE,Fès-Meknès,55,SALARIE_CDI,7335,2576,89595,24,35,4,0,0.43,HYPOTHEQUE,IMMOBILIER,0
SERVICES,Fès-Meknès,55,SALARIE_CDD,8649,4610,60022,36,35,4,0,0.523,CAUTION,PROFESSIONNEL,1
SERVICES,Drâa-Tafilalet,26,SALARIE_CDI,5869,1630,44027,36,1,1,2,0.28,NANTISSEMENT,IMMOBILIER,1
AGRICULTURE,Rabat-Salé-Kénitra,27,INDEPENDANT,6540,2345,28325,48,7,3,1,0.292,AUCUNE,IMMOBILIER,1
AGRICULTURE,Fès-Meknès,33,SALARIE_CDI,15533,8064,17616,120,11,3,0,0.515,NANTISSEMENT,IMMOBILIER,0
COMMERCE,Fès-Meknès,74,SALARIE_CDI,12548,6251,33048,60,45,5,1,0.414,NANTISSEMENT,AUTO,0
COMMERCE,Béni Mellal-Khénifra,37,FONCTIONNAIRE,7213,4468,15332,24,18,1,3,0.625,AUCUNE,CONSOMMATION,0
TECH,Rabat-Salé-Kénitra,54,INDEPENDANT,9832,5397,138951,24,35,1,0,0.485,HYPOTHEQUE,CONSOMMATION,0
SERVICES,Souss-Massa,46,FONCTIONNAIRE,3880,1211,45410,12,22,1,0,0.377,HYPOTHEQUE,CONSOMMATION,1
INDUSTRIE,Drâa-Tafilalet,40,SALARIE_CDI,9148,5321,19750,12,22,2,0,0.677,HYPOTHEQUE,CONSOMMATION,0
SERVICES,Dakhla-Oued Ed-Dahab,20,INDEPENDANT,7879,4810,108673,36,0,3,1,0.576,AUCUNE,CONSOMMATION,1
INDUSTRIE,Souss-Massa,45,SALARIE_CDI,6847,4293,35161,60,25,2,0,0.547,CAUTION,CONSOMMATION,0
AGRICULTURE,Dakhla-Oued Ed-Dahab,80,FONCTIONNAIRE,8224,4936,96677,84,45,4,1,0.576,AUCUNE,CONSOMMATION,1
TECH,Béni Mellal-Khénifra,77,FONCTIONNAIRE,7647,3806,94650,60,45,0,0,0.413,AUCUNE,PROFESSIONNEL,1
AGRICULTURE,Guelmim-Oued Noun,36,SALARIE_CDI,4487,2458,49293,120,17,4,0,0.529,AUCUNE,CONSOMMATION,1
TECH,Marrakech-Safi,51,SALARIE_CDD,17256,8178,14934,24,24,5,0,0.428,AUCUNE,PROFESSIONNEL,0
COMMERCE,Laâyoune-Sakia El Hamra,36,SALARIE_CDI,12430,3852,24189,60,13,5,0,0.365,CAUTION,CONSOMMATION,1
TECH,Fès-Meknès,76,SALARIE_CDI,6806,3798,447921,84,45,2,0,0.453,HYPOTHEQUE,AUTO,1
COMMERCE,Rabat-Salé-Kénitra,52,FONCTIONNAIRE,3669,968,24691,120,29,4,5,0.197,AUCUNE,AUTO,1
COMMERCE,Casablanca-Settat,75,SALARIE_CDI,2683,981,30329,36,45,4,2,0.408,NANTISSEMENT,AUTO,0
INDUSTRIE,Béni Mellal-Khénifra,71,SALARIE_CDI,19973,6426,26100,24,45,2,0,0.29,AUCUNE,IMMOBILIER,0
COMMERCE,Béni Mellal-Khénifra,38,FONCTIONNAIRE,7494,1769,18812,120,19,2,0,0.311,NANTISSEMENT,CONSOMMATION,0
SERVICES,Marrakech-Safi,46,INDEPENDANT,11423,6276,59443,60,19,5,1,0.55,HYPOTHEQUE,IMMOBILIER,0
COMMERCE,Laâyoune-Sakia El Hamra,53,INDEPENDANT,5287,2041,14225,84,28,4,5,0.396,CAUTION,CONSOMMATION,1
SERVICES,Fès-Meknès,33,INDEPENDANT,7056,2918,20301,60,12,5,0,0.428,NANTISSEMENT,CONSOMMATION,1
COMMERCE,Béni Mellal-Khénifra,70,SALARIE_CDD,7220,2895,45075,12,45,5,0,0.42,NANTISSEMENT,PROFESSIONNEL,1
SERVICES,Oriental,53,SALARIE_CDD,9033,4468,30472,12,30,2,2,0.484,HYPOTHEQUE,CONSOMMATION,1
INDUSTRIE,Béni Mellal-Khénifra,31,FONCTIONNAIRE,8437,2008,40707,36,13,2,0,0.229,AUCUNE,CONSOMMATION,0
COMMERCE,Drâa-Tafilalet,48,INDEPENDANT,5351,2143,35536,60,24,5,3,0.461,NANTISSEMENT,PROFESSIONNEL,1
SERVICES,Dakhla-Oued Ed-Dahab,69,SALARIE_CDD,5326,1492,15986,120,45,2,0,0.243,HYPOTHEQUE,PROFESSIONNEL,0
AGRICULTURE,Drâa-Tafilalet,44,RETRAITE,7811,4966,101236,48,20,5,3,0.644,AUCUNE,IMMOBILIER,1
INDUSTRIE,Laâyoune-Sakia El Hamra,62,FONCTIONNAIRE,3680,663,80831,48,42,3,0,0.159,CAUTION,CONSOMMATION,0
INDUSTRIE,Laâyoune-Sakia El Hamra,79,SALARIE_CDI,5595,3436,18603,84,45,4,1,0.646,CAUTION,CONSOMMATION,0
SERVICES,Tanger-Tétouan-Al Hoceïma,39,INDEPENDANT,7560,1360,50703,60,14,4,0,0.244,HYPOTHEQUE,PROFESSIONNEL,0
TECH,Oriental,80,SALARIE_CDI,9690,1983,25760,84,45,4,2,0.178,CAUTION,CONSOMMATION,0
COMMERCE,Marrakech-Safi,44,RETRAITE,15939,9613,77525,36,21,0,0,0.554,AUCUNE,IMMOBILIER,0
INDUSTRIE,Dakhla-Oued Ed-Dahab,53,SALARIE_CDI,6539,3099,66255,24,27,0,1,0.436,CAUTION,AUTO,1
SERVICES,Dakhla-Oued Ed-Dahab,66,FONCTIONNAIRE,8236,2571,87487,60,45,1,0,0.358,HYPOTHEQUE,IMMOBILIER,0
TECH,Laâyoune-Sakia El Hamra,22,FONCTIONNAIRE,3497,1553,18712,12,3,1,0,0.456,AUCUNE,CONSOMMATION,1
AGRICULTURE,Drâa-Tafilalet,62,SALARIE_CDI,9421,2196,14068,84,36,2,0,0.229,AUCUNE,CONSOMMATION,0
INDUSTRIE,Laâyoune-Sakia El Hamra,53,INDEPENDANT,5382,982,9888,120,35,0,4,0.173,HYPOTHEQUE,PROFESSIONNEL,1
SERVICES,Guelmim-Oued Noun,59,SALARIE_CDI,7054,1232,236247,60,38,3,2,0.139,CAUTION,IMMOBILIER,0
SERVICES,Marrakech-Safi,78,SALARIE_CDD,10038,2861,68480,84,45,0,0,0.328,CAUTION,CONSOMMATION,0
SERVICES,Fès-Meknès,48,SALARIE_CDI,10229,2452,86809,48,23,4,4,0.248,HYPOTHEQUE,IMMOBILIER,1
TECH,Oriental,76,INDEPENDANT,4213,1482,13311,36,45,4,1,0.441,AUCUNE,CONSOMMATION,0
AGRICULTURE,Souss-Massa,53,INDEPENDANT,11625,6839,56661,24,30,5,0,0.587,HYPOTHEQUE,PROFESSIONNEL,0
AGRICULTURE,Drâa-Tafilalet,31,SALARIE_CDI,7963,2702,10882,48,6,1,4,0.352,HYPOTHEQUE,PROFESSIONNEL,1
TECH,Drâa-Tafilalet,59,INDEPENDANT,14332,5006,49940,120,38,0,0,0.326,AUCUNE,CONSOMMATION,0
SERVICES,Dakhla-Oued Ed-Dahab,29,INDEPENDANT,15642,3291,36840,84,4,2,0,0.178,HYPOTHEQUE,AUTO,0
AGRICULTURE,Guelmim-Oued Noun,74,SALARIE_CDI,16693,10756,29472,36,45,4,0,0.641,HYPOTHEQUE,AUTO,0
INDUSTRIE,Casablanca-Settat,27,RETRAITE,4268,950,24848,24,3,2,5,0.282,CAUTION,IMMOBILIER,1
INDUSTRIE,Tanger-Tétouan-Al Hoceïma,49,SALARIE_CDI,9711,3099,82706,120,25,1,0,0.296,AUCUNE,CONSOMMATION,0
COMMERCE,Fès-Meknès,69,INDEPENDANT,3985,2482,25183,12,45,0,1,0.598,AUCUNE,IMMOBILIER,1
SERVICES,Béni Mellal-Khénifra,18,FONCTIONNAIRE,14554,5494,93653,24,0,0,1,0.306,HYPOTHEQUE,PROFESSIONNEL,0
TECH,Tanger-Tétouan-Al Hoceïma,48,RETRAITE,15517,4951,35131,48,26,5,1,0.443,CAUTION,PROFESSIONNEL,0
AGRICULTURE,Dakhla-Oued Ed-Dahab,49,SALARIE_CDI,12583,6387,47172,84,26,4,0,0.478,AUCUNE,PROFESSIONNEL,1
TECH,Fès-Meknès,39,SALARIE_CDD,6694,1115,53380,12,13,5,0,0.095,HYPOTHEQUE,PROFESSIONNEL,1
TECH,Souss-Massa,60,INDEPENDANT,10352,3215,50100,24,39,3,0,0.319,HYPOTHEQUE,PROFESSIONNEL,0
INDUSTRIE,Guelmim-Oued Noun,38,INDEPENDANT,6320,2782,42613,120,20,0,0,0.452,HYPOTHEQUE,CONSOMMATION,0
SERVICES,Tanger-Tétouan-Al Hoceïma,41,FONCTIONNAIRE,8153,5263,163869,12,23,4,0,0.685,CAUTION,CONSOMMATION,1
TECH,Casablanca-Settat,35,FONCTIONNAIRE,7774,4927,80030,24,12,3,0,0.643,HYPOTHEQUE,IMMOBILIER,0
COMMERCE,Fès-Meknès,57,FONCTIONNAIRE,3297,1527,6065,12,34,3,0,0.375,HYPOTHEQUE,PROFESSIONNEL,1
AGRICULTURE,Tanger-Tétouan-Al Hoceïma,73,SALARIE_CDI,5629,1802,31390,84,45,3,0,0.282,AUCUNE,IMMOBILIER,1
SERVICES,Béni Mellal-Khénifra,29,SALARIE_CDI,22514,9569,102769,36,5,1,0,0.478,AUCUNE,IMMOBILIER,1
INDUSTRIE,Drâa-Tafilalet,43,SALARIE_CDI,7793,4808,20554,60,24,3,0,0.663,CAUTION,CONSOMMATION,0
INDUSTRIE,Oriental,32,SALARIE_CDI,8709,4212,36434,12,8,5,1,0.505,HYPOTHEQUE,CONSOMMATION,0
COMMERCE,Tanger-Tétouan-Al Hoceïma,33,INDEPENDANT,8072,1813,38389,24,11,1,3,0.298,AUCUNE,PROFESSIONNEL,0
TECH,Oriental,79,SALARIE_CDD,6736,4283,110686,12,45,1,0,0.624,NANTISSEMENT,CONSOMMATION,1
AGRICULTURE,Rabat-Salé-Kénitra,62,SALARIE_CDD,8236,4951,17454,12,41,1,0,0.659,HYPOTHEQUE,IMMOBILIER,0
INDUSTRIE,Marrakech-Safi,77,SALARIE_CDI,6747,1743,19297,12,45,3,0,0.236,CAUTION,AUTO,0
COMMERCE,Béni Mellal-Khénifra,58,INDEPENDANT,2901,1388,51734,24,32,0,0,0.565,AUCUNE,IMMOBILIER,1
SERVICES,Laâyoune-Sakia El Hamra,59,SALARIE_CDI,11543,6800,46226,120,32,3,0,0.563,HYPOTHEQUE,IMMOBILIER,0
SERVICES,Oriental,63,SALARIE_CDI,16744,4358,52336,48,41,4,0,0.202,AUCUNE,CONSOMMATION,0
INDUSTRIE,Casablanca-Settat,59,INDEPENDANT,4799,2936,45505,84,36,1,0,0.551,NANTISSEMENT,CONSOMMATION,1
COMMERCE,Dakhla-Oued Ed-Dahab,69,SALARIE_CDI,6729,1615,33425,12,44,2,4,0.309,CAUTION,PROFESSIONNEL,1
COMMERCE,Fès-Meknès,38,INDEPENDANT,15914,5229,53756,120,15,1,0,0.404,AUCUNE,IMMOBILIER,0
INDUSTRIE,Drâa-Tafilalet,24,SALARIE_CDD,5727,3560,41930,120,0,3,0,0.575,NANTISSEMENT,CONSOMMATION,0
COMMERCE,Laâyoune-Sakia El Hamra,48,INDEPENDANT,9648,6014,30505,60,26,1,0,0.589,NANTISSEMENT,PROFESSIONNEL,0
TECH,Dakhla-Oued Ed-Dahab,18,SALARIE_CDI,56790,9180,34739,84,0,3,4,0.042,HYPOTHEQUE,IMMOBILIER,0
SERVICES,Rabat-Salé-Kénitra,20,SALARIE_CDI,10770,6281,24891,36,0,3,2,0.521,HYPOTHEQUE,IMMOBILIER,0
INDUSTRIE,Marrakech-Safi,21,SALARIE_CDD,8358,4153,22125,24,1,3,0,0.483,HYPOTHEQUE,CONSOMMATION,1
COMMERCE,Béni Mellal-Khénifra,22,FONCTIONNAIRE,12049,7059,53654,120,3,5,0,0.571,CAUTION,CONSOMMATION,1
TECH,Guelmim-Oued Noun,62,INDEPENDANT,11493,4378,14548,12,37,4,2,0.276,AUCUNE,IMMOBILIER,0
TECH,Laâyoune-Sakia El Hamra,55,SALARIE_CDI,6015,3854,58819,36,36,1,1,0.567,AUCUNE,IMMOBILIER,1
SERVICES,Oriental,76,FONCTIONNAIRE,3709,1944,30192,12,45,1,1,0.617,NANTISSEMENT,CONSOMMATION,0
COMMERCE,Rabat-Salé-Kénitra,36,SALARIE_CDI,10586,5607,33785,36,10,2,0,0.587,HYPOTHEQUE,IMMOBILIER,1
AGRICULTURE,Drâa-Tafilalet,38,INDEPENDANT,11325,4116,32078,84,12,4,2,0.37,HYPOTHEQUE,PROFESSIONNEL,1
INDUSTRIE,Drâa-Tafilalet,48,RETRAITE,7088,2454,51651,84,30,2,1,0.354,HYPOTHEQUE,CONSOMMATION,1
INDUSTRIE,Souss-Massa,67,SALARIE_CDI,16989,4294,102346,120,41,1,1,0.253,CAUTION,CONSOMMATION,1
AGRICULTURE,Béni Mellal-Khénifra,76,SALARIE_CDI,15524,2781,128346,84,45,4,0,0.173,AUCUNE,PROFESSIONNEL,0
SERVICES,Marrakech-Safi,63,INDEPENDANT,11482,6898,75609,48,37,0,0,0.601,HYPOTHEQUE,IMMOBILIER,0
COMMERCE,Guelmim-Oued Noun,49,INDEPENDANT,7148,3183,38368,120,29,5,0,0.367,CAUTION,PROFESSIONNEL,0
TECH,Casablanca-Settat,79,FONCTIONNAIRE,3162,1357,63550,48,45,4,0,0.416,HYPOTHEQUE,PROFESSIONNEL,1
SERVICES,Laâyoune-Sakia El Hamra,29,SALARIE_CDD,7492,2390,8819,60,5,0,0,0.218,CAUTION,CONSOMMATION,0
TECH,Laâyoune-Sakia El Hamra,47,INDEPENDANT,3546,1843,55577,36,28,4,1,0.509,CAUTION,PROFESSIONNEL,0
COMMERCE,Drâa-Tafilalet,33,SALARIE_CDI,2805,991,47704,36,7,3,1,0.374,AUCUNE,CONSOMMATION,0
TECH,Guelmim-Oued Noun,28,RETRAITE,10842,6014,12317,84,2,4,0,0.526,NANTISSEMENT,PROFESSIONNEL,1
AGRICULTURE,Laâyoune-Sakia El Hamra,42,INDEPENDANT,13733,2608,24179,120,16,4,1,0.202,HYPOTHEQUE,CONSOMMATION,0
TECH,Rabat-Salé-Kénitra,66,INDEPENDANT,3369,922,44105,120,43,2,4,0.268,CAUTION,PROFESSIONNEL,1
SERVICES,Oriental,38,INDEPENDANT,7220,2106,47438,84,11,4,0,0.314,AUCUNE,CONSOMMATION,0
TECH,Béni Mellal-Khénifra,69,RETRAITE,8040,1300,70972,36,45,4,1,0.179,HYPOTHEQUE,PROFESSIONNEL,0
AGRICULTURE,Dakhla-Oued Ed-Dahab,56,SALARIE_CDI,7104,3422,116867,84,35,4,2,0.439,HYPOTHEQUE,CONSOMMATION,1
COMMERCE,Drâa-Tafilalet,62,INDEPENDANT,4358,2183,32714,120,40,1,0,0.43,AUCUNE,CONSOMMATION,1
COMMERCE,Béni Mellal-Khénifra,33,SALARIE_CDI,14750,5261,16373,48,13,1,0,0.289,AUCUNE,CONSOMMATION,1
SERVICES,Oriental,72,SALARIE_CDD,4412,2417,64560,24,45,1,0,0.502,HYPOTHEQUE,CONSOMMATION,1
TECH,Rabat-Salé-Kénitra,30,SALARIE_CDD,3371,2113,89456,60,8,1,2,0.667,CAUTION,CONSOMMATION,1
SERVICES,Fès-Meknès,41,SALARIE_CDI,4366,2263,88192,24,17,2,2,0.554,NANTISSEMENT,CONSOMMATION,0
INDUSTRIE,Souss-Massa,67,SALARIE_CDD,10063,4897,50490,120,42,4,1,0.463,CAUTION,CONSOMMATION,0
AGRICULTURE,Laâyoune-Sakia El Hamra,61,FONCTIONNAIRE,7185,2693,147250,84,38,4,1,0.36,HYPOTHEQUE,AUTO,0
AGRICULTURE,Laâyoune-Sakia El Hamra,36,SALARIE_CDI,5730,2445,29979,60,9,2,3,0.36,CAUTION,PROFESSIONNEL,0
AGRICULTURE,Béni Mellal-Khénifra,34,SALARIE_CDD,10275,3021,111250,48,7,1,0,0.23,CAUTION,CONSOMMATION,0
COMMERCE,Rabat-Salé-Kénitra,45,SALARIE_CDI,9411,2560,16120,24,26,4,0,0.293,NANTISSEMENT,CONSOMMATION,1
SERVICES,Drâa-Tafilalet,46,FONCTIONNAIRE,2869,468,7433,12,22,0,0,0.141,CAUTION,PROFESSIONNEL,0
COMMERCE,Souss-Massa,21,FONCTIONNAIRE,10228,3993,15934,12,0,3,0,0.374,AUCUNE,CONSOMMATION,1
SERVICES,Béni Mellal-Khénifra,33,INDEPENDANT,13788,3620,24290,12,6,1,0,0.296,CAUTION,PROFESSIONNEL,0
TECH,Souss-Massa,27,INDEPENDANT,7666,2941,36333,36,1,3,0,0.406,AUCUNE,IMMOBILIER,1
COMMERCE,Drâa-Tafilalet,27,FONCTIONNAIRE,7290,4055,18904,36,8,2,1,0.545,HYPOTHEQUE,PROFESSIONNEL,0
INDUSTRIE,Marrakech-Safi,40,SALARIE_CDI,19001,6338,39713,36,20,0,3,0.393,CAUTION,AUTO,0
SERVICES,Rabat-Salé-Kénitra,20,FONCTIONNAIRE,5887,1831,57112,24,0,1,1,0.284,HYPOTHEQUE,CONSOMMATION,1
INDUSTRIE,Marrakech-Safi,60,SALARIE_CDD,7521,2808,46484,84,40,3,5,0.325,HYPOTHEQUE,CONSOMMATION,0
TECH,Dakhla-Oued Ed-Dahab,60,SALARIE_CDI,9404,3740,32977,120,34,4,3,0.334,CAUTION,CONSOMMATION,1
COMMERCE,Casablanca-Settat,31,INDEPENDANT,8282,2371,84275,12,8,5,1,0.346,HYPOTHEQUE,PROFESSIONNEL,1
SERVICES,Fès-Meknès,73,SALARIE_CDI,7169,3226,20737,84,45,0,0,0.418,CAUTION,PROFESSIONNEL,0
SERVICES,Tanger-Tétouan-Al Hoceïma,55,RETRAITE,8435,1388,30674,120,29,4,0,0.165,AUCUNE,PROFESSIONNEL,0
INDUSTRIE,Laâyoune-Sakia El Hamra,37,SALARIE_CDI,16416,6452,24711,48,13,3,0,0.487,AUCUNE,CONSOMMATION,0
SERVICES,Tanger-Tétouan-Al Hoceïma,30,INDEPENDANT,11654,5530,57351,48,7,0,0,0.435,CAUTION,CONSOMMATION,0
AGRICULTURE,Laâyoune-Sakia El Hamra,45,SALARIE_CDI,7835,3002,26961,84,26,1,0,0.389,HYPOTHEQUE,PROFESSIONNEL,1
COMMERCE,Dakhla-Oued Ed-Dahab,78,INDEPENDANT,5493,3511,48056,60,45,0,5,0.645,AUCUNE,CONSOMMATION,1
SERVICES,Béni Mellal-Khénifra,18,INDEPENDANT,5832,1327,64308,36,0,1,5,0.23,CAUTION,PROFESSIONNEL,1
TECH,Tanger-Tétouan-Al Hoceïma,19,SALARIE_CDI,12427,4679,25468,36,0,1,2,0.422,AUCUNE,PROFESSIONNEL,1
INDUSTRIE,Béni Mellal-Khénifra,44,SALARIE_CDI,3956,1171,11863,12,20,1,1,0.315,AUCUNE,IMMOBILIER,0
SERVICES,Drâa-Tafilalet,75,FONCTIONNAIRE,23895,14376,31019,84,45,3,2,0.611,CAUTION,CONSOMMATION,1
COMMERCE,Rabat-Salé-Kénitra,35,SALARIE_CDI,7988,1916,20807,36,13,1,4,0.324,AUCUNE,CONSOMMATION,1
SERVICES,Guelmim-Oued Noun,65,SALARIE_CDI,4357,1789,23163,120,41,0,2,0.337,HYPOTHEQUE,IMMOBILIER,1
COMMERCE,Souss-Massa,54,RETRAITE,8795,3185,6439,36,28,5,1,0.303,NANTISSEMENT,IMMOBILIER,0
TECH,Laâyoune-Sakia El Hamra,30,FONCTIONNAIRE,5652,3440,11681,48,10,3,0,0.605,HYPOTHEQUE,IMMOBILIER,0
AGRICULTURE,Béni Mellal-Khénifra,75,SALARIE_CDI,6711,2878,63576,12,45,1,0,0.455,AUCUNE,AUTO,1
INDUSTRIE,Laâyoune-Sakia El Hamra,28,SALARIE_CDD,4106,1572,18841,12,2,4,0,0.381,NANTISSEMENT,AUTO,0
COMMERCE,Casablanca-Settat,49,SALARIE_CDI,7278,3226,81565,60,26,4,0,0.41,HYPOTHEQUE,IMMOBILIER,0
SERVICES,Casablanca-Settat,59,INDEPENDANT,3118,1577,22006,84,33,0,0,0.569,AUCUNE,CONSOMMATION,1
COMMERCE,Rabat-Salé-Kénitra,60,SALARIE_CDI,6186,1027,51042,36,36,1,2,0.207,AUCUNE,CONSOMMATION,0
SERVICES,Laâyoune-Sakia El Hamra,71,SALARIE_CDD,5584,1527,30417,60,45,3,1,0.243,HYPOTHEQUE,CONSOMMATION,0
COMMERCE,Dakhla-Oued Ed-Dahab,62,SALARIE_CDI,6464,1731,57225,36,38,0,0,0.35,NANTISSEMENT,CONSOMMATION,0
SERVICES,Dakhla-Oued Ed-Dahab,59,RETRAITE,5745,2056,30411,60,35,4,0,0.337,HYPOTHEQUE,IMMOBILIER,0
AGRICULTURE,Fès-Meknès,27,SALARIE_CDI,8228,3605,42162,60,3,0,0,0.425,HYPOTHEQUE,CONSOMMATION,0
AGRICULTURE,Fès-Meknès,37,INDEPENDANT,12084,7346,85955,84,18,5,0,0.531,HYPOTHEQUE,CONSOMMATION,0
INDUSTRIE,Tanger-Tétouan-Al Hoceïma,39,SALARIE_CDD,9531,4126,50501,84,15,2,0,0.446,AUCUNE,IMMOBILIER,1
TECH,Guelmim-Oued Noun,41,INDEPENDANT,14540,3500,22432,120,15,3,0,0.337,HYPOTHEQUE,CONSOMMATION,1
SERVICES,Fès-Meknès,25,SALARIE_CDI,6475,2674,9787,120,3,5,1,0.507,AUCUNE,IMMOBILIER,0
TECH,Oriental,23,INDEPENDANT,9378,3416,33649,36,0,3,0,0.346,CAUTION,CONSOMMATION,0
INDUSTRIE,Béni Mellal-Khénifra,45,RETRAITE,9546,4514,49080,120,26,3,0,0.446,AUCUNE,IMMOBILIER,1
SERVICES,Tanger-Tétouan-Al Hoceïma,63,SALARIE_CDI,13606,6373,40448,48,42,5,0,0.469,AUCUNE,PROFESSIONNEL,0
COMMERCE,Souss-Massa,73,SALARIE_CDI,5833,2800,19644,12,45,4,2,0.551,CAUTION,PROFESSIONNEL,0
COMMERCE,Béni Mellal-Khénifra,77,RETRAITE,11556,7496,40383,120,45,2,1,0.659,HYPOTHEQUE,CONSOMMATION,0
COMMERCE,Guelmim-Oued Noun,48,SALARIE_CDD,5509,902,57635,24,30,2,0,0.204,CAUTION,CONSOMMATION,0
COMMERCE,Marrakech-Safi,74,INDEPENDANT,6270,3330,96325,12,45,3,5,0.566,AUCUNE,IMMOBILIER,1
SERVICES,Oriental,46,INDEPENDANT,6895,3981,31003,48,28,1,0,0.634,AUCUNE,IMMOBILIER,1
SERVICES,Rabat-Salé-Kénitra,47,SALARIE_CDI,9936,2708,202778,60,23,0,1,0.316,HYPOTHEQUE,AUTO,0
COMMERCE,Casablanca-Settat,31,SALARIE_CDI,4968,2627,100436,48,4,3,0,0.497,HYPOTHEQUE,CONSOMMATION,1
COMMERCE,Béni Mellal-Khénifra,57,SALARIE_CDD,5290,1071,40855,60,34,3,3,0.21,NANTISSEMENT,IMMOBILIER,1
SERVICES,Souss-Massa,37,FONCTIONNAIRE,6062,2554,43614,120,15,3,0,0.399,AUCUNE,IMMOBILIER,0
INDUSTRIE,Fès-Meknès,48,SALARIE_CDD,8282,2577,96014,60,28,1,0,0.358,CAUTION,IMMOBILIER,0
COMMERCE,Casablanca-Settat,77,INDEPENDANT,5317,1404,18504,84,45,0,1,0.29,AUCUNE,CONSOMMATION,1
COMMERCE,Dakhla-Oued Ed-Dahab,52,FONCTIONNAIRE,9125,4321,20710,60,25,1,1,0.502,CAUTION,IMMOBILIER,0
TECH,Guelmim-Oued Noun,37,INDEPENDANT,6898,2423,14742,48,16,3,2,0.369,CAUTION,CONSOMMATION,1
INDUSTRIE,Dakhla-Oued Ed-Dahab,60,SALARIE_CDI,10895,2539,30376,48,36,0,0,0.157,AUCUNE,CONSOMMATION,1
COMMERCE,Rabat-Salé-Kénitra,64,SALARIE_CDD,8336,3779,19890,120,42,3,0,0.481,AUCUNE,IMMOBILIER,0
COMMERCE,Casablanca-Settat,56,SALARIE_CDI,17827,7192,28326,36,36,1,0,0.34,HYPOTHEQUE,PROFESSIONNEL,0
INDUSTRIE,Marrakech-Safi,20,SALARIE_CDI,8557,1464,35444,36,0,2,2,0.121,CAUTION,AUTO,0
SERVICES,Rabat-Salé-Kénitra,32,SALARIE_CDI,4683,2624,13837,84,9,5,0,0.617,NANTISSEMENT,PROFESSIONNEL,0
SERVICES,Souss-Massa,26,INDEPENDANT,7363,4737,94501,60,3,2,2,0.624,CAUTION,AUTO,1
TECH,Béni Mellal-Khénifra,78,SALARIE_CDD,8181,2627,83644,12,45,2,0,0.253,HYPOTHEQUE,CONSOMMATION,0
SERVICES,Marrakech-Safi,37,SALARIE_CDI,5384,3465,26319,60,10,4,0,0.613,NANTISSEMENT,PROFESSIONNEL,1
COMMERCE,Tanger-Tétouan-Al Hoceïma,47,FONCTIONNAIRE,16038,10391,102467,12,27,0,1,0.685,HYPOTHEQUE,PROFESSIONNEL,0
COMMERCE,Oriental,74,INDEPENDANT,7048,2694,47664,48,45,2,0,0.359,AUCUNE,CONSOMMATION,0
INDUSTRIE,Fès-Meknès,80,SALARIE_CDD,6063,3700,78386,36,45,2,1,0.666,NANTISSEMENT,IMMOBILIER,1
TECH,Souss-Massa,31,SALARIE_CDI,8793,4758,14051,24,8,1,5,0.587,HYPOTHEQUE,CONSOMMATION,1
COMMERCE,Béni Mellal-Khénifra,72,SALARIE_CDI,5389,3057,28697,60,45,5,0,0.617,HYPOTHEQUE,AUTO,1
SERVICES,Dakhla-Oued Ed-Dahab,63,SALARIE_CDI,12517,2644,56373,24,37,4,0,0.244,CAUTION,AUTO,0
TECH,Fès-Meknès,56,SALARIE_CDD,11435,6177,32379,36,38,0,1,0.477,NANTISSEMENT,CONSOMMATION,0
COMMERCE,Rabat-Salé-Kénitra,28,SALARIE_CDI,8594,2306,32109,24,5,5,4,0.255,AUCUNE,PROFESSIONNEL,1
INDUSTRIE,Laâyoune-Sakia El Hamra,61,FONCTIONNAIRE,10574,5538,33608,12,39,1,0,0.546,AUCUNE,AUTO,1
TECH,Oriental,56,INDEPENDANT,6471,1734,47166,36,36,1,0,0.228,CAUTION,CONSOMMATION,0
COMMERCE,Souss-Massa,46,SALARIE_CDI,4121,2233,39263,60,25,4,0,0.567,HYPOTHEQUE,PROFESSIONNEL,0
INDUSTRIE,Drâa-Tafilalet,54,SALARIE_CDI,6999,4178,108084,60,35,2,0,0.65,CAUTION,IMMOBILIER,0
AGRICULTURE,Dakhla-Oued Ed-Dahab,31,INDEPENDANT,6466,2592,18168,120,12,0,0,0.345,NANTISSEMENT,CONSOMMATION,0
COMMERCE,Rabat-Salé-Kénitra,57,FONCTIONNAIRE,3241,1188,38800,36,36,0,0,0.276,AUCUNE,CONSOMMATION,0
COMMERCE,Laâyoune-Sakia El Hamra,27,INDEPENDANT,5034,1122,59441,36,8,4,2,0.228,AUCUNE,CONSOMMATION,1
SERVICES,Béni Mellal-Khénifra,36,INDEPENDANT,4658,1248,15206,120,12,2,2,0.39,AUCUNE,CONSOMMATION,1
SERVICES,Béni Mellal-Khénifra,49,FONCTIONNAIRE,5043,3258,28550,24,26,2,0,0.643,AUCUNE,CONSOMMATION,0
INDUSTRIE,Laâyoune-Sakia El Hamra,28,INDEPENDANT,14765,7610,41015,60,1,1,0,0.452,AUCUNE,IMMOBILIER,0
COMMERCE,Fès-Meknès,75,SALARIE_CDD,10202,5453,103987,84,45,1,1,0.562,CAUTION,IMMOBILIER,1
COMMERCE,Guelmim-Oued Noun,73,RETRAITE,12509,6968,39954,48,45,4,3,0.574,CAUTION,PROFESSIONNEL,0
TECH,Oriental,47,INDEPENDANT,10192,4503,61734,84,24,2,1,0.471,CAUTION,CONSOMMATION,0
SERVICES,Dakhla-Oued Ed-Dahab,53,SALARIE_CDI,13192,4888,64629,36,29,5,0,0.48,CAUTION,PROFESSIONNEL,1
COMMERCE,Souss-Massa,36,FONCTIONNAIRE,8202,2658,5276,12,18,3,3,0.263,CAUTION,PROFESSIONNEL,1
TECH,Drâa-Tafilalet,31,SALARIE_CDI,16027,2623,38417,12,11,0,5,0.201,HYPOTHEQUE,IMMOBILIER,1
TECH,Souss-Massa,78,FONCTIONNAIRE,4656,2583,26769,48,45,2,1,0.554,AUCUNE,IMMOBILIER,0
TECH,Tanger-Tétouan-Al Hoceïma,44,SALARIE_CDI,7860,4578,104007,48,19,5,3,0.603,HYPOTHEQUE,CONSOMMATION,1
AGRICULTURE,Tanger-Tétouan-Al Hoceïma,78,FONCTIONNAIRE,5109,1642,59223,48,45,0,4,0.288,AUCUNE,CONSOMMATION,0
SERVICES,Dakhla-Oued Ed-Dahab,22,SALARIE_CDD,14168,5774,66991,36,0,1,1,0.338,AUCUNE,PROFESSIONNEL,1
COMMERCE,Laâyoune-Sakia El Hamra,24,FONCTIONNAIRE,9788,4297,52247,48,3,3,0,0.522,CAUTION,CONSOMMATION,0
AGRICULTURE,Marrakech-Safi,47,FONCTIONNAIRE,13822,6617,39079,120,22,1,1,0.569,HYPOTHEQUE,CONSOMMATION,0
COMMERCE,Laâyoune-Sakia El Hamra,67,SALARIE_CDI,4309,2047,65179,48,43,3,0,0.573,HYPOTHEQUE,CONSOMMATION,0
SERVICES,Béni Mellal-Khénifra,44,SALARIE_CDI,6179,1535,35777,84,23,5,0,0.212,HYPOTHEQUE,AUTO,1
AGRICULTURE,Rabat-Salé-Kénitra,70,SALARIE_CDD,3631,1791,89232,84,43,4,0,0.486,CAUTION,PROFESSIONNEL,0
SERVICES,Guelmim-Oued Noun,26,FONCTIONNAIRE,9534,5017,17183,12,4,2,2,0.587,CAUTION,PROFESSIONNEL,1
INDUSTRIE,Rabat-Salé-Kénitra,71,RETRAITE,6683,1060,75095,24,45,4,0,0.151,AUCUNE,PROFESSIONNEL,0
SERVICES,Laâyoune-Sakia El Hamra,45,SALARIE_CDD,11385,5225,28172,48,22,0,1,0.425,AUCUNE,PROFESSIONNEL,0
COMMERCE,Souss-Massa,35,FONCTIONNAIRE,8219,2945,58432,84,8,4,2,0.379,HYPOTHEQUE,AUTO,1
INDUSTRIE,Laâyoune-Sakia El Hamra,58,RETRAITE,3107,1841,12086,120,37,0,0,0.531,CAUTION,CONSOMMATION,0
COMMERCE,Souss-Massa,67,INDEPENDANT,3838,2387,43861,84,45,1,1,0.531,CAUTION,CONSOMMATION,0
AGRICULTURE,Rabat-Salé-Kénitra,76,SALARIE_CDI,8409,3716,32670,120,45,2,1,0.559,CAUTION,AUTO,1
COMMERCE,Guelmim-Oued Noun,23,SALARIE_CDD,9992,3495,35181,120,3,0,1,0.335,HYPOTHEQUE,IMMOBILIER,0
COMMERCE,Drâa-Tafilalet,62,INDEPENDANT,2989,1850,10538,120,42,5,3,0.66,HYPOTHEQUE,PROFESSIONNEL,1
AGRICULTURE,Fès-Meknès,37,SALARIE_CDD,7804,2223,37161,60,14,3,0,0.271,AUCUNE,IMMOBILIER,0
TECH,Marrakech-Safi,49,SALARIE_CDI,5126,2031,39767,84,31,0,0,0.408,CAUTION,PROFESSIONNEL,1
SERVICES,Laâyoune-Sakia El Hamra,47,FONCTIONNAIRE,4917,1606,10435,120,20,4,1,0.329,AUCUNE,IMMOBILIER,1
SERVICES,Guelmim-Oued Noun,66,SALARIE_CDI,6034,1369,16228,24,45,1,0,0.152,AUCUNE,AUTO,0
COMMERCE,Fès-Meknès,43,FONCTIONNAIRE,8566,5115,40554,48,19,4,5,0.567,AUCUNE,CONSOMMATION,1
TECH,Drâa-Tafilalet,35,RETRAITE,5896,1623,48283,60,13,5,2,0.311,HYPOTHEQUE,CONSOMMATION,1
COMMERCE,Marrakech-Safi,48,RETRAITE,3315,1816,35051,36,28,0,0,0.564,NANTISSEMENT,PROFESSIONNEL,0
SERVICES,Marrakech-Safi,60,FONCTIONNAIRE,8536,4495,37476,60,42,2,0,0.526,AUCUNE,CONSOMMATION,0
TECH,Béni Mellal-Khénifra,71,INDEPENDANT,6920,3345,37006,60,45,3,0,0.381,HYPOTHEQUE,AUTO,1
COMMERCE,Guelmim-Oued Noun,18,INDEPENDANT,5312,1086,24800,84,0,5,3,0.23,NANTISSEMENT,CONSOMMATION,1
COMMERCE,Dakhla-Oued Ed-Dahab,53,RETRAITE,7055,2472,32056,24,34,3,0,0.328,CAUTION,AUTO,0
TECH,Souss-Massa,22,INDEPENDANT,6929,4250,13615,120,0,2,0,0.583,AUCUNE,CONSOMMATION,1
TECH,Rabat-Salé-Kénitra,57,INDEPENDANT,8265,2752,24119,120,32,0,0,0.291,NANTISSEMENT,CONSOMMATION,0
COMMERCE,Oriental,57,SALARIE_CDI,7248,1161,35253,48,34,3,0,0.164,HYPOTHEQUE,CONSOMMATION,0
COMMERCE,Drâa-Tafilalet,71,SALARIE_CDI,8729,4476,86263,48,45,2,2,0.507,NANTISSEMENT,PROFESSIONNEL,1
COMMERCE,Dakhla-Oued Ed-Dahab,30,SALARIE_CDI,7928,3915,33351,36,7,5,0,0.474,AUCUNE,CONSOMMATION,1
COMMERCE,Rabat-Salé-Kénitra,68,FONCTIONNAIRE,11718,5157,153739,84,43,3,0,0.508,NANTISSEMENT,IMMOBILIER,0
COMMERCE,Béni Mellal-Khénifra,61,RETRAITE,16533,5480,140221,48,36,5,2,0.333,NANTISSEMENT,CONSOMMATION,0
COMMERCE,Oriental,59,RETRAITE,8048,2506,38131,60,38,3,0,0.238,CAUTION,CONSOMMATION,0
COMMERCE,Béni Mellal-Khénifra,58,INDEPENDANT,6126,1622,27184,120,39,0,0,0.233,CAUTION,IMMOBILIER,0
COMMERCE,Rabat-Salé-Kénitra,52,INDEPENDANT,4245,1893,177410,60,30,0,0,0.457,NANTISSEMENT,PROFESSIONNEL,0
SERVICES,Casablanca-Settat,22,FONCTIONNAIRE,10838,7024,61218,48,2,4,1,0.682,HYPOTHEQUE,IMMOBILIER,1
COMMERCE,Béni Mellal-Khénifra,69,SALARIE_CDD,5399,2925,49367,24,44,1,3,0.492,CAUTION,PROFESSIONNEL,1
COMMERCE,Marrakech-Safi,42,FONCTIONNAIRE,23304,11126,21916,12,20,2,0,0.428,CAUTION,IMMOBILIER,0
INDUSTRIE,Béni Mellal-Khénifra,24,SALARIE_CDI,28300,12303,26923,84,0,4,4,0.459,AUCUNE,CONSOMMATION,1
INDUSTRIE,Casablanca-Settat,56,INDEPENDANT,7362,3701,18028,48,36,0,0,0.507,AUCUNE,PROFESSIONNEL,0
SERVICES,Guelmim-Oued Noun,77,FONCTIONNAIRE,3830,1536,102909,12,45,0,3,0.42,CAUTION,CONSOMMATION,1
AGRICULTURE,Fès-Meknès,62,SALARIE_CDI,10875,6239,51590,84,40,0,0,0.54,HYPOTHEQUE,CONSOMMATION,0
TECH,Souss-Massa,33,FONCTIONNAIRE,20836,9187,29225,84,8,1,0,0.482,CAUTION,IMMOBILIER,0
COMMERCE,Tanger-Tétouan-Al Hoceïma,69,FONCTIONNAIRE,4489,1229,26093,120,43,3,1,0.312,HYPOTHEQUE,PROFESSIONNEL,0
INDUSTRIE,Souss-Massa,71,INDEPENDANT,19037,8217,18144,24,45,2,0,0.463,AUCUNE,CONSOMMATION,1
TECH,Oriental,38,INDEPENDANT,3526,962,34583,36,19,0,0,0.25,HYPOTHEQUE,CONSOMMATION,1
COMMERCE,Béni Mellal-Khénifra,50,SALARIE_CDI,4212,1760,40925,60,26,3,0,0.394,CAUTION,PROFESSIONNEL,0
AGRICULTURE,Drâa-Tafilalet,70,INDEPENDANT,9312,5143,7385,84,45,5,0,0.543,HYPOTHEQUE,IMMOBILIER,0
SERVICES,Dakhla-Oued Ed-Dahab,27,SALARIE_CDI,12804,6578,18491,24,7,1,0,0.425,AUCUNE,CONSOMMATION,0
SERVICES,Marrakech-Safi,40,SALARIE_CDD,7864,2243,22616,24,14,1,3,0.265,AUCUNE,PROFESSIONNEL,1
COMMERCE,Laâyoune-Sakia El Hamra,46,SALARIE_CDD,9919,5105,77640,60,28,0,0,0.558,AUCUNE,PROFESSIONNEL,1
SERVICES,Béni Mellal-Khénifra,18,INDEPENDANT,13320,2822,24646,36,0,2,0,0.169,CAUTION,IMMOBILIER,0
COMMERCE,Fès-Meknès,28,INDEPENDANT,14032,6633,10342,120,3,0,1,0.563,HYPOTHEQUE,PROFESSIONNEL,0
TECH,Dakhla-Oued Ed-Dahab,56,SALARIE_CDI,6124,1883,16803,36,29,4,0,0.243,HYPOTHEQUE,CONSOMMATION,1
SERVICES,Drâa-Tafilalet,34,INDEPENDANT,5494,2519,121432,12,12,3,1,0.41,HYPOTHEQUE,PROFESSIONNEL,1
INDUSTRIE,Marrakech-Safi,33,INDEPENDANT,13018,7566,27975,60,14,3,0,0.545,CAUTION,CONSOMMATION,1
COMMERCE,Marrakech-Safi,36,RETRAITE,9941,2156,17555,84,14,0,0,0.244,CAUTION,AUTO,0
TECH,Béni Mellal-Khénifra,25,SALARIE_CDI,10561,5262,11254,120,0,2,1,0.479,HYPOTHEQUE,PROFESSIONNEL,1
COMMERCE,Drâa-Tafilalet,58,SALARIE_CDI,6018,2959,36941,24,35,3,1,0.429,NANTISSEMENT,PROFESSIONNEL,0
SERVICES,Casablanca-Settat,34,SALARIE_CDD,10798,5706,39768,84,8,3,0,0.554,AUCUNE,AUTO,1
COMMERCE,Béni Mellal-Khénifra,59,INDEPENDANT,4952,3143,49453,120,35,5,0,0.646,CAUTION,PROFESSIONNEL,1
INDUSTRIE,Oriental,70,SALARIE_CDI,9057,3546,244930,60,43,1,1,0.352,NANTISSEMENT,CONSOMMATION,0
TECH,Dakhla-Oued Ed-Dahab,48,FONCTIONNAIRE,8521,1859,15285,24,24,5,0,0.303,NANTISSEMENT,PROFESSIONNEL,0
COMMERCE,Drâa-Tafilalet,75,RETRAITE,8548,4257,28044,48,45,2,0,0.533,AUCUNE,IMMOBILIER,0
SERVICES,Laâyoune-Sakia El Hamra,30,SALARIE_CDD,11517,4868,44565,60,12,2,0,0.45,HYPOTHEQUE,PROFESSIONNEL,0
TECH,Casablanca-Settat,78,FONCTIONNAIRE,5120,2846,26734,84,45,5,0,0.525,AUCUNE,CONSOMMATION,1
COMMERCE,Guelmim-Oued Noun,38,RETRAITE,10989,6005,8553,48,11,1,0,0.494,AUCUNE,CONSOMMATION,1
SERVICES,Tanger-Tétouan-Al Hoceïma,37,SALARIE_CDD,8179,4225,51944,120,15,4,0,0.587,CAUTION,CONSOMMATION,0
COMMERCE,Oriental,79,SALARIE_CDI,5675,1978,23343,36,45,3,0,0.303,NANTISSEMENT,IMMOBILIER,0
AGRICULTURE,Laâyoune-Sakia El Hamra,46,SALARIE_CDI,4470,1734,17244,84,22,2,0,0.413,CAUTION,CONSOMMATION,0
COMMERCE,Laâyoune-Sakia El Hamra,65,FONCTIONNAIRE,18957,11526,19430,84,41,1,0,0.653,HYPOTHEQUE,IMMOBILIER,0
INDUSTRIE,Marrakech-Safi,68,SALARIE_CDI,7854,2890,107561,60,45,5,1,0.297,AUCUNE,IMMOBILIER,0
TECH,Marrakech-Safi,46,SALARIE_CDI,6907,3062,90158,60,22,4,5,0.432,HYPOTHEQUE,AUTO,1
INDUSTRIE,Drâa-Tafilalet,38,SALARIE_CDI,4843,2382,16919,84,16,5,4,0.442,AUCUNE,CONSOMMATION,1
COMMERCE,Laâyoune-Sakia El Hamra,48,FONCTIONNAIRE,13225,2749,10805,12,29,4,1,0.225,CAUTION,IMMOBILIER,1
COMMERCE,Béni Mellal-Khénifra,42,INDEPENDANT,12772,6829,68108,48,24,1,0,0.492,AUCUNE,AUTO,0
SERVICES,Casablanca-Settat,44,FONCTIONNAIRE,11711,1844,153391,120,21,5,2,0.112,AUCUNE,PROFESSIONNEL,1
INDUSTRIE,Rabat-Salé-Kénitra,32,INDEPENDANT,7884,5054,185885,36,11,5,0,0.574,AUCUNE,CONSOMMATION,1
AGRICULTURE,Drâa-Tafilalet,75,RETRAITE,11362,4933,13478,12,45,4,0,0.429,AUCUNE,AUTO,0
SERVICES,Drâa-Tafilalet,54,INDEPENDANT,5593,1309,93948,120,28,2,0,0.148,CAUTION,PROFESSIONNEL,0
TECH,Laâyoune-Sakia El Hamra,68,FONCTIONNAIRE,8937,4845,36180,84,45,3,0,0.615,CAUTION,CONSOMMATION,0
COMMERCE,Oriental,59,SALARIE_CDI,7907,4525,9406,48,37,5,0,0.561,AUCUNE,CONSOMMATION,1
COMMERCE,Souss-Massa,40,SALARIE_CDD,9138,2306,19896,120,17,2,2,0.292,HYPOTHEQUE,PROFESSIONNEL,1
SERVICES,Rabat-Salé-Kénitra,38,SALARIE_CDI,3583,611,20951,60,12,3,0,0.165,CAUTION,PROFESSIONNEL,1
SERVICES,Guelmim-Oued Noun,79,FONCTIONNAIRE,18795,7748,50657,120,45,5,0,0.426,AUCUNE,AUTO,0
SERVICES,Dakhla-Oued Ed-Dahab,19,RETRAITE,16787,7895,13949,12,1,0,0,0.404,HYPOTHEQUE,PROFESSIONNEL,0
COMMERCE,Casablanca-Settat,36,SALARIE_CDI,4829,1131,70320,48,16,3,0,0.259,HYPOTHEQUE,IMMOBILIER,0
AGRICULTURE,Souss-Massa,64,SALARIE_CDI,10507,4526,50657,48,39,0,1,0.369,HYPOTHEQUE,IMMOBILIER,0
TECH,Tanger-Tétouan-Al Hoceïma,52,INDEPENDANT,4150,1715,74166,48,28,5,0,0.48,NANTISSEMENT,CONSOMMATION,1
SERVICES,Drâa-Tafilalet,56,RETRAITE,8415,4896,22876,36,38,2,0,0.554,HYPOTHEQUE,AUTO,0
SERVICES,Guelmim-Oued Noun,19,INDEPENDANT,3017,1683,47933,12,0,3,1,0.591,NANTISSEMENT,PROFESSIONNEL,1
SERVICES,Marrakech-Safi,31,SALARIE_CDI,7105,1535,17586,24,12,0,0,0.153,AUCUNE,CONSOMMATION,1
AGRICULTURE,Dakhla-Oued Ed-Dahab,55,FONCTIONNAIRE,6506,3276,58320,84,36,0,0,0.539,CAUTION,PROFESSIONNEL,0
SERVICES,Rabat-Salé-Kénitra,37,SALARIE_CDD,13637,5474,30757,120,11,4,3,0.315,AUCUNE,CONSOMMATION,1
SERVICES,Guelmim-Oued Noun,47,FONCTIONNAIRE,17168,6578,32944,12,20,5,0,0.301,AUCUNE,AUTO,0
COMMERCE,Drâa-Tafilalet,78,FONCTIONNAIRE,17343,4009,35493,120,45,1,3,0.281,AUCUNE,PROFESSIONNEL,1
COMMERCE,Rabat-Salé-Kénitra,58,INDEPENDANT,13646,7148,10733,120,32,3,4,0.569,HYPOTHEQUE,CONSOMMATION,1
SERVICES,Drâa-Tafilalet,57,SALARIE_CDI,8409,4912,83524,120,36,0,3,0.559,HYPOTHEQUE,IMMOBILIER,0
COMMERCE,Fès-Meknès,30,RETRAITE,9650,2439,38484,24,4,0,0,0.232,CAUTION,IMMOBILIER,0
SERVICES,Fès-Meknès,55,SALARIE_CDI,9629,1586,83759,36,28,3,1,0.156,HYPOTHEQUE,PROFESSIONNEL,0
SERVICES,Rabat-Salé-Kénitra,78,SALARIE_CDI,4764,2166,79547,24,45,1,0,0.467,NANTISSEMENT,IMMOBILIER,0
SERVICES,Drâa-Tafilalet,58,INDEPENDANT,13571,8694,20552,60,39,3,0,0.688,CAUTION,PROFESSIONNEL,1
INDUSTRIE,Guelmim-Oued Noun,67,SALARIE_CDD,11054,5410,30064,24,45,4,0,0.471,AUCUNE,IMMOBILIER,0
AGRICULTURE,Oriental,78,SALARIE_CDD,11287,3119,12264,36,45,0,0,0.196,CAUTION,AUTO,0
COMMERCE,Guelmim-Oued Noun,74,SALARIE_CDI,2903,1702,85663,48,45,4,2,0.58,CAUTION,PROFESSIONNEL,1
TECH,Tanger-Tétouan-Al Hoceïma,39,SALARIE_CDI,9934,4163,45580,48,20,1,0,0.38,AUCUNE,IMMOBILIER,0
INDUSTRIE,Oriental,36,SALARIE_CDI,12740,5158,41807,36,10,2,0,0.468,CAUTION,IMMOBILIER,1
TECH,Guelmim-Oued Noun,35,INDEPENDANT,8048,1438,29934,24,15,4,1,0.158,AUCUNE,PROFESSIONNEL,1
AGRICULTURE,Souss-Massa,66,SALARIE_CDI,6468,1166,18420,24,45,2,0,0.238,HYPOTHEQUE,PROFESSIONNEL,0
INDUSTRIE,Béni Mellal-Khénifra,41,RETRAITE,4389,1930,89134,60,17,0,0,0.436,AUCUNE,CONSOMMATION,0
AGRICULTURE,Rabat-Salé-Kénitra,69,INDEPENDANT,4250,2352,147833,24,45,4,1,0.519,AUCUNE,CONSOMMATION,0
COMMERCE,Oriental,68,INDEPENDANT,8686,4574,91591,36,45,0,2,0.583,CAUTION,CONSOMMATION,0
TECH,Laâyoune-Sakia El Hamra,59,INDEPENDANT,7291,4523,32300,12,36,5,0,0.58,HYPOTHEQUE,IMMOBILIER,0
SERVICES,Guelmim-Oued Noun,25,INDEPENDANT,7245,2908,47720,36,0,5,0,0.399,AUCUNE,CONSOMMATION,0
COMMERCE,Fès-Meknès,62,SALARIE_CDD,16123,7422,76799,36,41,5,0,0.441,AUCUNE,AUTO,1
COMMERCE,Oriental,31,INDEPENDANT,4605,2135,38788,36,4,1,0,0.421,CAUTION,CONSOMMATION,1
AGRICULTURE,Béni Mellal-Khénifra,52,SALARIE_CDD,6936,2359,141665,24,31,0,2,0.354,HYPOTHEQUE,AUTO,1
AGRICULTURE,Dakhla-Oued Ed-Dahab,32,SALARIE_CDI,17367,2630,87018,12,11,5,1,0.12,CAUTION,PROFESSIONNEL,0
INDUSTRIE,Guelmim-Oued Noun,21,FONCTIONNAIRE,7041,4009,255210,36,0,4,0,0.526,CAUTION,CONSOMMATION,0
AGRICULTURE,Guelmim-Oued Noun,58,SALARIE_CDI,8348,1532,41604,120,34,2,2,0.173,AUCUNE,CONSOMMATION,0
AGRICULTURE,Guelmim-Oued Noun,46,FONCTIONNAIRE,7489,4715,6698,60,19,1,0,0.597,CAUTION,IMMOBILIER,0
COMMERCE,Tanger-Tétouan-Al Hoceïma,58,RETRAITE,11132,6367,38189,24,37,5,0,0.549,AUCUNE,PROFESSIONNEL,1
SERVICES,Tanger-Tétouan-Al Hoceïma,48,FONCTIONNAIRE,3214,649,27841,120,29,2,3,0.193,CAUTION,IMMOBILIER,1
SERVICES,Souss-Massa,41,SALARIE_CDI,7394,1560,40983,60,17,2,0,0.238,HYPOTHEQUE,IMMOBILIER,0
SERVICES,Souss-Massa,18,SALARIE_CDI,8304,4306,126517,60,0,4,0,0.493,NANTISSEMENT,PROFESSIONNEL,1
SERVICES,Dakhla-Oued Ed-Dahab,35,SALARIE_CDD,5171,2181,24852,12,12,4,0,0.355,HYPOTHEQUE,CONSOMMATION,0
AGRICULTURE,Laâyoune-Sakia El Hamra,73,SALARIE_CDI,9458,4487,20290,24,45,2,0,0.497,CAUTION,IMMOBILIER,0
SERVICES,Laâyoune-Sakia El Hamra,65,FONCTIONNAIRE,11543,3405,23091,36,42,5,0,0.262,AUCUNE,AUTO,1
COMMERCE,Béni Mellal-Khénifra,47,INDEPENDANT,9931,5878,164045,60,26,2,2,0.607,AUCUNE,CONSOMMATION,1
COMMERCE,Marrakech-Safi,19,FONCTIONNAIRE,18046,7606,26304,12,1,1,1,0.474,AUCUNE,PROFESSIONNEL,0
COMMERCE,Rabat-Salé-Kénitra,80,FONCTIONNAIRE,6667,2885,43548,24,45,1,0,0.428,CAUTION,CONSOMMATION,0
SERVICES,Fès-Meknès,64,SALARIE_CDD,10141,6544,132260,120,40,0,2,0.599,AUCUNE,PROFESSIONNEL,1
COMMERCE,Béni Mellal-Khénifra,19,SALARIE_CDI,10039,5379,57787,36,0,0,0,0.522,NANTISSEMENT,PROFESSIONNEL,1
COMMERCE,Tanger-Tétouan-Al Hoceïma,31,FONCTIONNAIRE,7288,3603,7494,120,8,2,0,0.453,CAUTION,CONSOMMATION,1
COMMERCE,Béni Mellal-Khénifra,28,SALARIE_CDD,13494,7871,25894,24,7,5,3,0.54,HYPOTHEQUE,AUTO,1
SERVICES,Laâyoune-Sakia El Hamra,74,SALARIE_CDI,9225,5954,22995,84,45,4,0,0.623,CAUTION,CONSOMMATION,1
TECH,Tanger-Tétouan-Al Hoceïma,78,FONCTIONNAIRE,4720,2626,10722,36,45,1,2,0.492,HYPOTHEQUE,IMMOBILIER,0
SERVICES,Dakhla-Oued Ed-Dahab,44,SALARIE_CDD,11359,6284,26019,24,22,3,0,0.496,HYPOTHEQUE,CONSOMMATION,1
COMMERCE,Oriental,29,SALARIE_CDI,6472,1590,5402,60,10,2,3,0.276,CAUTION,IMMOBILIER,1
INDUSTRIE,Guelmim-Oued Noun,58,SALARIE_CDD,7008,4111,45594,48,37,5,0,0.59,AUCUNE,IMMOBILIER,1
SERVICES,Casablanca-Settat,35,SALARIE_CDI,7245,4279,36505,12,8,1,0,0.603,AUCUNE,CONSOMMATION,0
TECH,Fès-Meknès,25,INDEPENDANT,11281,5060,22121,120,5,1,1,0.481,AUCUNE,AUTO,0
SERVICES,Dakhla-Oued Ed-Dahab,34,SALARIE_CDI,13168,6259,10233,84,14,4,0,0.38,CAUTION,IMMOBILIER,0
AGRICULTURE,Laâyoune-Sakia El Hamra,33,INDEPENDANT,7542,3484,96389,36,14,0,0,0.443,HYPOTHEQUE,CONSOMMATION,1
AGRICULTURE,Oriental,21,SALARIE_CDD,7350,3105,24395,120,0,1,0,0.494,CAUTION,PROFESSIONNEL,1
INDUSTRIE,Casablanca-Settat,62,SALARIE_CDI,3225,779,78300,12,42,1,0,0.323,AUCUNE,IMMOBILIER,0
INDUSTRIE,Casablanca-Settat,40,SALARIE_CDI,5887,2819,33255,120,14,2,0,0.441,CAUTION,CONSOMMATION,0
SERVICES,Souss-Massa,52,RETRAITE,5292,1798,100864,36,33,1,2,0.292,NANTISSEMENT,CONSOMMATION,0
AGRICULTURE,Laâyoune-Sakia El Hamra,52,FONCTIONNAIRE,9321,3899,54672,84,31,4,0,0.312,NANTISSEMENT,PROFESSIONNEL,1
COMMERCE,Tanger-Tétouan-Al Hoceïma,66,INDEPENDANT,7722,4637,39263,120,45,2,0,0.576,CAUTION,AUTO,0
SERVICES,Laâyoune-Sakia El Hamra,66,INDEPENDANT,5383,1101,20175,84,42,2,1,0.229,HYPOTHEQUE,IMMOBILIER,0
COMMERCE,Oriental,53,SALARIE_CDI,8679,5448,90159,12,28,1,3,0.668,AUCUNE,PROFESSIONNEL,0
SERVICES,Rabat-Salé-Kénitra,70,FONCTIONNAIRE,7860,3412,31451,36,44,2,0,0.364,CAUTION,CONSOMMATION,0
COMMERCE,Oriental,53,FONCTIONNAIRE,2583,1614,20528,12,35,1,0,0.611,AUCUNE,IMMOBILIER,0
COMMERCE,Tanger-Tétouan-Al Hoceïma,19,INDEPENDANT,13341,3340,32530,24,0,4,0,0.219,CAUTION,IMMOBILIER,0
SERVICES,Marrakech-Safi,72,SALARIE_CDD,12771,2262,35161,60,45,0,0,0.119,AUCUNE,CONSOMMATION,0
TECH,Drâa-Tafilalet,66,RETRAITE,7280,3352,66963,60,45,0,0,0.425,CAUTION,CONSOMMATION,0
SERVICES,Marrakech-Safi,44,FONCTIONNAIRE,9496,3926,9726,24,20,3,0,0.451,AUCUNE,PROFESSIONNEL,1
COMMERCE,Laâyoune-Sakia El Hamra,42,INDEPENDANT,7000,3622,192562,12,21,2,5,0.537,CAUTION,CONSOMMATION,1
COMMERCE,Guelmim-Oued Noun,74,SALARIE_CDI,3936,1774,50229,36,45,4,0,0.464,AUCUNE,CONSOMMATION,0
AGRICULTURE,Guelmim-Oued Noun,44,SALARIE_CDD,21454,8735,35914,60,23,0,0,0.469,CAUTION,AUTO,1
COMMERCE,Casablanca-Settat,41,SALARIE_CDI,11355,6827,49553,36,23,5,0,0.591,CAUTION,CONSOMMATION,0
AGRICULTURE,Dakhla-Oued Ed-Dahab,64,INDEPENDANT,12373,3857,12431,120,38,3,3,0.3,HYPOTHEQUE,PROFESSIONNEL,1
INDUSTRIE,Souss-Massa,38,SALARIE_CDI,7129,2037,39609,60,12,1,2,0.302,AUCUNE,PROFESSIONNEL,1
TECH,Drâa-Tafilalet,43,INDEPENDANT,13449,7424,57253,60,20,4,1,0.497,CAUTION,PROFESSIONNEL,0
SERVICES,Marrakech-Safi,67,SALARIE_CDI,4374,1425,29549,12,45,3,0,0.362,CAUTION,CONSOMMATION,0
COMMERCE,Guelmim-Oued Noun,32,SALARIE_CDI,7256,3131,52392,120,10,5,1,0.457,CAUTION,CONSOMMATION,0
SERVICES,Fès-Meknès,18,SALARIE_CDI,11304,5166,63270,60,0,3,4,0.471,CAUTION,CONSOMMATION,0
AGRICULTURE,Drâa-Tafilalet,39,INDEPENDANT,6112,1817,21809,120,14,4,0,0.257,AUCUNE,CONSOMMATION,0
AGRICULTURE,Fès-Meknès,28,SALARIE_CDI,12208,4003,87042,48,2,5,2,0.357,NANTISSEMENT,CONSOMMATION,1
INDUSTRIE,Dakhla-Oued Ed-Dahab,40,INDEPENDANT,9290,1583,34816,60,13,4,3,0.251,HYPOTHEQUE,CONSOMMATION,0
COMMERCE,Drâa-Tafilalet,22,INDEPENDANT,8905,2580,137939,48,0,4,0,0.311,AUCUNE,CONSOMMATION,0
COMMERCE,Souss-Massa,55,RETRAITE,5860,1834,90817,120,30,2,0,0.28,NANTISSEMENT,PROFESSIONNEL,1
SERVICES,Souss-Massa,50,FONCTIONNAIRE,9720,1540,48267,60,23,1,1,0.242,NANTISSEMENT,IMMOBILIER,1
COMMERCE,Casablanca-Settat,35,FONCTIONNAIRE,19334,10858,20573,36,14,0,0,0.579,AUCUNE,CONSOMMATION,0
COMMERCE,Fès-Meknès,57,FONCTIONNAIRE,8768,5197,33588,60,32,1,0,0.675,AUCUNE,CONSOMMATION,0
COMMERCE,Guelmim-Oued Noun,27,SALARIE_CDI,10406,2483,73533,12,0,2,0,0.186,AUCUNE,AUTO,1
SERVICES,Guelmim-Oued Noun,18,FONCTIONNAIRE,11121,5035,24545,60,0,3,4,0.415,HYPOTHEQUE,IMMOBILIER,1
AGRICULTURE,Dakhla-Oued Ed-Dahab,48,INDEPENDANT,4842,1796,49189,48,29,1,1,0.407,AUCUNE,CONSOMMATION,1
SERVICES,Rabat-Salé-Kénitra,28,SALARIE_CDI,7634,1633,53238,36,10,4,0,0.078,NANTISSEMENT,CONSOMMATION,0
COMMERCE,Fès-Meknès,71,SALARIE_CDI,7530,1223,33566,84,45,5,0,0.253,AUCUNE,PROFESSIONNEL,0
SERVICES,Guelmim-Oued Noun,37,FONCTIONNAIRE,3114,1500,20431,84,11,0,1,0.542,NANTISSEMENT,PROFESSIONNEL,0
SERVICES,Tanger-Tétouan-Al Hoceïma,45,INDEPENDANT,11557,2194,111114,12,22,5,3,0.152,CAUTION,AUTO,1
SERVICES,Marrakech-Safi,36,SALARIE_CDI,5328,3173,50643,60,10,3,0,0.653,NANTISSEMENT,IMMOBILIER,0
INDUSTRIE,Fès-Meknès,45,INDEPENDANT,11002,5994,29399,12,21,0,1,0.544,AUCUNE,CONSOMMATION,1
COMMERCE,Dakhla-Oued Ed-Dahab,24,SALARIE_CDI,5761,2950,20887,48,0,1,0,0.497,AUCUNE,CONSOMMATION,1
COMMERCE,Laâyoune-Sakia El Hamra,76,SALARIE_CDD,20312,11606,68116,120,45,4,2,0.52,NANTISSEMENT,CONSOMMATION,0
COMMERCE,Casablanca-Settat,28,RETRAITE,7148,1453,34593,48,7,5,1,0.251,AUCUNE,CONSOMMATION,1
COMMERCE,Laâyoune-Sakia El Hamra,42,SALARIE_CDD,19236,8915,71985,12,20,4,1,0.495,AUCUNE,PROFESSIONNEL,0
SERVICES,Oriental,71,FONCTIONNAIRE,7497,1898,19044,24,45,5,0,0.264,AUCUNE,PROFESSIONNEL,0
SERVICES,Laâyoune-Sakia El Hamra,44,RETRAITE,7910,3242,44884,12,19,2,5,0.35,HYPOTHEQUE,CONSOMMATION,1
COMMERCE,Béni Mellal-Khénifra,62,SALARIE_CDI,16399,5400,25956,84,44,5,0,0.352,CAUTION,CONSOMMATION,0
COMMERCE,Drâa-Tafilalet,22,SALARIE_CDI,5362,1132,122890,120,0,5,3,0.258,CAUTION,IMMOBILIER,0
COMMERCE,Oriental,36,RETRAITE,8287,4287,46993,24,14,5,0,0.602,AUCUNE,CONSOMMATION,0
SERVICES,Drâa-Tafilalet,65,FONCTIONNAIRE,10330,3109,18087,24,38,0,0,0.291,HYPOTHEQUE,AUTO,0
TECH,Guelmim-Oued Noun,34,RETRAITE,9718,2055,69876,60,7,5,0,0.183,CAUTION,IMMOBILIER,1
SERVICES,Oriental,44,INDEPENDANT,8261,4872,86189,84,25,3,0,0.535,AUCUNE,PROFESSIONNEL,0
COMMERCE,Rabat-Salé-Kénitra,23,FONCTIONNAIRE,7766,1688,28683,120,3,1,0,0.22,AUCUNE,CONSOMMATION,1
SERVICES,Rabat-Salé-Kénitra,49,SALARIE_CDD,11860,2997,20602,120,23,4,2,0.293,AUCUNE,CONSOMMATION,0
COMMERCE,Tanger-Tétouan-Al Hoceïma,39,SALARIE_CDD,8774,1420,7770,48,15,3,1,0.258,HYPOTHEQUE,IMMOBILIER,0
INDUSTRIE,Souss-Massa,72,SALARIE_CDI,12517,5123,78476,60,45,2,1,0.433,NANTISSEMENT,PROFESSIONNEL,0
TECH,Laâyoune-Sakia El Hamra,43,SALARIE_CDD,9666,5439,10646,12,24,0,0,0.628,NANTISSEMENT,CONSOMMATION,1
SERVICES,Casablanca-Settat,70,INDEPENDANT,10857,6249,35107,12,45,4,2,0.582,CAUTION,CONSOMMATION,1
COMMERCE,Laâyoune-Sakia El Hamra,74,RETRAITE,13495,7043,10855,120,45,2,0,0.556,AUCUNE,PROFESSIONNEL,0
SERVICES,Casablanca-Settat,70,RETRAITE,7048,2718,128118,24,45,3,1,0.357,NANTISSEMENT,CONSOMMATION,1
COMMERCE,Souss-Massa,64,RETRAITE,13332,7929,92428,48,42,0,2,0.607,CAUTION,CONSOMMATION,1
SERVICES,Souss-Massa,54,SALARIE_CDI,7551,4029,44806,24,28,1,0,0.482,NANTISSEMENT,CONSOMMATION,0
SERVICES,Oriental,48,FONCTIONNAIRE,4314,2565,75614,24,27,4,0,0.648,NANTISSEMENT,PROFESSIONNEL,0
TECH,Casablanca-Settat,23,SALARIE_CDI,6987,1885,33106,84,0,1,4,0.375,HYPOTHEQUE,PROFESSIONNEL,0
SERVICES,Guelmim-Oued Noun,26,FONCTIONNAIRE,5853,2638,20388,48,3,0,0,0.458,AUCUNE,CONSOMMATION,1
SERVICES,Rabat-Salé-Kénitra,41,RETRAITE,9594,1543,11232,12,18,1,0,0.139,CAUTION,CONSOMMATION,0
TECH,Guelmim-Oued Noun,59,INDEPENDANT,7125,2927,63221,36,33,5,3,0.604,NANTISSEMENT,PROFESSIONNEL,1
TECH,Oriental,18,INDEPENDANT,8583,5051,17916,48,0,5,0,0.646,AUCUNE,PROFESSIONNEL,1
TECH,Laâyoune-Sakia El Hamra,76,SALARIE_CDD,12790,6641,212901,36,45,5,1,0.595,HYPOTHEQUE,IMMOBILIER,1
INDUSTRIE,Dakhla-Oued Ed-Dahab,80,FONCTIONNAIRE,15813,8509,16670,84,45,2,1,0.558,AUCUNE,IMMOBILIER,0
COMMERCE,Laâyoune-Sakia El Hamra,22,SALARIE_CDI,9244,2852,73751,48,1,5,0,0.257,HYPOTHEQUE,AUTO,1
TECH,Souss-Massa,24,FONCTIONNAIRE,13208,4611,88717,60,0,5,0,0.339,CAUTION,CONSOMMATION,1
SERVICES,Tanger-Tétouan-Al Hoceïma,71,SALARIE_CDI,7482,4812,14216,84,45,0,2,0.647,AUCUNE,CONSOMMATION,1
TECH,Béni Mellal-Khénifra,30,INDEPENDANT,4010,1137,26509,120,5,2,0,0.282,NANTISSEMENT,IMMOBILIER,0
SERVICES,Béni Mellal-Khénifra,29,SALARIE_CDD,4766,920,30917,24,8,4,2,0.138,AUCUNE,CONSOMMATION,1
AGRICULTURE,Guelmim-Oued Noun,29,INDEPENDANT,7420,2556,415743,60,2,1,3,0.343,HYPOTHEQUE,CONSOMMATION,0
COMMERCE,Souss-Massa,62,INDEPENDANT,11591,6185,30585,60,40,1,0,0.476,HYPOTHEQUE,PROFESSIONNEL,0
COMMERCE,Souss-Massa,26,SALARIE_CDI,7429,3059,16371,60,6,5,0,0.345,AUCUNE,CONSOMMATION,0
COMMERCE,Rabat-Salé-Kénitra,29,FONCTIONNAIRE,13817,2375,51237,84,5,1,1,0.133,AUCUNE,IMMOBILIER,0
SERVICES,Marrakech-Safi,43,INDEPENDANT,18476,8912,17444,12,23,4,1,0.468,AUCUNE,CONSOMMATION,0
INDUSTRIE,Guelmim-Oued Noun,55,RETRAITE,5433,2813,34784,120,35,4,0,0.506,CAUTION,AUTO,0
TECH,Dakhla-Oued Ed-Dahab,80,SALARIE_CDI,21082,9516,26411,84,45,1,0,0.444,AUCUNE,IMMOBILIER,0
COMMERCE,Béni Mellal-Khénifra,32,FONCTIONNAIRE,3883,915,52188,36,11,0,4,0.325,CAUTION,PROFESSIONNEL,0
COMMERCE,Tanger-Tétouan-Al Hoceïma,34,SALARIE_CDD,18620,4572,24518,36,15,0,2,0.239,AUCUNE,PROFESSIONNEL,1
SERVICES,Casablanca-Settat,52,SALARIE_CDI,7982,2823,22308,24,33,5,1,0.261,NANTISSEMENT,PROFESSIONNEL,1
COMMERCE,Casablanca-Settat,44,SALARIE_CDI,7297,2401,77291,60,18,1,0,0.311,CAUTION,CONSOMMATION,0
INDUSTRIE,Drâa-Tafilalet,55,FONCTIONNAIRE,8074,1622,44460,120,31,5,0,0.187,AUCUNE,AUTO,0
SERVICES,Béni Mellal-Khénifra,33,SALARIE_CDI,5653,3277,37041,36,13,3,1,0.464,CAUTION,IMMOBILIER,0
AGRICULTURE,Fès-Meknès,56,FONCTIONNAIRE,15926,9752,9438,120,30,3,0,0.609,AUCUNE,CONSOMMATION,1
COMMERCE,Marrakech-Safi,76,SALARIE_CDI,5935,1317,56122,84,45,3,0,0.191,AUCUNE,IMMOBILIER,0
COMMERCE,Casablanca-Settat,61,SALARIE_CDI,6285,2710,26122,84,34,2,0,0.423,AUCUNE,PROFESSIONNEL,0
AGRICULTURE,Drâa-Tafilalet,64,INDEPENDANT,4356,1589,44130,12,39,5,3,0.372,CAUTION,IMMOBILIER,1
INDUSTRIE,Béni Mellal-Khénifra,22,SALARIE_CDI,5833,2068,9987,36,0,5,1,0.343,AUCUNE,IMMOBILIER,1
AGRICULTURE,Fès-Meknès,74,SALARIE_CDI,5913,2603,44093,48,45,3,2,0.43,HYPOTHEQUE,CONSOMMATION,1
COMMERCE,Drâa-Tafilalet,62,SALARIE_CDI,5737,2165,41572,120,37,4,0,0.347,CAUTION,PROFESSIONNEL,1
COMMERCE,Laâyoune-Sakia El Hamra,57,SALARIE_CDI,7487,2813,30925,84,37,4,0,0.399,CAUTION,IMMOBILIER,0
SERVICES,Oriental,27,SALARIE_CDD,4907,1088,19531,60,5,0,1,0.197,AUCUNE,IMMOBILIER,1
SERVICES,Fès-Meknès,52,INDEPENDANT,16606,8391,82144,84,25,1,3,0.532,NANTISSEMENT,PROFESSIONNEL,0
INDUSTRIE,Casablanca-Settat,60,FONCTIONNAIRE,7565,3328,21535,24,34,2,1,0.38,CAUTION,IMMOBILIER,0
SERVICES,Guelmim-Oued Noun,57,SALARIE_CDI,9588,1707,68675,24,34,0,0,0.152,AUCUNE,CONSOMMATION,0
SERVICES,Oriental,25,SALARIE_CDI,11942,4033,75585,84,5,2,1,0.357,AUCUNE,AUTO,1
COMMERCE,Tanger-Tétouan-Al Hoceïma,20,INDEPENDANT,20155,5218,20281,84,0,3,0,0.198,CAUTION,CONSOMMATION,1
TECH,Casablanca-Settat,48,SALARIE_CDI,12203,4210,61306,48,25,5,0,0.312,CAUTION,CONSOMMATION,0
SERVICES,Guelmim-Oued Noun,63,SALARIE_CDI,7248,1518,26882,36,39,4,2,0.232,AUCUNE,PROFESSIONNEL,0
TECH,Dakhla-Oued Ed-Dahab,42,SALARIE_CDI,5000,2276,56782,12,15,5,1,0.412,AUCUNE,IMMOBILIER,1
AGRICULTURE,Souss-Massa,61,INDEPENDANT,9435,4159,18861,12,43,4,0,0.496,AUCUNE,CONSOMMATION,1
TECH,Fès-Meknès,78,INDEPENDANT,13069,5834,33504,84,45,3,2,0.443,CAUTION,CONSOMMATION,0
TECH,Béni Mellal-Khénifra,74,SALARIE_CDI,8638,2877,38328,60,45,3,4,0.313,AUCUNE,IMMOBILIER,1
COMMERCE,Laâyoune-Sakia El Hamra,57,SALARIE_CDI,8344,4264,35576,84,33,0,1,0.536,HYPOTHEQUE,PROFESSIONNEL,0
SERVICES,Béni Mellal-Khénifra,63,INDEPENDANT,8920,5096,47422,12,43,4,2,0.57,CAUTION,AUTO,0
INDUSTRIE,Casablanca-Settat,23,SALARIE_CDI,3493,1251,20617,84,0,3,0,0.356,AUCUNE,PROFESSIONNEL,1
AGRICULTURE,Marrakech-Safi,23,SALARIE_CDD,8655,3172,24670,48,5,4,3,0.353,CAUTION,CONSOMMATION,1
COMMERCE,Rabat-Salé-Kénitra,62,INDEPENDANT,11266,6751,59856,24,36,2,1,0.588,HYPOTHEQUE,PROFESSIONNEL,1
TECH,Tanger-Tétouan-Al Hoceïma,68,SALARIE_CDI,7938,3593,27211,120,45,4,3,0.396,CAUTION,CONSOMMATION,0
AGRICULTURE,Souss-Massa,30,SALARIE_CDD,13434,5439,25640,36,12,2,2,0.433,CAUTION,CONSOMMATION,1
SERVICES,Oriental,55,FONCTIONNAIRE,13638,7072,20145,36,32,5,0,0.484,AUCUNE,CONSOMMATION,1
INDUSTRIE,Guelmim-Oued Noun,36,FONCTIONNAIRE,6459,1970,26317,84,15,5,3,0.35,AUCUNE,CONSOMMATION,1
COMMERCE,Rabat-Salé-Kénitra,24,SALARIE_CDD,9885,1645,17695,48,0,1,0,0.115,AUCUNE,CONSOMMATION,1
SERVICES,Dakhla-Oued Ed-Dahab,41,SALARIE_CDD,8260,4138,60507,84,14,5,2,0.555,HYPOTHEQUE,CONSOMMATION,1
COMMERCE,Fès-Meknès,46,SALARIE_CDD,3252,1538,26520,60,22,4,1,0.43,HYPOTHEQUE,CONSOMMATION,0
TECH,Oriental,66,SALARIE_CDD,7448,2713,17008,120,39,2,3,0.397,CAUTION,AUTO,1
COMMERCE,Marrakech-Safi,72,SALARIE_CDI,5095,881,31501,24,45,3,1,0.148,AUCUNE,PROFESSIONNEL,1
INDUSTRIE,Tanger-Tétouan-Al Hoceïma,77,SALARIE_CDI,8607,5337,13663,48,45,5,1,0.625,AUCUNE,CONSOMMATION,1
TECH,Guelmim-Oued Noun,24,SALARIE_CDI,11017,5678,19949,24,0,3,5,0.482,CAUTION,IMMOBILIER,1
SERVICES,Casablanca-Settat,76,SALARIE_CDD,7347,2518,93727,36,45,1,2,0.299,CAUTION,IMMOBILIER,0
AGRICULTURE,Souss-Massa,50,SALARIE_CDD,5404,1354,16955,120,28,3,1,0.228,CAUTION,IMMOBILIER,0
SERVICES,Béni Mellal-Khénifra,28,FONCTIONNAIRE,9003,3850,32846,36,2,1,2,0.455,AUCUNE,IMMOBILIER,0
TECH,Oriental,58,FONCTIONNAIRE,24335,3909,170157,60,32,2,0,0.188,AUCUNE,CONSOMMATION,0
COMMERCE,Tanger-Tétouan-Al Hoceïma,21,RETRAITE,3049,1154,43238,36,0,3,0,0.401,NANTISSEMENT,IMMOBILIER,0
INDUSTRIE,Tanger-Tétouan-Al Hoceïma,47,FONCTIONNAIRE,8998,5796,25399,12,22,3,5,0.652,AUCUNE,IMMOBILIER,1
COMMERCE,Laâyoune-Sakia El Hamra,70,INDEPENDANT,6344,3296,9033,60,45,3,0,0.618,HYPOTHEQUE,IMMOBILIER,1
SERVICES,Marrakech-Safi,79,SALARIE_CDI,6689,4297,40817,24,45,0,3,0.597,AUCUNE,AUTO,1
INDUSTRIE,Souss-Massa,36,INDEPENDANT,7730,2690,21218,48,11,4,1,0.338,AUCUNE,PROFESSIONNEL,0
TECH,Tanger-Tétouan-Al Hoceïma,28,FONCTIONNAIRE,6941,1344,53662,84,10,1,0,0.067,NANTISSEMENT,CONSOMMATION,0
TECH,Guelmim-Oued Noun,54,INDEPENDANT,10623,6720,22621,48,27,0,4,0.649,AUCUNE,IMMOBILIER,1
SERVICES,Guelmim-Oued Noun,27,RETRAITE,7268,4235,44091,12,7,1,0,0.534,CAUTION,CONSOMMATION,1
COMMERCE,Laâyoune-Sakia El Hamra,79,SALARIE_CDI,3063,1321,99954,60,45,2,0,0.425,CAUTION,IMMOBILIER,0
TECH,Rabat-Salé-Kénitra,38,RETRAITE,14413,3818,58098,36,11,0,0,0.224,CAUTION,PROFESSIONNEL,0
TECH,Rabat-Salé-Kénitra,29,FONCTIONNAIRE,13469,6995,14431,24,11,4,0,0.507,AUCUNE,IMMOBILIER,0
INDUSTRIE,Tanger-Tétouan-Al Hoceïma,33,INDEPENDANT,6167,984,38649,60,10,4,1,0.163,HYPOTHEQUE,AUTO,0
SERVICES,Souss-Massa,41,SALARIE_CDD,8287,5032,71285,120,15,3,0,0.568,AUCUNE,PROFESSIONNEL,1
AGRICULTURE,Casablanca-Settat,64,SALARIE_CDD,14015,6988,12535,24,45,2,5,0.51,CAUTION,CONSOMMATION,0
INDUSTRIE,Laâyoune-Sakia El Hamra,72,INDEPENDANT,12899,3069,118309,12,45,1,2,0.213,AUCUNE,IMMOBILIER,0
INDUSTRIE,Laâyoune-Sakia El Hamra,64,SALARIE_CDI,14925,3467,40080,84,39,2,0,0.196,AUCUNE,IMMOBILIER,1
TECH,Souss-Massa,58,FONCTIONNAIRE,9590,1717,54367,24,33,3,3,0.207,NANTISSEMENT,CONSOMMATION,1
SERVICES,Guelmim-Oued Noun,35,SALARIE_CDI,11456,6132,28547,36,15,3,3,0.542,AUCUNE,CONSOMMATION,0
TECH,Oriental,77,SALARIE_CDI,15275,3268,37512,12,45,3,1,0.123,AUCUNE,IMMOBILIER,0
SERVICES,Béni Mellal-Khénifra,80,INDEPENDANT,6943,2847,19417,12,45,1,4,0.39,HYPOTHEQUE,PROFESSIONNEL,1
TECH,Laâyoune-Sakia El Hamra,57,INDEPENDANT,9880,3251,107254,36,35,3,0,0.276,HYPOTHEQUE,AUTO,1
AGRICULTURE,Rabat-Salé-Kénitra,67,INDEPENDANT,3084,1309,127406,60,45,2,0,0.486,HYPOTHEQUE,IMMOBILIER,0
AGRICULTURE,Marrakech-Safi,37,INDEPENDANT,3980,1980,163189,120,10,3,0,0.457,CAUTION,CONSOMMATION,1
AGRICULTURE,Souss-Massa,46,FONCTIONNAIRE,10148,2588,10551,48,28,4,0,0.22,AUCUNE,PROFESSIONNEL,0
TECH,Laâyoune-Sakia El Hamra,68,RETRAITE,10869,2720,45738,84,44,2,0,0.248,AUCUNE,IMMOBILIER,1
SERVICES,Béni Mellal-Khénifra,44,FONCTIONNAIRE,6807,2170,49143,120,21,2,0,0.339,HYPOTHEQUE,PROFESSIONNEL,1
AGRICULTURE,Tanger-Tétouan-Al Hoceïma,65,FONCTIONNAIRE,6168,3809,22161,48,42,1,0,0.58,HYPOTHEQUE,CONSOMMATION,0
AGRICULTURE,Casablanca-Settat,72,INDEPENDANT,6905,2569,47144,48,45,5,0,0.376,AUCUNE,PROFESSIONNEL,0
COMMERCE,Béni Mellal-Khénifra,76,INDEPENDANT,8834,2460,13285,36,45,0,2,0.288,AUCUNE,CONSOMMATION,1
INDUSTRIE,Fès-Meknès,36,INDEPENDANT,2861,1172,101734,84,10,4,0,0.324,CAUTION,PROFESSIONNEL,0
SERVICES,Fès-Meknès,47,FONCTIONNAIRE,9992,2400,12416,12,22,0,0,0.259,NANTISSEMENT,AUTO,0
COMMERCE,Dakhla-Oued Ed-Dahab,42,FONCTIONNAIRE,8222,4379,43274,120,16,3,0,0.504,AUCUNE,IMMOBILIER,1
COMMERCE,Oriental,49,FONCTIONNAIRE,9057,2804,63097,48,25,3,0,0.249,AUCUNE,IMMOBILIER,1
INDUSTRIE,Rabat-Salé-Kénitra,64,INDEPENDANT,7664,4915,23869,12,45,4,0,0.726,CAUTION,IMMOBILIER,0
INDUSTRIE,Casablanca-Settat,38,FONCTIONNAIRE,4349,2022,94923,24,20,5,0,0.418,AUCUNE,PROFESSIONNEL,0
COMMERCE,Tanger-Tétouan-Al Hoceïma,32,SALARIE_CDI,4943,2253,10122,48,9,4,1,0.489,HYPOTHEQUE,PROFESSIONNEL,1
SERVICES,Casablanca-Settat,34,SALARIE_CDI,16084,4749,35545,12,14,4,2,0.314,HYPOTHEQUE,CONSOMMATION,0
AGRICULTURE,Souss-Massa,66,SALARIE_CDD,6068,1451,11152,84,45,3,0,0.154,AUCUNE,CONSOMMATION,0
INDUSTRIE,Tanger-Tétouan-Al Hoceïma,80,SALARIE_CDI,11655,2201,21135,84,45,3,1,0.148,AUCUNE,CONSOMMATION,0
SERVICES,Laâyoune-Sakia El Hamra,24,SALARIE_CDD,4979,2877,25702,60,2,4,1,0.52,AUCUNE,IMMOBILIER,1
SERVICES,Tanger-Tétouan-Al Hoceïma,79,SALARIE_CDI,8049,5150,24627,84,45,3,0,0.68,CAUTION,CONSOMMATION,1
TECH,Fès-Meknès,20,SALARIE_CDI,6645,1712,88400,12,0,3,1,0.292,AUCUNE,CONSOMMATION,1
TECH,Béni Mellal-Khénifra,51,INDEPENDANT,7120,4605,15984,120,25,5,0,0.721,CAUTION,AUTO,1
SERVICES,Béni Mellal-Khénifra,26,FONCTIONNAIRE,6953,3184,12234,36,7,1,0,0.406,HYPOTHEQUE,IMMOBILIER,0
SERVICES,Casablanca-Settat,78,INDEPENDANT,15518,8432,26856,48,45,5,0,0.656,AUCUNE,IMMOBILIER,1
INDUSTRIE,Rabat-Salé-Kénitra,66,SALARIE_CDI,19291,12427,39314,24,41,4,0,0.686,AUCUNE,IMMOBILIER,0
SERVICES,Marrakech-Safi,40,SALARIE_CDI,9018,5750,51650,48,15,5,0,0.715,AUCUNE,IMMOBILIER,0
TECH,Guelmim-Oued Noun,61,SALARIE_CDI,6730,2921,81444,12,42,1,1,0.438,HYPOTHEQUE,CONSOMMATION,0
SERVICES,Marrakech-Safi,71,SALARIE_CDI,4455,1842,8063,48,45,0,1,0.396,CAUTION,CONSOMMATION,0
COMMERCE,Dakhla-Oued Ed-Dahab,31,SALARIE_CDI,4319,2107,118426,24,4,2,0,0.442,HYPOTHEQUE,PROFESSIONNEL,0
INDUSTRIE,Souss-Massa,57,FONCTIONNAIRE,15556,4043,20478,120,37,3,0,0.319,AUCUNE,PROFESSIONNEL,0
COMMERCE,Dakhla-Oued Ed-Dahab,36,SALARIE_CDI,4184,1441,29884,24,14,5,2,0.335,AUCUNE,IMMOBILIER,1
INDUSTRIE,Marrakech-Safi,63,INDEPENDANT,6647,3748,36909,24,37,4,0,0.555,CAUTION,AUTO,0
SERVICES,Souss-Massa,53,FONCTIONNAIRE,8690,1781,7948,60,30,1,0,0.258,AUCUNE,CONSOMMATION,1
SERVICES,Rabat-Salé-Kénitra,63,SALARIE_CDI,2513,954,26831,12,42,0,1,0.417,AUCUNE,CONSOMMATION,0
SERVICES,Laâyoune-Sakia El Hamra,58,INDEPENDANT,4616,1421,72725,60,39,3,4,0.295,HYPOTHEQUE,IMMOBILIER,1
SERVICES,Béni Mellal-Khénifra,58,FONCTIONNAIRE,4437,1958,56500,60,35,2,1,0.445,CAUTION,CONSOMMATION,1
AGRICULTURE,Casablanca-Settat,23,SALARIE_CDD,6006,1470,25583,48,1,2,1,0.256,CAUTION,CONSOMMATION,0
SERVICES,Drâa-Tafilalet,71,FONCTIONNAIRE,9103,5590,42156,48,45,0,3,0.615,AUCUNE,IMMOBILIER,0
INDUSTRIE,Laâyoune-Sakia El Hamra,28,FONCTIONNAIRE,12868,7024,50165,84,7,3,0,0.602,NANTISSEMENT,CONSOMMATION,1
SERVICES,Drâa-Tafilalet,42,FONCTIONNAIRE,6011,1146,30298,60,15,2,1,0.214,NANTISSEMENT,CONSOMMATION,1
TECH,Guelmim-Oued Noun,50,RETRAITE,6583,2060,51264,84,26,0,0,0.295,CAUTION,CONSOMMATION,0
AGRICULTURE,Fès-Meknès,71,SALARIE_CDD,7679,1318,20737,120,45,2,1,0.233,AUCUNE,IMMOBILIER,0
TECH,Souss-Massa,57,SALARIE_CDD,5639,1193,18737,24,39,0,1,0.179,CAUTION,AUTO,0
COMMERCE,Laâyoune-Sakia El Hamra,29,INDEPENDANT,9779,3538,29499,120,2,1,2,0.355,HYPOTHEQUE,PROFESSIONNEL,1
TECH,Béni Mellal-Khénifra,36,FONCTIONNAIRE,9916,3121,6701,48,15,3,1,0.301,CAUTION,IMMOBILIER,0
INDUSTRIE,Béni Mellal-Khénifra,30,RETRAITE,2500,1026,59000,36,3,2,1,0.389,HYPOTHEQUE,CONSOMMATION,1
TECH,Guelmim-Oued Noun,55,INDEPENDANT,10805,3192,38492,84,28,0,0,0.278,HYPOTHEQUE,IMMOBILIER,1
TECH,Béni Mellal-Khénifra,63,FONCTIONNAIRE,8580,2712,31085,60,43,1,0,0.362,AUCUNE,IMMOBILIER,0
SERVICES,Rabat-Salé-Kénitra,62,FONCTIONNAIRE,9104,5727,63423,60,41,0,0,0.631,HYPOTHEQUE,CONSOMMATION,0
COMMERCE,Marrakech-Safi,65,SALARIE_CDD,13778,8094,47619,48,40,5,0,0.671,AUCUNE,PROFESSIONNEL,1
SERVICES,Guelmim-Oued Noun,62,SALARIE_CDI,3627,568,76471,12,39,2,1,0.13,AUCUNE,IMMOBILIER,1
SERVICES,Marrakech-Safi,74,SALARIE_CDD,4606,2078,109742,48,45,1,0,0.42,CAUTION,AUTO,1
TECH,Béni Mellal-Khénifra,75,SALARIE_CDI,7851,1736,45770,84,45,2,0,0.155,CAUTION,CONSOMMATION,0
SERVICES,Souss-Massa,35,FONCTIONNAIRE,2851,1553,21942,84,11,3,2,0.478,HYPOTHEQUE,CONSOMMATION,0
TECH,Béni Mellal-Khénifra,37,FONCTIONNAIRE,7367,4184,60320,12,13,0,0,0.528,HYPOTHEQUE,PROFESSIONNEL,1
AGRICULTURE,Marrakech-Safi,21,RETRAITE,11858,5694,21993,24,0,2,1,0.439,AUCUNE,IMMOBILIER,1
COMMERCE,Fès-Meknès,34,SALARIE_CDI,9686,4713,21299,84,11,2,1,0.457,CAUTION,CONSOMMATION,1
INDUSTRIE,Drâa-Tafilalet,49,SALARIE_CDD,8396,4834,29588,12,31,2,0,0.582,AUCUNE,IMMOBILIER,0
COMMERCE,Marrakech-Safi,59,SALARIE_CDD,7297,1466,81690,120,38,5,0,0.159,AUCUNE,AUTO,0
TECH,Fès-Meknès,73,FONCTIONNAIRE,6684,3368,61398,60,45,2,2,0.585,CAUTION,CONSOMMATION,0
SERVICES,Dakhla-Oued Ed-Dahab,55,SALARIE_CDI,6513,1368,67514,84,30,1,0,0.204,NANTISSEMENT,IMMOBILIER,0
SERVICES,Rabat-Salé-Kénitra,79,SALARIE_CDD,8982,1537,39578,36,45,5,0,0.21,CAUTION,CONSOMMATION,0
COMMERCE,Oriental,52,FONCTIONNAIRE,4032,1892,54100,60,28,5,1,0.424,NANTISSEMENT,PROFESSIONNEL,1
AGRICULTURE,Rabat-Salé-Kénitra,72,SALARIE_CDI,15653,4477,55305,36,45,3,2,0.265,AUCUNE,IMMOBILIER,0
INDUSTRIE,Drâa-Tafilalet,68,FONCTIONNAIRE,5814,1005,22431,12,44,4,2,0.187,NANTISSEMENT,CONSOMMATION,1
INDUSTRIE,Rabat-Salé-Kénitra,48,SALARIE_CDI,10415,1891,54819,12,24,0,2,0.201,AUCUNE,CONSOMMATION,0
AGRICULTURE,Oriental,72,SALARIE_CDD,8401,5375,36216,24,45,3,0,0.683,CAUTION,PROFESSIONNEL,1
SERVICES,Souss-Massa,72,INDEPENDANT,4822,1261,27351,120,45,5,2,0.195,CAUTION,IMMOBILIER,1
SERVICES,Drâa-Tafilalet,37,SALARIE_CDI,14497,5131,28286,12,10,0,0,0.484,HYPOTHEQUE,AUTO,0
COMMERCE,Casablanca-Settat,31,SALARIE_CDI,13183,3734,24669,84,5,3,0,0.362,CAUTION,IMMOBILIER,1
SERVICES,Oriental,25,RETRAITE,3997,2469,29832,48,0,0,0,0.628,AUCUNE,IMMOBILIER,0
SERVICES,Oriental,76,SALARIE_CDI,7839,1465,36110,84,45,0,0,0.203,AUCUNE,CONSOMMATION,0
COMMERCE,Marrakech-Safi,45,SALARIE_CDD,8896,3751,57844,60,27,3,1,0.431,AUCUNE,PROFESSIONNEL,0
COMMERCE,Fès-Meknès,53,SALARIE_CDD,3190,1241,104454,48,31,2,1,0.34,CAUTION,PROFESSIONNEL,0
COMMERCE,Drâa-Tafilalet,35,FONCTIONNAIRE,3121,1548,54065,120,8,2,1,0.427,AUCUNE,CONSOMMATION,0
INDUSTRIE,Oriental,42,FONCTIONNAIRE,5568,3336,39419,12,21,0,0,0.541,AUCUNE,CONSOMMATION,1
COMMERCE,Oriental,43,FONCTIONNAIRE,4487,674,8954,48,22,1,0,0.086,HYPOTHEQUE,IMMOBILIER,0
COMMERCE,Dakhla-Oued Ed-Dahab,54,RETRAITE,5067,802,197452,120,28,3,1,0.242,HYPOTHEQUE,PROFESSIONNEL,0
TECH,Tanger-Tétouan-Al Hoceïma,29,SALARIE_CDD,4488,1520,22124,60,11,2,0,0.313,AUCUNE,PROFESSIONNEL,0
TECH,Laâyoune-Sakia El Hamra,67,SALARIE_CDD,7669,2690,22631,24,42,2,0,0.405,CAUTION,CONSOMMATION,0
COMMERCE,Dakhla-Oued Ed-Dahab,42,RETRAITE,5423,3228,87985,24,19,5,0,0.582,AUCUNE,PROFESSIONNEL,1
AGRICULTURE,Oriental,33,SALARIE_CDI,13377,3872,16800,84,13,0,0,0.282,AUCUNE,AUTO,1
TECH,Marrakech-Safi,18,RETRAITE,8788,5046,47110,60,0,2,0,0.561,HYPOTHEQUE,IMMOBILIER,0
SERVICES,Souss-Massa,24,RETRAITE,11585,2255,26264,48,3,3,0,0.165,AUCUNE,IMMOBILIER,1
AGRICULTURE,Casablanca-Settat,34,RETRAITE,3791,715,30428,12,8,3,3,0.275,CAUTION,IMMOBILIER,0
AGRICULTURE,Drâa-Tafilalet,64,SALARIE_CDI,6108,3192,37601,24,40,1,1,0.528,HYPOTHEQUE,IMMOBILIER,0
INDUSTRIE,Fès-Meknès,71,FONCTIONNAIRE,8615,4577,15748,48,45,3,0,0.601,CAUTION,CONSOMMATION,0
SERVICES,Dakhla-Oued Ed-Dahab,78,INDEPENDANT,9935,1960,33308,48,45,4,0,0.208,HYPOTHEQUE,IMMOBILIER,0
COMMERCE,Béni Mellal-Khénifra,36,SALARIE_CDI,6054,3914,74471,60,11,3,0,0.717,CAUTION,PROFESSIONNEL,0
INDUSTRIE,Souss-Massa,58,FONCTIONNAIRE,6467,1230,34467,60,36,5,2,0.194,HYPOTHEQUE,IMMOBILIER,0
TECH,Marrakech-Safi,34,SALARIE_CDI,6794,4023,420417,48,10,4,0,0.578,NANTISSEMENT,IMMOBILIER,1
COMMERCE,Rabat-Salé-Kénitra,26,SALARIE_CDI,7087,1750,38721,60,0,1,4,0.173,CAUTION,PROFESSIONNEL,1
SERVICES,Drâa-Tafilalet,52,INDEPENDANT,21459,3455,15715,60,30,3,4,0.198,HYPOTHEQUE,PROFESSIONNEL,1
SERVICES,Guelmim-Oued Noun,58,RETRAITE,9330,5387,25208,84,33,1,0,0.654,CAUTION,CONSOMMATION,0
AGRICULTURE,Fès-Meknès,65,SALARIE_CDI,8250,1998,9375,36,39,1,3,0.291,AUCUNE,PROFESSIONNEL,0
SERVICES,Casablanca-Settat,25,SALARIE_CDI,4598,1907,77213,12,0,0,0,0.393,CAUTION,IMMOBILIER,1
TECH,Fès-Meknès,65,FONCTIONNAIRE,4648,2619,111728,120,43,4,0,0.603,AUCUNE,IMMOBILIER,0
INDUSTRIE,Guelmim-Oued Noun,37,SALARIE_CDI,7362,1674,65517,120,17,2,3,0.174,AUCUNE,PROFESSIONNEL,0
INDUSTRIE,Oriental,35,FONCTIONNAIRE,13476,7015,20169,24,15,4,1,0.47,HYPOTHEQUE,AUTO,1
COMMERCE,Rabat-Salé-Kénitra,19,INDEPENDANT,7409,3080,19718,84,1,5,1,0.381,AUCUNE,CONSOMMATION,1
SERVICES,Rabat-Salé-Kénitra,30,SALARIE_CDD,7553,2099,60818,36,8,1,0,0.244,HYPOTHEQUE,PROFESSIONNEL,1
COMMERCE,Rabat-Salé-Kénitra,48,INDEPENDANT,5797,990,25219,84,26,0,0,0.2,HYPOTHEQUE,AUTO,0
COMMERCE,Guelmim-Oued Noun,29,SALARIE_CDI,3701,1042,19881,24,8,4,2,0.323,CAUTION,CONSOMMATION,1
SERVICES,Guelmim-Oued Noun,38,SALARIE_CDI,9864,3575,18385,36,14,1,0,0.342,AUCUNE,PROFESSIONNEL,0
INDUSTRIE,Tanger-Tétouan-Al Hoceïma,51,INDEPENDANT,7227,2414,134368,48,30,4,5,0.413,AUCUNE,AUTO,0
TECH,Drâa-Tafilalet,24,SALARIE_CDI,9904,5036,26242,60,2,4,2,0.483,CAUTION,IMMOBILIER,1
TECH,Casablanca-Settat,73,SALARIE_CDI,8687,3083,65002,36,45,4,0,0.413,AUCUNE,CONSOMMATION,1
COMMERCE,Oriental,37,FONCTIONNAIRE,5251,1786,53354,60,16,3,1,0.322,CAUTION,CONSOMMATION,0
TECH,Fès-Meknès,65,SALARIE_CDI,8968,4987,20049,36,45,1,0,0.557,HYPOTHEQUE,IMMOBILIER,1
SERVICES,Guelmim-Oued Noun,58,SALARIE_CDD,4532,1731,37361,36,38,1,2,0.385,HYPOTHEQUE,CONSOMMATION,1
SERVICES,Souss-Massa,65,INDEPENDANT,8936,5744,18019,84,43,3,2,0.685,CAUTION,CONSOMMATION,0
COMMERCE,Laâyoune-Sakia El Hamra,36,SALARIE_CDI,7877,3444,100064,24,10,1,0,0.427,CAUTION,IMMOBILIER,1
COMMERCE,Oriental,28,SALARIE_CDD,16208,10026,19196,84,10,2,0,0.535,AUCUNE,CONSOMMATION,1
TECH,Souss-Massa,27,SALARIE_CDI,5486,3243,46896,60,8,0,1,0.63,CAUTION,CONSOMMATION,1
SERVICES,Dakhla-Oued Ed-Dahab,32,INDEPENDANT,4460,1592,25695,60,12,1,1,0.357,AUCUNE,PROFESSIONNEL,1
COMMERCE,Dakhla-Oued Ed-Dahab,52,SALARIE_CDD,6728,3070,19007,84,34,0,0,0.543,AUCUNE,IMMOBILIER,1
COMMERCE,Souss-Massa,57,INDEPENDANT,10658,2349,77197,84,30,1,0,0.156,AUCUNE,IMMOBILIER,0
SERVICES,Tanger-Tétouan-Al Hoceïma,65,SALARIE_CDI,2500,1034,25215,36,45,2,0,0.403,AUCUNE,CONSOMMATION,1
COMMERCE,Béni Mellal-Khénifra,78,INDEPENDANT,12016,4350,10090,36,45,0,1,0.281,NANTISSEMENT,PROFESSIONNEL,0
COMMERCE,Marrakech-Safi,70,INDEPENDANT,7377,2891,48875,120,45,0,0,0.397,AUCUNE,CONSOMMATION,0
SERVICES,Tanger-Tétouan-Al Hoceïma,40,INDEPENDANT,4847,1174,22131,48,14,4,0,0.247,AUCUNE,PROFESSIONNEL,0
INDUSTRIE,Laâyoune-Sakia El Hamra,47,INDEPENDANT,6867,4004,40551,120,24,1,0,0.653,CAUTION,CONSOMMATION,0
SERVICES,Laâyoune-Sakia El Hamra,78,SALARIE_CDI,5805,1103,66124,120,45,2,3,0.214,CAUTION,PROFESSIONNEL,1
AGRICULTURE,Tanger-Tétouan-Al Hoceïma,62,SALARIE_CDD,4669,2524,46613,84,38,5,0,0.515,CAUTION,CONSOMMATION,1
SERVICES,Tanger-Tétouan-Al Hoceïma,44,SALARIE_CDD,3387,2107,67654,84,18,0,0,0.626,CAUTION,CONSOMMATION,0
SERVICES,Laâyoune-Sakia El Hamra,70,SALARIE_CDI,11257,2287,14637,12,45,0,0,0.252,CAUTION,CONSOMMATION,0
SERVICES,Marrakech-Safi,26,SALARIE_CDD,6300,2311,84029,84,8,2,0,0.279,AUCUNE,IMMOBILIER,1
SERVICES,Casablanca-Settat,60,FONCTIONNAIRE,6794,3006,29489,48,36,4,1,0.469,CAUTION,CONSOMMATION,0
SERVICES,Casablanca-Settat,77,SALARIE_CDD,11851,7652,13378,48,45,5,0,0.61,CAUTION,CONSOMMATION,0
COMMERCE,Rabat-Salé-Kénitra,51,RETRAITE,8309,4842,6515,120,32,2,1,0.564,HYPOTHEQUE,AUTO,0
SERVICES,Laâyoune-Sakia El Hamra,56,INDEPENDANT,4017,1435,29264,24,34,1,1,0.358,AUCUNE,IMMOBILIER,0
INDUSTRIE,Casablanca-Settat,21,SALARIE_CDD,10968,6953,20945,24,0,2,4,0.558,AUCUNE,CONSOMMATION,1
SERVICES,Fès-Meknès,56,SALARIE_CDD,15799,4987,21174,24,29,3,0,0.24,AUCUNE,CONSOMMATION,0
INDUSTRIE,Béni Mellal-Khénifra,36,FONCTIONNAIRE,10162,3252,45892,12,11,5,0,0.353,NANTISSEMENT,CONSOMMATION,1
SERVICES,Béni Mellal-Khénifra,80,SALARIE_CDD,5490,2213,121078,24,45,1,0,0.382,HYPOTHEQUE,IMMOBILIER,0
COMMERCE,Guelmim-Oued Noun,38,SALARIE_CDI,4177,2255,19319,48,17,3,0,0.538,HYPOTHEQUE,AUTO,0
COMMERCE,Dakhla-Oued Ed-Dahab,37,FONCTIONNAIRE,5401,1329,38732,36,15,5,0,0.257,AUCUNE,CONSOMMATION,1
TECH,Tanger-Tétouan-Al Hoceïma,42,FONCTIONNAIRE,8488,4424,24405,24,22,0,0,0.459,AUCUNE,CONSOMMATION,0
SERVICES,Marrakech-Safi,61,SALARIE_CDD,15395,2330,18199,120,38,3,0,0.114,HYPOTHEQUE,AUTO,0
TECH,Rabat-Salé-Kénitra,77,SALARIE_CDI,5758,1619,17834,84,45,4,2,0.236,CAUTION,AUTO,1
COMMERCE,Laâyoune-Sakia El Hamra,39,SALARIE_CDI,6051,3856,114645,24,18,2,0,0.521,CAUTION,IMMOBILIER,0
SERVICES,Tanger-Tétouan-Al Hoceïma,31,SALARIE_CDD,12831,6136,36654,120,10,3,2,0.468,AUCUNE,IMMOBILIER,1
INDUSTRIE,Laâyoune-Sakia El Hamra,66,SALARIE_CDI,6665,2541,31791,60,39,5,2,0.373,CAUTION,IMMOBILIER,0
TECH,Tanger-Tétouan-Al Hoceïma,52,INDEPENDANT,17523,9040,22478,48,34,4,0,0.54,HYPOTHEQUE,CONSOMMATION,1
INDUSTRIE,Guelmim-Oued Noun,46,FONCTIONNAIRE,7581,2787,38066,36,20,3,0,0.385,HYPOTHEQUE,CONSOMMATION,1
INDUSTRIE,Béni Mellal-Khénifra,80,SALARIE_CDI,13705,2787,23234,84,45,0,0,0.117,AUCUNE,CONSOMMATION,0
COMMERCE,Drâa-Tafilalet,49,RETRAITE,9626,3839,140228,48,29,1,2,0.313,NANTISSEMENT,CONSOMMATION,1
SERVICES,Béni Mellal-Khénifra,56,FONCTIONNAIRE,11139,6992,43316,84,36,1,1,0.597,AUCUNE,IMMOBILIER,1
AGRICULTURE,Fès-Meknès,79,SALARIE_CDI,7482,2142,40039,48,45,4,0,0.297,NANTISSEMENT,CONSOMMATION,1
SERVICES,Rabat-Salé-Kénitra,31,INDEPENDANT,7706,1360,39410,60,5,5,0,0.151,AUCUNE,CONSOMMATION,1
SERVICES,Casablanca-Settat,74,INDEPENDANT,9784,5094,90714,84,45,3,2,0.482,AUCUNE,CONSOMMATION,0
SERVICES,Souss-Massa,78,FONCTIONNAIRE,11605,4377,35759,12,45,2,0,0.443,HYPOTHEQUE,PROFESSIONNEL,0
INDUSTRIE,Laâyoune-Sakia El Hamra,47,SALARIE_CDI,10267,3258,26016,12,28,5,2,0.346,AUCUNE,CONSOMMATION,1
AGRICULTURE,Béni Mellal-Khénifra,39,INDEPENDANT,3658,1440,40650,84,19,3,0,0.429,CAUTION,CONSOMMATION,0
TECH,Drâa-Tafilalet,28,SALARIE_CDI,9099,5596,63192,36,4,4,0,0.632,HYPOTHEQUE,PROFESSIONNEL,1
AGRICULTURE,Fès-Meknès,21,SALARIE_CDD,6030,1659,83123,84,0,3,0,0.22,CAUTION,IMMOBILIER,0
COMMERCE,Souss-Massa,79,INDEPENDANT,6338,1586,42214,36,45,5,0,0.287,CAUTION,CONSOMMATION,0
INDUSTRIE,Tanger-Tétouan-Al Hoceïma,45,INDEPENDANT,9955,4151,42641,12,26,3,1,0.543,HYPOTHEQUE,PROFESSIONNEL,1
INDUSTRIE,Rabat-Salé-Kénitra,60,FONCTIONNAIRE,17397,6640,72760,48,35,2,2,0.412,HYPOTHEQUE,IMMOBILIER,1
SERVICES,Béni Mellal-Khénifra,33,SALARIE_CDI,7300,1642,5357,120,6,4,1,0.22,NANTISSEMENT,CONSOMMATION,0
AGRICULTURE,Tanger-Tétouan-Al Hoceïma,38,SALARIE_CDI,19689,8670,38629,120,17,0,0,0.364,HYPOTHEQUE,IMMOBILIER,0
COMMERCE,Tanger-Tétouan-Al Hoceïma,69,INDEPENDANT,4946,2163,24122,48,45,1,1,0.399,HYPOTHEQUE,CONSOMMATION,1
INDUSTRIE,Béni Mellal-Khénifra,59,INDEPENDANT,14105,6386,37821,60,39,0,0,0.487,AUCUNE,CONSOMMATION,0
COMMERCE,Casablanca-Settat,31,INDEPENDANT,9836,3509,46583,84,5,5,0,0.389,HYPOTHEQUE,PROFESSIONNEL,1
TECH,Dakhla-Oued Ed-Dahab,18,SALARIE_CDI,8900,2626,86812,36,0,5,0,0.243,HYPOTHEQUE,PROFESSIONNEL,0
SERVICES,Marrakech-Safi,69,RETRAITE,15100,4744,13778,60,45,0,2,0.338,HYPOTHEQUE,CONSOMMATION,0
COMMERCE,Drâa-Tafilalet,23,SALARIE_CDI,6085,3451,21950,120,2,1,2,0.519,HYPOTHEQUE,CONSOMMATION,0
TECH,Guelmim-Oued Noun,20,SALARIE_CDI,14399,6660,19485,84,1,2,1,0.506,CAUTION,CONSOMMATION,0
TECH,Rabat-Salé-Kénitra,36,INDEPENDANT,7378,2575,23747,48,9,5,0,0.379,CAUTION,PROFESSIONNEL,0
SERVICES,Marrakech-Safi,76,SALARIE_CDD,6070,2772,13917,12,45,5,2,0.506,CAUTION,PROFESSIONNEL,1
SERVICES,Tanger-Tétouan-Al Hoceïma,58,FONCTIONNAIRE,4460,1449,162139,60,36,3,0,0.3,CAUTION,PROFESSIONNEL,1
COMMERCE,Guelmim-Oued Noun,20,FONCTIONNAIRE,16538,9614,66804,60,0,3,0,0.618,AUCUNE,CONSOMMATION,0
TECH,Béni Mellal-Khénifra,75,INDEPENDANT,13542,6958,21104,48,45,1,0,0.52,HYPOTHEQUE,CONSOMMATION,1
AGRICULTURE,Souss-Massa,77,SALARIE_CDI,6535,1310,36712,36,45,2,2,0.22,AUCUNE,CONSOMMATION,0
COMMERCE,Laâyoune-Sakia El Hamra,61,SALARIE_CDI,10357,1844,26787,48,43,5,0,0.181,HYPOTHEQUE,PROFESSIONNEL,0
SERVICES,Souss-Massa,22,FONCTIONNAIRE,8578,1430,40509,36,0,5,4,0.123,CAUTION,CONSOMMATION,1
SERVICES,Laâyoune-Sakia El Hamra,18,INDEPENDANT,6913,1132,21218,12,0,3,1,0.18,AUCUNE,IMMOBILIER,0
COMMERCE,Guelmim-Oued Noun,72,RETRAITE,12508,4984,12505,12,45,0,2,0.421,CAUTION,IMMOBILIER,0
SERVICES,Marrakech-Safi,69,SALARIE_CDD,6115,1470,24329,36,45,1,0,0.185,HYPOTHEQUE,PROFESSIONNEL,0
COMMERCE,Tanger-Tétouan-Al Hoceïma,70,INDEPENDANT,3022,1473,95504,48,45,2,0,0.516,CAUTION,CONSOMMATION,0
TECH,Casablanca-Settat,48,SALARIE_CDD,9108,3565,12842,12,26,1,0,0.417,AUCUNE,IMMOBILIER,0
INDUSTRIE,Marrakech-Safi,55,SALARIE_CDI,8350,1643,78275,84,28,5,2,0.163,AUCUNE,AUTO,1
INDUSTRIE,Casablanca-Settat,28,SALARIE_CDI,6204,949,53743,12,7,3,0,0.166,CAUTION,IMMOBILIER,0
SERVICES,Rabat-Salé-Kénitra,20,SALARIE_CDI,5423,913,27454,24,0,4,0,0.138,CAUTION,PROFESSIONNEL,1
SERVICES,Casablanca-Settat,31,SALARIE_CDI,4017,1674,61392,120,9,4,1,0.446,NANTISSEMENT,CONSOMMATION,1
COMMERCE,Drâa-Tafilalet,57,SALARIE_CDI,6883,3051,42025,24,37,2,0,0.399,HYPOTHEQUE,CONSOMMATION,1
INDUSTRIE,Tanger-Tétouan-Al Hoceïma,43,SALARIE_CDI,5465,1784,8134,24,19,4,1,0.393,HYPOTHEQUE,CONSOMMATION,1
SERVICES,Souss-Massa,56,INDEPENDANT,12506,2369,27360,120,29,5,1,0.253,CAUTION,PROFESSIONNEL,0
SERVICES,Guelmim-Oued Noun,45,SALARIE_CDI,10223,6311,27927,12,26,2,0,0.658,AUCUNE,CONSOMMATION,1
SERVICES,Guelmim-Oued Noun,53,INDEPENDANT,6516,2299,99857,24,26,4,0,0.45,AUCUNE,IMMOBILIER,1
COMMERCE,Oriental,77,INDEPENDANT,10252,3738,27431,48,45,3,2,0.436,CAUTION,CONSOMMATION,0
COMMERCE,Souss-Massa,57,SALARIE_CDD,7721,2631,31332,36,33,5,0,0.388,HYPOTHEQUE,PROFESSIONNEL,0
COMMERCE,Béni Mellal-Khénifra,78,INDEPENDANT,7178,1290,16109,60,45,4,1,0.258,NANTISSEMENT,PROFESSIONNEL,1
COMMERCE,Tanger-Tétouan-Al Hoceïma,78,SALARIE_CDI,7906,3994,34742,120,45,3,1,0.499,AUCUNE,IMMOBILIER,1
SERVICES,Souss-Massa,56,SALARIE_CDI,17981,8674,15800,48,35,4,1,0.455,AUCUNE,CONSOMMATION,1
COMMERCE,Fès-Meknès,80,INDEPENDANT,10827,2514,77670,36,45,0,0,0.281,AUCUNE,PROFESSIONNEL,0
SERVICES,Marrakech-Safi,33,FONCTIONNAIRE,7085,2014,27055,36,11,5,0,0.279,NANTISSEMENT,PROFESSIONNEL,1
AGRICULTURE,Marrakech-Safi,50,SALARIE_CDD,12115,5130,15774,36,28,5,2,0.47,CAUTION,IMMOBILIER,0
SERVICES,Béni Mellal-Khénifra,22,INDEPENDANT,11920,4034,85636,60,0,4,1,0.3,NANTISSEMENT,PROFESSIONNEL,0
INDUSTRIE,Guelmim-Oued Noun,23,INDEPENDANT,9108,5911,14556,12,3,4,0,0.616,NANTISSEMENT,IMMOBILIER,1
SERVICES,Souss-Massa,26,SALARIE_CDD,6989,2783,43423,24,8,2,0,0.325,AUCUNE,CONSOMMATION,0
TECH,Rabat-Salé-Kénitra,26,SALARIE_CDI,6785,4011,12822,84,8,3,0,0.536,CAUTION,AUTO,1
SERVICES,Béni Mellal-Khénifra,43,INDEPENDANT,4995,1260,44583,48,21,0,1,0.269,CAUTION,PROFESSIONNEL,0
AGRICULTURE,Laâyoune-Sakia El Hamra,63,RETRAITE,8789,3763,76672,84,45,0,2,0.358,AUCUNE,PROFESSIONNEL,0
SERVICES,Oriental,80,FONCTIONNAIRE,6158,1915,23069,84,45,2,2,0.261,HYPOTHEQUE,PROFESSIONNEL,1
TECH,Casablanca-Settat,79,INDEPENDANT,6657,4109,15901,24,45,5,0,0.577,HYPOTHEQUE,CONSOMMATION,1
COMMERCE,Casablanca-Settat,29,FONCTIONNAIRE,10730,4567,16251,36,4,3,1,0.405,AUCUNE,AUTO,1
SERVICES,Oriental,45,SALARIE_CDI,17313,8258,34935,60,25,3,0,0.481,AUCUNE,IMMOBILIER,0
SERVICES,Laâyoune-Sakia El Hamra,45,INDEPENDANT,9589,1803,140028,60,20,5,0,0.286,CAUTION,CONSOMMATION,1
INDUSTRIE,Casablanca-Settat,24,FONCTIONNAIRE,7729,3044,76693,12,5,0,0,0.434,HYPOTHEQUE,IMMOBILIER,1
TECH,Guelmim-Oued Noun,20,FONCTIONNAIRE,8035,3533,82400,48,0,0,1,0.41,HYPOTHEQUE,CONSOMMATION,0
TECH,Guelmim-Oued Noun,40,FONCTIONNAIRE,13522,3992,17172,24,22,2,1,0.296,NANTISSEMENT,CONSOMMATION,0
SERVICES,Casablanca-Settat,71,FONCTIONNAIRE,9648,4997,78264,48,45,1,1,0.491,CAUTION,CONSOMMATION,1
INDUSTRIE,Marrakech-Safi,42,SALARIE_CDI,8841,3389,72471,84,19,5,0,0.428,AUCUNE,PROFESSIONNEL,0
SERVICES,Casablanca-Settat,42,FONCTIONNAIRE,9128,3931,44959,24,18,1,0,0.459,AUCUNE,PROFESSIONNEL,1
SERVICES,Oriental,80,SALARIE_CDI,4260,1408,23340,120,45,3,0,0.303,AUCUNE,AUTO,1
COMMERCE,Marrakech-Safi,41,SALARIE_CDI,9660,4717,71721,36,23,0,1,0.508,CAUTION,CONSOMMATION,0
INDUSTRIE,Laâyoune-Sakia El Hamra,61,SALARIE_CDI,5465,1102,22595,84,34,4,0,0.224,AUCUNE,PROFESSIONNEL,0
SERVICES,Rabat-Salé-Kénitra,79,SALARIE_CDI,9677,3901,57530,24,45,5,0,0.406,HYPOTHEQUE,CONSOMMATION,1
TECH,Béni Mellal-Khénifra,25,INDEPENDANT,5821,3480,27820,84,1,3,0,0.617,AUCUNE,CONSOMMATION,0
TECH,Guelmim-Oued Noun,50,SALARIE_CDI,10573,2829,18217,84,29,2,0,0.296,HYPOTHEQUE,PROFESSIONNEL,0
TECH,Marrakech-Safi,39,SALARIE_CDD,7564,4419,27346,60,12,3,0,0.691,AUCUNE,CONSOMMATION,0
SERVICES,Fès-Meknès,25,INDEPENDANT,4840,2868,143995,120,6,2,0,0.652,AUCUNE,AUTO,0
AGRICULTURE,Guelmim-Oued Noun,21,INDEPENDANT,7110,1886,16057,12,3,4,0,0.217,AUCUNE,IMMOBILIER,0
COMMERCE,Rabat-Salé-Kénitra,58,INDEPENDANT,21865,4162,72698,120,33,0,0,0.203,HYPOTHEQUE,IMMOBILIER,0
COMMERCE,Souss-Massa,59,RETRAITE,2914,1551,65394,48,39,1,5,0.639,CAUTION,AUTO,1
SERVICES,Fès-Meknès,53,FONCTIONNAIRE,8733,5496,31918,24,28,3,0,0.648,HYPOTHEQUE,IMMOBILIER,0
AGRICULTURE,Casablanca-Settat,60,INDEPENDANT,5142,1429,24675,60,35,2,0,0.37,AUCUNE,CONSOMMATION,0
COMMERCE,Souss-Massa,63,SALARIE_CDD,15057,9132,15156,48,44,5,1,0.738,HYPOTHEQUE,PROFESSIONNEL,1
TECH,Souss-Massa,21,SALARIE_CDI,11700,2973,89503,84,0,5,0,0.208,AUCUNE,CONSOMMATION,1
COMMERCE,Tanger-Tétouan-Al Hoceïma,20,SALARIE_CDD,8810,2904,15792,84,0,5,0,0.326,HYPOTHEQUE,AUTO,1
TECH,Guelmim-Oued Noun,39,INDEPENDANT,12245,7261,5157,60,18,1,2,0.597,CAUTION,IMMOBILIER,0
COMMERCE,Rabat-Salé-Kénitra,53,FONCTIONNAIRE,9046,2732,45052,84,31,1,2,0.237,NANTISSEMENT,IMMOBILIER,0
AGRICULTURE,Souss-Massa,74,INDEPENDANT,8125,4289,14108,36,45,2,1,0.597,CAUTION,IMMOBILIER,0
SERVICES,Marrakech-Safi,79,FONCTIONNAIRE,6189,1383,33631,24,45,4,0,0.241,HYPOTHEQUE,PROFESSIONNEL,0
SERVICES,Guelmim-Oued Noun,70,INDEPENDANT,6888,2338,14176,60,45,0,1,0.257,HYPOTHEQUE,PROFESSIONNEL,0
TECH,Oriental,36,SALARIE_CDI,6576,4080,24175,24,11,4,0,0.637,CAUTION,IMMOBILIER,0
COMMERCE,Drâa-Tafilalet,54,SALARIE_CDI,8141,2142,38123,84,27,5,1,0.224,CAUTION,IMMOBILIER,1
COMMERCE,Rabat-Salé-Kénitra,25,FONCTIONNAIRE,3458,1732,43918,120,2,5,1,0.5,CAUTION,IMMOBILIER,1
COMMERCE,Souss-Massa,48,SALARIE_CDI,12879,7853,92701,48,25,1,0,0.485,NANTISSEMENT,PROFESSIONNEL,1
COMMERCE,Casablanca-Settat,24,INDEPENDANT,19460,10557,36351,84,5,2,2,0.533,CAUTION,AUTO,0
TECH,Fès-Meknès,80,SALARIE_CDI,6671,4163,39145,36,45,3,1,0.666,HYPOTHEQUE,PROFESSIONNEL,1
INDUSTRIE,Dakhla-Oued Ed-Dahab,46,SALARIE_CDI,13749,8550,30703,120,19,1,1,0.601,HYPOTHEQUE,AUTO,0
TECH,Drâa-Tafilalet,63,FONCTIONNAIRE,7629,1578,69339,12,42,2,1,0.118,HYPOTHEQUE,AUTO,0
SERVICES,Casablanca-Settat,24,SALARIE_CDI,6179,2786,16453,120,2,2,2,0.448,HYPOTHEQUE,IMMOBILIER,1
COMMERCE,Tanger-Tétouan-Al Hoceïma,78,FONCTIONNAIRE,6824,2480,26734,48,45,2,1,0.353,HYPOTHEQUE,IMMOBILIER,0
AGRICULTURE,Laâyoune-Sakia El Hamra,51,SALARIE_CDI,8422,4138,36283,120,31,2,1,0.57,CAUTION,IMMOBILIER,0
SERVICES,Marrakech-Safi,22,SALARIE_CDI,5857,3053,19258,60,4,1,0,0.543,CAUTION,IMMOBILIER,0
INDUSTRIE,Guelmim-Oued Noun,41,INDEPENDANT,10644,2902,96475,84,15,2,0,0.261,HYPOTHEQUE,PROFESSIONNEL,0
INDUSTRIE,Fès-Meknès,31,SALARIE_CDD,6415,3528,45386,36,11,5,3,0.49,HYPOTHEQUE,PROFESSIONNEL,1
COMMERCE,Souss-Massa,22,FONCTIONNAIRE,4999,1773,15399,60,0,1,0,0.352,HYPOTHEQUE,IMMOBILIER,0
INDUSTRIE,Laâyoune-Sakia El Hamra,19,SALARIE_CDI,8031,3842,48331,84,0,1,0,0.575,CAUTION,PROFESSIONNEL,0
SERVICES,Drâa-Tafilalet,62,FONCTIONNAIRE,5930,2158,90859,84,43,1,1,0.383,HYPOTHEQUE,IMMOBILIER,1
AGRICULTURE,Fès-Meknès,72,SALARIE_CDD,6993,2259,21943,120,45,2,0,0.356,CAUTION,AUTO,0
SERVICES,Casablanca-Settat,59,SALARIE_CDI,7907,3929,94196,12,37,0,0,0.373,AUCUNE,CONSOMMATION,0
COMMERCE,Marrakech-Safi,61,INDEPENDANT,4434,1867,43470,24,35,1,3,0.467,CAUTION,IMMOBILIER,1
COMMERCE,Souss-Massa,20,FONCTIONNAIRE,15623,9006,41822,48,0,1,0,0.581,NANTISSEMENT,PROFESSIONNEL,0
SERVICES,Rabat-Salé-Kénitra,29,RETRAITE,11681,6343,84025,60,2,3,0,0.544,HYPOTHEQUE,PROFESSIONNEL,1
SERVICES,Laâyoune-Sakia El Hamra,20,INDEPENDANT,6103,3565,41881,60,0,2,1,0.593,AUCUNE,IMMOBILIER,0
AGRICULTURE,Casablanca-Settat,79,FONCTIONNAIRE,8034,4281,47725,36,45,0,2,0.543,CAUTION,CONSOMMATION,0
COMMERCE,Oriental,64,SALARIE_CDI,10787,6563,38739,12,45,3,0,0.596,CAUTION,CONSOMMATION,1
SERVICES,Dakhla-Oued Ed-Dahab,78,INDEPENDANT,8901,2032,10640,24,45,3,0,0.204,HYPOTHEQUE,CONSOMMATION,0
TECH,Tanger-Tétouan-Al Hoceïma,75,FONCTIONNAIRE,18881,8879,48439,84,45,3,2,0.4,AUCUNE,AUTO,1
COMMERCE,Oriental,32,INDEPENDANT,7278,1392,43326,48,6,3,0,0.173,AUCUNE,IMMOBILIER,1
SERVICES,Casablanca-Settat,50,FONCTIONNAIRE,13836,5532,27833,12,29,1,0,0.455,CAUTION,PROFESSIONNEL,0
COMMERCE,Drâa-Tafilalet,58,SALARIE_CDI,4444,2581,6096,36,35,3,0,0.553,CAUTION,IMMOBILIER,1
COMMERCE,Dakhla-Oued Ed-Dahab,64,INDEPENDANT,4763,2442,56132,36,44,5,3,0.553,AUCUNE,PROFESSIONNEL,0
SERVICES,Guelmim-Oued Noun,60,INDEPENDANT,17292,7634,19886,60,34,0,2,0.388,AUCUNE,AUTO,0
TECH,Rabat-Salé-Kénitra,46,SALARIE_CDI,6672,3316,16503,84,21,4,0,0.429,AUCUNE,IMMOBILIER,1
INDUSTRIE,Tanger-Tétouan-Al Hoceïma,18,FONCTIONNAIRE,4792,1134,15440,60,0,4,3,0.215,HYPOTHEQUE,AUTO,1
INDUSTRIE,Drâa-Tafilalet,77,FONCTIONNAIRE,7931,4881,9216,120,45,1,0,0.662,AUCUNE,PROFESSIONNEL,1
SERVICES,Guelmim-Oued Noun,61,FONCTIONNAIRE,14311,3667,50171,36,40,0,0,0.183,HYPOTHEQUE,CONSOMMATION,0
TECH,Tanger-Tétouan-Al Hoceïma,70,INDEPENDANT,5747,1342,188946,84,43,3,0,0.322,AUCUNE,CONSOMMATION,0
COMMERCE,Dakhla-Oued Ed-Dahab,31,SALARIE_CDI,7952,1749,24199,12,7,5,2,0.327,HYPOTHEQUE,PROFESSIONNEL,1
AGRICULTURE,Marrakech-Safi,24,SALARIE_CDI,3517,2174,64518,36,6,4,0,0.654,HYPOTHEQUE,CONSOMMATION,0
SERVICES,Drâa-Tafilalet,74,SALARIE_CDI,6562,2496,34012,120,45,4,0,0.354,AUCUNE,CONSOMMATION,1
TECH,Souss-Massa,68,INDEPENDANT,12692,5287,44047,12,43,2,0,0.393,HYPOTHEQUE,CONSOMMATION,1
COMMERCE,Drâa-Tafilalet,70,SALARIE_CDI,5693,1933,34661,120,45,0,1,0.305,CAUTION,PROFESSIONNEL,0
INDUSTRIE,Béni Mellal-Khénifra,45,FONCTIONNAIRE,4572,748,62794,48,18,3,0,0.129,AUCUNE,CONSOMMATION,0
SERVICES,Souss-Massa,75,INDEPENDANT,5714,1048,15588,24,45,3,0,0.172,CAUTION,PROFESSIONNEL,0
TECH,Guelmim-Oued Noun,32,INDEPENDANT,6159,972,38937,12,7,3,0,0.066,AUCUNE,CONSOMMATION,0
SERVICES,Laâyoune-Sakia El Hamra,65,SALARIE_CDI,11431,4795,80368,120,42,5,0,0.437,CAUTION,AUTO,1
COMMERCE,Guelmim-Oued Noun,49,SALARIE_CDI,9613,2372,59327,24,31,4,0,0.19,HYPOTHEQUE,CONSOMMATION,0
COMMERCE,Rabat-Salé-Kénitra,28,RETRAITE,10486,3681,45636,120,2,1,3,0.308,CAUTION,CONSOMMATION,1
SERVICES,Souss-Massa,63,FONCTIONNAIRE,8207,3120,38881,120,45,4,1,0.342,HYPOTHEQUE,CONSOMMATION,0
AGRICULTURE,Drâa-Tafilalet,40,SALARIE_CDI,6131,2552,28209,24,21,0,1,0.434,AUCUNE,PROFESSIONNEL,0
TECH,Laâyoune-Sakia El Hamra,28,SALARIE_CDI,5714,3408,28370,60,1,2,0,0.652,CAUTION,CONSOMMATION,0
COMMERCE,Tanger-Tétouan-Al Hoceïma,62,INDEPENDANT,9843,1689,12243,48,41,2,0,0.121,CAUTION,IMMOBILIER,0
COMMERCE,Drâa-Tafilalet,66,INDEPENDANT,16565,6578,51649,60,40,2,0,0.457,CAUTION,PROFESSIONNEL,0
COMMERCE,Oriental,38,FONCTIONNAIRE,5306,1146,94408,12,15,0,0,0.16,HYPOTHEQUE,CONSOMMATION,0
TECH,Marrakech-Safi,78,SALARIE_CDD,5125,3143,44615,48,45,1,0,0.577,AUCUNE,IMMOBILIER,0
SERVICES,Laâyoune-Sakia El Hamra,62,INDEPENDANT,4860,2958,36741,48,42,4,0,0.653,AUCUNE,CONSOMMATION,1
INDUSTRIE,Souss-Massa,19,SALARIE_CDI,11780,2591,55235,48,0,0,1,0.137,CAUTION,IMMOBILIER,1
INDUSTRIE,Béni Mellal-Khénifra,39,INDEPENDANT,7951,1659,8243,36,21,5,2,0.181,AUCUNE,PROFESSIONNEL,1
INDUSTRIE,Fès-Meknès,79,SALARIE_CDI,10404,2132,25463,48,45,4,0,0.159,CAUTION,PROFESSIONNEL,0
INDUSTRIE,Casablanca-Settat,29,SALARIE_CDI,6447,1283,34486,24,11,2,0,0.176,CAUTION,CONSOMMATION,0
SERVICES,Souss-Massa,78,SALARIE_CDI,10702,2451,10996,36,45,1,1,0.195,HYPOTHEQUE,CONSOMMATION,0
AGRICULTURE,Drâa-Tafilalet,50,SALARIE_CDI,7119,1622,40633,48,30,5,3,0.141,CAUTION,CONSOMMATION,0
SERVICES,Fès-Meknès,60,SALARIE_CDD,4043,937,9942,60,34,5,3,0.262,AUCUNE,IMMOBILIER,0
SERVICES,Dakhla-Oued Ed-Dahab,61,INDEPENDANT,12275,2753,58911,12,40,1,0,0.242,HYPOTHEQUE,IMMOBILIER,0
INDUSTRIE,Guelmim-Oued Noun,50,SALARIE_CDD,7972,2702,42536,60,27,4,0,0.384,HYPOTHEQUE,CONSOMMATION,1
COMMERCE,Béni Mellal-Khénifra,50,FONCTIONNAIRE,7047,1952,31774,36,28,5,0,0.257,HYPOTHEQUE,PROFESSIONNEL,0
SERVICES,Guelmim-Oued Noun,53,SALARIE_CDI,9197,3297,61883,24,27,5,3,0.354,HYPOTHEQUE,CONSOMMATION,1
COMMERCE,Laâyoune-Sakia El Hamra,58,SALARIE_CDD,4231,2525,40252,120,32,1,0,0.641,HYPOTHEQUE,CONSOMMATION,1
TECH,Drâa-Tafilalet,64,FONCTIONNAIRE,9836,3206,50654,84,45,3,1,0.337,AUCUNE,CONSOMMATION,0
SERVICES,Guelmim-Oued Noun,45,FONCTIONNAIRE,6197,1817,44289,60,23,5,0,0.338,HYPOTHEQUE,IMMOBILIER,0
AGRICULTURE,Drâa-Tafilalet,45,SALARIE_CDI,7553,4586,19890,36,19,3,0,0.649,HYPOTHEQUE,CONSOMMATION,1
INDUSTRIE,Laâyoune-Sakia El Hamra,67,INDEPENDANT,13530,4205,108856,84,45,5,0,0.313,CAUTION,CONSOMMATION,0
COMMERCE,Rabat-Salé-Kénitra,65,SALARIE_CDI,10818,2283,86857,36,39,1,1,0.216,AUCUNE,AUTO,0
SERVICES,Tanger-Tétouan-Al Hoceïma,58,SALARIE_CDI,7485,3439,49026,24,37,2,0,0.456,NANTISSEMENT,CONSOMMATION,1
COMMERCE,Laâyoune-Sakia El Hamra,47,SALARIE_CDI,7743,2252,40346,48,22,5,0,0.296,NANTISSEMENT,CONSOMMATION,0
TECH,Souss-Massa,54,FONCTIONNAIRE,2560,1050,61404,48,33,0,0,0.383,CAUTION,IMMOBILIER,1
SERVICES,Casablanca-Settat,53,SALARIE_CDI,5598,2989,87738,60,30,5,4,0.551,AUCUNE,CONSOMMATION,1
SERVICES,Laâyoune-Sakia El Hamra,45,SALARIE_CDI,8736,3781,137701,36,22,1,4,0.442,HYPOTHEQUE,CONSOMMATION,1
INDUSTRIE,Béni Mellal-Khénifra,29,SALARIE_CDD,5745,3185,24858,48,9,0,0,0.524,HYPOTHEQUE,PROFESSIONNEL,0
SERVICES,Laâyoune-Sakia El Hamra,51,SALARIE_CDI,4461,1438,75514,48,27,2,2,0.342,CAUTION,CONSOMMATION,0
AGRICULTURE,Casablanca-Settat,45,SALARIE_CDI,10057,2357,34165,24,27,2,2,0.296,HYPOTHEQUE,CONSOMMATION,0
COMMERCE,Rabat-Salé-Kénitra,21,FONCTIONNAIRE,14587,5067,11773,60,3,5,4,0.348,HYPOTHEQUE,CONSOMMATION,0
COMMERCE,Oriental,78,FONCTIONNAIRE,5857,2085,65293,36,45,2,1,0.359,CAUTION,IMMOBILIER,0
AGRICULTURE,Marrakech-Safi,60,SALARIE_CDI,12013,6102,101432,36,37,4,0,0.517,HYPOTHEQUE,AUTO,0
TECH,Oriental,25,SALARIE_CDI,11228,5540,71763,120,2,1,5,0.398,CAUTION,CONSOMMATION,0
TECH,Tanger-Tétouan-Al Hoceïma,30,SALARIE_CDD,5221,1591,32262,48,10,3,0,0.287,CAUTION,IMMOBILIER,1
INDUSTRIE,Marrakech-Safi,53,RETRAITE,5840,3590,47632,48,35,4,0,0.73,HYPOTHEQUE,PROFESSIONNEL,0
INDUSTRIE,Guelmim-Oued Noun,72,INDEPENDANT,18240,5249,59231,60,45,3,0,0.29,HYPOTHEQUE,CONSOMMATION,0
INDUSTRIE,Casablanca-Settat,48,SALARIE_CDI,4902,3178,54234,12,28,3,4,0.603,CAUTION,IMMOBILIER,1
INDUSTRIE,Laâyoune-Sakia El Hamra,69,RETRAITE,6161,1025,85910,12,45,2,1,0.164,CAUTION,CONSOMMATION,1
INDUSTRIE,Rabat-Salé-Kénitra,26,SALARIE_CDD,19626,9555,70269,36,0,4,1,0.459,CAUTION,CONSOMMATION,1
SERVICES,Oriental,51,SALARIE_CDD,6273,2886,24217,12,24,4,0,0.469,HYPOTHEQUE,PROFESSIONNEL,1
INDUSTRIE,Dakhla-Oued Ed-Dahab,70,RETRAITE,14896,6591,36995,36,45,1,1,0.452,AUCUNE,CONSOMMATION,0
INDUSTRIE,Rabat-Salé-Kénitra,71,INDEPENDANT,5116,2760,25506,12,45,1,0,0.536,AUCUNE,AUTO,1
INDUSTRIE,Dakhla-Oued Ed-Dahab,33,FONCTIONNAIRE,8623,3841,40654,60,6,0,0,0.49,HYPOTHEQUE,IMMOBILIER,0
SERVICES,Fès-Meknès,60,FONCTIONNAIRE,13209,6010,9816,120,39,4,3,0.394,CAUTION,CONSOMMATION,1
INDUSTRIE,Drâa-Tafilalet,20,RETRAITE,6566,3865,140053,12,0,0,0,0.605,CAUTION,IMMOBILIER,0
COMMERCE,Laâyoune-Sakia El Hamra,26,SALARIE_CDI,8475,2063,21041,120,7,3,3,0.296,CAUTION,CONSOMMATION,0
